Topic,Topic Summary,Complete Summary,Comparison Period,Current Period,Data Source,Variables,Metric,Metric Type,Description,Internal Insight,Comparative Insight (Broad),Comparative Insight (Benchmarks),Comparative Insight (Peers),Comparative Insight (Peers - Detailed),Overall Insight,Math/Prompt Debug
Population,"In 2025, Pierce County recorded a population of 946,288, considerably smaller than the Seattle MSA (4.16 million) and the United States (341.78 million). Its recent population growth of 0.7% between 2024 and 2025 surpassed the U.S. Rate of 0.5% but was slightly lower than the broader Puget Sound Region and Washington. However, Pierce County's cumulative population change of 60.2% in 2025 significantly exceeded the United States' 36.9%, aligning closely with the Puget Sound Region. International migration consistently served as the primary driver of change for Pierce County, contributing +2,600 recently and +72,464 cumulatively, a trend observed across all larger geographies. Notably, Pierce County's share of the broad region's population remained stable, with no change recorded.","Fife, WA exhibits a distinct demographic and economic profile, notably characterized by a significantly younger population with a median age of 31.3, which is also decreasing. The area maintains exceptional economic stability with remarkably low poverty and SNAP rates, both at 0.1%. While Fife's median household income of $90,532 surpasses the national average, it remains lower than regional peers. The housing market features high median owner-occupied unit values at $543,100 and median monthly rent at $1,889, both exceeding Pierce County and national averages, yet owner households face a slightly higher 0.4% cost-burden rate. The workforce demonstrates strong engagement, with a labor force participation rate of 0.8%, outperforming Pierce County and the United States.",2025,2025,components_of_change,"{""Value Type"": ""POPESTIMATE""}",Population,Numeric,Current population for the geography,"In 2025, Pierce County recorded a population of 946,288.",N/A,"Pierce County's population of 946,288 is smaller than Seattle MSA (4.16 million), is smaller than Puget Sound Region (4.45 million), is smaller than Washington (8.00 million), and is smaller than United States (341.78 million).",N/A,N/A,"Pierce County recorded a population of 946,288 in 2025, a figure considerably smaller than the Seattle MSA (4.16 million), the broader Puget Sound Region, and the state of Washington, and vastly smaller than the United States.","Math Context: Focus value: 946,288; Seattle MSA: 4.16 million (diff: -3.22 million); Puget Sound Region: 4.45 million (diff: -3.50 million); Washington: 8.00 million (diff: -7.05 million); United States: 341.78 million (diff: -340.84 million)"
Population,"In 2025, Pierce County recorded a population of 946,288, considerably smaller than the Seattle MSA (4.16 million) and the United States (341.78 million). Its recent population growth of 0.7% between 2024 and 2025 surpassed the U.S. Rate of 0.5% but was slightly lower than the broader Puget Sound Region and Washington. However, Pierce County's cumulative population change of 60.2% in 2025 significantly exceeded the United States' 36.9%, aligning closely with the Puget Sound Region. International migration consistently served as the primary driver of change for Pierce County, contributing +2,600 recently and +72,464 cumulatively, a trend observed across all larger geographies. Notably, Pierce County's share of the broad region's population remained stable, with no change recorded.","Fife, WA exhibits a distinct demographic and economic profile, notably characterized by a significantly younger population with a median age of 31.3, which is also decreasing. The area maintains exceptional economic stability with remarkably low poverty and SNAP rates, both at 0.1%. While Fife's median household income of $90,532 surpasses the national average, it remains lower than regional peers. The housing market features high median owner-occupied unit values at $543,100 and median monthly rent at $1,889, both exceeding Pierce County and national averages, yet owner households face a slightly higher 0.4% cost-burden rate. The workforce demonstrates strong engagement, with a labor force participation rate of 0.8%, outperforming Pierce County and the United States.",2024,2025,components_of_change,"{""Value Type"": ""POPESTIMATE""}",Recent Percentage Population Change,Percentage,Percent difference in population for the geography from previous to current,"Between 2024 and 2025, Pierce County experienced a recent population change of 0.7%.",N/A,"Pierce County's recent population change of 0.7% is 0.2 percentage points higher than United States (0.5%), is 0.2 percentage points lower than Washington (0.9%), is 0.3 percentage points lower than Puget Sound Region (1.0%), and is 0.4 percentage points lower than Seattle MSA (1.0%).",N/A,N/A,"Pierce County experienced a recent population change of 0.7% between 2024 and 2025, which is 0.2 percentage points higher than the United States (0.5%) but 0.2 to 0.4 percentage points lower than Washington (0.9%), Puget Sound Region (1.0%), and Seattle MSA (1.0%).",Math Context: Focus value: 0.7%; United States: 0.5% (diff: +0.2 pp); Washington: 0.9% (diff: -0.2 pp); Puget Sound Region: 1.0% (diff: -0.3 pp); Seattle MSA: 1.0% (diff: -0.4 pp)
Population,"In 2025, Pierce County recorded a population of 946,288, considerably smaller than the Seattle MSA (4.16 million) and the United States (341.78 million). Its recent population growth of 0.7% between 2024 and 2025 surpassed the U.S. Rate of 0.5% but was slightly lower than the broader Puget Sound Region and Washington. However, Pierce County's cumulative population change of 60.2% in 2025 significantly exceeded the United States' 36.9%, aligning closely with the Puget Sound Region. International migration consistently served as the primary driver of change for Pierce County, contributing +2,600 recently and +72,464 cumulatively, a trend observed across all larger geographies. Notably, Pierce County's share of the broad region's population remained stable, with no change recorded.","Fife, WA exhibits a distinct demographic and economic profile, notably characterized by a significantly younger population with a median age of 31.3, which is also decreasing. The area maintains exceptional economic stability with remarkably low poverty and SNAP rates, both at 0.1%. While Fife's median household income of $90,532 surpasses the national average, it remains lower than regional peers. The housing market features high median owner-occupied unit values at $543,100 and median monthly rent at $1,889, both exceeding Pierce County and national averages, yet owner households face a slightly higher 0.4% cost-burden rate. The workforce demonstrates strong engagement, with a labor force participation rate of 0.8%, outperforming Pierce County and the United States.",1990,2025,components_of_change,"{""Value Type"": ""POPESTIMATE""}",Cumulative Percentage Population Change,Percentage,Percent difference in population for the geography from 1990 to current,"In 2025, Pierce County recorded a cumulative population change of 60.2%.",N/A,"Pierce County's cumulative population change of 60.2% is 23.4 percentage points higher than United States (36.9%), is 0.2 percentage points lower than Puget Sound Region (60.4%), is 1.1 percentage points lower than Seattle MSA (61.4%), and is 2.9 percentage points lower than Washington (63.2%).",N/A,N/A,"Pierce County recorded a cumulative population change of 60.2% in 2025, significantly surpassing the United States by 23.4 percentage points (36.9%), while remaining closely aligned with the Puget Sound Region (60.4%), Seattle MSA (61.4%), and Washington (63.2%).",Math Context: Focus value: 60.2%; United States: 36.9% (diff: +23.4 pp); Puget Sound Region: 60.4% (diff: -0.2 pp); Seattle MSA: 61.4% (diff: -1.1 pp); Washington: 63.2% (diff: -2.9 pp)
Population,"In 2025, Pierce County recorded a population of 946,288, considerably smaller than the Seattle MSA (4.16 million) and the United States (341.78 million). Its recent population growth of 0.7% between 2024 and 2025 surpassed the U.S. Rate of 0.5% but was slightly lower than the broader Puget Sound Region and Washington. However, Pierce County's cumulative population change of 60.2% in 2025 significantly exceeded the United States' 36.9%, aligning closely with the Puget Sound Region. International migration consistently served as the primary driver of change for Pierce County, contributing +2,600 recently and +72,464 cumulatively, a trend observed across all larger geographies. Notably, Pierce County's share of the broad region's population remained stable, with no change recorded.","Fife, WA exhibits a distinct demographic and economic profile, notably characterized by a significantly younger population with a median age of 31.3, which is also decreasing. The area maintains exceptional economic stability with remarkably low poverty and SNAP rates, both at 0.1%. While Fife's median household income of $90,532 surpasses the national average, it remains lower than regional peers. The housing market features high median owner-occupied unit values at $543,100 and median monthly rent at $1,889, both exceeding Pierce County and national averages, yet owner households face a slightly higher 0.4% cost-burden rate. The workforce demonstrates strong engagement, with a labor force participation rate of 0.8%, outperforming Pierce County and the United States.",2025,2025,components_of_change,"{""Value Type"": ""NATURALCHG"", ""Value Type"": ""DOMESTICMIG"", ""Value Type"": ""INTERNATIONALMIG""}",Largest Driver of Change,Ordinal,Largest component of population change for the geography (or county-level counterpart) in current year,"In 2025, Pierce County's primary largest driver of change was International Migration (+2,600).",N/A,"Pierce County and United States both share International Migration as their primary largest driver of change, with Pierce County at +2,600 and United States at +1,262,202. Pierce County and Washington both share International Migration as their primary largest driver of change, with Pierce County at +2,600 and Washington at +46,202. Pierce County and Puget Sound Region both share International Migration as their primary largest driver of change, with Pierce County at +2,600 and Puget Sound Region at +37,907. Pierce County and Seattle MSA both share International Migration as their primary largest driver of change, with Pierce County at +2,600 and Seattle MSA at +37,353.",N/A,N/A,"Pierce County's largest driver of change in 2025 was international migration, contributing +2,600, a trend consistently observed across the United States (+1,262,202), Washington (+46,202), Puget Sound Region (+37,907), and Seattle MSA (+37,353).","Math Context: Focus value: +2,600; United States: +1,262,202 (diff: -+1,259,602); Washington: +46,202 (diff: -+43,602); Puget Sound Region: +37,907 (diff: -+35,307); Seattle MSA: +37,353 (diff: -+34,753)"
Population,"In 2025, Pierce County recorded a population of 946,288, considerably smaller than the Seattle MSA (4.16 million) and the United States (341.78 million). Its recent population growth of 0.7% between 2024 and 2025 surpassed the U.S. Rate of 0.5% but was slightly lower than the broader Puget Sound Region and Washington. However, Pierce County's cumulative population change of 60.2% in 2025 significantly exceeded the United States' 36.9%, aligning closely with the Puget Sound Region. International migration consistently served as the primary driver of change for Pierce County, contributing +2,600 recently and +72,464 cumulatively, a trend observed across all larger geographies. Notably, Pierce County's share of the broad region's population remained stable, with no change recorded.","Fife, WA exhibits a distinct demographic and economic profile, notably characterized by a significantly younger population with a median age of 31.3, which is also decreasing. The area maintains exceptional economic stability with remarkably low poverty and SNAP rates, both at 0.1%. While Fife's median household income of $90,532 surpasses the national average, it remains lower than regional peers. The housing market features high median owner-occupied unit values at $543,100 and median monthly rent at $1,889, both exceeding Pierce County and national averages, yet owner households face a slightly higher 0.4% cost-burden rate. The workforce demonstrates strong engagement, with a labor force participation rate of 0.8%, outperforming Pierce County and the United States.",2024,2025,components_of_change,"{""Value Type"": ""NATURALCHG"", ""Value Type"": ""DOMESTICMIG"", ""Value Type"": ""INTERNATIONALMIG""}",Recent Dynamics in Drivers of Change,Numeric,Difference in current largest component of population change for the geography (or county-level counterpart) from previous,"In 2025, Pierce County's primary recent dynamics in drivers of change was International Migration (+2,600).",N/A,"Pierce County and United States both share International Migration as their primary recent dynamics in drivers of change, with Pierce County at +2,600 and United States at +1,262,202. Pierce County and Puget Sound Region both share International Migration as their primary recent dynamics in drivers of change, with Pierce County at +2,600 and Puget Sound Region at +37,907. Pierce County and Washington both share International Migration as their primary recent dynamics in drivers of change, with Pierce County at +2,600 and Washington at +46,202. Pierce County and Seattle MSA both share International Migration as their primary recent dynamics in drivers of change, with Pierce County at +2,600 and Seattle MSA at +37,353.",N/A,N/A,"Pierce County's primary recent dynamic in drivers of change in 2025 was international migration, contributing +2,600, a trend also observed as the leading driver for the United States (+1,262,202), Washington, the Puget Sound Region, and Seattle MSA.","Math Context: Focus value: +2,600; United States: +1,262,202 (diff: -+1,259,602); Puget Sound Region: +37,907 (diff: -+35,307); Washington: +46,202 (diff: -+43,602); Seattle MSA: +37,353 (diff: -+34,753)"
Population,"In 2025, Pierce County recorded a population of 946,288, considerably smaller than the Seattle MSA (4.16 million) and the United States (341.78 million). Its recent population growth of 0.7% between 2024 and 2025 surpassed the U.S. Rate of 0.5% but was slightly lower than the broader Puget Sound Region and Washington. However, Pierce County's cumulative population change of 60.2% in 2025 significantly exceeded the United States' 36.9%, aligning closely with the Puget Sound Region. International migration consistently served as the primary driver of change for Pierce County, contributing +2,600 recently and +72,464 cumulatively, a trend observed across all larger geographies. Notably, Pierce County's share of the broad region's population remained stable, with no change recorded.","Fife, WA exhibits a distinct demographic and economic profile, notably characterized by a significantly younger population with a median age of 31.3, which is also decreasing. The area maintains exceptional economic stability with remarkably low poverty and SNAP rates, both at 0.1%. While Fife's median household income of $90,532 surpasses the national average, it remains lower than regional peers. The housing market features high median owner-occupied unit values at $543,100 and median monthly rent at $1,889, both exceeding Pierce County and national averages, yet owner households face a slightly higher 0.4% cost-burden rate. The workforce demonstrates strong engagement, with a labor force participation rate of 0.8%, outperforming Pierce County and the United States.",1990,2025,components_of_change,"{""Value Type"": ""NATURALCHG"", ""Value Type"": ""DOMESTICMIG"", ""Value Type"": ""INTERNATIONALMIG""}",Cumulative Dynamics in Drivers of Change,Numeric,Largest cumulative component of population change for the geography (or county-level counterpart) from 1990 to current year,"In 2025, Pierce County's primary cumulative dynamics in drivers of change was International Migration (+72,464).",N/A,"Pierce County and Washington both share International Migration as their primary cumulative dynamics in drivers of change, with Pierce County at +72,464 and Washington at +963,304. Pierce County and Seattle MSA both share International Migration as their primary cumulative dynamics in drivers of change, with Pierce County at +72,464 and Seattle MSA at +727,415. Pierce County and Puget Sound Region both share International Migration as their primary cumulative dynamics in drivers of change, with Pierce County at +72,464 and Puget Sound Region at +731,718. Pierce County and United States both share International Migration as their primary cumulative dynamics in drivers of change, with Pierce County at +72,464 and United States at +40,732,048.",N/A,N/A,"Pierce County's primary cumulative dynamic in drivers of change for 2025 was international migration, contributing +72,464, a trend it shares with Washington (+963,304) and the United States (+40,732,048), indicating a common driver across various scales.","Math Context: Focus value: +72,464; Washington: +963,304 (diff: -+890,840); Seattle MSA: +727,415 (diff: -+654,951); Puget Sound Region: +731,718 (diff: -+659,254); United States: +40,732,048 (diff: -+40,659,584)"
Population,"In 2025, Pierce County recorded a population of 946,288, considerably smaller than the Seattle MSA (4.16 million) and the United States (341.78 million). Its recent population growth of 0.7% between 2024 and 2025 surpassed the U.S. Rate of 0.5% but was slightly lower than the broader Puget Sound Region and Washington. However, Pierce County's cumulative population change of 60.2% in 2025 significantly exceeded the United States' 36.9%, aligning closely with the Puget Sound Region. International migration consistently served as the primary driver of change for Pierce County, contributing +2,600 recently and +72,464 cumulatively, a trend observed across all larger geographies. Notably, Pierce County's share of the broad region's population remained stable, with no change recorded.","Fife, WA exhibits a distinct demographic and economic profile, notably characterized by a significantly younger population with a median age of 31.3, which is also decreasing. The area maintains exceptional economic stability with remarkably low poverty and SNAP rates, both at 0.1%. While Fife's median household income of $90,532 surpasses the national average, it remains lower than regional peers. The housing market features high median owner-occupied unit values at $543,100 and median monthly rent at $1,889, both exceeding Pierce County and national averages, yet owner households face a slightly higher 0.4% cost-burden rate. The workforce demonstrates strong engagement, with a labor force participation rate of 0.8%, outperforming Pierce County and the United States.",2024,2025,components_of_change,"{""Value Type"": ""POPESTIMATE""}",Change in Focus Region's Share of Broad Region's Population,Percentage,Difference in focus region's share of the population of the broader region from the previous year,"Between 2024 and 2025, Focus experienced a change in focus region's share of broad region's population of 0.0%.",N/A,N/A,N/A,N/A,"Focus experienced no change in its share of the broad region's population between 2024 and 2025, with the change recorded at 0.0%.",Math Context: Focus value: 0.0%
Demographics,"Fife, WA exhibits a distinct demographic profile, notably characterized by a younger population with a median age of 31.3 in 2024. This is significantly lower than Pierce County (37.0), Seattle MSA (37.5), Washington (38.3), and the United States (38.9). Furthermore, Fife's median age decreased by 0.6 between 2023 and 2024, contrasting with increases observed in most other regions, such as Pierce County (+0.2) and Washington (+0.1). In terms of population segments, Fife recorded a specific gender group as its largest, a characteristic shared with the United States but differing from Pierce County and Washington. Similarly, Fife's largest race-ethnicity group is distinct from most comparative regions.","Fife, WA exhibits a distinct demographic and economic profile, notably characterized by a significantly younger population with a median age of 31.3, which is also decreasing. The area maintains exceptional economic stability with remarkably low poverty and SNAP rates, both at 0.1%. While Fife's median household income of $90,532 surpasses the national average, it remains lower than regional peers. The housing market features high median owner-occupied unit values at $543,100 and median monthly rent at $1,889, both exceeding Pierce County and national averages, yet owner households face a slightly higher 0.4% cost-burden rate. The workforce demonstrates strong engagement, with a labor force participation rate of 0.8%, outperforming Pierce County and the United States.",2024,2024,ACS_Series,"{""Label"": ""Calc-Youth (0-19)"", ""Label"": ""Calc-Young Adults (20-34)"", ""Label"": ""Calc-Experienced Working Age (35-64)"", ""Label"": ""Calc-Seniors (65+)""}",Largest Age Group,Ordinal,Largest cohort by age for the geography in current year,"In 2024, Fife, WA recorded a largest age group of 0.","Fife, WA's largest age group of 0 is higher than Pierce County (0).","Fife, WA's largest age group of 0 is higher than Puyallup Reservation (0), is higher than Seattle MSA (0), is higher than Puget Sound Region (0), is higher than Washington (0), and is higher than United States (0).",N/A,N/A,"Fife, WA recorded the largest age group of 0 in 2024, which was higher than that observed in Pierce County, Puyallup Reservation, Seattle MSA, Puget Sound Region, Washington, and the United States.",Math Context: Focus value: 0; Pierce County: 0 (diff: -0); Puyallup Reservation: 0 (diff: -0); Seattle MSA: 0 (diff: -0); Puget Sound Region: 0 (diff: -0); Washington: 0 (diff: -0); United States: 0 (diff: -0)
Demographics,"Fife, WA exhibits a distinct demographic profile, notably characterized by a younger population with a median age of 31.3 in 2024. This is significantly lower than Pierce County (37.0), Seattle MSA (37.5), Washington (38.3), and the United States (38.9). Furthermore, Fife's median age decreased by 0.6 between 2023 and 2024, contrasting with increases observed in most other regions, such as Pierce County (+0.2) and Washington (+0.1). In terms of population segments, Fife recorded a specific gender group as its largest, a characteristic shared with the United States but differing from Pierce County and Washington. Similarly, Fife's largest race-ethnicity group is distinct from most comparative regions.","Fife, WA exhibits a distinct demographic and economic profile, notably characterized by a significantly younger population with a median age of 31.3, which is also decreasing. The area maintains exceptional economic stability with remarkably low poverty and SNAP rates, both at 0.1%. While Fife's median household income of $90,532 surpasses the national average, it remains lower than regional peers. The housing market features high median owner-occupied unit values at $543,100 and median monthly rent at $1,889, both exceeding Pierce County and national averages, yet owner households face a slightly higher 0.4% cost-burden rate. The workforce demonstrates strong engagement, with a labor force participation rate of 0.8%, outperforming Pierce County and the United States.",2023,2024,ACS_Series,"{""Label"": ""Calc-Youth (0-19)"", ""Label"": ""Calc-Young Adults (20-34)"", ""Label"": ""Calc-Experienced Working Age (35-64)"", ""Label"": ""Calc-Seniors (65+)""}",Largest Change in Age Group,Numeric,Largest change in age cohort for the geography from previous to current,"Between 2023 and 2024, Fife, WA experienced a largest change in age group of -0.","Fife, WA's largest change in age group of -0 represents a smaller change compared to Pierce County (+0).","Fife, WA's largest change in age group of -0 represents a smaller change compared to Puget Sound Region (+0), represents a smaller change compared to Puyallup Reservation (+0), represents a smaller change compared to Seattle MSA (+0), represents a smaller change compared to Washington (+0), and represents a smaller change compared to United States (+0).",N/A,N/A,"Fife, WA experienced the largest change in age group of -0 between 2023 and 2024, which was a smaller change compared to Pierce County, the Puget Sound Region, Puyallup Reservation, Seattle MSA, Washington, and the United States.",Math Context: Focus value: -0; Pierce County: +0 (diff: -+0); Puget Sound Region: +0 (diff: -+0); Puyallup Reservation: +0 (diff: -+0); Seattle MSA: +0 (diff: -+0); Washington: +0 (diff: -+0); United States: +0 (diff: -+0)
Demographics,"Fife, WA exhibits a distinct demographic profile, notably characterized by a younger population with a median age of 31.3 in 2024. This is significantly lower than Pierce County (37.0), Seattle MSA (37.5), Washington (38.3), and the United States (38.9). Furthermore, Fife's median age decreased by 0.6 between 2023 and 2024, contrasting with increases observed in most other regions, such as Pierce County (+0.2) and Washington (+0.1). In terms of population segments, Fife recorded a specific gender group as its largest, a characteristic shared with the United States but differing from Pierce County and Washington. Similarly, Fife's largest race-ethnicity group is distinct from most comparative regions.","Fife, WA exhibits a distinct demographic and economic profile, notably characterized by a significantly younger population with a median age of 31.3, which is also decreasing. The area maintains exceptional economic stability with remarkably low poverty and SNAP rates, both at 0.1%. While Fife's median household income of $90,532 surpasses the national average, it remains lower than regional peers. The housing market features high median owner-occupied unit values at $543,100 and median monthly rent at $1,889, both exceeding Pierce County and national averages, yet owner households face a slightly higher 0.4% cost-burden rate. The workforce demonstrates strong engagement, with a labor force participation rate of 0.8%, outperforming Pierce County and the United States.",2024,2024,ACS_Series,"{""Label"": ""Calc-Male"", ""Label"": ""Calc-Female""}",Largest Gender Group,Ordinal,Largest gender group for the geography in current year,"In 2024, Fife, WA recorded a largest gender group of 1.","Fife, WA's largest gender group of 1 is larger than Pierce County (0).","Fife, WA's largest gender group of 1 is larger than Puget Sound Region (0), is larger than Seattle MSA (0), is larger than Washington (0), is smaller than United States (1), and is smaller than Puyallup Reservation (1).",N/A,N/A,"Fife, WA recorded a largest gender group of 1 in 2024, which is larger than Pierce County, the Puget Sound Region, Seattle MSA, and Washington (all at 0), but is equal to the United States and Puyallup Reservation (both at 1).",Math Context: Focus value: 1; Pierce County: 0 (diff: +0); Puget Sound Region: 0 (diff: +0); Seattle MSA: 0 (diff: +0); Washington: 0 (diff: +0); United States: 1 (diff: -0); Puyallup Reservation: 1 (diff: -0)
Demographics,"Fife, WA exhibits a distinct demographic profile, notably characterized by a younger population with a median age of 31.3 in 2024. This is significantly lower than Pierce County (37.0), Seattle MSA (37.5), Washington (38.3), and the United States (38.9). Furthermore, Fife's median age decreased by 0.6 between 2023 and 2024, contrasting with increases observed in most other regions, such as Pierce County (+0.2) and Washington (+0.1). In terms of population segments, Fife recorded a specific gender group as its largest, a characteristic shared with the United States but differing from Pierce County and Washington. Similarly, Fife's largest race-ethnicity group is distinct from most comparative regions.","Fife, WA exhibits a distinct demographic and economic profile, notably characterized by a significantly younger population with a median age of 31.3, which is also decreasing. The area maintains exceptional economic stability with remarkably low poverty and SNAP rates, both at 0.1%. While Fife's median household income of $90,532 surpasses the national average, it remains lower than regional peers. The housing market features high median owner-occupied unit values at $543,100 and median monthly rent at $1,889, both exceeding Pierce County and national averages, yet owner households face a slightly higher 0.4% cost-burden rate. The workforce demonstrates strong engagement, with a labor force participation rate of 0.8%, outperforming Pierce County and the United States.",2023,2024,ACS_Series,"{""Label"": ""Calc-Male"", ""Label"": ""Calc-Female""}",Largest Change in Gender Group,Numeric,Largest change in gender group for the geography from previous to current,"Between 2023 and 2024, Fife, WA experienced a largest change in gender group of +0.","Fife, WA's largest change in gender group of +0 represents a larger change compared to Pierce County (+0).","Fife, WA's largest change in gender group of +0 represents a larger change compared to Seattle MSA (-0), represents a larger change compared to United States (-0), represents a larger change compared to Washington (+0), represents a larger change compared to Puget Sound Region (+0), and represents a smaller change compared to Puyallup Reservation (+0).",N/A,N/A,"Fife, WA experienced the largest change in gender group of +0 between 2023 and 2024, representing a larger change compared to Pierce County, Seattle MSA, United States, Washington, and Puget Sound Region, but a smaller change compared to Puyallup Reservation.",Math Context: Focus value: +0; Pierce County: +0 (diff: ++0); Seattle MSA: -0 (diff: ++0); United States: -0 (diff: ++0); Washington: +0 (diff: ++0); Puget Sound Region: +0 (diff: ++0); Puyallup Reservation: +0 (diff: -+0)
Demographics,"Fife, WA exhibits a distinct demographic profile, notably characterized by a younger population with a median age of 31.3 in 2024. This is significantly lower than Pierce County (37.0), Seattle MSA (37.5), Washington (38.3), and the United States (38.9). Furthermore, Fife's median age decreased by 0.6 between 2023 and 2024, contrasting with increases observed in most other regions, such as Pierce County (+0.2) and Washington (+0.1). In terms of population segments, Fife recorded a specific gender group as its largest, a characteristic shared with the United States but differing from Pierce County and Washington. Similarly, Fife's largest race-ethnicity group is distinct from most comparative regions.","Fife, WA exhibits a distinct demographic and economic profile, notably characterized by a significantly younger population with a median age of 31.3, which is also decreasing. The area maintains exceptional economic stability with remarkably low poverty and SNAP rates, both at 0.1%. While Fife's median household income of $90,532 surpasses the national average, it remains lower than regional peers. The housing market features high median owner-occupied unit values at $543,100 and median monthly rent at $1,889, both exceeding Pierce County and national averages, yet owner households face a slightly higher 0.4% cost-burden rate. The workforce demonstrates strong engagement, with a labor force participation rate of 0.8%, outperforming Pierce County and the United States.",2024,2024,ACS_Series,"{""Label"": ""Calc-Asian"", ""Label"": ""Calc-Black"", ""Label"": ""Calc-Hispanic"", ""Label"": ""Calc-Multirace"", ""Label"": ""Calc-Native"", ""Label"": ""Calc-Other Race"", ""Label"": ""Calc-White""}",Largest Race-Ethnicity Group,Ordinal,Largest cohort by race-ethnicity for the geography in current year,"In 2024, Fife, WA recorded a largest race-ethnicity group of 0.","Fife, WA's largest race-ethnicity group of 0 is smaller than Pierce County (1).","Fife, WA's largest race-ethnicity group of 0 is smaller than Puyallup Reservation (0), is smaller than Puget Sound Region (1), is smaller than Seattle MSA (1), is smaller than United States (1), and is smaller than Washington (1).",N/A,N/A,"Fife, WA recorded the largest race-ethnicity group of 0 in 2024, a figure smaller than Pierce County, Puget Sound Region, Seattle MSA, United States, and Washington (all at 1), and also smaller than Puyallup Reservation (0).",Math Context: Focus value: 0; Pierce County: 1 (diff: -0); Puyallup Reservation: 0 (diff: -0); Puget Sound Region: 1 (diff: -0); Seattle MSA: 1 (diff: -0); United States: 1 (diff: -0); Washington: 1 (diff: -0)
Demographics,"Fife, WA exhibits a distinct demographic profile, notably characterized by a younger population with a median age of 31.3 in 2024. This is significantly lower than Pierce County (37.0), Seattle MSA (37.5), Washington (38.3), and the United States (38.9). Furthermore, Fife's median age decreased by 0.6 between 2023 and 2024, contrasting with increases observed in most other regions, such as Pierce County (+0.2) and Washington (+0.1). In terms of population segments, Fife recorded a specific gender group as its largest, a characteristic shared with the United States but differing from Pierce County and Washington. Similarly, Fife's largest race-ethnicity group is distinct from most comparative regions.","Fife, WA exhibits a distinct demographic and economic profile, notably characterized by a significantly younger population with a median age of 31.3, which is also decreasing. The area maintains exceptional economic stability with remarkably low poverty and SNAP rates, both at 0.1%. While Fife's median household income of $90,532 surpasses the national average, it remains lower than regional peers. The housing market features high median owner-occupied unit values at $543,100 and median monthly rent at $1,889, both exceeding Pierce County and national averages, yet owner households face a slightly higher 0.4% cost-burden rate. The workforce demonstrates strong engagement, with a labor force participation rate of 0.8%, outperforming Pierce County and the United States.",2023,2024,ACS_Series,"{""Label"": ""Calc-Asian"", ""Label"": ""Calc-Black"", ""Label"": ""Calc-Hispanic"", ""Label"": ""Calc-Multirace"", ""Label"": ""Calc-Native"", ""Label"": ""Calc-Other Race"", ""Label"": ""Calc-White""}",Largest Change in Race-Ethnicity Group,Numeric,Largest change in race-ethnicity cohort for the geography from previous to current,"Between 2023 and 2024, Fife, WA experienced a largest change in race-ethnicity group of -0.","Fife, WA's largest change in race-ethnicity group of -0 represents a smaller change compared to Pierce County (-0).","Fife, WA's largest change in race-ethnicity group of -0 represents a smaller change compared to Seattle MSA (-0), represents a smaller change compared to Puget Sound Region (-0), represents a smaller change compared to Washington (-0), represents a smaller change compared to Puyallup Reservation (-0), and represents a smaller change compared to United States (-0).",N/A,N/A,"Fife, WA experienced the largest change in race-ethnicity group of 0 between 2023 and 2024, a change that was smaller than those observed in Pierce County, Seattle MSA, Puget Sound Region, Washington, Puyallup Reservation, and the United States.",Math Context: Focus value: -0; Pierce County: -0 (diff: -+0); Seattle MSA: -0 (diff: -+0); Puget Sound Region: -0 (diff: -+0); Washington: -0 (diff: -+0); Puyallup Reservation: -0 (diff: -+0); United States: -0 (diff: -+0)
Demographics,"Fife, WA exhibits a distinct demographic profile, notably characterized by a younger population with a median age of 31.3 in 2024. This is significantly lower than Pierce County (37.0), Seattle MSA (37.5), Washington (38.3), and the United States (38.9). Furthermore, Fife's median age decreased by 0.6 between 2023 and 2024, contrasting with increases observed in most other regions, such as Pierce County (+0.2) and Washington (+0.1). In terms of population segments, Fife recorded a specific gender group as its largest, a characteristic shared with the United States but differing from Pierce County and Washington. Similarly, Fife's largest race-ethnicity group is distinct from most comparative regions.","Fife, WA exhibits a distinct demographic and economic profile, notably characterized by a significantly younger population with a median age of 31.3, which is also decreasing. The area maintains exceptional economic stability with remarkably low poverty and SNAP rates, both at 0.1%. While Fife's median household income of $90,532 surpasses the national average, it remains lower than regional peers. The housing market features high median owner-occupied unit values at $543,100 and median monthly rent at $1,889, both exceeding Pierce County and national averages, yet owner households face a slightly higher 0.4% cost-burden rate. The workforce demonstrates strong engagement, with a labor force participation rate of 0.8%, outperforming Pierce County and the United States.",2024,2024,ACS_Series,"{""Label"": ""Calc-Median Age""}",Median Age,Numeric,Median age of population for the geography in current year,"In 2024, Fife, WA recorded a median age of 31.3.","Fife, WA's median age of 31.3 is higher than Pierce County (37.0).","Fife, WA's median age of 31.3 is higher than Puyallup Reservation (35.9), is higher than Seattle MSA (37.5), is higher than Puget Sound Region (37.7), is higher than Washington (38.3), and is higher than United States (38.9).",N/A,N/A,"Fife, WA recorded a median age of 31.3 in 2024, which is higher than Pierce County (37.0), Puyallup Reservation (35.9), Seattle MSA (37.5), Puget Sound Region (37.7), Washington (38.3), and the United States (38.9).",Math Context: Focus value: 31.3; Pierce County: 37.0 (diff: -5.7); Puyallup Reservation: 35.9 (diff: -4.6); Seattle MSA: 37.5 (diff: -6.2); Puget Sound Region: 37.7 (diff: -6.4); Washington: 38.3 (diff: -7.0); United States: 38.9 (diff: -7.6)
Demographics,"Fife, WA exhibits a distinct demographic profile, notably characterized by a younger population with a median age of 31.3 in 2024. This is significantly lower than Pierce County (37.0), Seattle MSA (37.5), Washington (38.3), and the United States (38.9). Furthermore, Fife's median age decreased by 0.6 between 2023 and 2024, contrasting with increases observed in most other regions, such as Pierce County (+0.2) and Washington (+0.1). In terms of population segments, Fife recorded a specific gender group as its largest, a characteristic shared with the United States but differing from Pierce County and Washington. Similarly, Fife's largest race-ethnicity group is distinct from most comparative regions.","Fife, WA exhibits a distinct demographic and economic profile, notably characterized by a significantly younger population with a median age of 31.3, which is also decreasing. The area maintains exceptional economic stability with remarkably low poverty and SNAP rates, both at 0.1%. While Fife's median household income of $90,532 surpasses the national average, it remains lower than regional peers. The housing market features high median owner-occupied unit values at $543,100 and median monthly rent at $1,889, both exceeding Pierce County and national averages, yet owner households face a slightly higher 0.4% cost-burden rate. The workforce demonstrates strong engagement, with a labor force participation rate of 0.8%, outperforming Pierce County and the United States.",2023,2024,ACS_Series,"{""Label"": ""Calc-Median Age""}",Change in Median Age,Numeric,Change in median age of population for the geography from previous to current year,"Between 2023 and 2024, Fife, WA experienced a change in median age of -0.6.","Fife, WA's change in median age of -0.6 represents a smaller change compared to Pierce County (+0.2).","Fife, WA's change in median age of -0.6 represents a smaller change compared to Puyallup Reservation (-0.3), represents a smaller change compared to Washington (+0.1), represents a smaller change compared to Seattle MSA (+0.1), represents a smaller change compared to Puget Sound Region (+0.2), and represents a smaller change compared to United States (+0.2).",N/A,N/A,"Fife, WA experienced a change in median age of -0.6 between 2023 and 2024, a smaller change compared to Pierce County (+0.2), Puyallup Reservation (-0.3), Washington (+0.1), Seattle MSA (+0.1), Puget Sound Region (+0.2), and the United States (+0.2).",Math Context: Focus value: -0.6; Pierce County: +0.2 (diff: -+0.8); Puyallup Reservation: -0.3 (diff: -+0.3); Washington: +0.1 (diff: -+0.7); Seattle MSA: +0.1 (diff: -+0.7); Puget Sound Region: +0.2 (diff: -+0.8); United States: +0.2 (diff: -+0.8)
Workforce,"In 2024, Fife, WA's workforce exhibited a 0.1% bachelor's degree attainment rate among its 25+ population, aligning with Pierce County but 0.1 percentage points below Washington and the Seattle MSA. A notable trend across all benchmarks was the consistent stability, with no change in educational attainment from 2023. Fife's labor force participation rate stood out at 0.8%, surpassing Pierce County (0.7%) and the United States (0.6%). This higher engagement was consistent across genders, with male participation at 0.8% and female at 0.7%, both exceeding their respective benchmarks by 0.1 percentage points. These participation rates, like educational attainment, remained unchanged year-over-year. Furthermore, 0.1% of Fife's workers worked from home, matching Pierce County but trailing Washington and the Seattle MSA (0.2%), while self-employment was 0.0%, 0.1 percentage points lower than Washington and the United States.","Fife, WA exhibits a distinct demographic and economic profile, notably characterized by a significantly younger population with a median age of 31.3, which is also decreasing. The area maintains exceptional economic stability with remarkably low poverty and SNAP rates, both at 0.1%. While Fife's median household income of $90,532 surpasses the national average, it remains lower than regional peers. The housing market features high median owner-occupied unit values at $543,100 and median monthly rent at $1,889, both exceeding Pierce County and national averages, yet owner households face a slightly higher 0.4% cost-burden rate. The workforce demonstrates strong engagement, with a labor force participation rate of 0.8%, outperforming Pierce County and the United States.",2024,2024,ACS_Series,"{""Label"": ""Calc-Bachelors"", ""Label"": ""Calc-Graduate""}",Percent of 25+ population with Bachelor's degree or more education,Percentage,Percent of 25+ population with a bachelor's degree or more education in the geography in the current year,"In 2024, Fife, WA recorded a of 25+ population with bachelor's degree or more education of 0.1%.","Fife, WA's of 25+ population with bachelor's degree or more education of 0.1% is 0.0 percentage points lower than Pierce County (0.1%).","Fife, WA's of 25+ population with bachelor's degree or more education of 0.1% is 0.0 percentage points lower than Puyallup Reservation (0.1%), is 0.1 percentage points lower than United States (0.1%), is 0.1 percentage points lower than Washington (0.2%), is 0.1 percentage points lower than Seattle MSA (0.2%), and is 0.1 percentage points lower than Puget Sound Region (0.2%).",N/A,N/A,"Fife, WA recorded 0.1% of the 25+ population with a bachelor's degree or more education in 2024, which is on par with Pierce County, Puyallup Reservation, and the United States, but 0.1 percentage points lower than Washington, Seattle MSA, and the Puget Sound Region.",Math Context: Focus value: 0.1%; Pierce County: 0.1% (diff: -0.0 pp); Puyallup Reservation: 0.1% (diff: -0.0 pp); United States: 0.1% (diff: -0.1 pp); Washington: 0.2% (diff: -0.1 pp); Seattle MSA: 0.2% (diff: -0.1 pp); Puget Sound Region: 0.2% (diff: -0.1 pp)
Workforce,"In 2024, Fife, WA's workforce exhibited a 0.1% bachelor's degree attainment rate among its 25+ population, aligning with Pierce County but 0.1 percentage points below Washington and the Seattle MSA. A notable trend across all benchmarks was the consistent stability, with no change in educational attainment from 2023. Fife's labor force participation rate stood out at 0.8%, surpassing Pierce County (0.7%) and the United States (0.6%). This higher engagement was consistent across genders, with male participation at 0.8% and female at 0.7%, both exceeding their respective benchmarks by 0.1 percentage points. These participation rates, like educational attainment, remained unchanged year-over-year. Furthermore, 0.1% of Fife's workers worked from home, matching Pierce County but trailing Washington and the Seattle MSA (0.2%), while self-employment was 0.0%, 0.1 percentage points lower than Washington and the United States.","Fife, WA exhibits a distinct demographic and economic profile, notably characterized by a significantly younger population with a median age of 31.3, which is also decreasing. The area maintains exceptional economic stability with remarkably low poverty and SNAP rates, both at 0.1%. While Fife's median household income of $90,532 surpasses the national average, it remains lower than regional peers. The housing market features high median owner-occupied unit values at $543,100 and median monthly rent at $1,889, both exceeding Pierce County and national averages, yet owner households face a slightly higher 0.4% cost-burden rate. The workforce demonstrates strong engagement, with a labor force participation rate of 0.8%, outperforming Pierce County and the United States.",2023,2024,ACS_Series,"{""Label"": ""Calc-Bachelors"", ""Label"": ""Calc-Graduate""}",Change in percent of 25+ population with Bachelor's degree or more education,Percentage,Change in percent of 25+ population with a bachelor's degree or more education in the geography from the previous to current year,"Between 2023 and 2024, Fife, WA experienced a change in of 25+ population with bachelor's degree or more education of -0.0%.","Fife, WA's change in of 25+ population with bachelor's degree or more education of -0.0% is 0.0 percentage points lower than Pierce County (0.0%).","Fife, WA's change in of 25+ population with bachelor's degree or more education of -0.0% is 0.0 percentage points lower than United States (0.0%), is 0.0 percentage points lower than Puyallup Reservation (0.0%), is 0.0 percentage points lower than Washington (0.0%), is 0.0 percentage points lower than Puget Sound Region (0.0%), and is 0.0 percentage points lower than Seattle MSA (0.0%).",N/A,N/A,"Fife, WA experienced no change in the percent of its 25+ population with a bachelor's degree or more education between 2023 and 2024, a trend consistent with Pierce County, the United States, Puyallup Reservation, Washington, the Puget Sound Region, and the Seattle MSA.",Math Context: Focus value: -0.0%; Pierce County: 0.0% (diff: -0.0 pp); United States: 0.0% (diff: -0.0 pp); Puyallup Reservation: 0.0% (diff: -0.0 pp); Washington: 0.0% (diff: -0.0 pp); Puget Sound Region: 0.0% (diff: -0.0 pp); Seattle MSA: 0.0% (diff: -0.0 pp)
Income,"Fife, WA exhibits a stable and exceptionally low poverty landscape, with only 0.1% of its population below the poverty line and 0.1% of households receiving SNAP benefits in 2024, mirroring trends across Pierce County, the Seattle MSA, and the United States with no year-over-year change. While Fife's median household income of $90,532 in 2024 exceeds the national average of $80,734, it remains notably lower than Pierce County ($99,564) and the Seattle MSA ($115,177), experiencing only a modest $17 increase. Median earnings for full-time male workers in Fife were $67,023, slightly below the US average and significantly less than regional figures, with a smaller increase of $713. Full-time female workers earned $55,479, slightly above the US average but below regional benchmarks, notably decreasing by $760.","Fife, WA exhibits a distinct demographic and economic profile, notably characterized by a significantly younger population with a median age of 31.3, which is also decreasing. The area maintains exceptional economic stability with remarkably low poverty and SNAP rates, both at 0.1%. While Fife's median household income of $90,532 surpasses the national average, it remains lower than regional peers. The housing market features high median owner-occupied unit values at $543,100 and median monthly rent at $1,889, both exceeding Pierce County and national averages, yet owner households face a slightly higher 0.4% cost-burden rate. The workforce demonstrates strong engagement, with a labor force participation rate of 0.8%, outperforming Pierce County and the United States.",2024,2024,ACS_Series,"{""Label"": ""Calc-Pop below poverty line""}",Percent of population below poverty line,Percentage,Percent of population below poverty line in the geography in the current year,"In 2024, Fife, WA recorded a of population below poverty line of 0.1%.","Fife, WA's of population below poverty line of 0.1% is 0.0 percentage points higher than Pierce County (0.1%).","Fife, WA's of population below poverty line of 0.1% is 0.0 percentage points higher than Seattle MSA (0.1%), is 0.0 percentage points higher than Puget Sound Region (0.1%), is 0.0 percentage points higher than Puyallup Reservation (0.1%), is 0.0 percentage points higher than Washington (0.1%), and is 0.0 percentage points lower than United States (0.1%).",N/A,N/A,"Fife, WA recorded a population below the poverty line of 0.1% in 2024, a figure consistent with Pierce County, the Seattle MSA, the Puget Sound Region, Puyallup Reservation, Washington, and the United States.",Math Context: Focus value: 0.1%; Pierce County: 0.1% (diff: +0.0 pp); Seattle MSA: 0.1% (diff: +0.0 pp); Puget Sound Region: 0.1% (diff: +0.0 pp); Puyallup Reservation: 0.1% (diff: +0.0 pp); Washington: 0.1% (diff: +0.0 pp); United States: 0.1% (diff: -0.0 pp)
Income,"Fife, WA exhibits a stable and exceptionally low poverty landscape, with only 0.1% of its population below the poverty line and 0.1% of households receiving SNAP benefits in 2024, mirroring trends across Pierce County, the Seattle MSA, and the United States with no year-over-year change. While Fife's median household income of $90,532 in 2024 exceeds the national average of $80,734, it remains notably lower than Pierce County ($99,564) and the Seattle MSA ($115,177), experiencing only a modest $17 increase. Median earnings for full-time male workers in Fife were $67,023, slightly below the US average and significantly less than regional figures, with a smaller increase of $713. Full-time female workers earned $55,479, slightly above the US average but below regional benchmarks, notably decreasing by $760.","Fife, WA exhibits a distinct demographic and economic profile, notably characterized by a significantly younger population with a median age of 31.3, which is also decreasing. The area maintains exceptional economic stability with remarkably low poverty and SNAP rates, both at 0.1%. While Fife's median household income of $90,532 surpasses the national average, it remains lower than regional peers. The housing market features high median owner-occupied unit values at $543,100 and median monthly rent at $1,889, both exceeding Pierce County and national averages, yet owner households face a slightly higher 0.4% cost-burden rate. The workforce demonstrates strong engagement, with a labor force participation rate of 0.8%, outperforming Pierce County and the United States.",2023,2024,ACS_Series,"{""Label"": ""Calc-Pop below poverty line""}",Change in percent of population below poverty line,Percentage,Change in percent of population below poverty line in the geography from the previous to current year,"Between 2023 and 2024, Fife, WA experienced a change in of population below poverty line of -0.0%.","Fife, WA's change in of population below poverty line of -0.0% is 0.0 percentage points lower than Pierce County (-0.0%).","Fife, WA's change in of population below poverty line of -0.0% is 0.0 percentage points lower than Puyallup Reservation (-0.0%), is 0.0 percentage points lower than Washington (0.0%), is 0.0 percentage points lower than Puget Sound Region (0.0%), is 0.0 percentage points lower than United States (0.0%), and is 0.0 percentage points lower than Seattle MSA (0.0%).",N/A,N/A,"Fife, WA experienced no change in the percent of population below the poverty line between 2023 and 2024, mirroring the trends observed in Pierce County, Puyallup Reservation, Washington, Puget Sound Region, United States, and Seattle MSA.",Math Context: Focus value: -0.0%; Pierce County: -0.0% (diff: -0.0 pp); Puyallup Reservation: -0.0% (diff: -0.0 pp); Washington: 0.0% (diff: -0.0 pp); Puget Sound Region: 0.0% (diff: -0.0 pp); United States: 0.0% (diff: -0.0 pp); Seattle MSA: 0.0% (diff: -0.0 pp)
Income,"Fife, WA exhibits a stable and exceptionally low poverty landscape, with only 0.1% of its population below the poverty line and 0.1% of households receiving SNAP benefits in 2024, mirroring trends across Pierce County, the Seattle MSA, and the United States with no year-over-year change. While Fife's median household income of $90,532 in 2024 exceeds the national average of $80,734, it remains notably lower than Pierce County ($99,564) and the Seattle MSA ($115,177), experiencing only a modest $17 increase. Median earnings for full-time male workers in Fife were $67,023, slightly below the US average and significantly less than regional figures, with a smaller increase of $713. Full-time female workers earned $55,479, slightly above the US average but below regional benchmarks, notably decreasing by $760.","Fife, WA exhibits a distinct demographic and economic profile, notably characterized by a significantly younger population with a median age of 31.3, which is also decreasing. The area maintains exceptional economic stability with remarkably low poverty and SNAP rates, both at 0.1%. While Fife's median household income of $90,532 surpasses the national average, it remains lower than regional peers. The housing market features high median owner-occupied unit values at $543,100 and median monthly rent at $1,889, both exceeding Pierce County and national averages, yet owner households face a slightly higher 0.4% cost-burden rate. The workforce demonstrates strong engagement, with a labor force participation rate of 0.8%, outperforming Pierce County and the United States.",2024,2024,ACS_Series,"{""Label"": ""Calc-SNAP""}",Percent of households receiving SNAP,Percentage,Percent of households receiving SNAP in the geography in the current year,"In 2024, Fife, WA recorded a of households receiving snap of 0.1%.","Fife, WA's of households receiving snap of 0.1% is 0.0 percentage points higher than Pierce County (0.1%).","Fife, WA's of households receiving snap of 0.1% is 0.0 percentage points higher than Puget Sound Region (0.1%), is 0.0 percentage points higher than Seattle MSA (0.1%), is 0.0 percentage points higher than Washington (0.1%), is 0.0 percentage points higher than United States (0.1%), and is 0.0 percentage points lower than Puyallup Reservation (0.1%).",N/A,N/A,"Fife, WA recorded 0.1% of households receiving SNAP in 2024, a figure identical to Pierce County, the Puget Sound Region, Seattle MSA, Washington, the United States, and the Puyallup Reservation.",Math Context: Focus value: 0.1%; Pierce County: 0.1% (diff: +0.0 pp); Puget Sound Region: 0.1% (diff: +0.0 pp); Seattle MSA: 0.1% (diff: +0.0 pp); Washington: 0.1% (diff: +0.0 pp); United States: 0.1% (diff: +0.0 pp); Puyallup Reservation: 0.1% (diff: -0.0 pp)
Income,"Fife, WA exhibits a stable and exceptionally low poverty landscape, with only 0.1% of its population below the poverty line and 0.1% of households receiving SNAP benefits in 2024, mirroring trends across Pierce County, the Seattle MSA, and the United States with no year-over-year change. While Fife's median household income of $90,532 in 2024 exceeds the national average of $80,734, it remains notably lower than Pierce County ($99,564) and the Seattle MSA ($115,177), experiencing only a modest $17 increase. Median earnings for full-time male workers in Fife were $67,023, slightly below the US average and significantly less than regional figures, with a smaller increase of $713. Full-time female workers earned $55,479, slightly above the US average but below regional benchmarks, notably decreasing by $760.","Fife, WA exhibits a distinct demographic and economic profile, notably characterized by a significantly younger population with a median age of 31.3, which is also decreasing. The area maintains exceptional economic stability with remarkably low poverty and SNAP rates, both at 0.1%. While Fife's median household income of $90,532 surpasses the national average, it remains lower than regional peers. The housing market features high median owner-occupied unit values at $543,100 and median monthly rent at $1,889, both exceeding Pierce County and national averages, yet owner households face a slightly higher 0.4% cost-burden rate. The workforce demonstrates strong engagement, with a labor force participation rate of 0.8%, outperforming Pierce County and the United States.",2023,2024,ACS_Series,"{""Label"": ""Calc-SNAP""}",Change in percent of households receiving SNAP,Percentage,Change in percent of households receiving SNAP in the geography from the previous to current year,"Between 2023 and 2024, Fife, WA experienced a change in of households receiving snap of 0.0%.","Fife, WA's change in of households receiving snap of 0.0% is 0.0 percentage points higher than Pierce County (0.0%).","Fife, WA's change in of households receiving snap of 0.0% is 0.0 percentage points higher than Puget Sound Region (-0.0%), is 0.0 percentage points higher than Seattle MSA (0.0%), is 0.0 percentage points higher than Washington (0.0%), is 0.0 percentage points higher than United States (0.0%), and is 0.0 percentage points higher than Puyallup Reservation (0.0%).",N/A,N/A,"Fife, WA experienced no change in the percent of households receiving SNAP between 2023 and 2024, remaining at 0.0%, which was consistent with Pierce County, Puget Sound Region, Seattle MSA, Washington, United States, and Puyallup Reservation.",Math Context: Focus value: 0.0%; Pierce County: 0.0% (diff: +0.0 pp); Puget Sound Region: -0.0% (diff: +0.0 pp); Seattle MSA: 0.0% (diff: +0.0 pp); Washington: 0.0% (diff: +0.0 pp); United States: 0.0% (diff: +0.0 pp); Puyallup Reservation: 0.0% (diff: +0.0 pp)
Income,"Fife, WA exhibits a stable and exceptionally low poverty landscape, with only 0.1% of its population below the poverty line and 0.1% of households receiving SNAP benefits in 2024, mirroring trends across Pierce County, the Seattle MSA, and the United States with no year-over-year change. While Fife's median household income of $90,532 in 2024 exceeds the national average of $80,734, it remains notably lower than Pierce County ($99,564) and the Seattle MSA ($115,177), experiencing only a modest $17 increase. Median earnings for full-time male workers in Fife were $67,023, slightly below the US average and significantly less than regional figures, with a smaller increase of $713. Full-time female workers earned $55,479, slightly above the US average but below regional benchmarks, notably decreasing by $760.","Fife, WA exhibits a distinct demographic and economic profile, notably characterized by a significantly younger population with a median age of 31.3, which is also decreasing. The area maintains exceptional economic stability with remarkably low poverty and SNAP rates, both at 0.1%. While Fife's median household income of $90,532 surpasses the national average, it remains lower than regional peers. The housing market features high median owner-occupied unit values at $543,100 and median monthly rent at $1,889, both exceeding Pierce County and national averages, yet owner households face a slightly higher 0.4% cost-burden rate. The workforce demonstrates strong engagement, with a labor force participation rate of 0.8%, outperforming Pierce County and the United States.",2024,2024,ACS_Series-CPI Table,"{""Label"": ""Calc-Median HH Income""}",Median household income,Numeric,Median household income in the geography in the current year,"In 2024, Fife, WA recorded a median household income of $90,532.","Fife, WA's median household income of $90,532 is smaller than Pierce County ($99,564).","Fife, WA's median household income of $90,532 is larger than United States ($80,734), is smaller than Washington ($98,141), is smaller than Puyallup Reservation ($101,642), is smaller than Seattle MSA ($115,177), and is smaller than Puget Sound Region ($115,806).",N/A,N/A,"Fife, WA recorded a median household income of $90,532 in 2024, which is higher than the United States ($80,734) but falls below Pierce County ($99,564), Washington ($98,141), and significantly trails the Seattle MSA ($115,177) and Puget Sound Region ($115,806).","Math Context: Focus value: $90,532; Pierce County: $99,564 (diff: -$9,032); United States: $80,734 (diff: +$9,798); Washington: $98,141 (diff: -$7,609); Puyallup Reservation: $101,642 (diff: -$11,110); Seattle MSA: $115,177 (diff: -$24,645); Puget Sound Region: $115,806 (diff: -$25,274)"
Income,"Fife, WA exhibits a stable and exceptionally low poverty landscape, with only 0.1% of its population below the poverty line and 0.1% of households receiving SNAP benefits in 2024, mirroring trends across Pierce County, the Seattle MSA, and the United States with no year-over-year change. While Fife's median household income of $90,532 in 2024 exceeds the national average of $80,734, it remains notably lower than Pierce County ($99,564) and the Seattle MSA ($115,177), experiencing only a modest $17 increase. Median earnings for full-time male workers in Fife were $67,023, slightly below the US average and significantly less than regional figures, with a smaller increase of $713. Full-time female workers earned $55,479, slightly above the US average but below regional benchmarks, notably decreasing by $760.","Fife, WA exhibits a distinct demographic and economic profile, notably characterized by a significantly younger population with a median age of 31.3, which is also decreasing. The area maintains exceptional economic stability with remarkably low poverty and SNAP rates, both at 0.1%. While Fife's median household income of $90,532 surpasses the national average, it remains lower than regional peers. The housing market features high median owner-occupied unit values at $543,100 and median monthly rent at $1,889, both exceeding Pierce County and national averages, yet owner households face a slightly higher 0.4% cost-burden rate. The workforce demonstrates strong engagement, with a labor force participation rate of 0.8%, outperforming Pierce County and the United States.",2023,2024,ACS_Series-CPI Table,"{""Label"": ""Calc-Median HH Income""}",Change in median household income,Numeric,"Change in the real median household income in the geography from the previous to current year, in current dollars","Between 2023 and 2024, Fife, WA experienced a change in median household income of $17.","Fife, WA's change in median household income of $17 represents a smaller change compared to Pierce County ($2,932).","Fife, WA's change in median household income of $17 represents a larger change compared to Puyallup Reservation ($-516), represents a smaller change compared to United States ($2,196), represents a smaller change compared to Seattle MSA ($2,583), represents a smaller change compared to Puget Sound Region ($2,985), and represents a smaller change compared to Washington ($3,189).",N/A,N/A,"Fife, WA saw its median household income increase by a modest $17 between 2023 and 2024, a change significantly smaller than the increases observed across Pierce County ($2,932), the United States ($2,196), and the broader Washington state ($3,189), yet notably larger than the decrease of $516 experienced by Puyallup Reservation.","Math Context: Focus value: $17; Pierce County: $2,932 (diff: -$2,915); Puyallup Reservation: $-516 (diff: +$533); United States: $2,196 (diff: -$2,179); Seattle MSA: $2,583 (diff: -$2,566); Puget Sound Region: $2,985 (diff: -$2,968); Washington: $3,189 (diff: -$3,172)"
Income,"Fife, WA exhibits a stable and exceptionally low poverty landscape, with only 0.1% of its population below the poverty line and 0.1% of households receiving SNAP benefits in 2024, mirroring trends across Pierce County, the Seattle MSA, and the United States with no year-over-year change. While Fife's median household income of $90,532 in 2024 exceeds the national average of $80,734, it remains notably lower than Pierce County ($99,564) and the Seattle MSA ($115,177), experiencing only a modest $17 increase. Median earnings for full-time male workers in Fife were $67,023, slightly below the US average and significantly less than regional figures, with a smaller increase of $713. Full-time female workers earned $55,479, slightly above the US average but below regional benchmarks, notably decreasing by $760.","Fife, WA exhibits a distinct demographic and economic profile, notably characterized by a significantly younger population with a median age of 31.3, which is also decreasing. The area maintains exceptional economic stability with remarkably low poverty and SNAP rates, both at 0.1%. While Fife's median household income of $90,532 surpasses the national average, it remains lower than regional peers. The housing market features high median owner-occupied unit values at $543,100 and median monthly rent at $1,889, both exceeding Pierce County and national averages, yet owner households face a slightly higher 0.4% cost-burden rate. The workforce demonstrates strong engagement, with a labor force participation rate of 0.8%, outperforming Pierce County and the United States.",2024,2024,ACS_Series-CPI Table,"{""Label"": ""Calc-Median earnings Male""}",Median earnings for full-time male workers,Numeric,Median earnings for full-time male workers in the geography in the current year,"In 2024, Fife, WA recorded a median earnings for full-time male workers of 67,023.","Fife, WA's median earnings for full-time male workers of 67,023 is smaller than Pierce County (76,999).","Fife, WA's median earnings for full-time male workers of 67,023 is smaller than United States (67,361), is smaller than Puyallup Reservation (75,438), is smaller than Washington (82,572), is smaller than Seattle MSA (95,697), and is smaller than Puget Sound Region (97,420).",N/A,N/A,"Fife, WA recorded median earnings for full-time male workers of $67,023 in 2024, which was slightly below the United States average of $67,361 and notably lower than Pierce County ($76,999), Washington ($82,572), and the Puget Sound Region ($97,420).","Math Context: Focus value: 67,023; Pierce County: 76,999 (diff: -9,976); United States: 67,361 (diff: -338); Puyallup Reservation: 75,438 (diff: -8,415); Washington: 82,572 (diff: -15,549); Seattle MSA: 95,697 (diff: -28,674); Puget Sound Region: 97,420 (diff: -30,397)"
Income,"Fife, WA exhibits a stable and exceptionally low poverty landscape, with only 0.1% of its population below the poverty line and 0.1% of households receiving SNAP benefits in 2024, mirroring trends across Pierce County, the Seattle MSA, and the United States with no year-over-year change. While Fife's median household income of $90,532 in 2024 exceeds the national average of $80,734, it remains notably lower than Pierce County ($99,564) and the Seattle MSA ($115,177), experiencing only a modest $17 increase. Median earnings for full-time male workers in Fife were $67,023, slightly below the US average and significantly less than regional figures, with a smaller increase of $713. Full-time female workers earned $55,479, slightly above the US average but below regional benchmarks, notably decreasing by $760.","Fife, WA exhibits a distinct demographic and economic profile, notably characterized by a significantly younger population with a median age of 31.3, which is also decreasing. The area maintains exceptional economic stability with remarkably low poverty and SNAP rates, both at 0.1%. While Fife's median household income of $90,532 surpasses the national average, it remains lower than regional peers. The housing market features high median owner-occupied unit values at $543,100 and median monthly rent at $1,889, both exceeding Pierce County and national averages, yet owner households face a slightly higher 0.4% cost-burden rate. The workforce demonstrates strong engagement, with a labor force participation rate of 0.8%, outperforming Pierce County and the United States.",2023,2024,ACS_Series-CPI Table,"{""Label"": ""Calc-Median earnings Male""}",Change in median earnings for full-time male workers,Numeric,"Change in the real median earnings of full-time male workers in the geography from the previous to current year, in current dollars","Between 2023 and 2024, Fife, WA experienced a change in median earnings for full-time male workers of +713.","Fife, WA's change in median earnings for full-time male workers of +713 represents a smaller change compared to Pierce County (+2,875).","Fife, WA's change in median earnings for full-time male workers of +713 represents a smaller change compared to United States (+1,697), represents a smaller change compared to Puyallup Reservation (+1,974), represents a smaller change compared to Washington (+2,966), represents a smaller change compared to Seattle MSA (+3,985), and represents a smaller change compared to Puget Sound Region (+3,994).",N/A,N/A,"Fife, WA experienced an increase of +713 in median earnings for full-time male workers between 2023 and 2024, a gain notably smaller than that of Pierce County (+2,875), the United States (+1,697), and other regional benchmarks such as Washington (+2,966) and the Seattle MSA (+3,985).","Math Context: Focus value: +713; Pierce County: +2,875 (diff: -+2,162); United States: +1,697 (diff: -+984); Puyallup Reservation: +1,974 (diff: -+1,261); Washington: +2,966 (diff: -+2,253); Seattle MSA: +3,985 (diff: -+3,272); Puget Sound Region: +3,994 (diff: -+3,281)"
Income,"Fife, WA exhibits a stable and exceptionally low poverty landscape, with only 0.1% of its population below the poverty line and 0.1% of households receiving SNAP benefits in 2024, mirroring trends across Pierce County, the Seattle MSA, and the United States with no year-over-year change. While Fife's median household income of $90,532 in 2024 exceeds the national average of $80,734, it remains notably lower than Pierce County ($99,564) and the Seattle MSA ($115,177), experiencing only a modest $17 increase. Median earnings for full-time male workers in Fife were $67,023, slightly below the US average and significantly less than regional figures, with a smaller increase of $713. Full-time female workers earned $55,479, slightly above the US average but below regional benchmarks, notably decreasing by $760.","Fife, WA exhibits a distinct demographic and economic profile, notably characterized by a significantly younger population with a median age of 31.3, which is also decreasing. The area maintains exceptional economic stability with remarkably low poverty and SNAP rates, both at 0.1%. While Fife's median household income of $90,532 surpasses the national average, it remains lower than regional peers. The housing market features high median owner-occupied unit values at $543,100 and median monthly rent at $1,889, both exceeding Pierce County and national averages, yet owner households face a slightly higher 0.4% cost-burden rate. The workforce demonstrates strong engagement, with a labor force participation rate of 0.8%, outperforming Pierce County and the United States.",2024,2024,ACS_Series-CPI Table,"{""Label"": ""Calc-Median earnings Female""}",Median earnings for full-time female workers,Numeric,Median earnings for full-time female workers in the geography in the current year,"In 2024, Fife, WA recorded a median earnings for full-time female workers of 55,479.","Fife, WA's median earnings for full-time female workers of 55,479 is smaller than Pierce County (63,149).","Fife, WA's median earnings for full-time female workers of 55,479 is larger than United States (55,274), is smaller than Puyallup Reservation (63,932), is smaller than Washington (66,363), is smaller than Seattle MSA (75,838), and is smaller than Puget Sound Region (76,267).",N/A,N/A,"Fife, WA recorded median earnings for full-time female workers of 55,479 in 2024, which was higher than the United States (55,274) but notably lower than Pierce County (63,149) and significantly below the Washington state average (66,363) and the Seattle MSA (75,838).","Math Context: Focus value: 55,479; Pierce County: 63,149 (diff: -7,670); United States: 55,274 (diff: +205); Puyallup Reservation: 63,932 (diff: -8,453); Washington: 66,363 (diff: -10,884); Seattle MSA: 75,838 (diff: -20,359); Puget Sound Region: 76,267 (diff: -20,788)"
Income,"Fife, WA exhibits a stable and exceptionally low poverty landscape, with only 0.1% of its population below the poverty line and 0.1% of households receiving SNAP benefits in 2024, mirroring trends across Pierce County, the Seattle MSA, and the United States with no year-over-year change. While Fife's median household income of $90,532 in 2024 exceeds the national average of $80,734, it remains notably lower than Pierce County ($99,564) and the Seattle MSA ($115,177), experiencing only a modest $17 increase. Median earnings for full-time male workers in Fife were $67,023, slightly below the US average and significantly less than regional figures, with a smaller increase of $713. Full-time female workers earned $55,479, slightly above the US average but below regional benchmarks, notably decreasing by $760.","Fife, WA exhibits a distinct demographic and economic profile, notably characterized by a significantly younger population with a median age of 31.3, which is also decreasing. The area maintains exceptional economic stability with remarkably low poverty and SNAP rates, both at 0.1%. While Fife's median household income of $90,532 surpasses the national average, it remains lower than regional peers. The housing market features high median owner-occupied unit values at $543,100 and median monthly rent at $1,889, both exceeding Pierce County and national averages, yet owner households face a slightly higher 0.4% cost-burden rate. The workforce demonstrates strong engagement, with a labor force participation rate of 0.8%, outperforming Pierce County and the United States.",2023,2024,ACS_Series-CPI Table,"{""Label"": ""Calc-Median earnings Female""}",Change in median earnings for full-time female workers,Numeric,"Change in the real median earnings of full-time female workers in the geography from the previous to current year, in current dollars","Between 2023 and 2024, Fife, WA experienced a change in median earnings for full-time female workers of -760.","Fife, WA's change in median earnings for full-time female workers of -760 represents a smaller change compared to Pierce County (+2,454).","Fife, WA's change in median earnings for full-time female workers of -760 represents a smaller change compared to Puyallup Reservation (+1,225), represents a smaller change compared to United States (+1,829), represents a smaller change compared to Washington (+3,080), represents a smaller change compared to Seattle MSA (+3,704), and represents a smaller change compared to Puget Sound Region (+3,739).",N/A,N/A,"Fife, WA experienced a decrease of -760 in median earnings for full-time female workers between 2023 and 2024, a significantly smaller change compared to the increases observed in Pierce County (+2,454), Washington (+3,080), and the Puget Sound Region (+3,739).","Math Context: Focus value: -760; Pierce County: +2,454 (diff: -+3,214); Puyallup Reservation: +1,225 (diff: -+1,985); United States: +1,829 (diff: -+2,589); Washington: +3,080 (diff: -+3,840); Seattle MSA: +3,704 (diff: -+4,464); Puget Sound Region: +3,739 (diff: -+4,499)"
Workforce,"In 2024, Fife, WA's workforce exhibited a 0.1% bachelor's degree attainment rate among its 25+ population, aligning with Pierce County but 0.1 percentage points below Washington and the Seattle MSA. A notable trend across all benchmarks was the consistent stability, with no change in educational attainment from 2023. Fife's labor force participation rate stood out at 0.8%, surpassing Pierce County (0.7%) and the United States (0.6%). This higher engagement was consistent across genders, with male participation at 0.8% and female at 0.7%, both exceeding their respective benchmarks by 0.1 percentage points. These participation rates, like educational attainment, remained unchanged year-over-year. Furthermore, 0.1% of Fife's workers worked from home, matching Pierce County but trailing Washington and the Seattle MSA (0.2%), while self-employment was 0.0%, 0.1 percentage points lower than Washington and the United States.","Fife, WA exhibits a distinct demographic and economic profile, notably characterized by a significantly younger population with a median age of 31.3, which is also decreasing. The area maintains exceptional economic stability with remarkably low poverty and SNAP rates, both at 0.1%. While Fife's median household income of $90,532 surpasses the national average, it remains lower than regional peers. The housing market features high median owner-occupied unit values at $543,100 and median monthly rent at $1,889, both exceeding Pierce County and national averages, yet owner households face a slightly higher 0.4% cost-burden rate. The workforce demonstrates strong engagement, with a labor force participation rate of 0.8%, outperforming Pierce County and the United States.",2024,2024,ACS_Series,"{""Label"": ""Calc-LFPR""}",Labor force participation rate,Percentage,Labor force participation rate in the geography in the current year,"In 2024, Fife, WA recorded a labor force participation rate of 0.8%.","Fife, WA's labor force participation rate of 0.8% is 0.1 percentage points higher than Pierce County (0.7%).","Fife, WA's labor force participation rate of 0.8% is 0.1 percentage points higher than United States (0.6%), is 0.1 percentage points higher than Washington (0.6%), is 0.1 percentage points higher than Puyallup Reservation (0.7%), is 0.1 percentage points higher than Puget Sound Region (0.7%), and is 0.1 percentage points higher than Seattle MSA (0.7%).",N/A,N/A,"Fife, WA's labor force participation rate in 2024 was 0.8%, exceeding Pierce County (0.7%) and other benchmarks like the United States and Washington (both 0.6%) by 0.1 percentage points.",Math Context: Focus value: 0.8%; Pierce County: 0.7% (diff: +0.1 pp); United States: 0.6% (diff: +0.1 pp); Washington: 0.6% (diff: +0.1 pp); Puyallup Reservation: 0.7% (diff: +0.1 pp); Puget Sound Region: 0.7% (diff: +0.1 pp); Seattle MSA: 0.7% (diff: +0.1 pp)
Workforce,"In 2024, Fife, WA's workforce exhibited a 0.1% bachelor's degree attainment rate among its 25+ population, aligning with Pierce County but 0.1 percentage points below Washington and the Seattle MSA. A notable trend across all benchmarks was the consistent stability, with no change in educational attainment from 2023. Fife's labor force participation rate stood out at 0.8%, surpassing Pierce County (0.7%) and the United States (0.6%). This higher engagement was consistent across genders, with male participation at 0.8% and female at 0.7%, both exceeding their respective benchmarks by 0.1 percentage points. These participation rates, like educational attainment, remained unchanged year-over-year. Furthermore, 0.1% of Fife's workers worked from home, matching Pierce County but trailing Washington and the Seattle MSA (0.2%), while self-employment was 0.0%, 0.1 percentage points lower than Washington and the United States.","Fife, WA exhibits a distinct demographic and economic profile, notably characterized by a significantly younger population with a median age of 31.3, which is also decreasing. The area maintains exceptional economic stability with remarkably low poverty and SNAP rates, both at 0.1%. While Fife's median household income of $90,532 surpasses the national average, it remains lower than regional peers. The housing market features high median owner-occupied unit values at $543,100 and median monthly rent at $1,889, both exceeding Pierce County and national averages, yet owner households face a slightly higher 0.4% cost-burden rate. The workforce demonstrates strong engagement, with a labor force participation rate of 0.8%, outperforming Pierce County and the United States.",2023,2024,ACS_Series,"{""Label"": ""Calc-LFPR""}",Change in labor force participation rate,Percentage,Change in labor force participation rate in the geography from the previous to current year,"Between 2023 and 2024, Fife, WA experienced a change in labor force participation rate of 0.0%.","Fife, WA's change in labor force participation rate of 0.0% is 0.0 percentage points higher than Pierce County (-0.0%).","Fife, WA's change in labor force participation rate of 0.0% is 0.0 percentage points higher than Puget Sound Region (-0.0%), is 0.0 percentage points higher than Washington (-0.0%), is 0.0 percentage points higher than Seattle MSA (-0.0%), is 0.0 percentage points higher than Puyallup Reservation (-0.0%), and is 0.0 percentage points higher than United States (-0.0%).",N/A,N/A,"Fife, WA's labor force participation rate remained unchanged at 0.0% between 2023 and 2024, a trend consistent with Pierce County, the Puget Sound Region, Washington, Seattle MSA, Puyallup Reservation, and the United States.",Math Context: Focus value: 0.0%; Pierce County: -0.0% (diff: +0.0 pp); Puget Sound Region: -0.0% (diff: +0.0 pp); Washington: -0.0% (diff: +0.0 pp); Seattle MSA: -0.0% (diff: +0.0 pp); Puyallup Reservation: -0.0% (diff: +0.0 pp); United States: -0.0% (diff: +0.0 pp)
Workforce,"In 2024, Fife, WA's workforce exhibited a 0.1% bachelor's degree attainment rate among its 25+ population, aligning with Pierce County but 0.1 percentage points below Washington and the Seattle MSA. A notable trend across all benchmarks was the consistent stability, with no change in educational attainment from 2023. Fife's labor force participation rate stood out at 0.8%, surpassing Pierce County (0.7%) and the United States (0.6%). This higher engagement was consistent across genders, with male participation at 0.8% and female at 0.7%, both exceeding their respective benchmarks by 0.1 percentage points. These participation rates, like educational attainment, remained unchanged year-over-year. Furthermore, 0.1% of Fife's workers worked from home, matching Pierce County but trailing Washington and the Seattle MSA (0.2%), while self-employment was 0.0%, 0.1 percentage points lower than Washington and the United States.","Fife, WA exhibits a distinct demographic and economic profile, notably characterized by a significantly younger population with a median age of 31.3, which is also decreasing. The area maintains exceptional economic stability with remarkably low poverty and SNAP rates, both at 0.1%. While Fife's median household income of $90,532 surpasses the national average, it remains lower than regional peers. The housing market features high median owner-occupied unit values at $543,100 and median monthly rent at $1,889, both exceeding Pierce County and national averages, yet owner households face a slightly higher 0.4% cost-burden rate. The workforce demonstrates strong engagement, with a labor force participation rate of 0.8%, outperforming Pierce County and the United States.",2024,2024,ACS_Series,"{""Label"": ""Calc-LFPR-F""}",Female labor force participation rate,Percentage,Female labor force participation rate in the geography in the current year,"In 2024, Fife, WA recorded a female labor force participation rate of 0.7%.","Fife, WA's female labor force participation rate of 0.7% is 0.1 percentage points higher than Pierce County (0.6%).","Fife, WA's female labor force participation rate of 0.7% is 0.1 percentage points higher than United States (0.6%), is 0.1 percentage points higher than Washington (0.6%), is 0.1 percentage points higher than Puyallup Reservation (0.6%), is 0.1 percentage points higher than Seattle MSA (0.6%), and is 0.1 percentage points higher than Puget Sound Region (0.6%).",N/A,N/A,"Fife, WA's female labor force participation rate was 0.7% in 2024, exceeding the 0.6% observed in Pierce County, the United States, Washington, Puyallup Reservation, Seattle MSA, and the Puget Sound Region by 0.1 percentage points.",Math Context: Focus value: 0.7%; Pierce County: 0.6% (diff: +0.1 pp); United States: 0.6% (diff: +0.1 pp); Washington: 0.6% (diff: +0.1 pp); Puyallup Reservation: 0.6% (diff: +0.1 pp); Seattle MSA: 0.6% (diff: +0.1 pp); Puget Sound Region: 0.6% (diff: +0.1 pp)
Workforce,"In 2024, Fife, WA's workforce exhibited a 0.1% bachelor's degree attainment rate among its 25+ population, aligning with Pierce County but 0.1 percentage points below Washington and the Seattle MSA. A notable trend across all benchmarks was the consistent stability, with no change in educational attainment from 2023. Fife's labor force participation rate stood out at 0.8%, surpassing Pierce County (0.7%) and the United States (0.6%). This higher engagement was consistent across genders, with male participation at 0.8% and female at 0.7%, both exceeding their respective benchmarks by 0.1 percentage points. These participation rates, like educational attainment, remained unchanged year-over-year. Furthermore, 0.1% of Fife's workers worked from home, matching Pierce County but trailing Washington and the Seattle MSA (0.2%), while self-employment was 0.0%, 0.1 percentage points lower than Washington and the United States.","Fife, WA exhibits a distinct demographic and economic profile, notably characterized by a significantly younger population with a median age of 31.3, which is also decreasing. The area maintains exceptional economic stability with remarkably low poverty and SNAP rates, both at 0.1%. While Fife's median household income of $90,532 surpasses the national average, it remains lower than regional peers. The housing market features high median owner-occupied unit values at $543,100 and median monthly rent at $1,889, both exceeding Pierce County and national averages, yet owner households face a slightly higher 0.4% cost-burden rate. The workforce demonstrates strong engagement, with a labor force participation rate of 0.8%, outperforming Pierce County and the United States.",2023,2024,ACS_Series,"{""Label"": ""Calc-LFPR-F""}",Change in female labor force participation rate,Percentage,Change in female labor force participation rate in the geography from the previous to current year,"Between 2023 and 2024, Fife, WA experienced a change in female labor force participation rate of 0.0%.","Fife, WA's change in female labor force participation rate of 0.0% is 0.0 percentage points higher than Pierce County (0.0%).","Fife, WA's change in female labor force participation rate of 0.0% is 0.0 percentage points higher than United States (0.0%), is 0.0 percentage points higher than Washington (0.0%), is 0.0 percentage points higher than Seattle MSA (0.0%), is 0.0 percentage points higher than Puget Sound Region (0.0%), and is 0.0 percentage points higher than Puyallup Reservation (0.0%).",N/A,N/A,"Fife, WA experienced no change in its female labor force participation rate between 2023 and 2024, mirroring the rates observed in Pierce County, the United States, Washington, Seattle MSA, Puget Sound Region, and Puyallup Reservation.",Math Context: Focus value: 0.0%; Pierce County: 0.0% (diff: +0.0 pp); United States: 0.0% (diff: +0.0 pp); Washington: 0.0% (diff: +0.0 pp); Seattle MSA: 0.0% (diff: +0.0 pp); Puget Sound Region: 0.0% (diff: +0.0 pp); Puyallup Reservation: 0.0% (diff: +0.0 pp)
Workforce,"In 2024, Fife, WA's workforce exhibited a 0.1% bachelor's degree attainment rate among its 25+ population, aligning with Pierce County but 0.1 percentage points below Washington and the Seattle MSA. A notable trend across all benchmarks was the consistent stability, with no change in educational attainment from 2023. Fife's labor force participation rate stood out at 0.8%, surpassing Pierce County (0.7%) and the United States (0.6%). This higher engagement was consistent across genders, with male participation at 0.8% and female at 0.7%, both exceeding their respective benchmarks by 0.1 percentage points. These participation rates, like educational attainment, remained unchanged year-over-year. Furthermore, 0.1% of Fife's workers worked from home, matching Pierce County but trailing Washington and the Seattle MSA (0.2%), while self-employment was 0.0%, 0.1 percentage points lower than Washington and the United States.","Fife, WA exhibits a distinct demographic and economic profile, notably characterized by a significantly younger population with a median age of 31.3, which is also decreasing. The area maintains exceptional economic stability with remarkably low poverty and SNAP rates, both at 0.1%. While Fife's median household income of $90,532 surpasses the national average, it remains lower than regional peers. The housing market features high median owner-occupied unit values at $543,100 and median monthly rent at $1,889, both exceeding Pierce County and national averages, yet owner households face a slightly higher 0.4% cost-burden rate. The workforce demonstrates strong engagement, with a labor force participation rate of 0.8%, outperforming Pierce County and the United States.",2024,2024,ACS_Series,"{""Label"": ""Calc-LFPR-M""}",Male labor force participation rate,Percentage,Male labor force participation rate in the geography in the current year,"In 2024, Fife, WA recorded a male labor force participation rate of 0.8%.","Fife, WA's male labor force participation rate of 0.8% is 0.1 percentage points higher than Pierce County (0.7%).","Fife, WA's male labor force participation rate of 0.8% is 0.1 percentage points higher than United States (0.7%), is 0.1 percentage points higher than Washington (0.7%), is 0.1 percentage points higher than Puget Sound Region (0.7%), is 0.1 percentage points higher than Puyallup Reservation (0.7%), and is 0.1 percentage points higher than Seattle MSA (0.7%).",N/A,N/A,"Fife, WA recorded a male labor force participation rate of 0.8% in 2024, which is 0.1 percentage points higher than Pierce County, the United States, Washington, the Puget Sound Region, the Puyallup Reservation, and the Seattle MSA, all of which stood at 0.7%.",Math Context: Focus value: 0.8%; Pierce County: 0.7% (diff: +0.1 pp); United States: 0.7% (diff: +0.1 pp); Washington: 0.7% (diff: +0.1 pp); Puget Sound Region: 0.7% (diff: +0.1 pp); Puyallup Reservation: 0.7% (diff: +0.1 pp); Seattle MSA: 0.7% (diff: +0.1 pp)
Workforce,"In 2024, Fife, WA's workforce exhibited a 0.1% bachelor's degree attainment rate among its 25+ population, aligning with Pierce County but 0.1 percentage points below Washington and the Seattle MSA. A notable trend across all benchmarks was the consistent stability, with no change in educational attainment from 2023. Fife's labor force participation rate stood out at 0.8%, surpassing Pierce County (0.7%) and the United States (0.6%). This higher engagement was consistent across genders, with male participation at 0.8% and female at 0.7%, both exceeding their respective benchmarks by 0.1 percentage points. These participation rates, like educational attainment, remained unchanged year-over-year. Furthermore, 0.1% of Fife's workers worked from home, matching Pierce County but trailing Washington and the Seattle MSA (0.2%), while self-employment was 0.0%, 0.1 percentage points lower than Washington and the United States.","Fife, WA exhibits a distinct demographic and economic profile, notably characterized by a significantly younger population with a median age of 31.3, which is also decreasing. The area maintains exceptional economic stability with remarkably low poverty and SNAP rates, both at 0.1%. While Fife's median household income of $90,532 surpasses the national average, it remains lower than regional peers. The housing market features high median owner-occupied unit values at $543,100 and median monthly rent at $1,889, both exceeding Pierce County and national averages, yet owner households face a slightly higher 0.4% cost-burden rate. The workforce demonstrates strong engagement, with a labor force participation rate of 0.8%, outperforming Pierce County and the United States.",2023,2024,ACS_Series,"{""Label"": ""Calc-LFPR-M""}",Change in male labor force participation rate,Percentage,Change in male labor force participation rate in the geography from the previous to current year,"Between 2023 and 2024, Fife, WA experienced a change in male labor force participation rate of -0.0%.","Fife, WA's change in male labor force participation rate of -0.0% is 0.0 percentage points lower than Pierce County (-0.0%).","Fife, WA's change in male labor force participation rate of -0.0% is 0.0 percentage points lower than Puget Sound Region (-0.0%), is 0.0 percentage points lower than Puyallup Reservation (-0.0%), is 0.0 percentage points lower than Seattle MSA (-0.0%), is 0.0 percentage points lower than Washington (-0.0%), and is 0.0 percentage points lower than United States (-0.0%).",N/A,N/A,"Fife, WA's male labor force participation rate remained unchanged between 2023 and 2024, a trend consistent with Pierce County, the Puget Sound Region, Puyallup Reservation, Seattle MSA, Washington, and the United States.",Math Context: Focus value: -0.0%; Pierce County: -0.0% (diff: -0.0 pp); Puget Sound Region: -0.0% (diff: -0.0 pp); Puyallup Reservation: -0.0% (diff: -0.0 pp); Seattle MSA: -0.0% (diff: -0.0 pp); Washington: -0.0% (diff: -0.0 pp); United States: -0.0% (diff: -0.0 pp)
Workforce,"In 2024, Fife, WA's workforce exhibited a 0.1% bachelor's degree attainment rate among its 25+ population, aligning with Pierce County but 0.1 percentage points below Washington and the Seattle MSA. A notable trend across all benchmarks was the consistent stability, with no change in educational attainment from 2023. Fife's labor force participation rate stood out at 0.8%, surpassing Pierce County (0.7%) and the United States (0.6%). This higher engagement was consistent across genders, with male participation at 0.8% and female at 0.7%, both exceeding their respective benchmarks by 0.1 percentage points. These participation rates, like educational attainment, remained unchanged year-over-year. Furthermore, 0.1% of Fife's workers worked from home, matching Pierce County but trailing Washington and the Seattle MSA (0.2%), while self-employment was 0.0%, 0.1 percentage points lower than Washington and the United States.","Fife, WA exhibits a distinct demographic and economic profile, notably characterized by a significantly younger population with a median age of 31.3, which is also decreasing. The area maintains exceptional economic stability with remarkably low poverty and SNAP rates, both at 0.1%. While Fife's median household income of $90,532 surpasses the national average, it remains lower than regional peers. The housing market features high median owner-occupied unit values at $543,100 and median monthly rent at $1,889, both exceeding Pierce County and national averages, yet owner households face a slightly higher 0.4% cost-burden rate. The workforce demonstrates strong engagement, with a labor force participation rate of 0.8%, outperforming Pierce County and the United States.",2024,2024,ACS_Series,"{""Label"": ""Calc-Worked from home""}",Percent of workers working from home,Percentage,Percent of workers working from home in the geography in the current year,"In 2024, Fife, WA recorded a of workers working from home of 0.1%.","Fife, WA's of workers working from home of 0.1% is 0.0 percentage points lower than Pierce County (0.1%).","Fife, WA's of workers working from home of 0.1% is 0.0 percentage points lower than Puyallup Reservation (0.1%), is 0.0 percentage points lower than United States (0.2%), is 0.1 percentage points lower than Washington (0.2%), is 0.1 percentage points lower than Puget Sound Region (0.2%), and is 0.1 percentage points lower than Seattle MSA (0.2%).",N/A,N/A,"Fife, WA recorded a percentage of workers working from home of 0.1% in 2024, matching Pierce County and Puyallup Reservation, but falling 0.1 percentage points below the United States, Washington, Puget Sound Region, and Seattle MSA, all of which stood at 0.2%.",Math Context: Focus value: 0.1%; Pierce County: 0.1% (diff: -0.0 pp); Puyallup Reservation: 0.1% (diff: -0.0 pp); United States: 0.2% (diff: -0.0 pp); Washington: 0.2% (diff: -0.1 pp); Puget Sound Region: 0.2% (diff: -0.1 pp); Seattle MSA: 0.2% (diff: -0.1 pp)
Workforce,"In 2024, Fife, WA's workforce exhibited a 0.1% bachelor's degree attainment rate among its 25+ population, aligning with Pierce County but 0.1 percentage points below Washington and the Seattle MSA. A notable trend across all benchmarks was the consistent stability, with no change in educational attainment from 2023. Fife's labor force participation rate stood out at 0.8%, surpassing Pierce County (0.7%) and the United States (0.6%). This higher engagement was consistent across genders, with male participation at 0.8% and female at 0.7%, both exceeding their respective benchmarks by 0.1 percentage points. These participation rates, like educational attainment, remained unchanged year-over-year. Furthermore, 0.1% of Fife's workers worked from home, matching Pierce County but trailing Washington and the Seattle MSA (0.2%), while self-employment was 0.0%, 0.1 percentage points lower than Washington and the United States.","Fife, WA exhibits a distinct demographic and economic profile, notably characterized by a significantly younger population with a median age of 31.3, which is also decreasing. The area maintains exceptional economic stability with remarkably low poverty and SNAP rates, both at 0.1%. While Fife's median household income of $90,532 surpasses the national average, it remains lower than regional peers. The housing market features high median owner-occupied unit values at $543,100 and median monthly rent at $1,889, both exceeding Pierce County and national averages, yet owner households face a slightly higher 0.4% cost-burden rate. The workforce demonstrates strong engagement, with a labor force participation rate of 0.8%, outperforming Pierce County and the United States.",2023,2024,ACS_Series,"{""Label"": ""Calc-Worked from home""}",Change in percent of workers working from home,Percentage,Change in percent of workers working from home in the geography from the previous to current year,"Between 2023 and 2024, Fife, WA experienced a change in of workers working from home of 0.0%.","Fife, WA's change in of workers working from home of 0.0% is 0.0 percentage points lower than Pierce County (0.0%).","Fife, WA's change in of workers working from home of 0.0% is 0.0 percentage points higher than Puget Sound Region (0.0%), is 0.0 percentage points lower than Puyallup Reservation (0.0%), is 0.0 percentage points lower than United States (0.0%), is 0.0 percentage points lower than Washington (0.0%), and is 0.0 percentage points lower than Seattle MSA (0.0%).",N/A,N/A,"Fife, WA experienced a 0.0% change in the percentage of workers working from home between 2023 and 2024, a figure consistent with Pierce County, Puget Sound Region, Puyallup Reservation, United States, Washington, and Seattle MSA.",Math Context: Focus value: 0.0%; Pierce County: 0.0% (diff: -0.0 pp); Puget Sound Region: 0.0% (diff: +0.0 pp); Puyallup Reservation: 0.0% (diff: -0.0 pp); United States: 0.0% (diff: -0.0 pp); Washington: 0.0% (diff: -0.0 pp); Seattle MSA: 0.0% (diff: -0.0 pp)
Workforce,"In 2024, Fife, WA's workforce exhibited a 0.1% bachelor's degree attainment rate among its 25+ population, aligning with Pierce County but 0.1 percentage points below Washington and the Seattle MSA. A notable trend across all benchmarks was the consistent stability, with no change in educational attainment from 2023. Fife's labor force participation rate stood out at 0.8%, surpassing Pierce County (0.7%) and the United States (0.6%). This higher engagement was consistent across genders, with male participation at 0.8% and female at 0.7%, both exceeding their respective benchmarks by 0.1 percentage points. These participation rates, like educational attainment, remained unchanged year-over-year. Furthermore, 0.1% of Fife's workers worked from home, matching Pierce County but trailing Washington and the Seattle MSA (0.2%), while self-employment was 0.0%, 0.1 percentage points lower than Washington and the United States.","Fife, WA exhibits a distinct demographic and economic profile, notably characterized by a significantly younger population with a median age of 31.3, which is also decreasing. The area maintains exceptional economic stability with remarkably low poverty and SNAP rates, both at 0.1%. While Fife's median household income of $90,532 surpasses the national average, it remains lower than regional peers. The housing market features high median owner-occupied unit values at $543,100 and median monthly rent at $1,889, both exceeding Pierce County and national averages, yet owner households face a slightly higher 0.4% cost-burden rate. The workforce demonstrates strong engagement, with a labor force participation rate of 0.8%, outperforming Pierce County and the United States.",2024,2024,ACS_Series,"{""Label"": ""Calc-Self-Emp""}",Percent of workers who are self-employed,Percentage,Percent of workers who are self-employed in the geography in the current year,"In 2024, Fife, WA recorded a of workers who are self-employed of 0.0%.","Fife, WA's of workers who are self-employed of 0.0% is 0.0 percentage points lower than Pierce County (0.0%).","Fife, WA's of workers who are self-employed of 0.0% is 0.0 percentage points lower than Puyallup Reservation (0.0%), is 0.0 percentage points lower than Puget Sound Region (0.1%), is 0.0 percentage points lower than Seattle MSA (0.1%), is 0.0 percentage points lower than Washington (0.1%), and is 0.0 percentage points lower than United States (0.1%).",N/A,N/A,"Fife, WA recorded 0.0% of workers who are self-employed in 2024, a figure that is 0.0 percentage points lower than Pierce County, Puyallup Reservation, the Puget Sound Region, Seattle MSA, Washington, and the United States.",Math Context: Focus value: 0.0%; Pierce County: 0.0% (diff: -0.0 pp); Puyallup Reservation: 0.0% (diff: -0.0 pp); Puget Sound Region: 0.1% (diff: -0.0 pp); Seattle MSA: 0.1% (diff: -0.0 pp); Washington: 0.1% (diff: -0.0 pp); United States: 0.1% (diff: -0.0 pp)
Workforce,"In 2024, Fife, WA's workforce exhibited a 0.1% bachelor's degree attainment rate among its 25+ population, aligning with Pierce County but 0.1 percentage points below Washington and the Seattle MSA. A notable trend across all benchmarks was the consistent stability, with no change in educational attainment from 2023. Fife's labor force participation rate stood out at 0.8%, surpassing Pierce County (0.7%) and the United States (0.6%). This higher engagement was consistent across genders, with male participation at 0.8% and female at 0.7%, both exceeding their respective benchmarks by 0.1 percentage points. These participation rates, like educational attainment, remained unchanged year-over-year. Furthermore, 0.1% of Fife's workers worked from home, matching Pierce County but trailing Washington and the Seattle MSA (0.2%), while self-employment was 0.0%, 0.1 percentage points lower than Washington and the United States.","Fife, WA exhibits a distinct demographic and economic profile, notably characterized by a significantly younger population with a median age of 31.3, which is also decreasing. The area maintains exceptional economic stability with remarkably low poverty and SNAP rates, both at 0.1%. While Fife's median household income of $90,532 surpasses the national average, it remains lower than regional peers. The housing market features high median owner-occupied unit values at $543,100 and median monthly rent at $1,889, both exceeding Pierce County and national averages, yet owner households face a slightly higher 0.4% cost-burden rate. The workforce demonstrates strong engagement, with a labor force participation rate of 0.8%, outperforming Pierce County and the United States.",2023,2024,ACS_Series,"{""Label"": ""Calc-Self-Emp""}",Change in percent of workers who are self-employed,Percentage,Change in percent of workers who are self-employed in the geography from the previous to current year,"Between 2023 and 2024, Fife, WA experienced a change in of workers who are self-employed of 0.0%.","Fife, WA's change in of workers who are self-employed of 0.0% is 0.0 percentage points higher than Pierce County (-0.0%).","Fife, WA's change in of workers who are self-employed of 0.0% is 0.0 percentage points higher than Puyallup Reservation (-0.0%), is 0.0 percentage points higher than Puget Sound Region (-0.0%), is 0.0 percentage points higher than Washington (-0.0%), is 0.0 percentage points higher than Seattle MSA (-0.0%), and is 0.0 percentage points higher than United States (0.0%).",N/A,N/A,"Fife, WA experienced no change in the percentage of workers who are self-employed between 2023 and 2024, a trend consistent with Pierce County, Puyallup Reservation, Puget Sound Region, Washington, Seattle MSA, and the United States.",Math Context: Focus value: 0.0%; Pierce County: -0.0% (diff: +0.0 pp); Puyallup Reservation: -0.0% (diff: +0.0 pp); Puget Sound Region: -0.0% (diff: +0.0 pp); Washington: -0.0% (diff: +0.0 pp); Seattle MSA: -0.0% (diff: +0.0 pp); United States: 0.0% (diff: +0.0 pp)
Housing Values,"In 2024, Fife, WA's renter households demonstrated a 0.5% cost-burden rate, consistent with Pierce County and national averages, with no change from the prior year. Owner households in Fife, however, recorded a slightly higher 0.4% cost-burden rate, exceeding most comparative geographies by 0.1 percentage points, also remaining stable. Looking to 2026, Fife's housing market shows a median value of owner-occupied units at $543,100, surpassing Pierce County ($526,600) and significantly above the United States average ($332,700), though below the broader Washington and Seattle MSA regions. Median monthly rent is projected at $1,889, $83 higher than Pierce County and $476 above the United States average. The median listing price of $651,500 closely aligns with Pierce County and Washington, substantially exceeding the United States ($425,000) but remaining below the Seattle MSA and Puget Sound Region.","Fife, WA exhibits a distinct demographic and economic profile, notably characterized by a significantly younger population with a median age of 31.3, which is also decreasing. The area maintains exceptional economic stability with remarkably low poverty and SNAP rates, both at 0.1%. While Fife's median household income of $90,532 surpasses the national average, it remains lower than regional peers. The housing market features high median owner-occupied unit values at $543,100 and median monthly rent at $1,889, both exceeding Pierce County and national averages, yet owner households face a slightly higher 0.4% cost-burden rate. The workforce demonstrates strong engagement, with a labor force participation rate of 0.8%, outperforming Pierce County and the United States.",2024,2024,ACS_Series,"{""Label"": ""Calc-Cost Burden Renters""}",Percent of renter households that are cost-burdened,Percentage,Percent of renter households that are cost-burdened in the geography in the current year,"In 2024, Fife, WA recorded a of renter households that are cost-burdened of 0.5%.","Fife, WA's of renter households that are cost-burdened of 0.5% is 0.0 percentage points lower than Pierce County (0.5%).","Fife, WA's of renter households that are cost-burdened of 0.5% is 0.0 percentage points higher than Seattle MSA (0.5%), is 0.0 percentage points higher than Washington (0.5%), is 0.0 percentage points higher than Puget Sound Region (0.5%), is 0.0 percentage points higher than United States (0.5%), and is 0.0 percentage points higher than Puyallup Reservation (0.5%).",N/A,N/A,"In 2024, Fife, WA's percent of renter households that are cost-burdened was 0.5%, matching the rates observed in Pierce County, Seattle MSA, Washington, the Puget Sound Region, the United States, and Puyallup Reservation.",Math Context: Focus value: 0.5%; Pierce County: 0.5% (diff: -0.0 pp); Seattle MSA: 0.5% (diff: +0.0 pp); Washington: 0.5% (diff: +0.0 pp); Puget Sound Region: 0.5% (diff: +0.0 pp); United States: 0.5% (diff: +0.0 pp); Puyallup Reservation: 0.5% (diff: +0.0 pp)
Housing Values,"In 2024, Fife, WA's renter households demonstrated a 0.5% cost-burden rate, consistent with Pierce County and national averages, with no change from the prior year. Owner households in Fife, however, recorded a slightly higher 0.4% cost-burden rate, exceeding most comparative geographies by 0.1 percentage points, also remaining stable. Looking to 2026, Fife's housing market shows a median value of owner-occupied units at $543,100, surpassing Pierce County ($526,600) and significantly above the United States average ($332,700), though below the broader Washington and Seattle MSA regions. Median monthly rent is projected at $1,889, $83 higher than Pierce County and $476 above the United States average. The median listing price of $651,500 closely aligns with Pierce County and Washington, substantially exceeding the United States ($425,000) but remaining below the Seattle MSA and Puget Sound Region.","Fife, WA exhibits a distinct demographic and economic profile, notably characterized by a significantly younger population with a median age of 31.3, which is also decreasing. The area maintains exceptional economic stability with remarkably low poverty and SNAP rates, both at 0.1%. While Fife's median household income of $90,532 surpasses the national average, it remains lower than regional peers. The housing market features high median owner-occupied unit values at $543,100 and median monthly rent at $1,889, both exceeding Pierce County and national averages, yet owner households face a slightly higher 0.4% cost-burden rate. The workforce demonstrates strong engagement, with a labor force participation rate of 0.8%, outperforming Pierce County and the United States.",2023,2024,ACS_Series,"{""Label"": ""Calc-Cost Burden Renters""}",Change in percent of renter households that are cost-burdened,Percentage,Change in percent of renter households that are cost-burdened in the geography from the previous to current year,"Between 2023 and 2024, Fife, WA experienced a change in of renter households that are cost-burdened of 0.0%.","Fife, WA's change in of renter households that are cost-burdened of 0.0% is 0.0 percentage points lower than Pierce County (0.0%).","Fife, WA's change in of renter households that are cost-burdened of 0.0% is 0.0 percentage points lower than Puyallup Reservation (0.0%), is 0.0 percentage points lower than Seattle MSA (0.0%), is 0.0 percentage points lower than Washington (0.0%), is 0.0 percentage points lower than United States (0.0%), and is 0.0 percentage points lower than Puget Sound Region (0.0%).",N/A,N/A,"Fife, WA experienced no change in the percent of renter households that are cost-burdened between 2023 and 2024, aligning with the trends observed in Pierce County, Puyallup Reservation, Seattle MSA, Washington, United States, and the Puget Sound Region.",Math Context: Focus value: 0.0%; Pierce County: 0.0% (diff: -0.0 pp); Puyallup Reservation: 0.0% (diff: -0.0 pp); Seattle MSA: 0.0% (diff: -0.0 pp); Washington: 0.0% (diff: -0.0 pp); United States: 0.0% (diff: -0.0 pp); Puget Sound Region: 0.0% (diff: -0.0 pp)
Housing Values,"In 2024, Fife, WA's renter households demonstrated a 0.5% cost-burden rate, consistent with Pierce County and national averages, with no change from the prior year. Owner households in Fife, however, recorded a slightly higher 0.4% cost-burden rate, exceeding most comparative geographies by 0.1 percentage points, also remaining stable. Looking to 2026, Fife's housing market shows a median value of owner-occupied units at $543,100, surpassing Pierce County ($526,600) and significantly above the United States average ($332,700), though below the broader Washington and Seattle MSA regions. Median monthly rent is projected at $1,889, $83 higher than Pierce County and $476 above the United States average. The median listing price of $651,500 closely aligns with Pierce County and Washington, substantially exceeding the United States ($425,000) but remaining below the Seattle MSA and Puget Sound Region.","Fife, WA exhibits a distinct demographic and economic profile, notably characterized by a significantly younger population with a median age of 31.3, which is also decreasing. The area maintains exceptional economic stability with remarkably low poverty and SNAP rates, both at 0.1%. While Fife's median household income of $90,532 surpasses the national average, it remains lower than regional peers. The housing market features high median owner-occupied unit values at $543,100 and median monthly rent at $1,889, both exceeding Pierce County and national averages, yet owner households face a slightly higher 0.4% cost-burden rate. The workforce demonstrates strong engagement, with a labor force participation rate of 0.8%, outperforming Pierce County and the United States.",2024,2024,ACS_Series,"{""Label"": ""Calc-Cost Burden Owners""}",Percent of owner households that are cost-burdened,Percentage,Percent of owner households that are cost-burdened in the geography in the current year,"In 2024, Fife, WA recorded a of owner households that are cost-burdened of 0.4%.","Fife, WA's of owner households that are cost-burdened of 0.4% is 0.1 percentage points higher than Pierce County (0.3%).","Fife, WA's of owner households that are cost-burdened of 0.4% is 0.1 percentage points higher than United States (0.2%), is 0.1 percentage points higher than Washington (0.2%), is 0.1 percentage points higher than Seattle MSA (0.3%), is 0.1 percentage points higher than Puget Sound Region (0.3%), and is 0.1 percentage points higher than Puyallup Reservation (0.3%).",N/A,N/A,"Fife, WA recorded 0.4% of owner households as cost-burdened in 2024, a rate 0.1 percentage points higher than Pierce County and all other compared geographies, which ranged from 0.2% to 0.3%.",Math Context: Focus value: 0.4%; Pierce County: 0.3% (diff: +0.1 pp); United States: 0.2% (diff: +0.1 pp); Washington: 0.2% (diff: +0.1 pp); Seattle MSA: 0.3% (diff: +0.1 pp); Puget Sound Region: 0.3% (diff: +0.1 pp); Puyallup Reservation: 0.3% (diff: +0.1 pp)
Housing Values,"In 2024, Fife, WA's renter households demonstrated a 0.5% cost-burden rate, consistent with Pierce County and national averages, with no change from the prior year. Owner households in Fife, however, recorded a slightly higher 0.4% cost-burden rate, exceeding most comparative geographies by 0.1 percentage points, also remaining stable. Looking to 2026, Fife's housing market shows a median value of owner-occupied units at $543,100, surpassing Pierce County ($526,600) and significantly above the United States average ($332,700), though below the broader Washington and Seattle MSA regions. Median monthly rent is projected at $1,889, $83 higher than Pierce County and $476 above the United States average. The median listing price of $651,500 closely aligns with Pierce County and Washington, substantially exceeding the United States ($425,000) but remaining below the Seattle MSA and Puget Sound Region.","Fife, WA exhibits a distinct demographic and economic profile, notably characterized by a significantly younger population with a median age of 31.3, which is also decreasing. The area maintains exceptional economic stability with remarkably low poverty and SNAP rates, both at 0.1%. While Fife's median household income of $90,532 surpasses the national average, it remains lower than regional peers. The housing market features high median owner-occupied unit values at $543,100 and median monthly rent at $1,889, both exceeding Pierce County and national averages, yet owner households face a slightly higher 0.4% cost-burden rate. The workforce demonstrates strong engagement, with a labor force participation rate of 0.8%, outperforming Pierce County and the United States.",2023,2024,ACS_Series,"{""Label"": ""Calc-Cost Burden Owners""}",Change in percent of owner households that are cost-burdened,Percentage,Change in percent of owner households that are cost-burdened in the geography from the previous to current year,"Between 2023 and 2024, Fife, WA experienced a change in of owner households that are cost-burdened of 0.0%.","Fife, WA's change in of owner households that are cost-burdened of 0.0% is 0.0 percentage points higher than Pierce County (0.0%).","Fife, WA's change in of owner households that are cost-burdened of 0.0% is 0.0 percentage points higher than Puget Sound Region (-0.0%), is 0.0 percentage points higher than Seattle MSA (0.0%), is 0.0 percentage points higher than Washington (0.0%), is 0.0 percentage points higher than United States (0.0%), and is 0.0 percentage points higher than Puyallup Reservation (0.0%).",N/A,N/A,"Fife, WA experienced no change in the percentage of owner households that are cost-burdened between 2023 and 2024, a trend consistent with Pierce County, the Puget Sound Region, Seattle MSA, Washington, and the United States.",Math Context: Focus value: 0.0%; Pierce County: 0.0% (diff: +0.0 pp); Puget Sound Region: -0.0% (diff: +0.0 pp); Seattle MSA: 0.0% (diff: +0.0 pp); Washington: 0.0% (diff: +0.0 pp); United States: 0.0% (diff: +0.0 pp); Puyallup Reservation: 0.0% (diff: +0.0 pp)
Housing Values,"In 2024, Fife, WA's renter households demonstrated a 0.5% cost-burden rate, consistent with Pierce County and national averages, with no change from the prior year. Owner households in Fife, however, recorded a slightly higher 0.4% cost-burden rate, exceeding most comparative geographies by 0.1 percentage points, also remaining stable. Looking to 2026, Fife's housing market shows a median value of owner-occupied units at $543,100, surpassing Pierce County ($526,600) and significantly above the United States average ($332,700), though below the broader Washington and Seattle MSA regions. Median monthly rent is projected at $1,889, $83 higher than Pierce County and $476 above the United States average. The median listing price of $651,500 closely aligns with Pierce County and Washington, substantially exceeding the United States ($425,000) but remaining below the Seattle MSA and Puget Sound Region.","Fife, WA exhibits a distinct demographic and economic profile, notably characterized by a significantly younger population with a median age of 31.3, which is also decreasing. The area maintains exceptional economic stability with remarkably low poverty and SNAP rates, both at 0.1%. While Fife's median household income of $90,532 surpasses the national average, it remains lower than regional peers. The housing market features high median owner-occupied unit values at $543,100 and median monthly rent at $1,889, both exceeding Pierce County and national averages, yet owner households face a slightly higher 0.4% cost-burden rate. The workforce demonstrates strong engagement, with a labor force participation rate of 0.8%, outperforming Pierce County and the United States.",[Current Month],[Current Month],HAI-CPI Table,"{""Calc-Median Value of Owned Units"", ""CPI""}",Median value of owner-occupied housing units,Numeric,Median value of owner-occupied housing units in the geography in the current month,"In 2026, Fife, WA recorded a median value of owner-occupied housing units of 543,100.","Fife, WA's median value of owner-occupied housing units of 543,100 is larger than Pierce County (526,600).","Fife, WA's median value of owner-occupied housing units of 543,100 is larger than United States (332,700), is smaller than Washington (564,600), is smaller than Seattle MSA (717,500), and is smaller than Puget Sound Region (730,850).",N/A,N/A,"Fife, WA recorded a median value of owner-occupied housing units of 543,100 in 2026, positioning it above Pierce County (526,600) and significantly higher than the United States average (332,700), yet below Washington (564,600), Seattle MSA (717,500), and the Puget Sound Region (730,850).","Math Context: Focus value: 543,100; Pierce County: 526,600 (diff: +16,500); United States: 332,700 (diff: +210,400); Washington: 564,600 (diff: -21,500); Seattle MSA: 717,500 (diff: -174,400); Puget Sound Region: 730,850 (diff: -187,750)"
Housing Values,"In 2024, Fife, WA's renter households demonstrated a 0.5% cost-burden rate, consistent with Pierce County and national averages, with no change from the prior year. Owner households in Fife, however, recorded a slightly higher 0.4% cost-burden rate, exceeding most comparative geographies by 0.1 percentage points, also remaining stable. Looking to 2026, Fife's housing market shows a median value of owner-occupied units at $543,100, surpassing Pierce County ($526,600) and significantly above the United States average ($332,700), though below the broader Washington and Seattle MSA regions. Median monthly rent is projected at $1,889, $83 higher than Pierce County and $476 above the United States average. The median listing price of $651,500 closely aligns with Pierce County and Washington, substantially exceeding the United States ($425,000) but remaining below the Seattle MSA and Puget Sound Region.","Fife, WA exhibits a distinct demographic and economic profile, notably characterized by a significantly younger population with a median age of 31.3, which is also decreasing. The area maintains exceptional economic stability with remarkably low poverty and SNAP rates, both at 0.1%. While Fife's median household income of $90,532 surpasses the national average, it remains lower than regional peers. The housing market features high median owner-occupied unit values at $543,100 and median monthly rent at $1,889, both exceeding Pierce County and national averages, yet owner households face a slightly higher 0.4% cost-burden rate. The workforce demonstrates strong engagement, with a labor force participation rate of 0.8%, outperforming Pierce County and the United States.",[Current Month],[Current Month],HAI-CPI Table,"{""Calc-Median Monthly Rent"", ""CPI""}",Median monthly rent,Numeric,Median monthly rent among rent-paying housing units in the geography in the current month,"In 2026, Fife, WA recorded a median monthly rent of 1,889.","Fife, WA's median monthly rent of 1,889 is larger than Pierce County (1,806).","Fife, WA's median monthly rent of 1,889 is larger than United States (1,413), is larger than Washington (1,760), is smaller than Seattle MSA (2,000), and is smaller than Puget Sound Region (2,006).",N/A,N/A,"Fife, WA recorded a median monthly rent of $1,889 in 2026, which was $83 higher than Pierce County and significantly above the United States average by $476, though it remained $111 lower than the Seattle MSA.","Math Context: Focus value: 1,889; Pierce County: 1,806 (diff: +83); United States: 1,413 (diff: +476); Washington: 1,760 (diff: +129); Seattle MSA: 2,000 (diff: -111); Puget Sound Region: 2,006 (diff: -117)"
Housing Values,"In 2024, Fife, WA's renter households demonstrated a 0.5% cost-burden rate, consistent with Pierce County and national averages, with no change from the prior year. Owner households in Fife, however, recorded a slightly higher 0.4% cost-burden rate, exceeding most comparative geographies by 0.1 percentage points, also remaining stable. Looking to 2026, Fife's housing market shows a median value of owner-occupied units at $543,100, surpassing Pierce County ($526,600) and significantly above the United States average ($332,700), though below the broader Washington and Seattle MSA regions. Median monthly rent is projected at $1,889, $83 higher than Pierce County and $476 above the United States average. The median listing price of $651,500 closely aligns with Pierce County and Washington, substantially exceeding the United States ($425,000) but remaining below the Seattle MSA and Puget Sound Region.","Fife, WA exhibits a distinct demographic and economic profile, notably characterized by a significantly younger population with a median age of 31.3, which is also decreasing. The area maintains exceptional economic stability with remarkably low poverty and SNAP rates, both at 0.1%. While Fife's median household income of $90,532 surpasses the national average, it remains lower than regional peers. The housing market features high median owner-occupied unit values at $543,100 and median monthly rent at $1,889, both exceeding Pierce County and national averages, yet owner households face a slightly higher 0.4% cost-burden rate. The workforce demonstrates strong engagement, with a labor force participation rate of 0.8%, outperforming Pierce County and the United States.",[Current Month],[Current Month],HAI-CPI Table,"{""Median Listing Price"", ""CPI""}",Median listing price,Numeric,Median listing price in the geography in the current month,"In 2026, Fife, WA recorded a median listing price of 651,500.","Fife, WA's median listing price of 651,500 is larger than Pierce County (649,450).","Fife, WA's median listing price of 651,500 is larger than United States (425,000), is larger than Washington (648,500), is smaller than Seattle MSA (776,232), and is smaller than Puget Sound Region (780,758).",N/A,N/A,"Fife, WA recorded a median listing price of 651,500 in 2026, significantly surpassing the United States' 425,000, yet remaining notably below the Seattle MSA (776,232) and Puget Sound Region (780,758).","Math Context: Focus value: 651,500; Pierce County: 649,450 (diff: +2,050); United States: 425,000 (diff: +226,500); Washington: 648,500 (diff: +3,000); Seattle MSA: 776,232 (diff: -124,732); Puget Sound Region: 780,758 (diff: -129,258)"
Housing Values,"In 2024, Fife, WA's renter households demonstrated a 0.5% cost-burden rate, consistent with Pierce County and national averages, with no change from the prior year. Owner households in Fife, however, recorded a slightly higher 0.4% cost-burden rate, exceeding most comparative geographies by 0.1 percentage points, also remaining stable. Looking to 2026, Fife's housing market shows a median value of owner-occupied units at $543,100, surpassing Pierce County ($526,600) and significantly above the United States average ($332,700), though below the broader Washington and Seattle MSA regions. Median monthly rent is projected at $1,889, $83 higher than Pierce County and $476 above the United States average. The median listing price of $651,500 closely aligns with Pierce County and Washington, substantially exceeding the United States ($425,000) but remaining below the Seattle MSA and Puget Sound Region.","Fife, WA exhibits a distinct demographic and economic profile, notably characterized by a significantly younger population with a median age of 31.3, which is also decreasing. The area maintains exceptional economic stability with remarkably low poverty and SNAP rates, both at 0.1%. While Fife's median household income of $90,532 surpasses the national average, it remains lower than regional peers. The housing market features high median owner-occupied unit values at $543,100 and median monthly rent at $1,889, both exceeding Pierce County and national averages, yet owner households face a slightly higher 0.4% cost-burden rate. The workforce demonstrates strong engagement, with a labor force participation rate of 0.8%, outperforming Pierce County and the United States.",[Current Month],[Current Month],HAI-CPI Table,"{""Median Listing Price"", ""CPI"", ""Calc-Median Value of Owned Units""}",Compare Median List Price to Median Value,Ordinal,Largest value of housing units between the median value of owned units and the median list price in the geography in the current month,"In 2026, Fife, WA's primary compare median list price to median value was Median Listing Price (651,500).","Fife, WA and Pierce County both share Median Listing Price as their primary compare median list price to median value, with Fife, WA at 651,500 and Pierce County at 649,450.","Fife, WA and United States both share Median Listing Price as their primary compare median list price to median value, with Fife, WA at 651,500 and United States at 425,000. Fife, WA and Seattle MSA both share Median Listing Price as their primary compare median list price to median value, with Fife, WA at 651,500 and Seattle MSA at 776,232. Fife, WA and Washington both share Median Listing Price as their primary compare median list price to median value, with Fife, WA at 651,500 and Washington at 648,500. Fife, WA and Puget Sound Region both share Median Listing Price as their primary compare median list price to median value, with Fife, WA at 651,500 and Puget Sound Region at 780,758.",N/A,N/A,"Fife, WA's Median Listing Price was 651,500 in 2026, closely comparable to Pierce County (649,450) and Washington (648,500), while being significantly above the United States (425,000) but considerably below the Seattle MSA (776,232) and Puget Sound Region (780,758).","Math Context: Focus value: 651,500; Pierce County: 649,450 (diff: +2,050); United States: 425,000 (diff: +226,500); Seattle MSA: 776,232 (diff: -124,732); Washington: 648,500 (diff: +3,000); Puget Sound Region: 780,758 (diff: -129,258)"
Housing Stock,"Fife, WA's housing stock in 2024 showed a 0.1% overcrowding rate, which was marginally higher than all benchmark geographies, including Pierce County and the Puget Sound Region, which reported 0.0%. The percentage of overcrowded units remained unchanged from 2023, mirroring regional and national trends. Owner-occupied housing units in Fife stood at 0.4%, notably lower than Pierce County, Washington, and Puyallup Reservation (0.7%), and slightly below the Puget Sound Region, Seattle MSA, and the United States (0.6%). Conversely, renter-occupied units in Fife were 0.5%, exceeding most benchmarks by 0.1 to 0.2 percentage points. Both owner and renter occupancy rates, along with the 0.1% vacancy rate, showed no year-over-year change, consistent with broader trends across all comparison areas.","Fife, WA exhibits a distinct demographic and economic profile, notably characterized by a significantly younger population with a median age of 31.3, which is also decreasing. The area maintains exceptional economic stability with remarkably low poverty and SNAP rates, both at 0.1%. While Fife's median household income of $90,532 surpasses the national average, it remains lower than regional peers. The housing market features high median owner-occupied unit values at $543,100 and median monthly rent at $1,889, both exceeding Pierce County and national averages, yet owner households face a slightly higher 0.4% cost-burden rate. The workforce demonstrates strong engagement, with a labor force participation rate of 0.8%, outperforming Pierce County and the United States.",2024,2024,ACS_Series,"{""Label"": ""Calc-High Occupants per Room"", ""Label"": ""Calc-Mid Occupants per Room""}",Percent of housing units that are overcrowded,Percentage,Percent of housing units that are overcrowded (more than one occupant per room) in the geography in the current year,"In 2024, Fife, WA recorded a of housing units that are overcrowded of 0.1%.","Fife, WA's of housing units that are overcrowded of 0.1% is 0.0 percentage points higher than Pierce County (0.0%).","Fife, WA's of housing units that are overcrowded of 0.1% is 0.0 percentage points higher than Puget Sound Region (0.0%), is 0.0 percentage points higher than Seattle MSA (0.0%), is 0.0 percentage points higher than Washington (0.0%), is 0.0 percentage points higher than United States (0.0%), and is 0.0 percentage points higher than Puyallup Reservation (0.0%).",N/A,N/A,"Fife, WA recorded 0.1% of housing units as overcrowded in 2024, a figure that is 0.0 percentage points higher than Pierce County and all benchmark geographies, including Puget Sound Region, Seattle MSA, Washington, United States, and Puyallup Reservation.",Math Context: Focus value: 0.1%; Pierce County: 0.0% (diff: +0.0 pp); Puget Sound Region: 0.0% (diff: +0.0 pp); Seattle MSA: 0.0% (diff: +0.0 pp); Washington: 0.0% (diff: +0.0 pp); United States: 0.0% (diff: +0.0 pp); Puyallup Reservation: 0.0% (diff: +0.0 pp)
Housing Stock,"Fife, WA's housing stock in 2024 showed a 0.1% overcrowding rate, which was marginally higher than all benchmark geographies, including Pierce County and the Puget Sound Region, which reported 0.0%. The percentage of overcrowded units remained unchanged from 2023, mirroring regional and national trends. Owner-occupied housing units in Fife stood at 0.4%, notably lower than Pierce County, Washington, and Puyallup Reservation (0.7%), and slightly below the Puget Sound Region, Seattle MSA, and the United States (0.6%). Conversely, renter-occupied units in Fife were 0.5%, exceeding most benchmarks by 0.1 to 0.2 percentage points. Both owner and renter occupancy rates, along with the 0.1% vacancy rate, showed no year-over-year change, consistent with broader trends across all comparison areas.","Fife, WA exhibits a distinct demographic and economic profile, notably characterized by a significantly younger population with a median age of 31.3, which is also decreasing. The area maintains exceptional economic stability with remarkably low poverty and SNAP rates, both at 0.1%. While Fife's median household income of $90,532 surpasses the national average, it remains lower than regional peers. The housing market features high median owner-occupied unit values at $543,100 and median monthly rent at $1,889, both exceeding Pierce County and national averages, yet owner households face a slightly higher 0.4% cost-burden rate. The workforce demonstrates strong engagement, with a labor force participation rate of 0.8%, outperforming Pierce County and the United States.",2023,2024,ACS_Series,"{""Label"": ""Calc-High Occupants per Room"", ""Label"": ""Calc-Mid Occupants per Room""}",Change in percent of housing units that are overcrowded,Percentage,Change in percent of housing units that are overcrowded from the previous year to current,"Between 2023 and 2024, Fife, WA experienced a change in of housing units that are overcrowded of 0.0%.","Fife, WA's change in of housing units that are overcrowded of 0.0% is 0.0 percentage points higher than Pierce County (-0.0%).","Fife, WA's change in of housing units that are overcrowded of 0.0% is 0.0 percentage points higher than Puget Sound Region (-0.0%), is 0.0 percentage points higher than United States (-0.0%), is 0.0 percentage points higher than Seattle MSA (0.0%), is 0.0 percentage points higher than Washington (0.0%), and is 0.0 percentage points lower than Puyallup Reservation (0.0%).",N/A,N/A,"Fife, WA experienced no change in the percentage of housing units that are overcrowded between 2023 and 2024, holding steady at 0.0%, which was consistent with Pierce County, the Puget Sound Region, the United States, Seattle MSA, Washington, and Puyallup Reservation.",Math Context: Focus value: 0.0%; Pierce County: -0.0% (diff: +0.0 pp); Puget Sound Region: -0.0% (diff: +0.0 pp); United States: -0.0% (diff: +0.0 pp); Seattle MSA: 0.0% (diff: +0.0 pp); Washington: 0.0% (diff: +0.0 pp); Puyallup Reservation: 0.0% (diff: -0.0 pp)
Housing Stock,"Fife, WA's housing stock in 2024 showed a 0.1% overcrowding rate, which was marginally higher than all benchmark geographies, including Pierce County and the Puget Sound Region, which reported 0.0%. The percentage of overcrowded units remained unchanged from 2023, mirroring regional and national trends. Owner-occupied housing units in Fife stood at 0.4%, notably lower than Pierce County, Washington, and Puyallup Reservation (0.7%), and slightly below the Puget Sound Region, Seattle MSA, and the United States (0.6%). Conversely, renter-occupied units in Fife were 0.5%, exceeding most benchmarks by 0.1 to 0.2 percentage points. Both owner and renter occupancy rates, along with the 0.1% vacancy rate, showed no year-over-year change, consistent with broader trends across all comparison areas.","Fife, WA exhibits a distinct demographic and economic profile, notably characterized by a significantly younger population with a median age of 31.3, which is also decreasing. The area maintains exceptional economic stability with remarkably low poverty and SNAP rates, both at 0.1%. While Fife's median household income of $90,532 surpasses the national average, it remains lower than regional peers. The housing market features high median owner-occupied unit values at $543,100 and median monthly rent at $1,889, both exceeding Pierce County and national averages, yet owner households face a slightly higher 0.4% cost-burden rate. The workforce demonstrates strong engagement, with a labor force participation rate of 0.8%, outperforming Pierce County and the United States.",2024,2024,ACS_Series,"{""Label"": ""Calc-Occupied owned units""}",Percent of housing units that are owner occupied,Percentage,Percent of housing units that are occupied by owners in the geography in the current year,"In 2024, Fife, WA recorded a of housing units that are owner occupied of 0.4%.","Fife, WA's of housing units that are owner occupied of 0.4% is 0.2 percentage points lower than Pierce County (0.6%).","Fife, WA's of housing units that are owner occupied of 0.4% is 0.1 percentage points lower than Puget Sound Region (0.6%), is 0.1 percentage points lower than Seattle MSA (0.6%), is 0.1 percentage points lower than United States (0.6%), is 0.2 percentage points lower than Washington (0.6%), and is 0.2 percentage points lower than Puyallup Reservation (0.7%).",N/A,N/A,"Fife, WA recorded a 0.4% owner-occupied housing unit rate in 2024, placing it 0.2 percentage points lower than Pierce County, Washington, and Puyallup Reservation (0.7%), and 0.1 percentage points below the Puget Sound Region, Seattle MSA, and the United States (all at 0.6%).",Math Context: Focus value: 0.4%; Pierce County: 0.6% (diff: -0.2 pp); Puget Sound Region: 0.6% (diff: -0.1 pp); Seattle MSA: 0.6% (diff: -0.1 pp); United States: 0.6% (diff: -0.1 pp); Washington: 0.6% (diff: -0.2 pp); Puyallup Reservation: 0.7% (diff: -0.2 pp)
Housing Stock,"Fife, WA's housing stock in 2024 showed a 0.1% overcrowding rate, which was marginally higher than all benchmark geographies, including Pierce County and the Puget Sound Region, which reported 0.0%. The percentage of overcrowded units remained unchanged from 2023, mirroring regional and national trends. Owner-occupied housing units in Fife stood at 0.4%, notably lower than Pierce County, Washington, and Puyallup Reservation (0.7%), and slightly below the Puget Sound Region, Seattle MSA, and the United States (0.6%). Conversely, renter-occupied units in Fife were 0.5%, exceeding most benchmarks by 0.1 to 0.2 percentage points. Both owner and renter occupancy rates, along with the 0.1% vacancy rate, showed no year-over-year change, consistent with broader trends across all comparison areas.","Fife, WA exhibits a distinct demographic and economic profile, notably characterized by a significantly younger population with a median age of 31.3, which is also decreasing. The area maintains exceptional economic stability with remarkably low poverty and SNAP rates, both at 0.1%. While Fife's median household income of $90,532 surpasses the national average, it remains lower than regional peers. The housing market features high median owner-occupied unit values at $543,100 and median monthly rent at $1,889, both exceeding Pierce County and national averages, yet owner households face a slightly higher 0.4% cost-burden rate. The workforce demonstrates strong engagement, with a labor force participation rate of 0.8%, outperforming Pierce County and the United States.",2023,2024,ACS_Series,"{""Label"": ""Calc-Occupied owned units""}",Change in percent of housing units that are owner occupied,Percentage,Change in percent of housing units that are occupied by owners from the previous year to current,"Between 2023 and 2024, Fife, WA experienced a change in of housing units that are owner occupied of -0.0%.","Fife, WA's change in of housing units that are owner occupied of -0.0% is 0.0 percentage points lower than Pierce County (0.0%).","Fife, WA's change in of housing units that are owner occupied of -0.0% is 0.0 percentage points higher than Puget Sound Region (-0.0%), is 0.0 percentage points lower than Seattle MSA (-0.0%), is 0.0 percentage points lower than Washington (-0.0%), is 0.0 percentage points lower than Puyallup Reservation (0.0%), and is 0.0 percentage points lower than United States (0.0%).",N/A,N/A,"Fife, WA experienced no change in the percentage of owner-occupied housing units between 2023 and 2024, aligning with the trends observed in Pierce County, the Puget Sound Region, Seattle MSA, Washington, the Puyallup Reservation, and the United States.",Math Context: Focus value: -0.0%; Pierce County: 0.0% (diff: -0.0 pp); Puget Sound Region: -0.0% (diff: +0.0 pp); Seattle MSA: -0.0% (diff: -0.0 pp); Washington: -0.0% (diff: -0.0 pp); Puyallup Reservation: 0.0% (diff: -0.0 pp); United States: 0.0% (diff: -0.0 pp)
Housing Stock,"Fife, WA's housing stock in 2024 showed a 0.1% overcrowding rate, which was marginally higher than all benchmark geographies, including Pierce County and the Puget Sound Region, which reported 0.0%. The percentage of overcrowded units remained unchanged from 2023, mirroring regional and national trends. Owner-occupied housing units in Fife stood at 0.4%, notably lower than Pierce County, Washington, and Puyallup Reservation (0.7%), and slightly below the Puget Sound Region, Seattle MSA, and the United States (0.6%). Conversely, renter-occupied units in Fife were 0.5%, exceeding most benchmarks by 0.1 to 0.2 percentage points. Both owner and renter occupancy rates, along with the 0.1% vacancy rate, showed no year-over-year change, consistent with broader trends across all comparison areas.","Fife, WA exhibits a distinct demographic and economic profile, notably characterized by a significantly younger population with a median age of 31.3, which is also decreasing. The area maintains exceptional economic stability with remarkably low poverty and SNAP rates, both at 0.1%. While Fife's median household income of $90,532 surpasses the national average, it remains lower than regional peers. The housing market features high median owner-occupied unit values at $543,100 and median monthly rent at $1,889, both exceeding Pierce County and national averages, yet owner households face a slightly higher 0.4% cost-burden rate. The workforce demonstrates strong engagement, with a labor force participation rate of 0.8%, outperforming Pierce County and the United States.",2024,2024,ACS_Series,"{""Label"": ""Calc-Occupied rented units""}",Percent of housing units that are renter occupied,Percentage,Percent of housing units that are occupied by renters in the geography in the current year,"In 2024, Fife, WA recorded a of housing units that are renter occupied of 0.5%.","Fife, WA's of housing units that are renter occupied of 0.5% is 0.2 percentage points higher than Pierce County (0.3%).","Fife, WA's of housing units that are renter occupied of 0.5% is 0.2 percentage points higher than Puyallup Reservation (0.3%), is 0.2 percentage points higher than United States (0.3%), is 0.2 percentage points higher than Washington (0.3%), is 0.1 percentage points higher than Seattle MSA (0.4%), and is 0.1 percentage points higher than Puget Sound Region (0.4%).",N/A,N/A,"Fife, WA recorded a renter-occupied housing unit rate of 0.5% in 2024, which is 0.2 percentage points higher than Pierce County, Puyallup Reservation, the United States, and Washington, and 0.1 percentage points higher than both the Seattle MSA and Puget Sound Region.",Math Context: Focus value: 0.5%; Pierce County: 0.3% (diff: +0.2 pp); Puyallup Reservation: 0.3% (diff: +0.2 pp); United States: 0.3% (diff: +0.2 pp); Washington: 0.3% (diff: +0.2 pp); Seattle MSA: 0.4% (diff: +0.1 pp); Puget Sound Region: 0.4% (diff: +0.1 pp)
Housing Stock,"Fife, WA's housing stock in 2024 showed a 0.1% overcrowding rate, which was marginally higher than all benchmark geographies, including Pierce County and the Puget Sound Region, which reported 0.0%. The percentage of overcrowded units remained unchanged from 2023, mirroring regional and national trends. Owner-occupied housing units in Fife stood at 0.4%, notably lower than Pierce County, Washington, and Puyallup Reservation (0.7%), and slightly below the Puget Sound Region, Seattle MSA, and the United States (0.6%). Conversely, renter-occupied units in Fife were 0.5%, exceeding most benchmarks by 0.1 to 0.2 percentage points. Both owner and renter occupancy rates, along with the 0.1% vacancy rate, showed no year-over-year change, consistent with broader trends across all comparison areas.","Fife, WA exhibits a distinct demographic and economic profile, notably characterized by a significantly younger population with a median age of 31.3, which is also decreasing. The area maintains exceptional economic stability with remarkably low poverty and SNAP rates, both at 0.1%. While Fife's median household income of $90,532 surpasses the national average, it remains lower than regional peers. The housing market features high median owner-occupied unit values at $543,100 and median monthly rent at $1,889, both exceeding Pierce County and national averages, yet owner households face a slightly higher 0.4% cost-burden rate. The workforce demonstrates strong engagement, with a labor force participation rate of 0.8%, outperforming Pierce County and the United States.",2023,2024,ACS_Series,"{""Label"": ""Calc-Occupied rented units""}",Change in percent of housing units that are renter occupied,Percentage,Change in percent of housing units that are occupied by renters from the previous year to current,"Between 2023 and 2024, Fife, WA experienced a change in of housing units that are renter occupied of -0.0%.","Fife, WA's change in of housing units that are renter occupied of -0.0% is 0.0 percentage points lower than Pierce County (0.0%).","Fife, WA's change in of housing units that are renter occupied of -0.0% is 0.0 percentage points lower than Puyallup Reservation (-0.0%), is 0.0 percentage points lower than United States (-0.0%), is 0.0 percentage points lower than Washington (0.0%), is 0.0 percentage points lower than Seattle MSA (0.0%), and is 0.0 percentage points lower than Puget Sound Region (0.0%).",N/A,N/A,"Fife, WA experienced no change in the percentage of housing units that are renter occupied between 2023 and 2024, mirroring the trends observed in Pierce County, Puyallup Reservation, United States, Washington, Seattle MSA, and the Puget Sound Region.",Math Context: Focus value: -0.0%; Pierce County: 0.0% (diff: -0.0 pp); Puyallup Reservation: -0.0% (diff: -0.0 pp); United States: -0.0% (diff: -0.0 pp); Washington: 0.0% (diff: -0.0 pp); Seattle MSA: 0.0% (diff: -0.0 pp); Puget Sound Region: 0.0% (diff: -0.0 pp)
Housing Stock,"Fife, WA's housing stock in 2024 showed a 0.1% overcrowding rate, which was marginally higher than all benchmark geographies, including Pierce County and the Puget Sound Region, which reported 0.0%. The percentage of overcrowded units remained unchanged from 2023, mirroring regional and national trends. Owner-occupied housing units in Fife stood at 0.4%, notably lower than Pierce County, Washington, and Puyallup Reservation (0.7%), and slightly below the Puget Sound Region, Seattle MSA, and the United States (0.6%). Conversely, renter-occupied units in Fife were 0.5%, exceeding most benchmarks by 0.1 to 0.2 percentage points. Both owner and renter occupancy rates, along with the 0.1% vacancy rate, showed no year-over-year change, consistent with broader trends across all comparison areas.","Fife, WA exhibits a distinct demographic and economic profile, notably characterized by a significantly younger population with a median age of 31.3, which is also decreasing. The area maintains exceptional economic stability with remarkably low poverty and SNAP rates, both at 0.1%. While Fife's median household income of $90,532 surpasses the national average, it remains lower than regional peers. The housing market features high median owner-occupied unit values at $543,100 and median monthly rent at $1,889, both exceeding Pierce County and national averages, yet owner households face a slightly higher 0.4% cost-burden rate. The workforce demonstrates strong engagement, with a labor force participation rate of 0.8%, outperforming Pierce County and the United States.",2024,2024,ACS_Series,"{""Label"": ""Calc-Vacant housing units""}",Percent of housing units that are vacant,Percentage,Percent of housing units that are vacant in the geography in the current year,"In 2024, Fife, WA recorded a of housing units that are vacant of 0.1%.","Fife, WA's of housing units that are vacant of 0.1% is 0.0 percentage points higher than Pierce County (0.0%).","Fife, WA's of housing units that are vacant of 0.1% is 0.0 percentage points higher than Puyallup Reservation (0.0%), is 0.0 percentage points lower than Puget Sound Region (0.1%), is 0.0 percentage points lower than Seattle MSA (0.1%), is 0.0 percentage points lower than Washington (0.1%), and is 0.0 percentage points lower than United States (0.1%).",N/A,N/A,"Fife, WA recorded a housing unit vacancy rate of 0.1% in 2024, which is consistent with Pierce County, Puyallup Reservation, Puget Sound Region, Seattle MSA, Washington, and the United States.",Math Context: Focus value: 0.1%; Pierce County: 0.0% (diff: +0.0 pp); Puyallup Reservation: 0.0% (diff: +0.0 pp); Puget Sound Region: 0.1% (diff: -0.0 pp); Seattle MSA: 0.1% (diff: -0.0 pp); Washington: 0.1% (diff: -0.0 pp); United States: 0.1% (diff: -0.0 pp)
Housing Stock,"Fife, WA's housing stock in 2024 showed a 0.1% overcrowding rate, which was marginally higher than all benchmark geographies, including Pierce County and the Puget Sound Region, which reported 0.0%. The percentage of overcrowded units remained unchanged from 2023, mirroring regional and national trends. Owner-occupied housing units in Fife stood at 0.4%, notably lower than Pierce County, Washington, and Puyallup Reservation (0.7%), and slightly below the Puget Sound Region, Seattle MSA, and the United States (0.6%). Conversely, renter-occupied units in Fife were 0.5%, exceeding most benchmarks by 0.1 to 0.2 percentage points. Both owner and renter occupancy rates, along with the 0.1% vacancy rate, showed no year-over-year change, consistent with broader trends across all comparison areas.","Fife, WA exhibits a distinct demographic and economic profile, notably characterized by a significantly younger population with a median age of 31.3, which is also decreasing. The area maintains exceptional economic stability with remarkably low poverty and SNAP rates, both at 0.1%. While Fife's median household income of $90,532 surpasses the national average, it remains lower than regional peers. The housing market features high median owner-occupied unit values at $543,100 and median monthly rent at $1,889, both exceeding Pierce County and national averages, yet owner households face a slightly higher 0.4% cost-burden rate. The workforce demonstrates strong engagement, with a labor force participation rate of 0.8%, outperforming Pierce County and the United States.",2023,2024,ACS_Series,"{""Label"": ""Calc-Vacant housing units""}",Change in percent of housing units that are vacant,Percentage,Change in percent of housing units that are vacant from the previous year to current,"Between 2023 and 2024, Fife, WA experienced a change in of housing units that are vacant of 0.0%.","Fife, WA's change in of housing units that are vacant of 0.0% is 0.0 percentage points higher than Pierce County (-0.0%).","Fife, WA's change in of housing units that are vacant of 0.0% is 0.0 percentage points higher than Puget Sound Region (-0.0%), is 0.0 percentage points higher than United States (-0.0%), is 0.0 percentage points higher than Washington (-0.0%), is 0.0 percentage points higher than Puyallup Reservation (-0.0%), and is 0.0 percentage points higher than Seattle MSA (-0.0%).",N/A,N/A,"Fife, WA experienced no change in the percentage of housing units that are vacant between 2023 and 2024, a trend consistent with Pierce County, the Puget Sound Region, Washington, the United States, Puyallup Reservation, and the Seattle MSA, all of which also reported negligible or no change.",Math Context: Focus value: 0.0%; Pierce County: -0.0% (diff: +0.0 pp); Puget Sound Region: -0.0% (diff: +0.0 pp); United States: -0.0% (diff: +0.0 pp); Washington: -0.0% (diff: +0.0 pp); Puyallup Reservation: -0.0% (diff: +0.0 pp); Seattle MSA: -0.0% (diff: +0.0 pp)
Housing Stock,"Fife, WA's housing stock in 2024 showed a 0.1% overcrowding rate, which was marginally higher than all benchmark geographies, including Pierce County and the Puget Sound Region, which reported 0.0%. The percentage of overcrowded units remained unchanged from 2023, mirroring regional and national trends. Owner-occupied housing units in Fife stood at 0.4%, notably lower than Pierce County, Washington, and Puyallup Reservation (0.7%), and slightly below the Puget Sound Region, Seattle MSA, and the United States (0.6%). Conversely, renter-occupied units in Fife were 0.5%, exceeding most benchmarks by 0.1 to 0.2 percentage points. Both owner and renter occupancy rates, along with the 0.1% vacancy rate, showed no year-over-year change, consistent with broader trends across all comparison areas.","Fife, WA exhibits a distinct demographic and economic profile, notably characterized by a significantly younger population with a median age of 31.3, which is also decreasing. The area maintains exceptional economic stability with remarkably low poverty and SNAP rates, both at 0.1%. While Fife's median household income of $90,532 surpasses the national average, it remains lower than regional peers. The housing market features high median owner-occupied unit values at $543,100 and median monthly rent at $1,889, both exceeding Pierce County and national averages, yet owner households face a slightly higher 0.4% cost-burden rate. The workforce demonstrates strong engagement, with a labor force participation rate of 0.8%, outperforming Pierce County and the United States.",2024,2024,ACS_Series,"{""Label"": ""Calc-Built 1949 or earlier"", ""Label"": ""Calc-Built 1950 - 1969"", ""Label"": ""Calc-Built 1970 - 1989"", ""Label"": ""Calc-Built 1990 - 2009"", ""Label"": ""Calc-Built 2010 or later""}",Largest housing age category,Ordinal,Largest percent of housing units by age category in the geography in the current year,"In 2024, Fife, WA recorded a largest housing age category of 0.","Fife, WA's largest housing age category of 0 is higher than Pierce County (0).","Fife, WA's largest housing age category of 0 is higher than United States (0), is higher than Washington (0), is higher than Puyallup Reservation (0), is higher than Seattle MSA (0), and is higher than Puget Sound Region (0).",N/A,N/A,"Fife, WA recorded the largest housing age category of 0 in 2024, a figure higher than Pierce County, the United States, Washington, Puyallup Reservation, Seattle MSA, and the Puget Sound Region.",Math Context: Focus value: 0; Pierce County: 0 (diff: +0); United States: 0 (diff: +0); Washington: 0 (diff: +0); Puyallup Reservation: 0 (diff: +0); Seattle MSA: 0 (diff: +0); Puget Sound Region: 0 (diff: -0)
Housing Stock,"Fife, WA's housing stock in 2024 showed a 0.1% overcrowding rate, which was marginally higher than all benchmark geographies, including Pierce County and the Puget Sound Region, which reported 0.0%. The percentage of overcrowded units remained unchanged from 2023, mirroring regional and national trends. Owner-occupied housing units in Fife stood at 0.4%, notably lower than Pierce County, Washington, and Puyallup Reservation (0.7%), and slightly below the Puget Sound Region, Seattle MSA, and the United States (0.6%). Conversely, renter-occupied units in Fife were 0.5%, exceeding most benchmarks by 0.1 to 0.2 percentage points. Both owner and renter occupancy rates, along with the 0.1% vacancy rate, showed no year-over-year change, consistent with broader trends across all comparison areas.","Fife, WA exhibits a distinct demographic and economic profile, notably characterized by a significantly younger population with a median age of 31.3, which is also decreasing. The area maintains exceptional economic stability with remarkably low poverty and SNAP rates, both at 0.1%. While Fife's median household income of $90,532 surpasses the national average, it remains lower than regional peers. The housing market features high median owner-occupied unit values at $543,100 and median monthly rent at $1,889, both exceeding Pierce County and national averages, yet owner households face a slightly higher 0.4% cost-burden rate. The workforce demonstrates strong engagement, with a labor force participation rate of 0.8%, outperforming Pierce County and the United States.",2023,2024,ACS_Series,"{""Label"": ""Calc-Built 1949 or earlier"", ""Label"": ""Calc-Built 1950 - 1969"", ""Label"": ""Calc-Built 1970 - 1989"", ""Label"": ""Calc-Built 1990 - 2009"", ""Label"": ""Calc-Built 2010 or later""}",Largest change in housing age category,Percentage,Largest change in percent of housing units by age category from the previous year to current,"Between 2023 and 2024, Fife, WA experienced a largest change in housing age category of 0.0%.","Fife, WA's largest change in housing age category of 0.0% is 0.0 percentage points lower than Pierce County (0.0%).","Fife, WA's largest change in housing age category of 0.0% is 0.0 percentage points higher than United States (0.0%), is 0.0 percentage points lower than Puyallup Reservation (0.0%), is 0.0 percentage points lower than Washington (0.0%), is 0.0 percentage points lower than Seattle MSA (0.0%), and is 0.0 percentage points lower than Puget Sound Region (0.0%).",N/A,N/A,"Fife, WA experienced a 0.0% largest change in housing age category between 2023 and 2024, which was consistent with Pierce County, United States, Puyallup Reservation, Washington, Seattle MSA, and Puget Sound Region.",Math Context: Focus value: 0.0%; Pierce County: 0.0% (diff: -0.0 pp); United States: 0.0% (diff: +0.0 pp); Puyallup Reservation: 0.0% (diff: -0.0 pp); Washington: 0.0% (diff: -0.0 pp); Seattle MSA: 0.0% (diff: -0.0 pp); Puget Sound Region: 0.0% (diff: -0.0 pp)
Housing Stock,"Fife, WA's housing stock in 2024 showed a 0.1% overcrowding rate, which was marginally higher than all benchmark geographies, including Pierce County and the Puget Sound Region, which reported 0.0%. The percentage of overcrowded units remained unchanged from 2023, mirroring regional and national trends. Owner-occupied housing units in Fife stood at 0.4%, notably lower than Pierce County, Washington, and Puyallup Reservation (0.7%), and slightly below the Puget Sound Region, Seattle MSA, and the United States (0.6%). Conversely, renter-occupied units in Fife were 0.5%, exceeding most benchmarks by 0.1 to 0.2 percentage points. Both owner and renter occupancy rates, along with the 0.1% vacancy rate, showed no year-over-year change, consistent with broader trends across all comparison areas.","Fife, WA exhibits a distinct demographic and economic profile, notably characterized by a significantly younger population with a median age of 31.3, which is also decreasing. The area maintains exceptional economic stability with remarkably low poverty and SNAP rates, both at 0.1%. While Fife's median household income of $90,532 surpasses the national average, it remains lower than regional peers. The housing market features high median owner-occupied unit values at $543,100 and median monthly rent at $1,889, both exceeding Pierce County and national averages, yet owner households face a slightly higher 0.4% cost-burden rate. The workforce demonstrates strong engagement, with a labor force participation rate of 0.8%, outperforming Pierce County and the United States.",2024,2024,ACS_Series,"{""Label"": ""Calc-Multi-family housing"", ""Label"": ""Calc-Single-family housing"", ""Label"": ""Calc-Mobile housing""}",Largest housing type,Ordinal,Largest percent of housing type in the geography in the current year,"In 2024, Fife, WA recorded a largest housing type of 0.","Fife, WA's largest housing type of 0 is smaller than Pierce County (0).","Fife, WA's largest housing type of 0 is larger than Seattle MSA (0), is larger than Puget Sound Region (0), is smaller than Puyallup Reservation (0), is smaller than United States (0), and is smaller than Washington (0).",N/A,N/A,"Fife, WA recorded the largest housing type of 0 in 2024, which was smaller than Pierce County, Puyallup Reservation, United States, and Washington, yet larger than Seattle MSA and Puget Sound Region.",Math Context: Focus value: 0; Pierce County: 0 (diff: -0); Seattle MSA: 0 (diff: +0); Puget Sound Region: 0 (diff: +0); Puyallup Reservation: 0 (diff: -0); United States: 0 (diff: -0); Washington: 0 (diff: -0)
Housing Stock,"Fife, WA's housing stock in 2024 showed a 0.1% overcrowding rate, which was marginally higher than all benchmark geographies, including Pierce County and the Puget Sound Region, which reported 0.0%. The percentage of overcrowded units remained unchanged from 2023, mirroring regional and national trends. Owner-occupied housing units in Fife stood at 0.4%, notably lower than Pierce County, Washington, and Puyallup Reservation (0.7%), and slightly below the Puget Sound Region, Seattle MSA, and the United States (0.6%). Conversely, renter-occupied units in Fife were 0.5%, exceeding most benchmarks by 0.1 to 0.2 percentage points. Both owner and renter occupancy rates, along with the 0.1% vacancy rate, showed no year-over-year change, consistent with broader trends across all comparison areas.","Fife, WA exhibits a distinct demographic and economic profile, notably characterized by a significantly younger population with a median age of 31.3, which is also decreasing. The area maintains exceptional economic stability with remarkably low poverty and SNAP rates, both at 0.1%. While Fife's median household income of $90,532 surpasses the national average, it remains lower than regional peers. The housing market features high median owner-occupied unit values at $543,100 and median monthly rent at $1,889, both exceeding Pierce County and national averages, yet owner households face a slightly higher 0.4% cost-burden rate. The workforce demonstrates strong engagement, with a labor force participation rate of 0.8%, outperforming Pierce County and the United States.",2023,2024,ACS_Series,"{""Label"": ""Calc-Multi-family housing"", ""Label"": ""Calc-Single-family housing"", ""Label"": ""Calc-Mobile housing""}",Largest change in housing type,Percentage,Largest change in percent of housing type from the previous year to current,"Between 2023 and 2024, Fife, WA experienced a largest change in housing type of 0.0%.","Fife, WA's largest change in housing type of 0.0% is 0.0 percentage points higher than Pierce County (0.0%).","Fife, WA's largest change in housing type of 0.0% is 0.0 percentage points higher than Washington (-0.0%), is 0.0 percentage points higher than Puget Sound Region (-0.0%), is 0.0 percentage points higher than United States (-0.0%), is 0.0 percentage points higher than Seattle MSA (-0.0%), and is 0.0 percentage points lower than Puyallup Reservation (0.0%).",N/A,N/A,"Fife, WA experienced the largest change in housing type of 0.0% between 2023 and 2024, which was consistent with Pierce County, Washington, Puget Sound Region, United States, Seattle MSA, and Puyallup Reservation.",Math Context: Focus value: 0.0%; Pierce County: 0.0% (diff: +0.0 pp); Washington: -0.0% (diff: +0.0 pp); Puget Sound Region: -0.0% (diff: +0.0 pp); United States: -0.0% (diff: +0.0 pp); Seattle MSA: -0.0% (diff: +0.0 pp); Puyallup Reservation: 0.0% (diff: -0.0 pp)
