Topic,Topic Summary,Complete Summary,Comparison Period,Current Period,Data Source,Variables,Metric,Metric Type,Description,Internal Insight,Comparative Insight (Broad),Comparative Insight (Benchmarks),Comparative Insight (Peers),Comparative Insight (Peers - Detailed),Overall Insight,Math/Prompt Debug
Population,"Pierce County's population reached 946,288 in 2025, notably smaller than the Seattle MSA (4.16 million) and the United States (341.78 million). Despite its relative size, the county demonstrated strong long-term growth, with a cumulative population increase of 60.2% by 2025, significantly outperforming the United States by 23.4 percentage points and closely aligning with regional peers. More recently, between 2024 and 2025, Pierce County's population grew by 0.7%, exceeding the national rate of 0.5% but slightly trailing Washington and the broader Puget Sound Region. International migration was the primary driver of this change, contributing +2,600 recently and +72,464 cumulatively, a trend mirrored across Washington and the United States, albeit at a considerably smaller scale for Pierce County.","Pierce County's population reached 946,288 in 2025, demonstrating robust long-term growth of 60.2% and a recent 0.7% increase, primarily driven by international migration. The county's demographic shifts include a significant +4,018 growth in the 45 to 49 age group and a +4,807 increase in the hispanic population. Fife, WA, presents a distinct profile with a younger median age of 31.3, a notably low owner-occupied housing rate of 0.4%, and stable, low cost-burden rates (0.5% for renters). While Fife's median household income of $90,532 exceeds the national average, it lags regional peers, with female workers experiencing a $760 decrease in earnings. Despite lower bachelor's degree attainment, Fife maintains a high labor force participation rate of 0.8%.",2025,2025,components_of_change,"{""Value Type"": ""POPESTIMATE""}",Population,Numeric,Current population for the geography,"In 2025, Pierce County recorded a population of 946,288.",N/A,"Pierce County's population of 946,288 is smaller than Seattle MSA (4.16 million), is smaller than Puget Sound Region (4.45 million), is smaller than Washington (8.00 million), and is smaller than United States (341.78 million).",N/A,N/A,"Pierce County recorded a population of 946,288 in 2025, a figure substantially smaller than the Seattle MSA (4.16 million), the Puget Sound Region, Washington, and the United States (341.78 million).","Math Context: Focus value: 946,288; Seattle MSA: 4.16 million (diff: -3.22 million); Puget Sound Region: 4.45 million (diff: -3.50 million); Washington: 8.00 million (diff: -7.05 million); United States: 341.78 million (diff: -340.84 million)"
Population,"Pierce County's population reached 946,288 in 2025, notably smaller than the Seattle MSA (4.16 million) and the United States (341.78 million). Despite its relative size, the county demonstrated strong long-term growth, with a cumulative population increase of 60.2% by 2025, significantly outperforming the United States by 23.4 percentage points and closely aligning with regional peers. More recently, between 2024 and 2025, Pierce County's population grew by 0.7%, exceeding the national rate of 0.5% but slightly trailing Washington and the broader Puget Sound Region. International migration was the primary driver of this change, contributing +2,600 recently and +72,464 cumulatively, a trend mirrored across Washington and the United States, albeit at a considerably smaller scale for Pierce County.","Pierce County's population reached 946,288 in 2025, demonstrating robust long-term growth of 60.2% and a recent 0.7% increase, primarily driven by international migration. The county's demographic shifts include a significant +4,018 growth in the 45 to 49 age group and a +4,807 increase in the hispanic population. Fife, WA, presents a distinct profile with a younger median age of 31.3, a notably low owner-occupied housing rate of 0.4%, and stable, low cost-burden rates (0.5% for renters). While Fife's median household income of $90,532 exceeds the national average, it lags regional peers, with female workers experiencing a $760 decrease in earnings. Despite lower bachelor's degree attainment, Fife maintains a high labor force participation rate of 0.8%.",2024,2025,components_of_change,"{""Value Type"": ""POPESTIMATE""}",Recent Percentage Population Change,Percentage,Percent difference in population for the geography from previous to current,"Between 2024 and 2025, Pierce County experienced a recent population change of 0.7%.",N/A,"Pierce County's recent population change of 0.7% is 0.2 percentage points higher than United States (0.5%), is 0.2 percentage points lower than Washington (0.9%), is 0.3 percentage points lower than Puget Sound Region (1.0%), and is 0.4 percentage points lower than Seattle MSA (1.0%).",N/A,N/A,"Pierce County experienced a recent population change of 0.7% between 2024 and 2025, which was 0.2 percentage points higher than the United States (0.5%) but fell short of Washington (0.9%) and the broader Puget Sound Region and Seattle MSA, both at 1.0%.",Math Context: Focus value: 0.7%; United States: 0.5% (diff: +0.2 pp); Washington: 0.9% (diff: -0.2 pp); Puget Sound Region: 1.0% (diff: -0.3 pp); Seattle MSA: 1.0% (diff: -0.4 pp)
Population,"Pierce County's population reached 946,288 in 2025, notably smaller than the Seattle MSA (4.16 million) and the United States (341.78 million). Despite its relative size, the county demonstrated strong long-term growth, with a cumulative population increase of 60.2% by 2025, significantly outperforming the United States by 23.4 percentage points and closely aligning with regional peers. More recently, between 2024 and 2025, Pierce County's population grew by 0.7%, exceeding the national rate of 0.5% but slightly trailing Washington and the broader Puget Sound Region. International migration was the primary driver of this change, contributing +2,600 recently and +72,464 cumulatively, a trend mirrored across Washington and the United States, albeit at a considerably smaller scale for Pierce County.","Pierce County's population reached 946,288 in 2025, demonstrating robust long-term growth of 60.2% and a recent 0.7% increase, primarily driven by international migration. The county's demographic shifts include a significant +4,018 growth in the 45 to 49 age group and a +4,807 increase in the hispanic population. Fife, WA, presents a distinct profile with a younger median age of 31.3, a notably low owner-occupied housing rate of 0.4%, and stable, low cost-burden rates (0.5% for renters). While Fife's median household income of $90,532 exceeds the national average, it lags regional peers, with female workers experiencing a $760 decrease in earnings. Despite lower bachelor's degree attainment, Fife maintains a high labor force participation rate of 0.8%.",1990,2025,components_of_change,"{""Value Type"": ""POPESTIMATE""}",Cumulative Percentage Population Change,Percentage,Percent difference in population for the geography from 1990 to current,"In 2025, Pierce County recorded a cumulative population change of 60.2%.",N/A,"Pierce County's cumulative population change of 60.2% is 23.4 percentage points higher than United States (36.9%), is 0.2 percentage points lower than Puget Sound Region (60.4%), is 1.1 percentage points lower than Seattle MSA (61.4%), and is 2.9 percentage points lower than Washington (63.2%).",N/A,N/A,"Pierce County recorded a cumulative population change of 60.2% in 2025, significantly outperforming the United States by 23.4 percentage points, and performing closely with its regional peers, being only 0.2 to 2.9 percentage points lower than the Puget Sound Region, Seattle MSA, and Washington.",Math Context: Focus value: 60.2%; United States: 36.9% (diff: +23.4 pp); Puget Sound Region: 60.4% (diff: -0.2 pp); Seattle MSA: 61.4% (diff: -1.1 pp); Washington: 63.2% (diff: -2.9 pp)
Population,"Pierce County's population reached 946,288 in 2025, notably smaller than the Seattle MSA (4.16 million) and the United States (341.78 million). Despite its relative size, the county demonstrated strong long-term growth, with a cumulative population increase of 60.2% by 2025, significantly outperforming the United States by 23.4 percentage points and closely aligning with regional peers. More recently, between 2024 and 2025, Pierce County's population grew by 0.7%, exceeding the national rate of 0.5% but slightly trailing Washington and the broader Puget Sound Region. International migration was the primary driver of this change, contributing +2,600 recently and +72,464 cumulatively, a trend mirrored across Washington and the United States, albeit at a considerably smaller scale for Pierce County.","Pierce County's population reached 946,288 in 2025, demonstrating robust long-term growth of 60.2% and a recent 0.7% increase, primarily driven by international migration. The county's demographic shifts include a significant +4,018 growth in the 45 to 49 age group and a +4,807 increase in the hispanic population. Fife, WA, presents a distinct profile with a younger median age of 31.3, a notably low owner-occupied housing rate of 0.4%, and stable, low cost-burden rates (0.5% for renters). While Fife's median household income of $90,532 exceeds the national average, it lags regional peers, with female workers experiencing a $760 decrease in earnings. Despite lower bachelor's degree attainment, Fife maintains a high labor force participation rate of 0.8%.",2025,2025,components_of_change,"{""Value Type"": ""NATURALCHG"", ""Value Type"": ""DOMESTICMIG"", ""Value Type"": ""INTERNATIONALMIG""}",Largest Driver of Change,Ordinal,Largest component of population change for the geography (or county-level counterpart) in current year,"In 2025, Pierce County's primary largest driver of change was International Migration (+2,600).",N/A,"Pierce County and Washington both share International Migration as their primary largest driver of change, with Pierce County at +2,600 and Washington at +46,202. Pierce County and Puget Sound Region both share International Migration as their primary largest driver of change, with Pierce County at +2,600 and Puget Sound Region at +37,907. Pierce County and Seattle MSA both share International Migration as their primary largest driver of change, with Pierce County at +2,600 and Seattle MSA at +37,353. Pierce County and United States both share International Migration as their primary largest driver of change, with Pierce County at +2,600 and United States at +1,262,202.",N/A,N/A,"Pierce County's primary largest driver of change in 2025 was international migration, contributing +2,600, a trend also observed in Washington (+46,202) and the United States (+1,262,202).","Math Context: Focus value: +2,600; Washington: +46,202 (diff: -+43,602); Puget Sound Region: +37,907 (diff: -+35,307); Seattle MSA: +37,353 (diff: -+34,753); United States: +1,262,202 (diff: -+1,259,602)"
Population,"Pierce County's population reached 946,288 in 2025, notably smaller than the Seattle MSA (4.16 million) and the United States (341.78 million). Despite its relative size, the county demonstrated strong long-term growth, with a cumulative population increase of 60.2% by 2025, significantly outperforming the United States by 23.4 percentage points and closely aligning with regional peers. More recently, between 2024 and 2025, Pierce County's population grew by 0.7%, exceeding the national rate of 0.5% but slightly trailing Washington and the broader Puget Sound Region. International migration was the primary driver of this change, contributing +2,600 recently and +72,464 cumulatively, a trend mirrored across Washington and the United States, albeit at a considerably smaller scale for Pierce County.","Pierce County's population reached 946,288 in 2025, demonstrating robust long-term growth of 60.2% and a recent 0.7% increase, primarily driven by international migration. The county's demographic shifts include a significant +4,018 growth in the 45 to 49 age group and a +4,807 increase in the hispanic population. Fife, WA, presents a distinct profile with a younger median age of 31.3, a notably low owner-occupied housing rate of 0.4%, and stable, low cost-burden rates (0.5% for renters). While Fife's median household income of $90,532 exceeds the national average, it lags regional peers, with female workers experiencing a $760 decrease in earnings. Despite lower bachelor's degree attainment, Fife maintains a high labor force participation rate of 0.8%.",2024,2025,components_of_change,"{""Value Type"": ""NATURALCHG"", ""Value Type"": ""DOMESTICMIG"", ""Value Type"": ""INTERNATIONALMIG""}",Recent Dynamics in Drivers of Change,Numeric,Difference in current largest component of population change for the geography (or county-level counterpart) from previous,"In 2025, Pierce County's primary recent dynamics in drivers of change was International Migration (+2,600).",N/A,"Pierce County and Seattle MSA both share International Migration as their primary recent dynamics in drivers of change, with Pierce County at +2,600 and Seattle MSA at +37,353. Pierce County and United States both share International Migration as their primary recent dynamics in drivers of change, with Pierce County at +2,600 and United States at +1,262,202. Pierce County and Washington both share International Migration as their primary recent dynamics in drivers of change, with Pierce County at +2,600 and Washington at +46,202. Pierce County and Puget Sound Region both share International Migration as their primary recent dynamics in drivers of change, with Pierce County at +2,600 and Puget Sound Region at +37,907.",N/A,N/A,"Pierce County's primary recent dynamic in drivers of change in 2025 was international migration at +2,600, a trend shared with the Seattle MSA (+37,353), Washington (+46,202), and the United States (+1,262,202), though at a considerably smaller scale.","Math Context: Focus value: +2,600; Seattle MSA: +37,353 (diff: -+34,753); United States: +1,262,202 (diff: -+1,259,602); Washington: +46,202 (diff: -+43,602); Puget Sound Region: +37,907 (diff: -+35,307)"
Population,"Pierce County's population reached 946,288 in 2025, notably smaller than the Seattle MSA (4.16 million) and the United States (341.78 million). Despite its relative size, the county demonstrated strong long-term growth, with a cumulative population increase of 60.2% by 2025, significantly outperforming the United States by 23.4 percentage points and closely aligning with regional peers. More recently, between 2024 and 2025, Pierce County's population grew by 0.7%, exceeding the national rate of 0.5% but slightly trailing Washington and the broader Puget Sound Region. International migration was the primary driver of this change, contributing +2,600 recently and +72,464 cumulatively, a trend mirrored across Washington and the United States, albeit at a considerably smaller scale for Pierce County.","Pierce County's population reached 946,288 in 2025, demonstrating robust long-term growth of 60.2% and a recent 0.7% increase, primarily driven by international migration. The county's demographic shifts include a significant +4,018 growth in the 45 to 49 age group and a +4,807 increase in the hispanic population. Fife, WA, presents a distinct profile with a younger median age of 31.3, a notably low owner-occupied housing rate of 0.4%, and stable, low cost-burden rates (0.5% for renters). While Fife's median household income of $90,532 exceeds the national average, it lags regional peers, with female workers experiencing a $760 decrease in earnings. Despite lower bachelor's degree attainment, Fife maintains a high labor force participation rate of 0.8%.",1990,2025,components_of_change,"{""Value Type"": ""NATURALCHG"", ""Value Type"": ""DOMESTICMIG"", ""Value Type"": ""INTERNATIONALMIG""}",Cumulative Dynamics in Drivers of Change,Numeric,Largest cumulative component of population change for the geography (or county-level counterpart) from 1990 to current year,"In 2025, Pierce County's primary cumulative dynamics in drivers of change was International Migration (+72,464).",N/A,"Pierce County and United States both share International Migration as their primary cumulative dynamics in drivers of change, with Pierce County at +72,464 and United States at +40,732,048. Pierce County and Washington both share International Migration as their primary cumulative dynamics in drivers of change, with Pierce County at +72,464 and Washington at +963,304. Pierce County and Seattle MSA both share International Migration as their primary cumulative dynamics in drivers of change, with Pierce County at +72,464 and Seattle MSA at +727,415. Pierce County and Puget Sound Region both share International Migration as their primary cumulative dynamics in drivers of change, with Pierce County at +72,464 and Puget Sound Region at +731,718.",N/A,N/A,"Pierce County's primary cumulative dynamic in drivers of change for 2025 was international migration, contributing +72,464, a pattern mirrored by the United States, Washington, Seattle MSA, and the Puget Sound Region, all of which also identified international migration as their leading driver, with magnitudes such as +963,304 for Washington and +727,415 for the Seattle MSA.","Math Context: Focus value: +72,464; United States: +40,732,048 (diff: -+40,659,584); Washington: +963,304 (diff: -+890,840); Seattle MSA: +727,415 (diff: -+654,951); Puget Sound Region: +731,718 (diff: -+659,254)"
Population,"Pierce County's population reached 946,288 in 2025, notably smaller than the Seattle MSA (4.16 million) and the United States (341.78 million). Despite its relative size, the county demonstrated strong long-term growth, with a cumulative population increase of 60.2% by 2025, significantly outperforming the United States by 23.4 percentage points and closely aligning with regional peers. More recently, between 2024 and 2025, Pierce County's population grew by 0.7%, exceeding the national rate of 0.5% but slightly trailing Washington and the broader Puget Sound Region. International migration was the primary driver of this change, contributing +2,600 recently and +72,464 cumulatively, a trend mirrored across Washington and the United States, albeit at a considerably smaller scale for Pierce County.","Pierce County's population reached 946,288 in 2025, demonstrating robust long-term growth of 60.2% and a recent 0.7% increase, primarily driven by international migration. The county's demographic shifts include a significant +4,018 growth in the 45 to 49 age group and a +4,807 increase in the hispanic population. Fife, WA, presents a distinct profile with a younger median age of 31.3, a notably low owner-occupied housing rate of 0.4%, and stable, low cost-burden rates (0.5% for renters). While Fife's median household income of $90,532 exceeds the national average, it lags regional peers, with female workers experiencing a $760 decrease in earnings. Despite lower bachelor's degree attainment, Fife maintains a high labor force participation rate of 0.8%.",2024,2025,components_of_change,"{""Value Type"": ""POPESTIMATE""}",Change in Focus Region's Share of Broad Region's Population,Percentage,Difference in focus region's share of the population of the broader region from the previous year,"Between 2024 and 2025, Focus experienced a change in focus region's share of broad region's population of 0.0%.",N/A,N/A,N/A,N/A,"Focus experienced no change in its share of the broad region's population, recording a 0.0% change between 2024 and 2025.",Math Context: Focus value: 0.0%
Demographics,"In 2024, Pierce County's demographic landscape showed its largest age group to be 30 to 34, comprising 152,188 individuals, a trend consistent with Washington and the United States, which also saw this group as their largest. However, the most significant age group change in Pierce County was a +4,018 increase in the 45 to 49 age group, contrasting with the United States' primary growth in the 75 to 79 age group (+1.23 million) and other Washington regions' focus on 35 to 39. The white population remained Pierce County's largest race-ethnicity group with 574,289 individuals, mirroring broader state and national patterns. Yet, the largest change in race-ethnicity was a +4,807 increase in the hispanic population, aligning with national trends but differing from the asian population growth seen in the Seattle MSA and Washington. Notably, Fife, WA presented a significantly younger median age of 31.3, well below Pierce County's 37.0.","Pierce County's population reached 946,288 in 2025, demonstrating robust long-term growth of 60.2% and a recent 0.7% increase, primarily driven by international migration. The county's demographic shifts include a significant +4,018 growth in the 45 to 49 age group and a +4,807 increase in the hispanic population. Fife, WA, presents a distinct profile with a younger median age of 31.3, a notably low owner-occupied housing rate of 0.4%, and stable, low cost-burden rates (0.5% for renters). While Fife's median household income of $90,532 exceeds the national average, it lags regional peers, with female workers experiencing a $760 decrease in earnings. Despite lower bachelor's degree attainment, Fife maintains a high labor force participation rate of 0.8%.",2024,2024,ACS_Series,"{""Label"": ""Calc-Youth (0-19)"", ""Label"": ""Calc-Young Adults (20-34)"", ""Label"": ""Calc-Experienced Working Age (35-64)"", ""Label"": ""Calc-Seniors (65+)""}",Largest Age Group,Ordinal,Largest cohort by age for the geography in current year,"In 2024, Pierce County's primary largest age group was 30 to 34 (152,188).",N/A,"Pierce County and Washington both share 30 to 34 as their primary largest age group, with Pierce County at 152,188 and Washington at 1.28 million. Pierce County and Seattle MSA both share 30 to 34 as their primary largest age group, with Pierce County at 152,188 and Seattle MSA at 752,760. Pierce County and Puget Sound Region both share 30 to 34 as their primary largest age group, with Pierce County at 152,188 and Puget Sound Region at 794,130. Pierce County and United States both share 30 to 34 as their primary largest age group, with Pierce County at 152,188 and United States at 47.99 million.",N/A,N/A,"Pierce County's largest age group in 2024 was 30 to 34, comprising 152,188 individuals, a trend consistent with Washington (1.28 million) and the United States (47.99 million).","Math Context: Focus value: 152,188; Washington: 1.28 million (diff: -1.13 million); Seattle MSA: 752,760 (diff: -600,572); Puget Sound Region: 794,130 (diff: -641,942); United States: 47.99 million (diff: -47.84 million)"
Demographics,"In 2024, Pierce County's demographic landscape showed its largest age group to be 30 to 34, comprising 152,188 individuals, a trend consistent with Washington and the United States, which also saw this group as their largest. However, the most significant age group change in Pierce County was a +4,018 increase in the 45 to 49 age group, contrasting with the United States' primary growth in the 75 to 79 age group (+1.23 million) and other Washington regions' focus on 35 to 39. The white population remained Pierce County's largest race-ethnicity group with 574,289 individuals, mirroring broader state and national patterns. Yet, the largest change in race-ethnicity was a +4,807 increase in the hispanic population, aligning with national trends but differing from the asian population growth seen in the Seattle MSA and Washington. Notably, Fife, WA presented a significantly younger median age of 31.3, well below Pierce County's 37.0.","Pierce County's population reached 946,288 in 2025, demonstrating robust long-term growth of 60.2% and a recent 0.7% increase, primarily driven by international migration. The county's demographic shifts include a significant +4,018 growth in the 45 to 49 age group and a +4,807 increase in the hispanic population. Fife, WA, presents a distinct profile with a younger median age of 31.3, a notably low owner-occupied housing rate of 0.4%, and stable, low cost-burden rates (0.5% for renters). While Fife's median household income of $90,532 exceeds the national average, it lags regional peers, with female workers experiencing a $760 decrease in earnings. Despite lower bachelor's degree attainment, Fife maintains a high labor force participation rate of 0.8%.",2023,2024,ACS_Series,"{""Label"": ""Calc-Youth (0-19)"", ""Label"": ""Calc-Young Adults (20-34)"", ""Label"": ""Calc-Experienced Working Age (35-64)"", ""Label"": ""Calc-Seniors (65+)""}",Largest Change in Age Group,Numeric,Largest change in age cohort for the geography from previous to current,"In 2024, Pierce County's primary largest change in age group was 45 to 49 (+4,018).",N/A,"while Pierce County's primary largest change in age group is 45 to 49 (+4,018), United States is primarily driven by 75 to 79 (+1,226,444). While Pierce County's primary largest change in age group is 45 to 49 (+4,018), Seattle MSA is primarily driven by 35 to 39 (+23,358). While Pierce County's primary largest change in age group is 45 to 49 (+4,018), Washington is primarily driven by 35 to 39 (+34,914). While Pierce County's primary largest change in age group is 45 to 49 (+4,018), Puget Sound Region is primarily driven by 35 to 39 (+24,682).",N/A,N/A,"Pierce County's largest change in age group in 2024 was the 45 to 49 age group, increasing by +4,018, a trend that contrasts with the United States, which saw its primary growth in the 75 to 79 age group at +1,226,444, and with Seattle MSA, Washington, and the Puget Sound Region, all primarily driven by increases in the 35 to 39 age group, ranging from +23,358 to +34,914.","Math Context: Focus value: +4,018; United States: +1,226,444 (diff: -+1,222,426); Seattle MSA: +23,358 (diff: -+19,340); Washington: +34,914 (diff: -+30,896); Puget Sound Region: +24,682 (diff: -+20,664)"
Demographics,"In 2024, Pierce County's demographic landscape showed its largest age group to be 30 to 34, comprising 152,188 individuals, a trend consistent with Washington and the United States, which also saw this group as their largest. However, the most significant age group change in Pierce County was a +4,018 increase in the 45 to 49 age group, contrasting with the United States' primary growth in the 75 to 79 age group (+1.23 million) and other Washington regions' focus on 35 to 39. The white population remained Pierce County's largest race-ethnicity group with 574,289 individuals, mirroring broader state and national patterns. Yet, the largest change in race-ethnicity was a +4,807 increase in the hispanic population, aligning with national trends but differing from the asian population growth seen in the Seattle MSA and Washington. Notably, Fife, WA presented a significantly younger median age of 31.3, well below Pierce County's 37.0.","Pierce County's population reached 946,288 in 2025, demonstrating robust long-term growth of 60.2% and a recent 0.7% increase, primarily driven by international migration. The county's demographic shifts include a significant +4,018 growth in the 45 to 49 age group and a +4,807 increase in the hispanic population. Fife, WA, presents a distinct profile with a younger median age of 31.3, a notably low owner-occupied housing rate of 0.4%, and stable, low cost-burden rates (0.5% for renters). While Fife's median household income of $90,532 exceeds the national average, it lags regional peers, with female workers experiencing a $760 decrease in earnings. Despite lower bachelor's degree attainment, Fife maintains a high labor force participation rate of 0.8%.",2024,2024,ACS_Series,"{""Label"": ""Calc-Male"", ""Label"": ""Calc-Female""}",Largest Gender Group,Ordinal,Largest gender group for the geography in current year,"In 2024, Fife, WA recorded a largest gender group of 1.","Fife, WA's largest gender group of 1 is larger than Pierce County (0).","Fife, WA's largest gender group of 1 is larger than Puget Sound Region (0), is larger than Seattle MSA (0), is larger than Washington (0), is smaller than United States (1), and is smaller than Puyallup Reservation (1).",N/A,N/A,"Fife, WA recorded the largest gender group of 1 in 2024, which is larger than Pierce County, the Puget Sound Region, Seattle MSA, and Washington, but smaller than the United States and Puyallup Reservation.",Math Context: Focus value: 1; Pierce County: 0 (diff: +0); Puget Sound Region: 0 (diff: +0); Seattle MSA: 0 (diff: +0); Washington: 0 (diff: +0); United States: 1 (diff: -0); Puyallup Reservation: 1 (diff: -0)
Demographics,"In 2024, Pierce County's demographic landscape showed its largest age group to be 30 to 34, comprising 152,188 individuals, a trend consistent with Washington and the United States, which also saw this group as their largest. However, the most significant age group change in Pierce County was a +4,018 increase in the 45 to 49 age group, contrasting with the United States' primary growth in the 75 to 79 age group (+1.23 million) and other Washington regions' focus on 35 to 39. The white population remained Pierce County's largest race-ethnicity group with 574,289 individuals, mirroring broader state and national patterns. Yet, the largest change in race-ethnicity was a +4,807 increase in the hispanic population, aligning with national trends but differing from the asian population growth seen in the Seattle MSA and Washington. Notably, Fife, WA presented a significantly younger median age of 31.3, well below Pierce County's 37.0.","Pierce County's population reached 946,288 in 2025, demonstrating robust long-term growth of 60.2% and a recent 0.7% increase, primarily driven by international migration. The county's demographic shifts include a significant +4,018 growth in the 45 to 49 age group and a +4,807 increase in the hispanic population. Fife, WA, presents a distinct profile with a younger median age of 31.3, a notably low owner-occupied housing rate of 0.4%, and stable, low cost-burden rates (0.5% for renters). While Fife's median household income of $90,532 exceeds the national average, it lags regional peers, with female workers experiencing a $760 decrease in earnings. Despite lower bachelor's degree attainment, Fife maintains a high labor force participation rate of 0.8%.",2023,2024,ACS_Series,"{""Label"": ""Calc-Male"", ""Label"": ""Calc-Female""}",Largest Change in Gender Group,Numeric,Largest change in gender group for the geography from previous to current,"Between 2023 and 2024, Fife, WA experienced a largest change in gender group of +0.","Fife, WA's largest change in gender group of +0 represents a larger change compared to Pierce County (+0).","Fife, WA's largest change in gender group of +0 represents a larger change compared to Seattle MSA (-0), represents a larger change compared to United States (-0), represents a larger change compared to Washington (+0), represents a larger change compared to Puget Sound Region (+0), and represents a smaller change compared to Puyallup Reservation (+0).",N/A,N/A,"Fife, WA experienced the largest change in gender group of +0 between 2023 and 2024, which was a larger change compared to Pierce County (+0), Seattle MSA (-0), United States (-0), Washington (+0), and Puget Sound Region (+0), but smaller than Puyallup Reservation (+0).",Math Context: Focus value: +0; Pierce County: +0 (diff: ++0); Seattle MSA: -0 (diff: ++0); United States: -0 (diff: ++0); Washington: +0 (diff: ++0); Puget Sound Region: +0 (diff: ++0); Puyallup Reservation: +0 (diff: -+0)
Demographics,"In 2024, Pierce County's demographic landscape showed its largest age group to be 30 to 34, comprising 152,188 individuals, a trend consistent with Washington and the United States, which also saw this group as their largest. However, the most significant age group change in Pierce County was a +4,018 increase in the 45 to 49 age group, contrasting with the United States' primary growth in the 75 to 79 age group (+1.23 million) and other Washington regions' focus on 35 to 39. The white population remained Pierce County's largest race-ethnicity group with 574,289 individuals, mirroring broader state and national patterns. Yet, the largest change in race-ethnicity was a +4,807 increase in the hispanic population, aligning with national trends but differing from the asian population growth seen in the Seattle MSA and Washington. Notably, Fife, WA presented a significantly younger median age of 31.3, well below Pierce County's 37.0.","Pierce County's population reached 946,288 in 2025, demonstrating robust long-term growth of 60.2% and a recent 0.7% increase, primarily driven by international migration. The county's demographic shifts include a significant +4,018 growth in the 45 to 49 age group and a +4,807 increase in the hispanic population. Fife, WA, presents a distinct profile with a younger median age of 31.3, a notably low owner-occupied housing rate of 0.4%, and stable, low cost-burden rates (0.5% for renters). While Fife's median household income of $90,532 exceeds the national average, it lags regional peers, with female workers experiencing a $760 decrease in earnings. Despite lower bachelor's degree attainment, Fife maintains a high labor force participation rate of 0.8%.",2024,2024,ACS_Series,"{""Label"": ""Calc-Asian"", ""Label"": ""Calc-Black"", ""Label"": ""Calc-Hispanic"", ""Label"": ""Calc-Multirace"", ""Label"": ""Calc-Native"", ""Label"": ""Calc-Other Race"", ""Label"": ""Calc-White""}",Largest Race-Ethnicity Group,Ordinal,Largest cohort by race-ethnicity for the geography in current year,"In 2024, Pierce County's primary largest race-ethnicity group was White (574,289).",N/A,"Pierce County and Seattle MSA both share White as their primary largest race-ethnicity group, with Pierce County at 574,289 and Seattle MSA at 2.32 million. Pierce County and Puget Sound Region both share White as their primary largest race-ethnicity group, with Pierce County at 574,289 and Puget Sound Region at 2.53 million. Pierce County and Washington both share White as their primary largest race-ethnicity group, with Pierce County at 574,289 and Washington at 5.01 million. Pierce County and United States both share White as their primary largest race-ethnicity group, with Pierce County at 574,289 and United States at 195.43 million.",N/A,N/A,"Pierce County's primary largest race-ethnicity group in 2024 was white, with 574,289 individuals, a pattern consistent with the Seattle MSA (2.32 million), Puget Sound Region (2.53 million), Washington (5.01 million), and the United States (195.43 million), where white also represents the largest race-ethnicity group.","Math Context: Focus value: 574,289; Seattle MSA: 2.32 million (diff: -1.75 million); Puget Sound Region: 2.53 million (diff: -1.95 million); Washington: 5.01 million (diff: -4.44 million); United States: 195.43 million (diff: -194.86 million)"
Demographics,"In 2024, Pierce County's demographic landscape showed its largest age group to be 30 to 34, comprising 152,188 individuals, a trend consistent with Washington and the United States, which also saw this group as their largest. However, the most significant age group change in Pierce County was a +4,018 increase in the 45 to 49 age group, contrasting with the United States' primary growth in the 75 to 79 age group (+1.23 million) and other Washington regions' focus on 35 to 39. The white population remained Pierce County's largest race-ethnicity group with 574,289 individuals, mirroring broader state and national patterns. Yet, the largest change in race-ethnicity was a +4,807 increase in the hispanic population, aligning with national trends but differing from the asian population growth seen in the Seattle MSA and Washington. Notably, Fife, WA presented a significantly younger median age of 31.3, well below Pierce County's 37.0.","Pierce County's population reached 946,288 in 2025, demonstrating robust long-term growth of 60.2% and a recent 0.7% increase, primarily driven by international migration. The county's demographic shifts include a significant +4,018 growth in the 45 to 49 age group and a +4,807 increase in the hispanic population. Fife, WA, presents a distinct profile with a younger median age of 31.3, a notably low owner-occupied housing rate of 0.4%, and stable, low cost-burden rates (0.5% for renters). While Fife's median household income of $90,532 exceeds the national average, it lags regional peers, with female workers experiencing a $760 decrease in earnings. Despite lower bachelor's degree attainment, Fife maintains a high labor force participation rate of 0.8%.",2023,2024,ACS_Series,"{""Label"": ""Calc-Asian"", ""Label"": ""Calc-Black"", ""Label"": ""Calc-Hispanic"", ""Label"": ""Calc-Multirace"", ""Label"": ""Calc-Native"", ""Label"": ""Calc-Other Race"", ""Label"": ""Calc-White""}",Largest Change in Race-Ethnicity Group,Numeric,Largest change in race-ethnicity cohort for the geography from previous to current,"In 2024, Pierce County's primary largest change in race-ethnicity group was Hispanic (+4,807).",N/A,"while Pierce County's primary largest change in race-ethnicity group is Hispanic (+4,807), Seattle MSA is primarily driven by Asian (+42,290). Pierce County and United States both share Hispanic as their primary largest change in race-ethnicity group, with Pierce County at +4,807 and United States at +1,943,997. While Pierce County's primary largest change in race-ethnicity group is Hispanic (+4,807), Washington is primarily driven by Asian (+48,443). While Pierce County's primary largest change in race-ethnicity group is Hispanic (+4,807), Puget Sound Region is primarily driven by Asian (+42,823).",N/A,N/A,"Pierce County's primary largest change in race-ethnicity group in 2024 was hispanic, increasing by 4,807, a trend shared with the United States which saw a much larger increase of 1,943,997 in the same group, yet differing from Seattle MSA, Washington, and Puget Sound Region, all primarily driven by asian population growth.","Math Context: Focus value: +4,807; Seattle MSA: +42,290 (diff: -+37,483); United States: +1,943,997 (diff: -+1,939,190); Washington: +48,443 (diff: -+43,636); Puget Sound Region: +42,823 (diff: -+38,016)"
Demographics,"In 2024, Pierce County's demographic landscape showed its largest age group to be 30 to 34, comprising 152,188 individuals, a trend consistent with Washington and the United States, which also saw this group as their largest. However, the most significant age group change in Pierce County was a +4,018 increase in the 45 to 49 age group, contrasting with the United States' primary growth in the 75 to 79 age group (+1.23 million) and other Washington regions' focus on 35 to 39. The white population remained Pierce County's largest race-ethnicity group with 574,289 individuals, mirroring broader state and national patterns. Yet, the largest change in race-ethnicity was a +4,807 increase in the hispanic population, aligning with national trends but differing from the asian population growth seen in the Seattle MSA and Washington. Notably, Fife, WA presented a significantly younger median age of 31.3, well below Pierce County's 37.0.","Pierce County's population reached 946,288 in 2025, demonstrating robust long-term growth of 60.2% and a recent 0.7% increase, primarily driven by international migration. The county's demographic shifts include a significant +4,018 growth in the 45 to 49 age group and a +4,807 increase in the hispanic population. Fife, WA, presents a distinct profile with a younger median age of 31.3, a notably low owner-occupied housing rate of 0.4%, and stable, low cost-burden rates (0.5% for renters). While Fife's median household income of $90,532 exceeds the national average, it lags regional peers, with female workers experiencing a $760 decrease in earnings. Despite lower bachelor's degree attainment, Fife maintains a high labor force participation rate of 0.8%.",2024,2024,ACS_Series,"{""Label"": ""Calc-Median Age""}",Median Age,Numeric,Median age of population for the geography in current year,"In 2024, Fife, WA recorded a median age of 31.3.","Fife, WA's median age of 31.3 is higher than Pierce County (37.0).","Fife, WA's median age of 31.3 is higher than Puyallup Reservation (35.9), is higher than Seattle MSA (37.5), is higher than Puget Sound Region (37.7), is higher than Washington (38.3), and is higher than United States (38.9).",N/A,N/A,"Fife, WA recorded a median age of 31.3 in 2024, which is notably lower than Pierce County (37.0) and significantly younger than the state and national averages, being 7.0 years lower than Washington (38.3) and 7.6 years lower than the United States (38.9).",Math Context: Focus value: 31.3; Pierce County: 37.0 (diff: -5.7); Puyallup Reservation: 35.9 (diff: -4.6); Seattle MSA: 37.5 (diff: -6.2); Puget Sound Region: 37.7 (diff: -6.4); Washington: 38.3 (diff: -7.0); United States: 38.9 (diff: -7.6)
Demographics,"In 2024, Pierce County's demographic landscape showed its largest age group to be 30 to 34, comprising 152,188 individuals, a trend consistent with Washington and the United States, which also saw this group as their largest. However, the most significant age group change in Pierce County was a +4,018 increase in the 45 to 49 age group, contrasting with the United States' primary growth in the 75 to 79 age group (+1.23 million) and other Washington regions' focus on 35 to 39. The white population remained Pierce County's largest race-ethnicity group with 574,289 individuals, mirroring broader state and national patterns. Yet, the largest change in race-ethnicity was a +4,807 increase in the hispanic population, aligning with national trends but differing from the asian population growth seen in the Seattle MSA and Washington. Notably, Fife, WA presented a significantly younger median age of 31.3, well below Pierce County's 37.0.","Pierce County's population reached 946,288 in 2025, demonstrating robust long-term growth of 60.2% and a recent 0.7% increase, primarily driven by international migration. The county's demographic shifts include a significant +4,018 growth in the 45 to 49 age group and a +4,807 increase in the hispanic population. Fife, WA, presents a distinct profile with a younger median age of 31.3, a notably low owner-occupied housing rate of 0.4%, and stable, low cost-burden rates (0.5% for renters). While Fife's median household income of $90,532 exceeds the national average, it lags regional peers, with female workers experiencing a $760 decrease in earnings. Despite lower bachelor's degree attainment, Fife maintains a high labor force participation rate of 0.8%.",2023,2024,ACS_Series,"{""Label"": ""Calc-Median Age""}",Change in Median Age,Numeric,Change in median age of population for the geography from previous to current year,"Between 2023 and 2024, Fife, WA experienced a change in median age of -0.6.","Fife, WA's change in median age of -0.6 represents a smaller change compared to Pierce County (+0.2).","Fife, WA's change in median age of -0.6 represents a smaller change compared to Puyallup Reservation (-0.3), represents a smaller change compared to Washington (+0.1), represents a smaller change compared to Seattle MSA (+0.1), represents a smaller change compared to Puget Sound Region (+0.2), and represents a smaller change compared to United States (+0.2).",N/A,N/A,"Fife, WA experienced a median age change of -0.6 between 2023 and 2024, a numerically smaller change compared to all benchmarked geographies, which saw changes ranging from -0.3 for Puyallup Reservation to +0.2 for Pierce County, Puget Sound Region, and the United States.",Math Context: Focus value: -0.6; Pierce County: +0.2 (diff: -+0.8); Puyallup Reservation: -0.3 (diff: -+0.3); Washington: +0.1 (diff: -+0.7); Seattle MSA: +0.1 (diff: -+0.7); Puget Sound Region: +0.2 (diff: -+0.8); United States: +0.2 (diff: -+0.8)
Workforce,"Fife, WA's workforce in 2024 shows a 0.1% bachelor's degree attainment among its 25+ population, aligning with Pierce County but 0.1 percentage points below Washington and the Seattle MSA. All educational attainment rates remained stable from 2023. Conversely, Fife's overall labor force participation rate was 0.8%, exceeding Pierce County and the United States by 0.1 percentage points. This higher participation is consistent across both female (0.7%) and male (0.8%) segments, each 0.1 percentage points above most comparison areas. These participation rates, like educational attainment, saw no year-over-year change. Additionally, Fife recorded a 0.1% work-from-home rate, 0.1 percentage points below Washington, and a 0.0% self-employment rate, both of which were stable since 2023.","Pierce County's population reached 946,288 in 2025, demonstrating robust long-term growth of 60.2% and a recent 0.7% increase, primarily driven by international migration. The county's demographic shifts include a significant +4,018 growth in the 45 to 49 age group and a +4,807 increase in the hispanic population. Fife, WA, presents a distinct profile with a younger median age of 31.3, a notably low owner-occupied housing rate of 0.4%, and stable, low cost-burden rates (0.5% for renters). While Fife's median household income of $90,532 exceeds the national average, it lags regional peers, with female workers experiencing a $760 decrease in earnings. Despite lower bachelor's degree attainment, Fife maintains a high labor force participation rate of 0.8%.",2024,2024,ACS_Series,"{""Label"": ""Calc-Bachelors"", ""Label"": ""Calc-Graduate""}",Percent of 25+ population with Bachelor's degree or more education,Percentage,Percent of 25+ population with a bachelor's degree or more education in the geography in the current year,"In 2024, Fife, WA recorded a of 25+ population with bachelor's degree or more education of 0.1%.","Fife, WA's of 25+ population with bachelor's degree or more education of 0.1% is 0.0 percentage points lower than Pierce County (0.1%).","Fife, WA's of 25+ population with bachelor's degree or more education of 0.1% is 0.0 percentage points lower than Puyallup Reservation (0.1%), is 0.1 percentage points lower than United States (0.1%), is 0.1 percentage points lower than Washington (0.2%), is 0.1 percentage points lower than Seattle MSA (0.2%), and is 0.1 percentage points lower than Puget Sound Region (0.2%).",N/A,N/A,"Fife, WA recorded a 25+ population with bachelor's degree or more education of 0.1% in 2024, which is on par with Pierce County and Puyallup Reservation, but 0.1 percentage points lower than the United States, Washington, Seattle MSA, and Puget Sound Region.",Math Context: Focus value: 0.1%; Pierce County: 0.1% (diff: -0.0 pp); Puyallup Reservation: 0.1% (diff: -0.0 pp); United States: 0.1% (diff: -0.1 pp); Washington: 0.2% (diff: -0.1 pp); Seattle MSA: 0.2% (diff: -0.1 pp); Puget Sound Region: 0.2% (diff: -0.1 pp)
Workforce,"Fife, WA's workforce in 2024 shows a 0.1% bachelor's degree attainment among its 25+ population, aligning with Pierce County but 0.1 percentage points below Washington and the Seattle MSA. All educational attainment rates remained stable from 2023. Conversely, Fife's overall labor force participation rate was 0.8%, exceeding Pierce County and the United States by 0.1 percentage points. This higher participation is consistent across both female (0.7%) and male (0.8%) segments, each 0.1 percentage points above most comparison areas. These participation rates, like educational attainment, saw no year-over-year change. Additionally, Fife recorded a 0.1% work-from-home rate, 0.1 percentage points below Washington, and a 0.0% self-employment rate, both of which were stable since 2023.","Pierce County's population reached 946,288 in 2025, demonstrating robust long-term growth of 60.2% and a recent 0.7% increase, primarily driven by international migration. The county's demographic shifts include a significant +4,018 growth in the 45 to 49 age group and a +4,807 increase in the hispanic population. Fife, WA, presents a distinct profile with a younger median age of 31.3, a notably low owner-occupied housing rate of 0.4%, and stable, low cost-burden rates (0.5% for renters). While Fife's median household income of $90,532 exceeds the national average, it lags regional peers, with female workers experiencing a $760 decrease in earnings. Despite lower bachelor's degree attainment, Fife maintains a high labor force participation rate of 0.8%.",2023,2024,ACS_Series,"{""Label"": ""Calc-Bachelors"", ""Label"": ""Calc-Graduate""}",Change in percent of 25+ population with Bachelor's degree or more education,Percentage,Change in percent of 25+ population with a bachelor's degree or more education in the geography from the previous to current year,"Between 2023 and 2024, Fife, WA experienced a change in of 25+ population with bachelor's degree or more education of -0.0%.","Fife, WA's change in of 25+ population with bachelor's degree or more education of -0.0% is 0.0 percentage points lower than Pierce County (0.0%).","Fife, WA's change in of 25+ population with bachelor's degree or more education of -0.0% is 0.0 percentage points lower than United States (0.0%), is 0.0 percentage points lower than Puyallup Reservation (0.0%), is 0.0 percentage points lower than Washington (0.0%), is 0.0 percentage points lower than Puget Sound Region (0.0%), and is 0.0 percentage points lower than Seattle MSA (0.0%).",N/A,N/A,"Fife, WA experienced no change in the percent of its 25+ population with a bachelor's degree or more education between 2023 and 2024, mirroring the trends observed in Pierce County, United States, Puyallup Reservation, Washington, Puget Sound Region, and Seattle MSA.",Math Context: Focus value: -0.0%; Pierce County: 0.0% (diff: -0.0 pp); United States: 0.0% (diff: -0.0 pp); Puyallup Reservation: 0.0% (diff: -0.0 pp); Washington: 0.0% (diff: -0.0 pp); Puget Sound Region: 0.0% (diff: -0.0 pp); Seattle MSA: 0.0% (diff: -0.0 pp)
Income,"Fife, WA demonstrates strong stability in poverty metrics, with its population below the poverty line and households receiving SNAP both at 0.1% in 2024, aligning with Pierce County, Washington, and the United States, and showing no change from 2023. However, the city's median household income of $90,532, while nearly $10,000 higher than the United States average, lags significantly behind regional figures like Pierce County ($99,564) and the Puget Sound Region ($115,806). This disparity is further evident in individual earnings; median earnings for full-time male workers in Fife were $67,023, slightly below the national average and considerably less than Pierce County's $76,999. More concerning, full-time female workers in Fife earned $55,479, over $20,000 less than the Puget Sound Region, and experienced a decrease of $760, contrasting with regional increases. Fife's income growth generally trails its neighbors, with only a $17 increase in median household income.","Pierce County's population reached 946,288 in 2025, demonstrating robust long-term growth of 60.2% and a recent 0.7% increase, primarily driven by international migration. The county's demographic shifts include a significant +4,018 growth in the 45 to 49 age group and a +4,807 increase in the hispanic population. Fife, WA, presents a distinct profile with a younger median age of 31.3, a notably low owner-occupied housing rate of 0.4%, and stable, low cost-burden rates (0.5% for renters). While Fife's median household income of $90,532 exceeds the national average, it lags regional peers, with female workers experiencing a $760 decrease in earnings. Despite lower bachelor's degree attainment, Fife maintains a high labor force participation rate of 0.8%.",2024,2024,ACS_Series,"{""Label"": ""Calc-Pop below poverty line""}",Percent of population below poverty line,Percentage,Percent of population below poverty line in the geography in the current year,"In 2024, Fife, WA recorded a of population below poverty line of 0.1%.","Fife, WA's of population below poverty line of 0.1% is 0.0 percentage points higher than Pierce County (0.1%).","Fife, WA's of population below poverty line of 0.1% is 0.0 percentage points higher than Seattle MSA (0.1%), is 0.0 percentage points higher than Puget Sound Region (0.1%), is 0.0 percentage points higher than Puyallup Reservation (0.1%), is 0.0 percentage points higher than Washington (0.1%), and is 0.0 percentage points lower than United States (0.1%).",N/A,N/A,"Fife, WA recorded a population below the poverty line of 0.1% in 2024, aligning with the rates observed in Pierce County, the Seattle MSA, the Puget Sound Region, Puyallup Reservation, Washington, and the United States.",Math Context: Focus value: 0.1%; Pierce County: 0.1% (diff: +0.0 pp); Seattle MSA: 0.1% (diff: +0.0 pp); Puget Sound Region: 0.1% (diff: +0.0 pp); Puyallup Reservation: 0.1% (diff: +0.0 pp); Washington: 0.1% (diff: +0.0 pp); United States: 0.1% (diff: -0.0 pp)
Income,"Fife, WA demonstrates strong stability in poverty metrics, with its population below the poverty line and households receiving SNAP both at 0.1% in 2024, aligning with Pierce County, Washington, and the United States, and showing no change from 2023. However, the city's median household income of $90,532, while nearly $10,000 higher than the United States average, lags significantly behind regional figures like Pierce County ($99,564) and the Puget Sound Region ($115,806). This disparity is further evident in individual earnings; median earnings for full-time male workers in Fife were $67,023, slightly below the national average and considerably less than Pierce County's $76,999. More concerning, full-time female workers in Fife earned $55,479, over $20,000 less than the Puget Sound Region, and experienced a decrease of $760, contrasting with regional increases. Fife's income growth generally trails its neighbors, with only a $17 increase in median household income.","Pierce County's population reached 946,288 in 2025, demonstrating robust long-term growth of 60.2% and a recent 0.7% increase, primarily driven by international migration. The county's demographic shifts include a significant +4,018 growth in the 45 to 49 age group and a +4,807 increase in the hispanic population. Fife, WA, presents a distinct profile with a younger median age of 31.3, a notably low owner-occupied housing rate of 0.4%, and stable, low cost-burden rates (0.5% for renters). While Fife's median household income of $90,532 exceeds the national average, it lags regional peers, with female workers experiencing a $760 decrease in earnings. Despite lower bachelor's degree attainment, Fife maintains a high labor force participation rate of 0.8%.",2023,2024,ACS_Series,"{""Label"": ""Calc-Pop below poverty line""}",Change in percent of population below poverty line,Percentage,Change in percent of population below poverty line in the geography from the previous to current year,"Between 2023 and 2024, Fife, WA experienced a change in of population below poverty line of -0.0%.","Fife, WA's change in of population below poverty line of -0.0% is 0.0 percentage points lower than Pierce County (-0.0%).","Fife, WA's change in of population below poverty line of -0.0% is 0.0 percentage points lower than Puyallup Reservation (-0.0%), is 0.0 percentage points lower than Washington (0.0%), is 0.0 percentage points lower than Puget Sound Region (0.0%), is 0.0 percentage points lower than United States (0.0%), and is 0.0 percentage points lower than Seattle MSA (0.0%).",N/A,N/A,"Fife, WA experienced a -0.0% change in the population below the poverty line between 2023 and 2024, a performance identical to Pierce County, Puyallup Reservation, Washington, Puget Sound Region, United States, and Seattle MSA.",Math Context: Focus value: -0.0%; Pierce County: -0.0% (diff: -0.0 pp); Puyallup Reservation: -0.0% (diff: -0.0 pp); Washington: 0.0% (diff: -0.0 pp); Puget Sound Region: 0.0% (diff: -0.0 pp); United States: 0.0% (diff: -0.0 pp); Seattle MSA: 0.0% (diff: -0.0 pp)
Income,"Fife, WA demonstrates strong stability in poverty metrics, with its population below the poverty line and households receiving SNAP both at 0.1% in 2024, aligning with Pierce County, Washington, and the United States, and showing no change from 2023. However, the city's median household income of $90,532, while nearly $10,000 higher than the United States average, lags significantly behind regional figures like Pierce County ($99,564) and the Puget Sound Region ($115,806). This disparity is further evident in individual earnings; median earnings for full-time male workers in Fife were $67,023, slightly below the national average and considerably less than Pierce County's $76,999. More concerning, full-time female workers in Fife earned $55,479, over $20,000 less than the Puget Sound Region, and experienced a decrease of $760, contrasting with regional increases. Fife's income growth generally trails its neighbors, with only a $17 increase in median household income.","Pierce County's population reached 946,288 in 2025, demonstrating robust long-term growth of 60.2% and a recent 0.7% increase, primarily driven by international migration. The county's demographic shifts include a significant +4,018 growth in the 45 to 49 age group and a +4,807 increase in the hispanic population. Fife, WA, presents a distinct profile with a younger median age of 31.3, a notably low owner-occupied housing rate of 0.4%, and stable, low cost-burden rates (0.5% for renters). While Fife's median household income of $90,532 exceeds the national average, it lags regional peers, with female workers experiencing a $760 decrease in earnings. Despite lower bachelor's degree attainment, Fife maintains a high labor force participation rate of 0.8%.",2024,2024,ACS_Series,"{""Label"": ""Calc-SNAP""}",Percent of households receiving SNAP,Percentage,Percent of households receiving SNAP in the geography in the current year,"In 2024, Fife, WA recorded a of households receiving snap of 0.1%.","Fife, WA's of households receiving snap of 0.1% is 0.0 percentage points higher than Pierce County (0.1%).","Fife, WA's of households receiving snap of 0.1% is 0.0 percentage points higher than Puget Sound Region (0.1%), is 0.0 percentage points higher than Seattle MSA (0.1%), is 0.0 percentage points higher than Washington (0.1%), is 0.0 percentage points higher than United States (0.1%), and is 0.0 percentage points lower than Puyallup Reservation (0.1%).",N/A,N/A,"Fife, WA recorded a percentage of households receiving SNAP of 0.1% in 2024, which is on par with Pierce County, Puget Sound Region, Seattle MSA, Washington, and the United States, and also consistent with Puyallup Reservation.",Math Context: Focus value: 0.1%; Pierce County: 0.1% (diff: +0.0 pp); Puget Sound Region: 0.1% (diff: +0.0 pp); Seattle MSA: 0.1% (diff: +0.0 pp); Washington: 0.1% (diff: +0.0 pp); United States: 0.1% (diff: +0.0 pp); Puyallup Reservation: 0.1% (diff: -0.0 pp)
Income,"Fife, WA demonstrates strong stability in poverty metrics, with its population below the poverty line and households receiving SNAP both at 0.1% in 2024, aligning with Pierce County, Washington, and the United States, and showing no change from 2023. However, the city's median household income of $90,532, while nearly $10,000 higher than the United States average, lags significantly behind regional figures like Pierce County ($99,564) and the Puget Sound Region ($115,806). This disparity is further evident in individual earnings; median earnings for full-time male workers in Fife were $67,023, slightly below the national average and considerably less than Pierce County's $76,999. More concerning, full-time female workers in Fife earned $55,479, over $20,000 less than the Puget Sound Region, and experienced a decrease of $760, contrasting with regional increases. Fife's income growth generally trails its neighbors, with only a $17 increase in median household income.","Pierce County's population reached 946,288 in 2025, demonstrating robust long-term growth of 60.2% and a recent 0.7% increase, primarily driven by international migration. The county's demographic shifts include a significant +4,018 growth in the 45 to 49 age group and a +4,807 increase in the hispanic population. Fife, WA, presents a distinct profile with a younger median age of 31.3, a notably low owner-occupied housing rate of 0.4%, and stable, low cost-burden rates (0.5% for renters). While Fife's median household income of $90,532 exceeds the national average, it lags regional peers, with female workers experiencing a $760 decrease in earnings. Despite lower bachelor's degree attainment, Fife maintains a high labor force participation rate of 0.8%.",2023,2024,ACS_Series,"{""Label"": ""Calc-SNAP""}",Change in percent of households receiving SNAP,Percentage,Change in percent of households receiving SNAP in the geography from the previous to current year,"Between 2023 and 2024, Fife, WA experienced a change in of households receiving snap of 0.0%.","Fife, WA's change in of households receiving snap of 0.0% is 0.0 percentage points higher than Pierce County (0.0%).","Fife, WA's change in of households receiving snap of 0.0% is 0.0 percentage points higher than Puget Sound Region (-0.0%), is 0.0 percentage points higher than Seattle MSA (0.0%), is 0.0 percentage points higher than Washington (0.0%), is 0.0 percentage points higher than United States (0.0%), and is 0.0 percentage points higher than Puyallup Reservation (0.0%).",N/A,N/A,"Fife, WA experienced no change in the percent of households receiving SNAP between 2023 and 2024, mirroring the trends observed across Pierce County, Puget Sound Region, Seattle MSA, Washington, United States, and Puyallup Reservation.",Math Context: Focus value: 0.0%; Pierce County: 0.0% (diff: +0.0 pp); Puget Sound Region: -0.0% (diff: +0.0 pp); Seattle MSA: 0.0% (diff: +0.0 pp); Washington: 0.0% (diff: +0.0 pp); United States: 0.0% (diff: +0.0 pp); Puyallup Reservation: 0.0% (diff: +0.0 pp)
Income,"Fife, WA demonstrates strong stability in poverty metrics, with its population below the poverty line and households receiving SNAP both at 0.1% in 2024, aligning with Pierce County, Washington, and the United States, and showing no change from 2023. However, the city's median household income of $90,532, while nearly $10,000 higher than the United States average, lags significantly behind regional figures like Pierce County ($99,564) and the Puget Sound Region ($115,806). This disparity is further evident in individual earnings; median earnings for full-time male workers in Fife were $67,023, slightly below the national average and considerably less than Pierce County's $76,999. More concerning, full-time female workers in Fife earned $55,479, over $20,000 less than the Puget Sound Region, and experienced a decrease of $760, contrasting with regional increases. Fife's income growth generally trails its neighbors, with only a $17 increase in median household income.","Pierce County's population reached 946,288 in 2025, demonstrating robust long-term growth of 60.2% and a recent 0.7% increase, primarily driven by international migration. The county's demographic shifts include a significant +4,018 growth in the 45 to 49 age group and a +4,807 increase in the hispanic population. Fife, WA, presents a distinct profile with a younger median age of 31.3, a notably low owner-occupied housing rate of 0.4%, and stable, low cost-burden rates (0.5% for renters). While Fife's median household income of $90,532 exceeds the national average, it lags regional peers, with female workers experiencing a $760 decrease in earnings. Despite lower bachelor's degree attainment, Fife maintains a high labor force participation rate of 0.8%.",2024,2024,ACS_Series-CPI Table,"{""Label"": ""Calc-Median HH Income""}",Median household income,Numeric,Median household income in the geography in the current year,"In 2024, Fife, WA recorded a median household income of $90,532.","Fife, WA's median household income of $90,532 is smaller than Pierce County ($99,564).","Fife, WA's median household income of $90,532 is larger than United States ($80,734), is smaller than Washington ($98,141), is smaller than Puyallup Reservation ($101,642), is smaller than Seattle MSA ($115,177), and is smaller than Puget Sound Region ($115,806).",N/A,N/A,"Fife, WA recorded a median household income of $90,532 in 2024, which is nearly $10,000 higher than the United States average, yet it is smaller than Pierce County ($99,564) and significantly lower than Washington, Puyallup Reservation, Seattle MSA, and the Puget Sound Region, with differences ranging from over $7,000 to more than $25,000.","Math Context: Focus value: $90,532; Pierce County: $99,564 (diff: -$9,032); United States: $80,734 (diff: +$9,798); Washington: $98,141 (diff: -$7,609); Puyallup Reservation: $101,642 (diff: -$11,110); Seattle MSA: $115,177 (diff: -$24,645); Puget Sound Region: $115,806 (diff: -$25,274)"
Income,"Fife, WA demonstrates strong stability in poverty metrics, with its population below the poverty line and households receiving SNAP both at 0.1% in 2024, aligning with Pierce County, Washington, and the United States, and showing no change from 2023. However, the city's median household income of $90,532, while nearly $10,000 higher than the United States average, lags significantly behind regional figures like Pierce County ($99,564) and the Puget Sound Region ($115,806). This disparity is further evident in individual earnings; median earnings for full-time male workers in Fife were $67,023, slightly below the national average and considerably less than Pierce County's $76,999. More concerning, full-time female workers in Fife earned $55,479, over $20,000 less than the Puget Sound Region, and experienced a decrease of $760, contrasting with regional increases. Fife's income growth generally trails its neighbors, with only a $17 increase in median household income.","Pierce County's population reached 946,288 in 2025, demonstrating robust long-term growth of 60.2% and a recent 0.7% increase, primarily driven by international migration. The county's demographic shifts include a significant +4,018 growth in the 45 to 49 age group and a +4,807 increase in the hispanic population. Fife, WA, presents a distinct profile with a younger median age of 31.3, a notably low owner-occupied housing rate of 0.4%, and stable, low cost-burden rates (0.5% for renters). While Fife's median household income of $90,532 exceeds the national average, it lags regional peers, with female workers experiencing a $760 decrease in earnings. Despite lower bachelor's degree attainment, Fife maintains a high labor force participation rate of 0.8%.",2023,2024,ACS_Series-CPI Table,"{""Label"": ""Calc-Median HH Income""}",Change in median household income,Numeric,"Change in the real median household income in the geography from the previous to current year, in current dollars","Between 2023 and 2024, Fife, WA experienced a change in median household income of $17.","Fife, WA's change in median household income of $17 represents a smaller change compared to Pierce County ($2,932).","Fife, WA's change in median household income of $17 represents a larger change compared to Puyallup Reservation ($-516), represents a smaller change compared to United States ($2,196), represents a smaller change compared to Seattle MSA ($2,583), represents a smaller change compared to Puget Sound Region ($2,985), and represents a smaller change compared to Washington ($3,189).",N/A,N/A,"Fife, WA experienced a modest $17 increase in median household income between 2023 and 2024, a figure substantially lower than the $2,932 gain in Pierce County and the $2,196 increase across the United States, yet it represented a positive change compared to the $-516 decline observed in Puyallup Reservation.","Math Context: Focus value: $17; Pierce County: $2,932 (diff: -$2,915); Puyallup Reservation: $-516 (diff: +$533); United States: $2,196 (diff: -$2,179); Seattle MSA: $2,583 (diff: -$2,566); Puget Sound Region: $2,985 (diff: -$2,968); Washington: $3,189 (diff: -$3,172)"
Income,"Fife, WA demonstrates strong stability in poverty metrics, with its population below the poverty line and households receiving SNAP both at 0.1% in 2024, aligning with Pierce County, Washington, and the United States, and showing no change from 2023. However, the city's median household income of $90,532, while nearly $10,000 higher than the United States average, lags significantly behind regional figures like Pierce County ($99,564) and the Puget Sound Region ($115,806). This disparity is further evident in individual earnings; median earnings for full-time male workers in Fife were $67,023, slightly below the national average and considerably less than Pierce County's $76,999. More concerning, full-time female workers in Fife earned $55,479, over $20,000 less than the Puget Sound Region, and experienced a decrease of $760, contrasting with regional increases. Fife's income growth generally trails its neighbors, with only a $17 increase in median household income.","Pierce County's population reached 946,288 in 2025, demonstrating robust long-term growth of 60.2% and a recent 0.7% increase, primarily driven by international migration. The county's demographic shifts include a significant +4,018 growth in the 45 to 49 age group and a +4,807 increase in the hispanic population. Fife, WA, presents a distinct profile with a younger median age of 31.3, a notably low owner-occupied housing rate of 0.4%, and stable, low cost-burden rates (0.5% for renters). While Fife's median household income of $90,532 exceeds the national average, it lags regional peers, with female workers experiencing a $760 decrease in earnings. Despite lower bachelor's degree attainment, Fife maintains a high labor force participation rate of 0.8%.",2024,2024,ACS_Series-CPI Table,"{""Label"": ""Calc-Median earnings Male""}",Median earnings for full-time male workers,Numeric,Median earnings for full-time male workers in the geography in the current year,"In 2024, Fife, WA recorded a median earnings for full-time male workers of 67,023.","Fife, WA's median earnings for full-time male workers of 67,023 is smaller than Pierce County (76,999).","Fife, WA's median earnings for full-time male workers of 67,023 is smaller than United States (67,361), is smaller than Puyallup Reservation (75,438), is smaller than Washington (82,572), is smaller than Seattle MSA (95,697), and is smaller than Puget Sound Region (97,420).",N/A,N/A,"Fife, WA recorded median earnings for full-time male workers of $67,023 in 2024, which is slightly below the United States average of $67,361, and notably lower than Pierce County ($76,999), Washington ($82,572), and the broader Seattle MSA ($95,697) and Puget Sound Region ($97,420).","Math Context: Focus value: 67,023; Pierce County: 76,999 (diff: -9,976); United States: 67,361 (diff: -338); Puyallup Reservation: 75,438 (diff: -8,415); Washington: 82,572 (diff: -15,549); Seattle MSA: 95,697 (diff: -28,674); Puget Sound Region: 97,420 (diff: -30,397)"
Income,"Fife, WA demonstrates strong stability in poverty metrics, with its population below the poverty line and households receiving SNAP both at 0.1% in 2024, aligning with Pierce County, Washington, and the United States, and showing no change from 2023. However, the city's median household income of $90,532, while nearly $10,000 higher than the United States average, lags significantly behind regional figures like Pierce County ($99,564) and the Puget Sound Region ($115,806). This disparity is further evident in individual earnings; median earnings for full-time male workers in Fife were $67,023, slightly below the national average and considerably less than Pierce County's $76,999. More concerning, full-time female workers in Fife earned $55,479, over $20,000 less than the Puget Sound Region, and experienced a decrease of $760, contrasting with regional increases. Fife's income growth generally trails its neighbors, with only a $17 increase in median household income.","Pierce County's population reached 946,288 in 2025, demonstrating robust long-term growth of 60.2% and a recent 0.7% increase, primarily driven by international migration. The county's demographic shifts include a significant +4,018 growth in the 45 to 49 age group and a +4,807 increase in the hispanic population. Fife, WA, presents a distinct profile with a younger median age of 31.3, a notably low owner-occupied housing rate of 0.4%, and stable, low cost-burden rates (0.5% for renters). While Fife's median household income of $90,532 exceeds the national average, it lags regional peers, with female workers experiencing a $760 decrease in earnings. Despite lower bachelor's degree attainment, Fife maintains a high labor force participation rate of 0.8%.",2023,2024,ACS_Series-CPI Table,"{""Label"": ""Calc-Median earnings Male""}",Change in median earnings for full-time male workers,Numeric,"Change in the real median earnings of full-time male workers in the geography from the previous to current year, in current dollars","Between 2023 and 2024, Fife, WA experienced a change in median earnings for full-time male workers of +713.","Fife, WA's change in median earnings for full-time male workers of +713 represents a smaller change compared to Pierce County (+2,875).","Fife, WA's change in median earnings for full-time male workers of +713 represents a smaller change compared to United States (+1,697), represents a smaller change compared to Puyallup Reservation (+1,974), represents a smaller change compared to Washington (+2,966), represents a smaller change compared to Seattle MSA (+3,985), and represents a smaller change compared to Puget Sound Region (+3,994).",N/A,N/A,"Fife, WA experienced a change in median earnings for full-time male workers of +713 between 2023 and 2024, a figure notably smaller than Pierce County (+2,875), the United States (+1,697), and significantly less than the Puget Sound Region (+3,994).","Math Context: Focus value: +713; Pierce County: +2,875 (diff: -+2,162); United States: +1,697 (diff: -+984); Puyallup Reservation: +1,974 (diff: -+1,261); Washington: +2,966 (diff: -+2,253); Seattle MSA: +3,985 (diff: -+3,272); Puget Sound Region: +3,994 (diff: -+3,281)"
Income,"Fife, WA demonstrates strong stability in poverty metrics, with its population below the poverty line and households receiving SNAP both at 0.1% in 2024, aligning with Pierce County, Washington, and the United States, and showing no change from 2023. However, the city's median household income of $90,532, while nearly $10,000 higher than the United States average, lags significantly behind regional figures like Pierce County ($99,564) and the Puget Sound Region ($115,806). This disparity is further evident in individual earnings; median earnings for full-time male workers in Fife were $67,023, slightly below the national average and considerably less than Pierce County's $76,999. More concerning, full-time female workers in Fife earned $55,479, over $20,000 less than the Puget Sound Region, and experienced a decrease of $760, contrasting with regional increases. Fife's income growth generally trails its neighbors, with only a $17 increase in median household income.","Pierce County's population reached 946,288 in 2025, demonstrating robust long-term growth of 60.2% and a recent 0.7% increase, primarily driven by international migration. The county's demographic shifts include a significant +4,018 growth in the 45 to 49 age group and a +4,807 increase in the hispanic population. Fife, WA, presents a distinct profile with a younger median age of 31.3, a notably low owner-occupied housing rate of 0.4%, and stable, low cost-burden rates (0.5% for renters). While Fife's median household income of $90,532 exceeds the national average, it lags regional peers, with female workers experiencing a $760 decrease in earnings. Despite lower bachelor's degree attainment, Fife maintains a high labor force participation rate of 0.8%.",2024,2024,ACS_Series-CPI Table,"{""Label"": ""Calc-Median earnings Female""}",Median earnings for full-time female workers,Numeric,Median earnings for full-time female workers in the geography in the current year,"In 2024, Fife, WA recorded a median earnings for full-time female workers of 55,479.","Fife, WA's median earnings for full-time female workers of 55,479 is smaller than Pierce County (63,149).","Fife, WA's median earnings for full-time female workers of 55,479 is larger than United States (55,274), is smaller than Puyallup Reservation (63,932), is smaller than Washington (66,363), is smaller than Seattle MSA (75,838), and is smaller than Puget Sound Region (76,267).",N/A,N/A,"Fife, WA's median earnings for full-time female workers in 2024 stood at $55,479, falling $7,670 below Pierce County's $63,149 and significantly trailing the broader regional averages of Seattle MSA ($75,838) and Puget Sound Region ($76,267) by over $20,000.","Math Context: Focus value: 55,479; Pierce County: 63,149 (diff: -7,670); United States: 55,274 (diff: +205); Puyallup Reservation: 63,932 (diff: -8,453); Washington: 66,363 (diff: -10,884); Seattle MSA: 75,838 (diff: -20,359); Puget Sound Region: 76,267 (diff: -20,788)"
Income,"Fife, WA demonstrates strong stability in poverty metrics, with its population below the poverty line and households receiving SNAP both at 0.1% in 2024, aligning with Pierce County, Washington, and the United States, and showing no change from 2023. However, the city's median household income of $90,532, while nearly $10,000 higher than the United States average, lags significantly behind regional figures like Pierce County ($99,564) and the Puget Sound Region ($115,806). This disparity is further evident in individual earnings; median earnings for full-time male workers in Fife were $67,023, slightly below the national average and considerably less than Pierce County's $76,999. More concerning, full-time female workers in Fife earned $55,479, over $20,000 less than the Puget Sound Region, and experienced a decrease of $760, contrasting with regional increases. Fife's income growth generally trails its neighbors, with only a $17 increase in median household income.","Pierce County's population reached 946,288 in 2025, demonstrating robust long-term growth of 60.2% and a recent 0.7% increase, primarily driven by international migration. The county's demographic shifts include a significant +4,018 growth in the 45 to 49 age group and a +4,807 increase in the hispanic population. Fife, WA, presents a distinct profile with a younger median age of 31.3, a notably low owner-occupied housing rate of 0.4%, and stable, low cost-burden rates (0.5% for renters). While Fife's median household income of $90,532 exceeds the national average, it lags regional peers, with female workers experiencing a $760 decrease in earnings. Despite lower bachelor's degree attainment, Fife maintains a high labor force participation rate of 0.8%.",2023,2024,ACS_Series-CPI Table,"{""Label"": ""Calc-Median earnings Female""}",Change in median earnings for full-time female workers,Numeric,"Change in the real median earnings of full-time female workers in the geography from the previous to current year, in current dollars","Between 2023 and 2024, Fife, WA experienced a change in median earnings for full-time female workers of -760.","Fife, WA's change in median earnings for full-time female workers of -760 represents a smaller change compared to Pierce County (+2,454).","Fife, WA's change in median earnings for full-time female workers of -760 represents a smaller change compared to Puyallup Reservation (+1,225), represents a smaller change compared to United States (+1,829), represents a smaller change compared to Washington (+3,080), represents a smaller change compared to Seattle MSA (+3,704), and represents a smaller change compared to Puget Sound Region (+3,739).",N/A,N/A,"Fife, WA experienced a decrease of -760 in median earnings for full-time female workers between 2023 and 2024, a significantly smaller change compared to the increases observed in Pierce County (+2,454) and broader regions like Washington (+3,080) and the Puget Sound Region (+3,739).","Math Context: Focus value: -760; Pierce County: +2,454 (diff: -+3,214); Puyallup Reservation: +1,225 (diff: -+1,985); United States: +1,829 (diff: -+2,589); Washington: +3,080 (diff: -+3,840); Seattle MSA: +3,704 (diff: -+4,464); Puget Sound Region: +3,739 (diff: -+4,499)"
Workforce,"Fife, WA's workforce in 2024 shows a 0.1% bachelor's degree attainment among its 25+ population, aligning with Pierce County but 0.1 percentage points below Washington and the Seattle MSA. All educational attainment rates remained stable from 2023. Conversely, Fife's overall labor force participation rate was 0.8%, exceeding Pierce County and the United States by 0.1 percentage points. This higher participation is consistent across both female (0.7%) and male (0.8%) segments, each 0.1 percentage points above most comparison areas. These participation rates, like educational attainment, saw no year-over-year change. Additionally, Fife recorded a 0.1% work-from-home rate, 0.1 percentage points below Washington, and a 0.0% self-employment rate, both of which were stable since 2023.","Pierce County's population reached 946,288 in 2025, demonstrating robust long-term growth of 60.2% and a recent 0.7% increase, primarily driven by international migration. The county's demographic shifts include a significant +4,018 growth in the 45 to 49 age group and a +4,807 increase in the hispanic population. Fife, WA, presents a distinct profile with a younger median age of 31.3, a notably low owner-occupied housing rate of 0.4%, and stable, low cost-burden rates (0.5% for renters). While Fife's median household income of $90,532 exceeds the national average, it lags regional peers, with female workers experiencing a $760 decrease in earnings. Despite lower bachelor's degree attainment, Fife maintains a high labor force participation rate of 0.8%.",2024,2024,ACS_Series,"{""Label"": ""Calc-LFPR""}",Labor force participation rate,Percentage,Labor force participation rate in the geography in the current year,"In 2024, Fife, WA recorded a labor force participation rate of 0.8%.","Fife, WA's labor force participation rate of 0.8% is 0.1 percentage points higher than Pierce County (0.7%).","Fife, WA's labor force participation rate of 0.8% is 0.1 percentage points higher than United States (0.6%), is 0.1 percentage points higher than Washington (0.6%), is 0.1 percentage points higher than Puyallup Reservation (0.7%), is 0.1 percentage points higher than Puget Sound Region (0.7%), and is 0.1 percentage points higher than Seattle MSA (0.7%).",N/A,N/A,"Fife, WA recorded a labor force participation rate of 0.8% in 2024, which was 0.1 percentage points higher than Pierce County, the United States, Washington, Puyallup Reservation, Puget Sound Region, and Seattle MSA.",Math Context: Focus value: 0.8%; Pierce County: 0.7% (diff: +0.1 pp); United States: 0.6% (diff: +0.1 pp); Washington: 0.6% (diff: +0.1 pp); Puyallup Reservation: 0.7% (diff: +0.1 pp); Puget Sound Region: 0.7% (diff: +0.1 pp); Seattle MSA: 0.7% (diff: +0.1 pp)
Workforce,"Fife, WA's workforce in 2024 shows a 0.1% bachelor's degree attainment among its 25+ population, aligning with Pierce County but 0.1 percentage points below Washington and the Seattle MSA. All educational attainment rates remained stable from 2023. Conversely, Fife's overall labor force participation rate was 0.8%, exceeding Pierce County and the United States by 0.1 percentage points. This higher participation is consistent across both female (0.7%) and male (0.8%) segments, each 0.1 percentage points above most comparison areas. These participation rates, like educational attainment, saw no year-over-year change. Additionally, Fife recorded a 0.1% work-from-home rate, 0.1 percentage points below Washington, and a 0.0% self-employment rate, both of which were stable since 2023.","Pierce County's population reached 946,288 in 2025, demonstrating robust long-term growth of 60.2% and a recent 0.7% increase, primarily driven by international migration. The county's demographic shifts include a significant +4,018 growth in the 45 to 49 age group and a +4,807 increase in the hispanic population. Fife, WA, presents a distinct profile with a younger median age of 31.3, a notably low owner-occupied housing rate of 0.4%, and stable, low cost-burden rates (0.5% for renters). While Fife's median household income of $90,532 exceeds the national average, it lags regional peers, with female workers experiencing a $760 decrease in earnings. Despite lower bachelor's degree attainment, Fife maintains a high labor force participation rate of 0.8%.",2023,2024,ACS_Series,"{""Label"": ""Calc-LFPR""}",Change in labor force participation rate,Percentage,Change in labor force participation rate in the geography from the previous to current year,"Between 2023 and 2024, Fife, WA experienced a change in labor force participation rate of 0.0%.","Fife, WA's change in labor force participation rate of 0.0% is 0.0 percentage points higher than Pierce County (-0.0%).","Fife, WA's change in labor force participation rate of 0.0% is 0.0 percentage points higher than Puget Sound Region (-0.0%), is 0.0 percentage points higher than Washington (-0.0%), is 0.0 percentage points higher than Seattle MSA (-0.0%), is 0.0 percentage points higher than Puyallup Reservation (-0.0%), and is 0.0 percentage points higher than United States (-0.0%).",N/A,N/A,"Fife, WA experienced a 0.0% change in labor force participation rate between 2023 and 2024, which was identical to Pierce County, Puget Sound Region, Washington, Seattle MSA, Puyallup Reservation, and United States.",Math Context: Focus value: 0.0%; Pierce County: -0.0% (diff: +0.0 pp); Puget Sound Region: -0.0% (diff: +0.0 pp); Washington: -0.0% (diff: +0.0 pp); Seattle MSA: -0.0% (diff: +0.0 pp); Puyallup Reservation: -0.0% (diff: +0.0 pp); United States: -0.0% (diff: +0.0 pp)
Workforce,"Fife, WA's workforce in 2024 shows a 0.1% bachelor's degree attainment among its 25+ population, aligning with Pierce County but 0.1 percentage points below Washington and the Seattle MSA. All educational attainment rates remained stable from 2023. Conversely, Fife's overall labor force participation rate was 0.8%, exceeding Pierce County and the United States by 0.1 percentage points. This higher participation is consistent across both female (0.7%) and male (0.8%) segments, each 0.1 percentage points above most comparison areas. These participation rates, like educational attainment, saw no year-over-year change. Additionally, Fife recorded a 0.1% work-from-home rate, 0.1 percentage points below Washington, and a 0.0% self-employment rate, both of which were stable since 2023.","Pierce County's population reached 946,288 in 2025, demonstrating robust long-term growth of 60.2% and a recent 0.7% increase, primarily driven by international migration. The county's demographic shifts include a significant +4,018 growth in the 45 to 49 age group and a +4,807 increase in the hispanic population. Fife, WA, presents a distinct profile with a younger median age of 31.3, a notably low owner-occupied housing rate of 0.4%, and stable, low cost-burden rates (0.5% for renters). While Fife's median household income of $90,532 exceeds the national average, it lags regional peers, with female workers experiencing a $760 decrease in earnings. Despite lower bachelor's degree attainment, Fife maintains a high labor force participation rate of 0.8%.",2024,2024,ACS_Series,"{""Label"": ""Calc-LFPR-F""}",Female labor force participation rate,Percentage,Female labor force participation rate in the geography in the current year,"In 2024, Fife, WA recorded a female labor force participation rate of 0.7%.","Fife, WA's female labor force participation rate of 0.7% is 0.1 percentage points higher than Pierce County (0.6%).","Fife, WA's female labor force participation rate of 0.7% is 0.1 percentage points higher than United States (0.6%), is 0.1 percentage points higher than Washington (0.6%), is 0.1 percentage points higher than Puyallup Reservation (0.6%), is 0.1 percentage points higher than Seattle MSA (0.6%), and is 0.1 percentage points higher than Puget Sound Region (0.6%).",N/A,N/A,"Fife, WA's female labor force participation rate in 2024 was 0.7%, which is 0.1 percentage points higher than Pierce County, United States, Washington, Puyallup Reservation, Seattle MSA, and the Puget Sound Region, all of which recorded 0.6%.",Math Context: Focus value: 0.7%; Pierce County: 0.6% (diff: +0.1 pp); United States: 0.6% (diff: +0.1 pp); Washington: 0.6% (diff: +0.1 pp); Puyallup Reservation: 0.6% (diff: +0.1 pp); Seattle MSA: 0.6% (diff: +0.1 pp); Puget Sound Region: 0.6% (diff: +0.1 pp)
Workforce,"Fife, WA's workforce in 2024 shows a 0.1% bachelor's degree attainment among its 25+ population, aligning with Pierce County but 0.1 percentage points below Washington and the Seattle MSA. All educational attainment rates remained stable from 2023. Conversely, Fife's overall labor force participation rate was 0.8%, exceeding Pierce County and the United States by 0.1 percentage points. This higher participation is consistent across both female (0.7%) and male (0.8%) segments, each 0.1 percentage points above most comparison areas. These participation rates, like educational attainment, saw no year-over-year change. Additionally, Fife recorded a 0.1% work-from-home rate, 0.1 percentage points below Washington, and a 0.0% self-employment rate, both of which were stable since 2023.","Pierce County's population reached 946,288 in 2025, demonstrating robust long-term growth of 60.2% and a recent 0.7% increase, primarily driven by international migration. The county's demographic shifts include a significant +4,018 growth in the 45 to 49 age group and a +4,807 increase in the hispanic population. Fife, WA, presents a distinct profile with a younger median age of 31.3, a notably low owner-occupied housing rate of 0.4%, and stable, low cost-burden rates (0.5% for renters). While Fife's median household income of $90,532 exceeds the national average, it lags regional peers, with female workers experiencing a $760 decrease in earnings. Despite lower bachelor's degree attainment, Fife maintains a high labor force participation rate of 0.8%.",2023,2024,ACS_Series,"{""Label"": ""Calc-LFPR-F""}",Change in female labor force participation rate,Percentage,Change in female labor force participation rate in the geography from the previous to current year,"Between 2023 and 2024, Fife, WA experienced a change in female labor force participation rate of 0.0%.","Fife, WA's change in female labor force participation rate of 0.0% is 0.0 percentage points higher than Pierce County (0.0%).","Fife, WA's change in female labor force participation rate of 0.0% is 0.0 percentage points higher than United States (0.0%), is 0.0 percentage points higher than Washington (0.0%), is 0.0 percentage points higher than Seattle MSA (0.0%), is 0.0 percentage points higher than Puget Sound Region (0.0%), and is 0.0 percentage points higher than Puyallup Reservation (0.0%).",N/A,N/A,"Fife, WA's female labor force participation rate experienced no change between 2023 and 2024, registering 0.0%, a figure that was also observed across Pierce County, United States, Washington, Seattle MSA, Puget Sound Region, and Puyallup Reservation.",Math Context: Focus value: 0.0%; Pierce County: 0.0% (diff: +0.0 pp); United States: 0.0% (diff: +0.0 pp); Washington: 0.0% (diff: +0.0 pp); Seattle MSA: 0.0% (diff: +0.0 pp); Puget Sound Region: 0.0% (diff: +0.0 pp); Puyallup Reservation: 0.0% (diff: +0.0 pp)
Workforce,"Fife, WA's workforce in 2024 shows a 0.1% bachelor's degree attainment among its 25+ population, aligning with Pierce County but 0.1 percentage points below Washington and the Seattle MSA. All educational attainment rates remained stable from 2023. Conversely, Fife's overall labor force participation rate was 0.8%, exceeding Pierce County and the United States by 0.1 percentage points. This higher participation is consistent across both female (0.7%) and male (0.8%) segments, each 0.1 percentage points above most comparison areas. These participation rates, like educational attainment, saw no year-over-year change. Additionally, Fife recorded a 0.1% work-from-home rate, 0.1 percentage points below Washington, and a 0.0% self-employment rate, both of which were stable since 2023.","Pierce County's population reached 946,288 in 2025, demonstrating robust long-term growth of 60.2% and a recent 0.7% increase, primarily driven by international migration. The county's demographic shifts include a significant +4,018 growth in the 45 to 49 age group and a +4,807 increase in the hispanic population. Fife, WA, presents a distinct profile with a younger median age of 31.3, a notably low owner-occupied housing rate of 0.4%, and stable, low cost-burden rates (0.5% for renters). While Fife's median household income of $90,532 exceeds the national average, it lags regional peers, with female workers experiencing a $760 decrease in earnings. Despite lower bachelor's degree attainment, Fife maintains a high labor force participation rate of 0.8%.",2024,2024,ACS_Series,"{""Label"": ""Calc-LFPR-M""}",Male labor force participation rate,Percentage,Male labor force participation rate in the geography in the current year,"In 2024, Fife, WA recorded a male labor force participation rate of 0.8%.","Fife, WA's male labor force participation rate of 0.8% is 0.1 percentage points higher than Pierce County (0.7%).","Fife, WA's male labor force participation rate of 0.8% is 0.1 percentage points higher than United States (0.7%), is 0.1 percentage points higher than Washington (0.7%), is 0.1 percentage points higher than Puget Sound Region (0.7%), is 0.1 percentage points higher than Puyallup Reservation (0.7%), and is 0.1 percentage points higher than Seattle MSA (0.7%).",N/A,N/A,"Fife, WA recorded a male labor force participation rate of 0.8% in 2024, which is 0.1 percentage points higher than the 0.7% observed in Pierce County, the United States, Washington, the Puget Sound Region, Puyallup Reservation, and the Seattle MSA.",Math Context: Focus value: 0.8%; Pierce County: 0.7% (diff: +0.1 pp); United States: 0.7% (diff: +0.1 pp); Washington: 0.7% (diff: +0.1 pp); Puget Sound Region: 0.7% (diff: +0.1 pp); Puyallup Reservation: 0.7% (diff: +0.1 pp); Seattle MSA: 0.7% (diff: +0.1 pp)
Workforce,"Fife, WA's workforce in 2024 shows a 0.1% bachelor's degree attainment among its 25+ population, aligning with Pierce County but 0.1 percentage points below Washington and the Seattle MSA. All educational attainment rates remained stable from 2023. Conversely, Fife's overall labor force participation rate was 0.8%, exceeding Pierce County and the United States by 0.1 percentage points. This higher participation is consistent across both female (0.7%) and male (0.8%) segments, each 0.1 percentage points above most comparison areas. These participation rates, like educational attainment, saw no year-over-year change. Additionally, Fife recorded a 0.1% work-from-home rate, 0.1 percentage points below Washington, and a 0.0% self-employment rate, both of which were stable since 2023.","Pierce County's population reached 946,288 in 2025, demonstrating robust long-term growth of 60.2% and a recent 0.7% increase, primarily driven by international migration. The county's demographic shifts include a significant +4,018 growth in the 45 to 49 age group and a +4,807 increase in the hispanic population. Fife, WA, presents a distinct profile with a younger median age of 31.3, a notably low owner-occupied housing rate of 0.4%, and stable, low cost-burden rates (0.5% for renters). While Fife's median household income of $90,532 exceeds the national average, it lags regional peers, with female workers experiencing a $760 decrease in earnings. Despite lower bachelor's degree attainment, Fife maintains a high labor force participation rate of 0.8%.",2023,2024,ACS_Series,"{""Label"": ""Calc-LFPR-M""}",Change in male labor force participation rate,Percentage,Change in male labor force participation rate in the geography from the previous to current year,"Between 2023 and 2024, Fife, WA experienced a change in male labor force participation rate of -0.0%.","Fife, WA's change in male labor force participation rate of -0.0% is 0.0 percentage points lower than Pierce County (-0.0%).","Fife, WA's change in male labor force participation rate of -0.0% is 0.0 percentage points lower than Puget Sound Region (-0.0%), is 0.0 percentage points lower than Puyallup Reservation (-0.0%), is 0.0 percentage points lower than Seattle MSA (-0.0%), is 0.0 percentage points lower than Washington (-0.0%), and is 0.0 percentage points lower than United States (-0.0%).",N/A,N/A,"Fife, WA's male labor force participation rate remained unchanged at -0.0% between 2023 and 2024, consistent with Pierce County, Puget Sound Region, Puyallup Reservation, Seattle MSA, Washington, and the United States.",Math Context: Focus value: -0.0%; Pierce County: -0.0% (diff: -0.0 pp); Puget Sound Region: -0.0% (diff: -0.0 pp); Puyallup Reservation: -0.0% (diff: -0.0 pp); Seattle MSA: -0.0% (diff: -0.0 pp); Washington: -0.0% (diff: -0.0 pp); United States: -0.0% (diff: -0.0 pp)
Workforce,"Fife, WA's workforce in 2024 shows a 0.1% bachelor's degree attainment among its 25+ population, aligning with Pierce County but 0.1 percentage points below Washington and the Seattle MSA. All educational attainment rates remained stable from 2023. Conversely, Fife's overall labor force participation rate was 0.8%, exceeding Pierce County and the United States by 0.1 percentage points. This higher participation is consistent across both female (0.7%) and male (0.8%) segments, each 0.1 percentage points above most comparison areas. These participation rates, like educational attainment, saw no year-over-year change. Additionally, Fife recorded a 0.1% work-from-home rate, 0.1 percentage points below Washington, and a 0.0% self-employment rate, both of which were stable since 2023.","Pierce County's population reached 946,288 in 2025, demonstrating robust long-term growth of 60.2% and a recent 0.7% increase, primarily driven by international migration. The county's demographic shifts include a significant +4,018 growth in the 45 to 49 age group and a +4,807 increase in the hispanic population. Fife, WA, presents a distinct profile with a younger median age of 31.3, a notably low owner-occupied housing rate of 0.4%, and stable, low cost-burden rates (0.5% for renters). While Fife's median household income of $90,532 exceeds the national average, it lags regional peers, with female workers experiencing a $760 decrease in earnings. Despite lower bachelor's degree attainment, Fife maintains a high labor force participation rate of 0.8%.",2024,2024,ACS_Series,"{""Label"": ""Calc-Worked from home""}",Percent of workers working from home,Percentage,Percent of workers working from home in the geography in the current year,"In 2024, Fife, WA recorded a of workers working from home of 0.1%.","Fife, WA's of workers working from home of 0.1% is 0.0 percentage points lower than Pierce County (0.1%).","Fife, WA's of workers working from home of 0.1% is 0.0 percentage points lower than Puyallup Reservation (0.1%), is 0.0 percentage points lower than United States (0.2%), is 0.1 percentage points lower than Washington (0.2%), is 0.1 percentage points lower than Puget Sound Region (0.2%), and is 0.1 percentage points lower than Seattle MSA (0.2%).",N/A,N/A,"Fife, WA recorded a percent of workers working from home of 0.1% in 2024, which was on par with Pierce County and Puyallup Reservation, 0.0 percentage points lower than the United States (0.2%), and 0.1 percentage points lower than Washington, the Puget Sound Region, and Seattle MSA, all of which reported 0.2%.",Math Context: Focus value: 0.1%; Pierce County: 0.1% (diff: -0.0 pp); Puyallup Reservation: 0.1% (diff: -0.0 pp); United States: 0.2% (diff: -0.0 pp); Washington: 0.2% (diff: -0.1 pp); Puget Sound Region: 0.2% (diff: -0.1 pp); Seattle MSA: 0.2% (diff: -0.1 pp)
Workforce,"Fife, WA's workforce in 2024 shows a 0.1% bachelor's degree attainment among its 25+ population, aligning with Pierce County but 0.1 percentage points below Washington and the Seattle MSA. All educational attainment rates remained stable from 2023. Conversely, Fife's overall labor force participation rate was 0.8%, exceeding Pierce County and the United States by 0.1 percentage points. This higher participation is consistent across both female (0.7%) and male (0.8%) segments, each 0.1 percentage points above most comparison areas. These participation rates, like educational attainment, saw no year-over-year change. Additionally, Fife recorded a 0.1% work-from-home rate, 0.1 percentage points below Washington, and a 0.0% self-employment rate, both of which were stable since 2023.","Pierce County's population reached 946,288 in 2025, demonstrating robust long-term growth of 60.2% and a recent 0.7% increase, primarily driven by international migration. The county's demographic shifts include a significant +4,018 growth in the 45 to 49 age group and a +4,807 increase in the hispanic population. Fife, WA, presents a distinct profile with a younger median age of 31.3, a notably low owner-occupied housing rate of 0.4%, and stable, low cost-burden rates (0.5% for renters). While Fife's median household income of $90,532 exceeds the national average, it lags regional peers, with female workers experiencing a $760 decrease in earnings. Despite lower bachelor's degree attainment, Fife maintains a high labor force participation rate of 0.8%.",2023,2024,ACS_Series,"{""Label"": ""Calc-Worked from home""}",Change in percent of workers working from home,Percentage,Change in percent of workers working from home in the geography from the previous to current year,"Between 2023 and 2024, Fife, WA experienced a change in of workers working from home of 0.0%.","Fife, WA's change in of workers working from home of 0.0% is 0.0 percentage points lower than Pierce County (0.0%).","Fife, WA's change in of workers working from home of 0.0% is 0.0 percentage points higher than Puget Sound Region (0.0%), is 0.0 percentage points lower than Puyallup Reservation (0.0%), is 0.0 percentage points lower than United States (0.0%), is 0.0 percentage points lower than Washington (0.0%), and is 0.0 percentage points lower than Seattle MSA (0.0%).",N/A,N/A,"Fife, WA experienced no change in the percentage of workers working from home between 2023 and 2024, remaining at 0.0%, which was consistent with Pierce County, Puget Sound Region, Puyallup Reservation, United States, Washington, and Seattle MSA.",Math Context: Focus value: 0.0%; Pierce County: 0.0% (diff: -0.0 pp); Puget Sound Region: 0.0% (diff: +0.0 pp); Puyallup Reservation: 0.0% (diff: -0.0 pp); United States: 0.0% (diff: -0.0 pp); Washington: 0.0% (diff: -0.0 pp); Seattle MSA: 0.0% (diff: -0.0 pp)
Workforce,"Fife, WA's workforce in 2024 shows a 0.1% bachelor's degree attainment among its 25+ population, aligning with Pierce County but 0.1 percentage points below Washington and the Seattle MSA. All educational attainment rates remained stable from 2023. Conversely, Fife's overall labor force participation rate was 0.8%, exceeding Pierce County and the United States by 0.1 percentage points. This higher participation is consistent across both female (0.7%) and male (0.8%) segments, each 0.1 percentage points above most comparison areas. These participation rates, like educational attainment, saw no year-over-year change. Additionally, Fife recorded a 0.1% work-from-home rate, 0.1 percentage points below Washington, and a 0.0% self-employment rate, both of which were stable since 2023.","Pierce County's population reached 946,288 in 2025, demonstrating robust long-term growth of 60.2% and a recent 0.7% increase, primarily driven by international migration. The county's demographic shifts include a significant +4,018 growth in the 45 to 49 age group and a +4,807 increase in the hispanic population. Fife, WA, presents a distinct profile with a younger median age of 31.3, a notably low owner-occupied housing rate of 0.4%, and stable, low cost-burden rates (0.5% for renters). While Fife's median household income of $90,532 exceeds the national average, it lags regional peers, with female workers experiencing a $760 decrease in earnings. Despite lower bachelor's degree attainment, Fife maintains a high labor force participation rate of 0.8%.",2024,2024,ACS_Series,"{""Label"": ""Calc-Self-Emp""}",Percent of workers who are self-employed,Percentage,Percent of workers who are self-employed in the geography in the current year,"In 2024, Fife, WA recorded a of workers who are self-employed of 0.0%.","Fife, WA's of workers who are self-employed of 0.0% is 0.0 percentage points lower than Pierce County (0.0%).","Fife, WA's of workers who are self-employed of 0.0% is 0.0 percentage points lower than Puyallup Reservation (0.0%), is 0.0 percentage points lower than Puget Sound Region (0.1%), is 0.0 percentage points lower than Seattle MSA (0.1%), is 0.0 percentage points lower than Washington (0.1%), and is 0.0 percentage points lower than United States (0.1%).",N/A,N/A,"Fife, WA recorded 0.0% of workers who are self-employed in 2024, a rate that is consistent with Pierce County, Puyallup Reservation, the Puget Sound Region, Seattle MSA, Washington, and the United States.",Math Context: Focus value: 0.0%; Pierce County: 0.0% (diff: -0.0 pp); Puyallup Reservation: 0.0% (diff: -0.0 pp); Puget Sound Region: 0.1% (diff: -0.0 pp); Seattle MSA: 0.1% (diff: -0.0 pp); Washington: 0.1% (diff: -0.0 pp); United States: 0.1% (diff: -0.0 pp)
Workforce,"Fife, WA's workforce in 2024 shows a 0.1% bachelor's degree attainment among its 25+ population, aligning with Pierce County but 0.1 percentage points below Washington and the Seattle MSA. All educational attainment rates remained stable from 2023. Conversely, Fife's overall labor force participation rate was 0.8%, exceeding Pierce County and the United States by 0.1 percentage points. This higher participation is consistent across both female (0.7%) and male (0.8%) segments, each 0.1 percentage points above most comparison areas. These participation rates, like educational attainment, saw no year-over-year change. Additionally, Fife recorded a 0.1% work-from-home rate, 0.1 percentage points below Washington, and a 0.0% self-employment rate, both of which were stable since 2023.","Pierce County's population reached 946,288 in 2025, demonstrating robust long-term growth of 60.2% and a recent 0.7% increase, primarily driven by international migration. The county's demographic shifts include a significant +4,018 growth in the 45 to 49 age group and a +4,807 increase in the hispanic population. Fife, WA, presents a distinct profile with a younger median age of 31.3, a notably low owner-occupied housing rate of 0.4%, and stable, low cost-burden rates (0.5% for renters). While Fife's median household income of $90,532 exceeds the national average, it lags regional peers, with female workers experiencing a $760 decrease in earnings. Despite lower bachelor's degree attainment, Fife maintains a high labor force participation rate of 0.8%.",2023,2024,ACS_Series,"{""Label"": ""Calc-Self-Emp""}",Change in percent of workers who are self-employed,Percentage,Change in percent of workers who are self-employed in the geography from the previous to current year,"Between 2023 and 2024, Fife, WA experienced a change in of workers who are self-employed of 0.0%.","Fife, WA's change in of workers who are self-employed of 0.0% is 0.0 percentage points higher than Pierce County (-0.0%).","Fife, WA's change in of workers who are self-employed of 0.0% is 0.0 percentage points higher than Puyallup Reservation (-0.0%), is 0.0 percentage points higher than Puget Sound Region (-0.0%), is 0.0 percentage points higher than Washington (-0.0%), is 0.0 percentage points higher than Seattle MSA (-0.0%), and is 0.0 percentage points higher than United States (0.0%).",N/A,N/A,"Fife, WA experienced a 0.0% change in the percentage of self-employed workers between 2023 and 2024, a trend consistent with Pierce County, Puyallup Reservation, Puget Sound Region, Washington, Seattle MSA, and the United States.",Math Context: Focus value: 0.0%; Pierce County: -0.0% (diff: +0.0 pp); Puyallup Reservation: -0.0% (diff: +0.0 pp); Puget Sound Region: -0.0% (diff: +0.0 pp); Washington: -0.0% (diff: +0.0 pp); Seattle MSA: -0.0% (diff: +0.0 pp); United States: 0.0% (diff: +0.0 pp)
Housing Values,"In 2024, Fife, WA demonstrated remarkably low and stable housing cost-burden rates, with renter households at 0.5% and owner households at 0.4%, both showing no change from 2023. While the renter cost-burden rate was identical across all comparison geographies, Fife's owner cost-burden rate was slightly higher by 0.1 percentage points compared to Pierce County and the United States. Looking ahead to 2026, Fife's housing market reflects a higher cost environment than national averages but remains more accessible than the broader Seattle Metropolitan Area. The median value of owner-occupied housing units in Fife is projected at $543,100, significantly exceeding the United States' $332,700, yet remaining below the Seattle MSA's $717,500. Similarly, Fife's median monthly rent of $1,889 surpasses the national average of $1,413 but is less than the Seattle MSA's $2,000. The median listing price in Fife for 2026 is $651,500, notably higher than the United States' $425,000, but still over.","Pierce County's population reached 946,288 in 2025, demonstrating robust long-term growth of 60.2% and a recent 0.7% increase, primarily driven by international migration. The county's demographic shifts include a significant +4,018 growth in the 45 to 49 age group and a +4,807 increase in the hispanic population. Fife, WA, presents a distinct profile with a younger median age of 31.3, a notably low owner-occupied housing rate of 0.4%, and stable, low cost-burden rates (0.5% for renters). While Fife's median household income of $90,532 exceeds the national average, it lags regional peers, with female workers experiencing a $760 decrease in earnings. Despite lower bachelor's degree attainment, Fife maintains a high labor force participation rate of 0.8%.",2024,2024,ACS_Series,"{""Label"": ""Calc-Cost Burden Renters""}",Percent of renter households that are cost-burdened,Percentage,Percent of renter households that are cost-burdened in the geography in the current year,"In 2024, Fife, WA recorded a of renter households that are cost-burdened of 0.5%.","Fife, WA's of renter households that are cost-burdened of 0.5% is 0.0 percentage points lower than Pierce County (0.5%).","Fife, WA's of renter households that are cost-burdened of 0.5% is 0.0 percentage points higher than Seattle MSA (0.5%), is 0.0 percentage points higher than Washington (0.5%), is 0.0 percentage points higher than Puget Sound Region (0.5%), is 0.0 percentage points higher than United States (0.5%), and is 0.0 percentage points higher than Puyallup Reservation (0.5%).",N/A,N/A,"Fife, WA recorded a renter household cost-burden rate of 0.5% in 2024, which is identical to Pierce County, Seattle MSA, Washington, Puget Sound Region, United States, and Puyallup Reservation.",Math Context: Focus value: 0.5%; Pierce County: 0.5% (diff: -0.0 pp); Seattle MSA: 0.5% (diff: +0.0 pp); Washington: 0.5% (diff: +0.0 pp); Puget Sound Region: 0.5% (diff: +0.0 pp); United States: 0.5% (diff: +0.0 pp); Puyallup Reservation: 0.5% (diff: +0.0 pp)
Housing Values,"In 2024, Fife, WA demonstrated remarkably low and stable housing cost-burden rates, with renter households at 0.5% and owner households at 0.4%, both showing no change from 2023. While the renter cost-burden rate was identical across all comparison geographies, Fife's owner cost-burden rate was slightly higher by 0.1 percentage points compared to Pierce County and the United States. Looking ahead to 2026, Fife's housing market reflects a higher cost environment than national averages but remains more accessible than the broader Seattle Metropolitan Area. The median value of owner-occupied housing units in Fife is projected at $543,100, significantly exceeding the United States' $332,700, yet remaining below the Seattle MSA's $717,500. Similarly, Fife's median monthly rent of $1,889 surpasses the national average of $1,413 but is less than the Seattle MSA's $2,000. The median listing price in Fife for 2026 is $651,500, notably higher than the United States' $425,000, but still over.","Pierce County's population reached 946,288 in 2025, demonstrating robust long-term growth of 60.2% and a recent 0.7% increase, primarily driven by international migration. The county's demographic shifts include a significant +4,018 growth in the 45 to 49 age group and a +4,807 increase in the hispanic population. Fife, WA, presents a distinct profile with a younger median age of 31.3, a notably low owner-occupied housing rate of 0.4%, and stable, low cost-burden rates (0.5% for renters). While Fife's median household income of $90,532 exceeds the national average, it lags regional peers, with female workers experiencing a $760 decrease in earnings. Despite lower bachelor's degree attainment, Fife maintains a high labor force participation rate of 0.8%.",2023,2024,ACS_Series,"{""Label"": ""Calc-Cost Burden Renters""}",Change in percent of renter households that are cost-burdened,Percentage,Change in percent of renter households that are cost-burdened in the geography from the previous to current year,"Between 2023 and 2024, Fife, WA experienced a change in of renter households that are cost-burdened of 0.0%.","Fife, WA's change in of renter households that are cost-burdened of 0.0% is 0.0 percentage points lower than Pierce County (0.0%).","Fife, WA's change in of renter households that are cost-burdened of 0.0% is 0.0 percentage points lower than Puyallup Reservation (0.0%), is 0.0 percentage points lower than Seattle MSA (0.0%), is 0.0 percentage points lower than Washington (0.0%), is 0.0 percentage points lower than United States (0.0%), and is 0.0 percentage points lower than Puget Sound Region (0.0%).",N/A,N/A,"Fife, WA experienced no change in the percent of renter households that are cost-burdened between 2023 and 2024, a trend consistent with Pierce County, Puyallup Reservation, Seattle MSA, Washington, United States, and the Puget Sound Region, all of which also saw a 0.0% change.",Math Context: Focus value: 0.0%; Pierce County: 0.0% (diff: -0.0 pp); Puyallup Reservation: 0.0% (diff: -0.0 pp); Seattle MSA: 0.0% (diff: -0.0 pp); Washington: 0.0% (diff: -0.0 pp); United States: 0.0% (diff: -0.0 pp); Puget Sound Region: 0.0% (diff: -0.0 pp)
Housing Values,"In 2024, Fife, WA demonstrated remarkably low and stable housing cost-burden rates, with renter households at 0.5% and owner households at 0.4%, both showing no change from 2023. While the renter cost-burden rate was identical across all comparison geographies, Fife's owner cost-burden rate was slightly higher by 0.1 percentage points compared to Pierce County and the United States. Looking ahead to 2026, Fife's housing market reflects a higher cost environment than national averages but remains more accessible than the broader Seattle Metropolitan Area. The median value of owner-occupied housing units in Fife is projected at $543,100, significantly exceeding the United States' $332,700, yet remaining below the Seattle MSA's $717,500. Similarly, Fife's median monthly rent of $1,889 surpasses the national average of $1,413 but is less than the Seattle MSA's $2,000. The median listing price in Fife for 2026 is $651,500, notably higher than the United States' $425,000, but still over.","Pierce County's population reached 946,288 in 2025, demonstrating robust long-term growth of 60.2% and a recent 0.7% increase, primarily driven by international migration. The county's demographic shifts include a significant +4,018 growth in the 45 to 49 age group and a +4,807 increase in the hispanic population. Fife, WA, presents a distinct profile with a younger median age of 31.3, a notably low owner-occupied housing rate of 0.4%, and stable, low cost-burden rates (0.5% for renters). While Fife's median household income of $90,532 exceeds the national average, it lags regional peers, with female workers experiencing a $760 decrease in earnings. Despite lower bachelor's degree attainment, Fife maintains a high labor force participation rate of 0.8%.",2024,2024,ACS_Series,"{""Label"": ""Calc-Cost Burden Owners""}",Percent of owner households that are cost-burdened,Percentage,Percent of owner households that are cost-burdened in the geography in the current year,"In 2024, Fife, WA recorded a of owner households that are cost-burdened of 0.4%.","Fife, WA's of owner households that are cost-burdened of 0.4% is 0.1 percentage points higher than Pierce County (0.3%).","Fife, WA's of owner households that are cost-burdened of 0.4% is 0.1 percentage points higher than United States (0.2%), is 0.1 percentage points higher than Washington (0.2%), is 0.1 percentage points higher than Seattle MSA (0.3%), is 0.1 percentage points higher than Puget Sound Region (0.3%), and is 0.1 percentage points higher than Puyallup Reservation (0.3%).",N/A,N/A,"Fife, WA recorded 0.4% of owner households that are cost-burdened in 2024, which is 0.1 percentage points higher than Pierce County, the United States, Washington, Seattle MSA, Puget Sound Region, and Puyallup Reservation.",Math Context: Focus value: 0.4%; Pierce County: 0.3% (diff: +0.1 pp); United States: 0.2% (diff: +0.1 pp); Washington: 0.2% (diff: +0.1 pp); Seattle MSA: 0.3% (diff: +0.1 pp); Puget Sound Region: 0.3% (diff: +0.1 pp); Puyallup Reservation: 0.3% (diff: +0.1 pp)
Housing Values,"In 2024, Fife, WA demonstrated remarkably low and stable housing cost-burden rates, with renter households at 0.5% and owner households at 0.4%, both showing no change from 2023. While the renter cost-burden rate was identical across all comparison geographies, Fife's owner cost-burden rate was slightly higher by 0.1 percentage points compared to Pierce County and the United States. Looking ahead to 2026, Fife's housing market reflects a higher cost environment than national averages but remains more accessible than the broader Seattle Metropolitan Area. The median value of owner-occupied housing units in Fife is projected at $543,100, significantly exceeding the United States' $332,700, yet remaining below the Seattle MSA's $717,500. Similarly, Fife's median monthly rent of $1,889 surpasses the national average of $1,413 but is less than the Seattle MSA's $2,000. The median listing price in Fife for 2026 is $651,500, notably higher than the United States' $425,000, but still over.","Pierce County's population reached 946,288 in 2025, demonstrating robust long-term growth of 60.2% and a recent 0.7% increase, primarily driven by international migration. The county's demographic shifts include a significant +4,018 growth in the 45 to 49 age group and a +4,807 increase in the hispanic population. Fife, WA, presents a distinct profile with a younger median age of 31.3, a notably low owner-occupied housing rate of 0.4%, and stable, low cost-burden rates (0.5% for renters). While Fife's median household income of $90,532 exceeds the national average, it lags regional peers, with female workers experiencing a $760 decrease in earnings. Despite lower bachelor's degree attainment, Fife maintains a high labor force participation rate of 0.8%.",2023,2024,ACS_Series,"{""Label"": ""Calc-Cost Burden Owners""}",Change in percent of owner households that are cost-burdened,Percentage,Change in percent of owner households that are cost-burdened in the geography from the previous to current year,"Between 2023 and 2024, Fife, WA experienced a change in of owner households that are cost-burdened of 0.0%.","Fife, WA's change in of owner households that are cost-burdened of 0.0% is 0.0 percentage points higher than Pierce County (0.0%).","Fife, WA's change in of owner households that are cost-burdened of 0.0% is 0.0 percentage points higher than Puget Sound Region (-0.0%), is 0.0 percentage points higher than Seattle MSA (0.0%), is 0.0 percentage points higher than Washington (0.0%), is 0.0 percentage points higher than United States (0.0%), and is 0.0 percentage points higher than Puyallup Reservation (0.0%).",N/A,N/A,"Fife, WA experienced no change in the percentage of owner households that are cost-burdened between 2023 and 2024, a trend consistent with Pierce County, Puget Sound Region, Seattle MSA, Washington, United States, and Puyallup Reservation.",Math Context: Focus value: 0.0%; Pierce County: 0.0% (diff: +0.0 pp); Puget Sound Region: -0.0% (diff: +0.0 pp); Seattle MSA: 0.0% (diff: +0.0 pp); Washington: 0.0% (diff: +0.0 pp); United States: 0.0% (diff: +0.0 pp); Puyallup Reservation: 0.0% (diff: +0.0 pp)
Housing Values,"In 2024, Fife, WA demonstrated remarkably low and stable housing cost-burden rates, with renter households at 0.5% and owner households at 0.4%, both showing no change from 2023. While the renter cost-burden rate was identical across all comparison geographies, Fife's owner cost-burden rate was slightly higher by 0.1 percentage points compared to Pierce County and the United States. Looking ahead to 2026, Fife's housing market reflects a higher cost environment than national averages but remains more accessible than the broader Seattle Metropolitan Area. The median value of owner-occupied housing units in Fife is projected at $543,100, significantly exceeding the United States' $332,700, yet remaining below the Seattle MSA's $717,500. Similarly, Fife's median monthly rent of $1,889 surpasses the national average of $1,413 but is less than the Seattle MSA's $2,000. The median listing price in Fife for 2026 is $651,500, notably higher than the United States' $425,000, but still over.","Pierce County's population reached 946,288 in 2025, demonstrating robust long-term growth of 60.2% and a recent 0.7% increase, primarily driven by international migration. The county's demographic shifts include a significant +4,018 growth in the 45 to 49 age group and a +4,807 increase in the hispanic population. Fife, WA, presents a distinct profile with a younger median age of 31.3, a notably low owner-occupied housing rate of 0.4%, and stable, low cost-burden rates (0.5% for renters). While Fife's median household income of $90,532 exceeds the national average, it lags regional peers, with female workers experiencing a $760 decrease in earnings. Despite lower bachelor's degree attainment, Fife maintains a high labor force participation rate of 0.8%.",[Current Month],[Current Month],HAI-CPI Table,"{""Calc-Median Value of Owned Units"", ""CPI""}",Median value of owner-occupied housing units,Numeric,Median value of owner-occupied housing units in the geography in the current month,"In 2026, Fife, WA recorded a median value of owner-occupied housing units of 543,100.","Fife, WA's median value of owner-occupied housing units of 543,100 is larger than Pierce County (526,600).","Fife, WA's median value of owner-occupied housing units of 543,100 is larger than United States (332,700), is smaller than Washington (564,600), is smaller than Seattle MSA (717,500), and is smaller than Puget Sound Region (730,850).",N/A,N/A,"Fife, WA recorded a median value of owner-occupied housing units of 543,100 in 2026, exceeding Pierce County (526,600) and significantly higher than the United States (332,700), but notably lower than the Seattle MSA (717,500) and the broader Puget Sound Region (730,850).","Math Context: Focus value: 543,100; Pierce County: 526,600 (diff: +16,500); United States: 332,700 (diff: +210,400); Washington: 564,600 (diff: -21,500); Seattle MSA: 717,500 (diff: -174,400); Puget Sound Region: 730,850 (diff: -187,750)"
Housing Values,"In 2024, Fife, WA demonstrated remarkably low and stable housing cost-burden rates, with renter households at 0.5% and owner households at 0.4%, both showing no change from 2023. While the renter cost-burden rate was identical across all comparison geographies, Fife's owner cost-burden rate was slightly higher by 0.1 percentage points compared to Pierce County and the United States. Looking ahead to 2026, Fife's housing market reflects a higher cost environment than national averages but remains more accessible than the broader Seattle Metropolitan Area. The median value of owner-occupied housing units in Fife is projected at $543,100, significantly exceeding the United States' $332,700, yet remaining below the Seattle MSA's $717,500. Similarly, Fife's median monthly rent of $1,889 surpasses the national average of $1,413 but is less than the Seattle MSA's $2,000. The median listing price in Fife for 2026 is $651,500, notably higher than the United States' $425,000, but still over.","Pierce County's population reached 946,288 in 2025, demonstrating robust long-term growth of 60.2% and a recent 0.7% increase, primarily driven by international migration. The county's demographic shifts include a significant +4,018 growth in the 45 to 49 age group and a +4,807 increase in the hispanic population. Fife, WA, presents a distinct profile with a younger median age of 31.3, a notably low owner-occupied housing rate of 0.4%, and stable, low cost-burden rates (0.5% for renters). While Fife's median household income of $90,532 exceeds the national average, it lags regional peers, with female workers experiencing a $760 decrease in earnings. Despite lower bachelor's degree attainment, Fife maintains a high labor force participation rate of 0.8%.",[Current Month],[Current Month],HAI-CPI Table,"{""Calc-Median Monthly Rent"", ""CPI""}",Median monthly rent,Numeric,Median monthly rent among rent-paying housing units in the geography in the current month,"In 2026, Fife, WA recorded a median monthly rent of 1,889.","Fife, WA's median monthly rent of 1,889 is larger than Pierce County (1,806).","Fife, WA's median monthly rent of 1,889 is larger than United States (1,413), is larger than Washington (1,760), is smaller than Seattle MSA (2,000), and is smaller than Puget Sound Region (2,006).",N/A,N/A,"Fife, WA's median monthly rent of 1,889 in 2026 was higher than Pierce County (1,806) and significantly above the United States average (1,413), though it remained below the Seattle MSA (2,000) and Puget Sound Region (2,006).","Math Context: Focus value: 1,889; Pierce County: 1,806 (diff: +83); United States: 1,413 (diff: +476); Washington: 1,760 (diff: +129); Seattle MSA: 2,000 (diff: -111); Puget Sound Region: 2,006 (diff: -117)"
Housing Values,"In 2024, Fife, WA demonstrated remarkably low and stable housing cost-burden rates, with renter households at 0.5% and owner households at 0.4%, both showing no change from 2023. While the renter cost-burden rate was identical across all comparison geographies, Fife's owner cost-burden rate was slightly higher by 0.1 percentage points compared to Pierce County and the United States. Looking ahead to 2026, Fife's housing market reflects a higher cost environment than national averages but remains more accessible than the broader Seattle Metropolitan Area. The median value of owner-occupied housing units in Fife is projected at $543,100, significantly exceeding the United States' $332,700, yet remaining below the Seattle MSA's $717,500. Similarly, Fife's median monthly rent of $1,889 surpasses the national average of $1,413 but is less than the Seattle MSA's $2,000. The median listing price in Fife for 2026 is $651,500, notably higher than the United States' $425,000, but still over.","Pierce County's population reached 946,288 in 2025, demonstrating robust long-term growth of 60.2% and a recent 0.7% increase, primarily driven by international migration. The county's demographic shifts include a significant +4,018 growth in the 45 to 49 age group and a +4,807 increase in the hispanic population. Fife, WA, presents a distinct profile with a younger median age of 31.3, a notably low owner-occupied housing rate of 0.4%, and stable, low cost-burden rates (0.5% for renters). While Fife's median household income of $90,532 exceeds the national average, it lags regional peers, with female workers experiencing a $760 decrease in earnings. Despite lower bachelor's degree attainment, Fife maintains a high labor force participation rate of 0.8%.",[Current Month],[Current Month],HAI-CPI Table,"{""Median Listing Price"", ""CPI""}",Median listing price,Numeric,Median listing price in the geography in the current month,"In 2026, Fife, WA recorded a median listing price of 651,500.","Fife, WA's median listing price of 651,500 is larger than Pierce County (649,450).","Fife, WA's median listing price of 651,500 is larger than United States (425,000), is larger than Washington (648,500), is smaller than Seattle MSA (776,232), and is smaller than Puget Sound Region (780,758).",N/A,N/A,"Fife, WA recorded a median listing price of 651,500 in 2026, which was higher than both Pierce County and Washington, significantly exceeding the United States by 226,500, yet remained notably lower than the Seattle MSA and Puget Sound Region by over 124,000.","Math Context: Focus value: 651,500; Pierce County: 649,450 (diff: +2,050); United States: 425,000 (diff: +226,500); Washington: 648,500 (diff: +3,000); Seattle MSA: 776,232 (diff: -124,732); Puget Sound Region: 780,758 (diff: -129,258)"
Housing Values,"In 2024, Fife, WA demonstrated remarkably low and stable housing cost-burden rates, with renter households at 0.5% and owner households at 0.4%, both showing no change from 2023. While the renter cost-burden rate was identical across all comparison geographies, Fife's owner cost-burden rate was slightly higher by 0.1 percentage points compared to Pierce County and the United States. Looking ahead to 2026, Fife's housing market reflects a higher cost environment than national averages but remains more accessible than the broader Seattle Metropolitan Area. The median value of owner-occupied housing units in Fife is projected at $543,100, significantly exceeding the United States' $332,700, yet remaining below the Seattle MSA's $717,500. Similarly, Fife's median monthly rent of $1,889 surpasses the national average of $1,413 but is less than the Seattle MSA's $2,000. The median listing price in Fife for 2026 is $651,500, notably higher than the United States' $425,000, but still over.","Pierce County's population reached 946,288 in 2025, demonstrating robust long-term growth of 60.2% and a recent 0.7% increase, primarily driven by international migration. The county's demographic shifts include a significant +4,018 growth in the 45 to 49 age group and a +4,807 increase in the hispanic population. Fife, WA, presents a distinct profile with a younger median age of 31.3, a notably low owner-occupied housing rate of 0.4%, and stable, low cost-burden rates (0.5% for renters). While Fife's median household income of $90,532 exceeds the national average, it lags regional peers, with female workers experiencing a $760 decrease in earnings. Despite lower bachelor's degree attainment, Fife maintains a high labor force participation rate of 0.8%.",[Current Month],[Current Month],HAI-CPI Table,"{""Median Listing Price"", ""CPI"", ""Calc-Median Value of Owned Units""}",Compare Median List Price to Median Value,Ordinal,Largest value of housing units between the median value of owned units and the median list price in the geography in the current month,"In 2026, Fife, WA's primary compare median list price to median value was Median Listing Price (651,500).","Fife, WA and Pierce County both share Median Listing Price as their primary compare median list price to median value, with Fife, WA at 651,500 and Pierce County at 649,450.","Fife, WA and Puget Sound Region both share Median Listing Price as their primary compare median list price to median value, with Fife, WA at 651,500 and Puget Sound Region at 780,758. Fife, WA and Seattle MSA both share Median Listing Price as their primary compare median list price to median value, with Fife, WA at 651,500 and Seattle MSA at 776,232. Fife, WA and United States both share Median Listing Price as their primary compare median list price to median value, with Fife, WA at 651,500 and United States at 425,000. Fife, WA and Washington both share Median Listing Price as their primary compare median list price to median value, with Fife, WA at 651,500 and Washington at 648,500.",N/A,N/A,"Fife, WA's 2026 Median Listing Price, its primary compare median list price to median value, was 651,500, closely mirroring Pierce County and Washington's figures, yet it stood notably lower than the Puget Sound Region and Seattle MSA, both exceeding $776,000, while significantly surpassing the United States' median of 425,000.","Math Context: Focus value: 651,500; Pierce County: 649,450 (diff: +2,050); Puget Sound Region: 780,758 (diff: -129,258); Seattle MSA: 776,232 (diff: -124,732); United States: 425,000 (diff: +226,500); Washington: 648,500 (diff: +3,000)"
Housing Stock,"Fife, WA's 2024 housing stock analysis reveals a distinct profile, particularly in tenure. The owner-occupied rate stood at a notably low 0.4%, trailing Pierce County and Washington by 0.2 percentage points, and the Puget Sound Region and United States by 0.1 percentage points. Conversely, Fife's renter-occupied rate of 0.5% exceeded Pierce County and Washington by 0.2 percentage points. Overcrowding remained minimal at 0.1%, consistent with all compared geographies, and the vacancy rate was 0.1%, aligning with most regions. All these metrics, including owner-occupied, renter-occupied, overcrowding, and vacancy, showed no change between 2023 and 2024. For broader context, Pierce County's largest housing age category was 30 to 34, mirroring Washington and the United States, though its primary growth was in the 45 to 49 age group, diverging from other major regions.","Pierce County's population reached 946,288 in 2025, demonstrating robust long-term growth of 60.2% and a recent 0.7% increase, primarily driven by international migration. The county's demographic shifts include a significant +4,018 growth in the 45 to 49 age group and a +4,807 increase in the hispanic population. Fife, WA, presents a distinct profile with a younger median age of 31.3, a notably low owner-occupied housing rate of 0.4%, and stable, low cost-burden rates (0.5% for renters). While Fife's median household income of $90,532 exceeds the national average, it lags regional peers, with female workers experiencing a $760 decrease in earnings. Despite lower bachelor's degree attainment, Fife maintains a high labor force participation rate of 0.8%.",2024,2024,ACS_Series,"{""Label"": ""Calc-High Occupants per Room"", ""Label"": ""Calc-Mid Occupants per Room""}",Percent of housing units that are overcrowded,Percentage,Percent of housing units that are overcrowded (more than one occupant per room) in the geography in the current year,"In 2024, Fife, WA recorded a of housing units that are overcrowded of 0.1%.","Fife, WA's of housing units that are overcrowded of 0.1% is 0.0 percentage points higher than Pierce County (0.0%).","Fife, WA's of housing units that are overcrowded of 0.1% is 0.0 percentage points higher than Puget Sound Region (0.0%), is 0.0 percentage points higher than Seattle MSA (0.0%), is 0.0 percentage points higher than Washington (0.0%), is 0.0 percentage points higher than United States (0.0%), and is 0.0 percentage points higher than Puyallup Reservation (0.0%).",N/A,N/A,"Fife, WA recorded 0.1% of housing units that are overcrowded in 2024, which is on par with Pierce County, the Puget Sound Region, Seattle MSA, Washington, the United States, and the Puyallup Reservation.",Math Context: Focus value: 0.1%; Pierce County: 0.0% (diff: +0.0 pp); Puget Sound Region: 0.0% (diff: +0.0 pp); Seattle MSA: 0.0% (diff: +0.0 pp); Washington: 0.0% (diff: +0.0 pp); United States: 0.0% (diff: +0.0 pp); Puyallup Reservation: 0.0% (diff: +0.0 pp)
Housing Stock,"Fife, WA's 2024 housing stock analysis reveals a distinct profile, particularly in tenure. The owner-occupied rate stood at a notably low 0.4%, trailing Pierce County and Washington by 0.2 percentage points, and the Puget Sound Region and United States by 0.1 percentage points. Conversely, Fife's renter-occupied rate of 0.5% exceeded Pierce County and Washington by 0.2 percentage points. Overcrowding remained minimal at 0.1%, consistent with all compared geographies, and the vacancy rate was 0.1%, aligning with most regions. All these metrics, including owner-occupied, renter-occupied, overcrowding, and vacancy, showed no change between 2023 and 2024. For broader context, Pierce County's largest housing age category was 30 to 34, mirroring Washington and the United States, though its primary growth was in the 45 to 49 age group, diverging from other major regions.","Pierce County's population reached 946,288 in 2025, demonstrating robust long-term growth of 60.2% and a recent 0.7% increase, primarily driven by international migration. The county's demographic shifts include a significant +4,018 growth in the 45 to 49 age group and a +4,807 increase in the hispanic population. Fife, WA, presents a distinct profile with a younger median age of 31.3, a notably low owner-occupied housing rate of 0.4%, and stable, low cost-burden rates (0.5% for renters). While Fife's median household income of $90,532 exceeds the national average, it lags regional peers, with female workers experiencing a $760 decrease in earnings. Despite lower bachelor's degree attainment, Fife maintains a high labor force participation rate of 0.8%.",2023,2024,ACS_Series,"{""Label"": ""Calc-High Occupants per Room"", ""Label"": ""Calc-Mid Occupants per Room""}",Change in percent of housing units that are overcrowded,Percentage,Change in percent of housing units that are overcrowded from the previous year to current,"Between 2023 and 2024, Fife, WA experienced a change in of housing units that are overcrowded of 0.0%.","Fife, WA's change in of housing units that are overcrowded of 0.0% is 0.0 percentage points higher than Pierce County (-0.0%).","Fife, WA's change in of housing units that are overcrowded of 0.0% is 0.0 percentage points higher than Puget Sound Region (-0.0%), is 0.0 percentage points higher than United States (-0.0%), is 0.0 percentage points higher than Seattle MSA (0.0%), is 0.0 percentage points higher than Washington (0.0%), and is 0.0 percentage points lower than Puyallup Reservation (0.0%).",N/A,N/A,"Fife, WA experienced no change in the percentage of overcrowded housing units between 2023 and 2024, remaining at 0.0%, a figure consistent with Pierce County, Puget Sound Region, United States, Seattle MSA, Washington, and Puyallup Reservation.",Math Context: Focus value: 0.0%; Pierce County: -0.0% (diff: +0.0 pp); Puget Sound Region: -0.0% (diff: +0.0 pp); United States: -0.0% (diff: +0.0 pp); Seattle MSA: 0.0% (diff: +0.0 pp); Washington: 0.0% (diff: +0.0 pp); Puyallup Reservation: 0.0% (diff: -0.0 pp)
Housing Stock,"Fife, WA's 2024 housing stock analysis reveals a distinct profile, particularly in tenure. The owner-occupied rate stood at a notably low 0.4%, trailing Pierce County and Washington by 0.2 percentage points, and the Puget Sound Region and United States by 0.1 percentage points. Conversely, Fife's renter-occupied rate of 0.5% exceeded Pierce County and Washington by 0.2 percentage points. Overcrowding remained minimal at 0.1%, consistent with all compared geographies, and the vacancy rate was 0.1%, aligning with most regions. All these metrics, including owner-occupied, renter-occupied, overcrowding, and vacancy, showed no change between 2023 and 2024. For broader context, Pierce County's largest housing age category was 30 to 34, mirroring Washington and the United States, though its primary growth was in the 45 to 49 age group, diverging from other major regions.","Pierce County's population reached 946,288 in 2025, demonstrating robust long-term growth of 60.2% and a recent 0.7% increase, primarily driven by international migration. The county's demographic shifts include a significant +4,018 growth in the 45 to 49 age group and a +4,807 increase in the hispanic population. Fife, WA, presents a distinct profile with a younger median age of 31.3, a notably low owner-occupied housing rate of 0.4%, and stable, low cost-burden rates (0.5% for renters). While Fife's median household income of $90,532 exceeds the national average, it lags regional peers, with female workers experiencing a $760 decrease in earnings. Despite lower bachelor's degree attainment, Fife maintains a high labor force participation rate of 0.8%.",2024,2024,ACS_Series,"{""Label"": ""Calc-Occupied owned units""}",Percent of housing units that are owner occupied,Percentage,Percent of housing units that are occupied by owners in the geography in the current year,"In 2024, Fife, WA recorded a of housing units that are owner occupied of 0.4%.","Fife, WA's of housing units that are owner occupied of 0.4% is 0.2 percentage points lower than Pierce County (0.6%).","Fife, WA's of housing units that are owner occupied of 0.4% is 0.1 percentage points lower than Puget Sound Region (0.6%), is 0.1 percentage points lower than Seattle MSA (0.6%), is 0.1 percentage points lower than United States (0.6%), is 0.2 percentage points lower than Washington (0.6%), and is 0.2 percentage points lower than Puyallup Reservation (0.7%).",N/A,N/A,"Fife, WA recorded an owner-occupied housing unit rate of 0.4% in 2024, which is notably lower than all compared geographies, including Pierce County, Washington, and Puyallup Reservation by 0.2 percentage points, and the Puget Sound Region, Seattle MSA, and United States by 0.1 percentage points.",Math Context: Focus value: 0.4%; Pierce County: 0.6% (diff: -0.2 pp); Puget Sound Region: 0.6% (diff: -0.1 pp); Seattle MSA: 0.6% (diff: -0.1 pp); United States: 0.6% (diff: -0.1 pp); Washington: 0.6% (diff: -0.2 pp); Puyallup Reservation: 0.7% (diff: -0.2 pp)
Housing Stock,"Fife, WA's 2024 housing stock analysis reveals a distinct profile, particularly in tenure. The owner-occupied rate stood at a notably low 0.4%, trailing Pierce County and Washington by 0.2 percentage points, and the Puget Sound Region and United States by 0.1 percentage points. Conversely, Fife's renter-occupied rate of 0.5% exceeded Pierce County and Washington by 0.2 percentage points. Overcrowding remained minimal at 0.1%, consistent with all compared geographies, and the vacancy rate was 0.1%, aligning with most regions. All these metrics, including owner-occupied, renter-occupied, overcrowding, and vacancy, showed no change between 2023 and 2024. For broader context, Pierce County's largest housing age category was 30 to 34, mirroring Washington and the United States, though its primary growth was in the 45 to 49 age group, diverging from other major regions.","Pierce County's population reached 946,288 in 2025, demonstrating robust long-term growth of 60.2% and a recent 0.7% increase, primarily driven by international migration. The county's demographic shifts include a significant +4,018 growth in the 45 to 49 age group and a +4,807 increase in the hispanic population. Fife, WA, presents a distinct profile with a younger median age of 31.3, a notably low owner-occupied housing rate of 0.4%, and stable, low cost-burden rates (0.5% for renters). While Fife's median household income of $90,532 exceeds the national average, it lags regional peers, with female workers experiencing a $760 decrease in earnings. Despite lower bachelor's degree attainment, Fife maintains a high labor force participation rate of 0.8%.",2023,2024,ACS_Series,"{""Label"": ""Calc-Occupied owned units""}",Change in percent of housing units that are owner occupied,Percentage,Change in percent of housing units that are occupied by owners from the previous year to current,"Between 2023 and 2024, Fife, WA experienced a change in of housing units that are owner occupied of -0.0%.","Fife, WA's change in of housing units that are owner occupied of -0.0% is 0.0 percentage points lower than Pierce County (0.0%).","Fife, WA's change in of housing units that are owner occupied of -0.0% is 0.0 percentage points higher than Puget Sound Region (-0.0%), is 0.0 percentage points lower than Seattle MSA (-0.0%), is 0.0 percentage points lower than Washington (-0.0%), is 0.0 percentage points lower than Puyallup Reservation (0.0%), and is 0.0 percentage points lower than United States (0.0%).",N/A,N/A,"Fife, WA experienced a -0.0% change in the percent of housing units that are owner occupied between 2023 and 2024, which was consistent with Pierce County, the Puget Sound Region, Seattle MSA, Washington, Puyallup Reservation, and the United States.",Math Context: Focus value: -0.0%; Pierce County: 0.0% (diff: -0.0 pp); Puget Sound Region: -0.0% (diff: +0.0 pp); Seattle MSA: -0.0% (diff: -0.0 pp); Washington: -0.0% (diff: -0.0 pp); Puyallup Reservation: 0.0% (diff: -0.0 pp); United States: 0.0% (diff: -0.0 pp)
Housing Stock,"Fife, WA's 2024 housing stock analysis reveals a distinct profile, particularly in tenure. The owner-occupied rate stood at a notably low 0.4%, trailing Pierce County and Washington by 0.2 percentage points, and the Puget Sound Region and United States by 0.1 percentage points. Conversely, Fife's renter-occupied rate of 0.5% exceeded Pierce County and Washington by 0.2 percentage points. Overcrowding remained minimal at 0.1%, consistent with all compared geographies, and the vacancy rate was 0.1%, aligning with most regions. All these metrics, including owner-occupied, renter-occupied, overcrowding, and vacancy, showed no change between 2023 and 2024. For broader context, Pierce County's largest housing age category was 30 to 34, mirroring Washington and the United States, though its primary growth was in the 45 to 49 age group, diverging from other major regions.","Pierce County's population reached 946,288 in 2025, demonstrating robust long-term growth of 60.2% and a recent 0.7% increase, primarily driven by international migration. The county's demographic shifts include a significant +4,018 growth in the 45 to 49 age group and a +4,807 increase in the hispanic population. Fife, WA, presents a distinct profile with a younger median age of 31.3, a notably low owner-occupied housing rate of 0.4%, and stable, low cost-burden rates (0.5% for renters). While Fife's median household income of $90,532 exceeds the national average, it lags regional peers, with female workers experiencing a $760 decrease in earnings. Despite lower bachelor's degree attainment, Fife maintains a high labor force participation rate of 0.8%.",2024,2024,ACS_Series,"{""Label"": ""Calc-Occupied rented units""}",Percent of housing units that are renter occupied,Percentage,Percent of housing units that are occupied by renters in the geography in the current year,"In 2024, Fife, WA recorded a of housing units that are renter occupied of 0.5%.","Fife, WA's of housing units that are renter occupied of 0.5% is 0.2 percentage points higher than Pierce County (0.3%).","Fife, WA's of housing units that are renter occupied of 0.5% is 0.2 percentage points higher than Puyallup Reservation (0.3%), is 0.2 percentage points higher than United States (0.3%), is 0.2 percentage points higher than Washington (0.3%), is 0.1 percentage points higher than Seattle MSA (0.4%), and is 0.1 percentage points higher than Puget Sound Region (0.4%).",N/A,N/A,"Fife, WA recorded a renter-occupied housing unit percentage of 0.5% in 2024, exceeding Pierce County, Puyallup Reservation, the United States, and Washington by 0.2 percentage points (all at 0.3%), and the Seattle MSA and Puget Sound Region by 0.1 percentage points (both at 0.4%).",Math Context: Focus value: 0.5%; Pierce County: 0.3% (diff: +0.2 pp); Puyallup Reservation: 0.3% (diff: +0.2 pp); United States: 0.3% (diff: +0.2 pp); Washington: 0.3% (diff: +0.2 pp); Seattle MSA: 0.4% (diff: +0.1 pp); Puget Sound Region: 0.4% (diff: +0.1 pp)
Housing Stock,"Fife, WA's 2024 housing stock analysis reveals a distinct profile, particularly in tenure. The owner-occupied rate stood at a notably low 0.4%, trailing Pierce County and Washington by 0.2 percentage points, and the Puget Sound Region and United States by 0.1 percentage points. Conversely, Fife's renter-occupied rate of 0.5% exceeded Pierce County and Washington by 0.2 percentage points. Overcrowding remained minimal at 0.1%, consistent with all compared geographies, and the vacancy rate was 0.1%, aligning with most regions. All these metrics, including owner-occupied, renter-occupied, overcrowding, and vacancy, showed no change between 2023 and 2024. For broader context, Pierce County's largest housing age category was 30 to 34, mirroring Washington and the United States, though its primary growth was in the 45 to 49 age group, diverging from other major regions.","Pierce County's population reached 946,288 in 2025, demonstrating robust long-term growth of 60.2% and a recent 0.7% increase, primarily driven by international migration. The county's demographic shifts include a significant +4,018 growth in the 45 to 49 age group and a +4,807 increase in the hispanic population. Fife, WA, presents a distinct profile with a younger median age of 31.3, a notably low owner-occupied housing rate of 0.4%, and stable, low cost-burden rates (0.5% for renters). While Fife's median household income of $90,532 exceeds the national average, it lags regional peers, with female workers experiencing a $760 decrease in earnings. Despite lower bachelor's degree attainment, Fife maintains a high labor force participation rate of 0.8%.",2023,2024,ACS_Series,"{""Label"": ""Calc-Occupied rented units""}",Change in percent of housing units that are renter occupied,Percentage,Change in percent of housing units that are occupied by renters from the previous year to current,"Between 2023 and 2024, Fife, WA experienced a change in of housing units that are renter occupied of -0.0%.","Fife, WA's change in of housing units that are renter occupied of -0.0% is 0.0 percentage points lower than Pierce County (0.0%).","Fife, WA's change in of housing units that are renter occupied of -0.0% is 0.0 percentage points lower than Puyallup Reservation (-0.0%), is 0.0 percentage points lower than United States (-0.0%), is 0.0 percentage points lower than Washington (0.0%), is 0.0 percentage points lower than Seattle MSA (0.0%), and is 0.0 percentage points lower than Puget Sound Region (0.0%).",N/A,N/A,"Fife, WA experienced no change in the percentage of housing units that are renter occupied between 2023 and 2024, which was consistent with Pierce County, Puyallup Reservation, United States, Washington, Seattle MSA, and Puget Sound Region.",Math Context: Focus value: -0.0%; Pierce County: 0.0% (diff: -0.0 pp); Puyallup Reservation: -0.0% (diff: -0.0 pp); United States: -0.0% (diff: -0.0 pp); Washington: 0.0% (diff: -0.0 pp); Seattle MSA: 0.0% (diff: -0.0 pp); Puget Sound Region: 0.0% (diff: -0.0 pp)
Housing Stock,"Fife, WA's 2024 housing stock analysis reveals a distinct profile, particularly in tenure. The owner-occupied rate stood at a notably low 0.4%, trailing Pierce County and Washington by 0.2 percentage points, and the Puget Sound Region and United States by 0.1 percentage points. Conversely, Fife's renter-occupied rate of 0.5% exceeded Pierce County and Washington by 0.2 percentage points. Overcrowding remained minimal at 0.1%, consistent with all compared geographies, and the vacancy rate was 0.1%, aligning with most regions. All these metrics, including owner-occupied, renter-occupied, overcrowding, and vacancy, showed no change between 2023 and 2024. For broader context, Pierce County's largest housing age category was 30 to 34, mirroring Washington and the United States, though its primary growth was in the 45 to 49 age group, diverging from other major regions.","Pierce County's population reached 946,288 in 2025, demonstrating robust long-term growth of 60.2% and a recent 0.7% increase, primarily driven by international migration. The county's demographic shifts include a significant +4,018 growth in the 45 to 49 age group and a +4,807 increase in the hispanic population. Fife, WA, presents a distinct profile with a younger median age of 31.3, a notably low owner-occupied housing rate of 0.4%, and stable, low cost-burden rates (0.5% for renters). While Fife's median household income of $90,532 exceeds the national average, it lags regional peers, with female workers experiencing a $760 decrease in earnings. Despite lower bachelor's degree attainment, Fife maintains a high labor force participation rate of 0.8%.",2024,2024,ACS_Series,"{""Label"": ""Calc-Vacant housing units""}",Percent of housing units that are vacant,Percentage,Percent of housing units that are vacant in the geography in the current year,"In 2024, Fife, WA recorded a of housing units that are vacant of 0.1%.","Fife, WA's of housing units that are vacant of 0.1% is 0.0 percentage points higher than Pierce County (0.0%).","Fife, WA's of housing units that are vacant of 0.1% is 0.0 percentage points higher than Puyallup Reservation (0.0%), is 0.0 percentage points lower than Puget Sound Region (0.1%), is 0.0 percentage points lower than Seattle MSA (0.1%), is 0.0 percentage points lower than Washington (0.1%), and is 0.0 percentage points lower than United States (0.1%).",N/A,N/A,"Fife, WA recorded a housing unit vacancy rate of 0.1% in 2024, which was 0.0 percentage points higher than both Pierce County and Puyallup Reservation (both at 0.0%), and matched the rates observed in the Puget Sound Region, Seattle MSA, Washington, and the United States, all at 0.1%.",Math Context: Focus value: 0.1%; Pierce County: 0.0% (diff: +0.0 pp); Puyallup Reservation: 0.0% (diff: +0.0 pp); Puget Sound Region: 0.1% (diff: -0.0 pp); Seattle MSA: 0.1% (diff: -0.0 pp); Washington: 0.1% (diff: -0.0 pp); United States: 0.1% (diff: -0.0 pp)
Housing Stock,"Fife, WA's 2024 housing stock analysis reveals a distinct profile, particularly in tenure. The owner-occupied rate stood at a notably low 0.4%, trailing Pierce County and Washington by 0.2 percentage points, and the Puget Sound Region and United States by 0.1 percentage points. Conversely, Fife's renter-occupied rate of 0.5% exceeded Pierce County and Washington by 0.2 percentage points. Overcrowding remained minimal at 0.1%, consistent with all compared geographies, and the vacancy rate was 0.1%, aligning with most regions. All these metrics, including owner-occupied, renter-occupied, overcrowding, and vacancy, showed no change between 2023 and 2024. For broader context, Pierce County's largest housing age category was 30 to 34, mirroring Washington and the United States, though its primary growth was in the 45 to 49 age group, diverging from other major regions.","Pierce County's population reached 946,288 in 2025, demonstrating robust long-term growth of 60.2% and a recent 0.7% increase, primarily driven by international migration. The county's demographic shifts include a significant +4,018 growth in the 45 to 49 age group and a +4,807 increase in the hispanic population. Fife, WA, presents a distinct profile with a younger median age of 31.3, a notably low owner-occupied housing rate of 0.4%, and stable, low cost-burden rates (0.5% for renters). While Fife's median household income of $90,532 exceeds the national average, it lags regional peers, with female workers experiencing a $760 decrease in earnings. Despite lower bachelor's degree attainment, Fife maintains a high labor force participation rate of 0.8%.",2023,2024,ACS_Series,"{""Label"": ""Calc-Vacant housing units""}",Change in percent of housing units that are vacant,Percentage,Change in percent of housing units that are vacant from the previous year to current,"Between 2023 and 2024, Fife, WA experienced a change in of housing units that are vacant of 0.0%.","Fife, WA's change in of housing units that are vacant of 0.0% is 0.0 percentage points higher than Pierce County (-0.0%).","Fife, WA's change in of housing units that are vacant of 0.0% is 0.0 percentage points higher than Puget Sound Region (-0.0%), is 0.0 percentage points higher than United States (-0.0%), is 0.0 percentage points higher than Washington (-0.0%), is 0.0 percentage points higher than Puyallup Reservation (-0.0%), and is 0.0 percentage points higher than Seattle MSA (-0.0%).",N/A,N/A,"Fife, WA experienced no change in the percentage of vacant housing units between 2023 and 2024, holding steady at 0.0%, a figure consistent with Pierce County, Puget Sound Region, United States, Washington, Puyallup Reservation, and Seattle MSA.",Math Context: Focus value: 0.0%; Pierce County: -0.0% (diff: +0.0 pp); Puget Sound Region: -0.0% (diff: +0.0 pp); United States: -0.0% (diff: +0.0 pp); Washington: -0.0% (diff: +0.0 pp); Puyallup Reservation: -0.0% (diff: +0.0 pp); Seattle MSA: -0.0% (diff: +0.0 pp)
Housing Stock,"Fife, WA's 2024 housing stock analysis reveals a distinct profile, particularly in tenure. The owner-occupied rate stood at a notably low 0.4%, trailing Pierce County and Washington by 0.2 percentage points, and the Puget Sound Region and United States by 0.1 percentage points. Conversely, Fife's renter-occupied rate of 0.5% exceeded Pierce County and Washington by 0.2 percentage points. Overcrowding remained minimal at 0.1%, consistent with all compared geographies, and the vacancy rate was 0.1%, aligning with most regions. All these metrics, including owner-occupied, renter-occupied, overcrowding, and vacancy, showed no change between 2023 and 2024. For broader context, Pierce County's largest housing age category was 30 to 34, mirroring Washington and the United States, though its primary growth was in the 45 to 49 age group, diverging from other major regions.","Pierce County's population reached 946,288 in 2025, demonstrating robust long-term growth of 60.2% and a recent 0.7% increase, primarily driven by international migration. The county's demographic shifts include a significant +4,018 growth in the 45 to 49 age group and a +4,807 increase in the hispanic population. Fife, WA, presents a distinct profile with a younger median age of 31.3, a notably low owner-occupied housing rate of 0.4%, and stable, low cost-burden rates (0.5% for renters). While Fife's median household income of $90,532 exceeds the national average, it lags regional peers, with female workers experiencing a $760 decrease in earnings. Despite lower bachelor's degree attainment, Fife maintains a high labor force participation rate of 0.8%.",2024,2024,ACS_Series,"{""Label"": ""Calc-Built 1949 or earlier"", ""Label"": ""Calc-Built 1950 - 1969"", ""Label"": ""Calc-Built 1970 - 1989"", ""Label"": ""Calc-Built 1990 - 2009"", ""Label"": ""Calc-Built 2010 or later""}",Largest housing age category,Ordinal,Largest percent of housing units by age category in the geography in the current year,"In 2024, Pierce County's primary largest housing age category was 30 to 34 (152,188).",N/A,"Pierce County and United States both share 30 to 34 as their primary largest housing age category, with Pierce County at 152,188 and United States at 47.99 million. Pierce County and Puget Sound Region both share 30 to 34 as their primary largest housing age category, with Pierce County at 152,188 and Puget Sound Region at 794,130. Pierce County and Washington both share 30 to 34 as their primary largest housing age category, with Pierce County at 152,188 and Washington at 1.28 million. Pierce County and Seattle MSA both share 30 to 34 as their primary largest housing age category, with Pierce County at 152,188 and Seattle MSA at 752,760.",N/A,N/A,"Pierce County's largest housing age category in 2024 was 30 to 34, with 152,188 units, a trend consistent across the United States (47.99 million), Washington (1.28 million), the Puget Sound Region (794,130), and the Seattle MSA (752,760).","Math Context: Focus value: 152,188; United States: 47.99 million (diff: -47.84 million); Puget Sound Region: 794,130 (diff: -641,942); Washington: 1.28 million (diff: -1.13 million); Seattle MSA: 752,760 (diff: -600,572)"
Housing Stock,"Fife, WA's 2024 housing stock analysis reveals a distinct profile, particularly in tenure. The owner-occupied rate stood at a notably low 0.4%, trailing Pierce County and Washington by 0.2 percentage points, and the Puget Sound Region and United States by 0.1 percentage points. Conversely, Fife's renter-occupied rate of 0.5% exceeded Pierce County and Washington by 0.2 percentage points. Overcrowding remained minimal at 0.1%, consistent with all compared geographies, and the vacancy rate was 0.1%, aligning with most regions. All these metrics, including owner-occupied, renter-occupied, overcrowding, and vacancy, showed no change between 2023 and 2024. For broader context, Pierce County's largest housing age category was 30 to 34, mirroring Washington and the United States, though its primary growth was in the 45 to 49 age group, diverging from other major regions.","Pierce County's population reached 946,288 in 2025, demonstrating robust long-term growth of 60.2% and a recent 0.7% increase, primarily driven by international migration. The county's demographic shifts include a significant +4,018 growth in the 45 to 49 age group and a +4,807 increase in the hispanic population. Fife, WA, presents a distinct profile with a younger median age of 31.3, a notably low owner-occupied housing rate of 0.4%, and stable, low cost-burden rates (0.5% for renters). While Fife's median household income of $90,532 exceeds the national average, it lags regional peers, with female workers experiencing a $760 decrease in earnings. Despite lower bachelor's degree attainment, Fife maintains a high labor force participation rate of 0.8%.",2023,2024,ACS_Series,"{""Label"": ""Calc-Built 1949 or earlier"", ""Label"": ""Calc-Built 1950 - 1969"", ""Label"": ""Calc-Built 1970 - 1989"", ""Label"": ""Calc-Built 1990 - 2009"", ""Label"": ""Calc-Built 2010 or later""}",Largest change in housing age category,Percentage,Largest change in percent of housing units by age category from the previous year to current,"In 2024, Pierce County's primary largest change in housing age category was 45 to 49 (+4,018).",N/A,"while Pierce County's primary largest change in housing age category is 45 to 49 (+4,018), Seattle MSA is primarily driven by 35 to 39 (+23,358). While Pierce County's primary largest change in housing age category is 45 to 49 (+4,018), Puget Sound Region is primarily driven by 35 to 39 (+24,682). While Pierce County's primary largest change in housing age category is 45 to 49 (+4,018), Washington is primarily driven by 35 to 39 (+34,914). While Pierce County's primary largest change in housing age category is 45 to 49 (+4,018), United States is primarily driven by 75 to 79 (+1,226,444).",N/A,N/A,"Pierce County's primary largest change in housing age category in 2024 was the 45 to 49 group, increasing by 4,018, which notably differs from Seattle MSA, Puget Sound Region, and Washington, where the 35 to 39 age group saw the primary increases, and the United States, where the 75 to 79 age group experienced the largest change, by over 1.2 million.","Math Context: Focus value: +4,018; Seattle MSA: +23,358 (diff: -19340.0 pp); Puget Sound Region: +24,682 (diff: -20664.0 pp); Washington: +34,914 (diff: -30896.0 pp); United States: +1,226,444 (diff: -1222426.0 pp)"
Housing Stock,"Fife, WA's 2024 housing stock analysis reveals a distinct profile, particularly in tenure. The owner-occupied rate stood at a notably low 0.4%, trailing Pierce County and Washington by 0.2 percentage points, and the Puget Sound Region and United States by 0.1 percentage points. Conversely, Fife's renter-occupied rate of 0.5% exceeded Pierce County and Washington by 0.2 percentage points. Overcrowding remained minimal at 0.1%, consistent with all compared geographies, and the vacancy rate was 0.1%, aligning with most regions. All these metrics, including owner-occupied, renter-occupied, overcrowding, and vacancy, showed no change between 2023 and 2024. For broader context, Pierce County's largest housing age category was 30 to 34, mirroring Washington and the United States, though its primary growth was in the 45 to 49 age group, diverging from other major regions.","Pierce County's population reached 946,288 in 2025, demonstrating robust long-term growth of 60.2% and a recent 0.7% increase, primarily driven by international migration. The county's demographic shifts include a significant +4,018 growth in the 45 to 49 age group and a +4,807 increase in the hispanic population. Fife, WA, presents a distinct profile with a younger median age of 31.3, a notably low owner-occupied housing rate of 0.4%, and stable, low cost-burden rates (0.5% for renters). While Fife's median household income of $90,532 exceeds the national average, it lags regional peers, with female workers experiencing a $760 decrease in earnings. Despite lower bachelor's degree attainment, Fife maintains a high labor force participation rate of 0.8%.",2024,2024,ACS_Series,"{""Label"": ""Calc-Multi-family housing"", ""Label"": ""Calc-Single-family housing"", ""Label"": ""Calc-Mobile housing""}",Largest housing type,Ordinal,Largest percent of housing type in the geography in the current year,"In 2024, Fife, WA recorded a largest housing type of 0.","Fife, WA's largest housing type of 0 is smaller than Pierce County (0).","Fife, WA's largest housing type of 0 is larger than Seattle MSA (0), is larger than Puget Sound Region (0), is smaller than Puyallup Reservation (0), is smaller than United States (0), and is smaller than Washington (0).",N/A,N/A,"Fife, WA recorded a largest housing type of 0 in 2024, a value consistent across all compared geographies, being reported as smaller than Pierce County, Puyallup Reservation, United States, and Washington, yet larger than Seattle MSA and Puget Sound Region.",Math Context: Focus value: 0; Pierce County: 0 (diff: -0); Seattle MSA: 0 (diff: +0); Puget Sound Region: 0 (diff: +0); Puyallup Reservation: 0 (diff: -0); United States: 0 (diff: -0); Washington: 0 (diff: -0)
Housing Stock,"Fife, WA's 2024 housing stock analysis reveals a distinct profile, particularly in tenure. The owner-occupied rate stood at a notably low 0.4%, trailing Pierce County and Washington by 0.2 percentage points, and the Puget Sound Region and United States by 0.1 percentage points. Conversely, Fife's renter-occupied rate of 0.5% exceeded Pierce County and Washington by 0.2 percentage points. Overcrowding remained minimal at 0.1%, consistent with all compared geographies, and the vacancy rate was 0.1%, aligning with most regions. All these metrics, including owner-occupied, renter-occupied, overcrowding, and vacancy, showed no change between 2023 and 2024. For broader context, Pierce County's largest housing age category was 30 to 34, mirroring Washington and the United States, though its primary growth was in the 45 to 49 age group, diverging from other major regions.","Pierce County's population reached 946,288 in 2025, demonstrating robust long-term growth of 60.2% and a recent 0.7% increase, primarily driven by international migration. The county's demographic shifts include a significant +4,018 growth in the 45 to 49 age group and a +4,807 increase in the hispanic population. Fife, WA, presents a distinct profile with a younger median age of 31.3, a notably low owner-occupied housing rate of 0.4%, and stable, low cost-burden rates (0.5% for renters). While Fife's median household income of $90,532 exceeds the national average, it lags regional peers, with female workers experiencing a $760 decrease in earnings. Despite lower bachelor's degree attainment, Fife maintains a high labor force participation rate of 0.8%.",2023,2024,ACS_Series,"{""Label"": ""Calc-Multi-family housing"", ""Label"": ""Calc-Single-family housing"", ""Label"": ""Calc-Mobile housing""}",Largest change in housing type,Percentage,Largest change in percent of housing type from the previous year to current,"Between 2023 and 2024, Fife, WA experienced a largest change in housing type of 0.0%.","Fife, WA's largest change in housing type of 0.0% is 0.0 percentage points higher than Pierce County (0.0%).","Fife, WA's largest change in housing type of 0.0% is 0.0 percentage points higher than Washington (-0.0%), is 0.0 percentage points higher than Puget Sound Region (-0.0%), is 0.0 percentage points higher than United States (-0.0%), is 0.0 percentage points higher than Seattle MSA (-0.0%), and is 0.0 percentage points lower than Puyallup Reservation (0.0%).",N/A,N/A,"Fife, WA's largest change in housing type was 0.0% between 2023 and 2024, a figure consistent with Pierce County, Washington, Puget Sound Region, United States, Seattle MSA, and Puyallup Reservation.",Math Context: Focus value: 0.0%; Pierce County: 0.0% (diff: +0.0 pp); Washington: -0.0% (diff: +0.0 pp); Puget Sound Region: -0.0% (diff: +0.0 pp); United States: -0.0% (diff: +0.0 pp); Seattle MSA: -0.0% (diff: +0.0 pp); Puyallup Reservation: 0.0% (diff: -0.0 pp)
