Topic,Topic Summary,Complete Summary,Comparison Period,Current Period,Data Source,Variables,Metric,Metric Type,Description,Internal Insight,Comparative Insight (Broad),Comparative Insight (Benchmarks),Comparative Insight (Peers),Comparative Insight (Peers - Detailed),Overall Insight,Math/Prompt Debug
Population,"Travis County’s population continues to exhibit robust growth, representing a substantial contributor to the Austin Metropolitan Statistical Area and the state of texas, although it currently remains below the average population levels of comparable regions. While its growth rate significantly outpaces national and texas averages, it trails behind major metropolitan areas like houston and dallas, and lags behind the broader austin msa, wfsrca region, and san antonio msa. Notably, travis county’s cumulative percentage population change since 1990 is substantially higher than the us and texas averages, indicating a particularly accelerated growth trajectory that distinguishes it within the broader demographic landscape.","Travis County’s demographic profile presents a unique and accelerating growth trajectory, driven primarily by natural population increases and characterized by a notably aging population, particularly among the 75-79 age group, which diverges significantly from national and regional trends and contributes to a higher median age than the Austin MSA and its peers. While the workforce remains highly skilled and engaged, with exceptional educational attainment and labor force participation rates, challenges persist regarding affordability, as evidenced by elevated cost-burden rates for both renter and owner households relative to the Austin MSA and broader Texas, alongside a persistent poverty rate exceeding national and regional benchmarks. Despite robust overall population growth, the county’s expansion lags behind major metropolitan areas, indicating a localized growth pattern that warrants further investigation and strategic planning to address socioeconomic disparities and ensure sustainable growth aligned with broader regional trends.",2025,2025,components_of_change,"{""Value Type"": ""POPESTIMATE""}",Population,Numeric,Current population for the geography,Travis County's population is 1.39 million.,Travis County's population of 1.39 million represents approximately 53.0% of the Austin MSA's population of 2.62 million.,Travis County's population of 1.39 million represents approximately 4.4% of the population of Texas and US.,Travis County's population of 1.39 million represents approximately 27.0% of the size of its peer average of 5.14 million.,"Travis County’s population of 1.39 million is evaluated against individual peers. Specifically, it is smaller than Dallas MSA (8.48 million), Houston MSA (7.90 million), and San Antonio MSA (2.81 million), while being nearly the same as the WFSRCA Region (1.37 million).","Travis County’s population represents a significant portion of the Austin MSA and Texas, while remaining considerably smaller than its peer average and national averages.","Broad: MATH LOCK: Travis County is exactly 1.39 million and Austin MSA is exactly 2.62 million. DO NOT confuse or swap these values. REQUIRED FACT: You must state it is approximately 53.0% the size of Austin MSA. | Bench: MATH LOCK: Travis County is exactly 1.39 million and Texas is exactly 31.71 million. DO NOT confuse or swap these values. REQUIRED FACT: You must state it is approximately 4.4% the size of Texas. | Peer Avg: MATH LOCK: Travis County is exactly 1.39 million and its peer average is exactly 5.14 million. DO NOT confuse or swap these values. REQUIRED FACT: You must state it is approximately 27.0% the size of its peer average. | Peer Detailed: Focus (Travis County): 1,389,670.0000 | Tol: +/-27,793.4000 | [WFSRCA Region (1,369,412.0000): SIM] [San Antonio MSA (2,813,140.0000): Focus<Peer] [Houston MSA (7,904,627.0000): Focus<Peer] [Dallas MSA (8,477,157.0000): Focus<Peer] "
Population,"Travis County’s population continues to exhibit robust growth, representing a substantial contributor to the Austin Metropolitan Statistical Area and the state of texas, although it currently remains below the average population levels of comparable regions. While its growth rate significantly outpaces national and texas averages, it trails behind major metropolitan areas like houston and dallas, and lags behind the broader austin msa, wfsrca region, and san antonio msa. Notably, travis county’s cumulative percentage population change since 1990 is substantially higher than the us and texas averages, indicating a particularly accelerated growth trajectory that distinguishes it within the broader demographic landscape.","Travis County’s demographic profile presents a unique and accelerating growth trajectory, driven primarily by natural population increases and characterized by a notably aging population, particularly among the 75-79 age group, which diverges significantly from national and regional trends and contributes to a higher median age than the Austin MSA and its peers. While the workforce remains highly skilled and engaged, with exceptional educational attainment and labor force participation rates, challenges persist regarding affordability, as evidenced by elevated cost-burden rates for both renter and owner households relative to the Austin MSA and broader Texas, alongside a persistent poverty rate exceeding national and regional benchmarks. Despite robust overall population growth, the county’s expansion lags behind major metropolitan areas, indicating a localized growth pattern that warrants further investigation and strategic planning to address socioeconomic disparities and ensure sustainable growth aligned with broader regional trends.",2024,2025,components_of_change,"{""Value Type"": ""POPESTIMATE""}",Recent Percentage Population Change,Percentage,Percent difference in population for the geography from previous to current,Travis County experienced a change of 1.1% in its population from 2024 to 2025.,Travis County exhibited a population change of 1.0 percentage points lower than Austin MSA,"Travis County exhibited a population change of 1.1%, larger than US and Texas's 0.5% and Texas's 1.2%.",Travis County exhibited a population change of 0.8 percentage points lower than its peer average.,"Travis County's recent percentage population change of 1.1% is evaluated against individual peers. Specifically, it is lower than WFSRCA Region (3.0%), Houston MSA (1.6%), Dallas MSA (1.5%), and San Antonio MSA (1.4%).","Travis County’s population change demonstrates a performance that is notably higher than the national and Texas averages, yet lags behind the Houston MSA, Dallas MSA, US and Texas, Austin MSA, WFSRCA Region, and San Antonio MSA.",Broad: MATH LOCK: Travis County is exactly 1.1% and Austin MSA is exactly 2.1%. DO NOT confuse or swap these values. REQUIRED FACT: You must state the difference is exactly 1.0 percentage points lower than Austin MSA. DO NOT use the '%' symbol for the difference. | Bench: MATH LOCK: Travis County is exactly 1.1% and US is exactly 0.5%. DO NOT confuse or swap these values. REQUIRED FACT: You must state the difference is exactly 0.5 percentage points higher than US. DO NOT use the '%' symbol for the difference. | Peer Avg: MATH LOCK: Travis County is exactly 1.1% and its peer average is exactly 1.9%. DO NOT confuse or swap these values. REQUIRED FACT: You must state the difference is exactly 0.8 percentage points lower than its peer average. DO NOT use the '%' symbol for the difference. | Peer Detailed: Focus (Travis County): 1.0727 | Tol: +/-0.2000 | [San Antonio MSA (1.3840): Focus<Peer] [Dallas MSA (1.4791): Focus<Peer] [Houston MSA (1.6292): Focus<Peer] [WFSRCA Region (3.0455): Focus<Peer] 
Population,"Travis County’s population continues to exhibit robust growth, representing a substantial contributor to the Austin Metropolitan Statistical Area and the state of texas, although it currently remains below the average population levels of comparable regions. While its growth rate significantly outpaces national and texas averages, it trails behind major metropolitan areas like houston and dallas, and lags behind the broader austin msa, wfsrca region, and san antonio msa. Notably, travis county’s cumulative percentage population change since 1990 is substantially higher than the us and texas averages, indicating a particularly accelerated growth trajectory that distinguishes it within the broader demographic landscape.","Travis County’s demographic profile presents a unique and accelerating growth trajectory, driven primarily by natural population increases and characterized by a notably aging population, particularly among the 75-79 age group, which diverges significantly from national and regional trends and contributes to a higher median age than the Austin MSA and its peers. While the workforce remains highly skilled and engaged, with exceptional educational attainment and labor force participation rates, challenges persist regarding affordability, as evidenced by elevated cost-burden rates for both renter and owner households relative to the Austin MSA and broader Texas, alongside a persistent poverty rate exceeding national and regional benchmarks. Despite robust overall population growth, the county’s expansion lags behind major metropolitan areas, indicating a localized growth pattern that warrants further investigation and strategic planning to address socioeconomic disparities and ensure sustainable growth aligned with broader regional trends.",1990,2025,components_of_change,"{""Value Type"": ""POPESTIMATE""}",Cumulative Percentage Population Change,Percentage,Percent difference in population for the geography from 1990 to current,Travis County exhibited a cumulative percentage population change of 139.2% from 1990 to 2025.,"Travis County exhibited a cumulative population change of 139.2%, representing a larger growth than the Austin MSA at 207.7%.","Travis County demonstrates a cumulative population change of 102.3 percentage points larger than US and Texas, representing a 139.2% growth from 1990 to 2025 compared to 36.9% for US and 85.9% for Texas.","Travis County exhibited a cumulative percentage population change of 139.2%, 15.2 percentage points lower than its peer average.","Travis County's cumulative percentage population change of 139.2% is evaluated against its peers. Specifically, it is lower than WFSRCA Region (298.1%), while being higher than San Antonio MSA (99.4%), Houston MSA (108.5%), and Dallas MSA (111.4%).","Travis County demonstrates a significantly higher cumulative percentage population change compared to the US and Texas, its peer average, indicating a notably accelerated growth trajectory since 1990.",Broad: MATH LOCK: Travis County is exactly 139.2% and Austin MSA is exactly 207.7%. DO NOT confuse or swap these values. REQUIRED FACT: You must state the difference is exactly 68.5 percentage points lower than Austin MSA. DO NOT use the '%' symbol for the difference. | Bench: MATH LOCK: Travis County is exactly 139.2% and US is exactly 36.9%. DO NOT confuse or swap these values. REQUIRED FACT: You must state the difference is exactly 102.3 percentage points higher than US. DO NOT use the '%' symbol for the difference. | Peer Avg: MATH LOCK: Travis County is exactly 139.2% and its peer average is exactly 154.3%. DO NOT confuse or swap these values. REQUIRED FACT: You must state the difference is exactly 15.2 percentage points lower than its peer average. DO NOT use the '%' symbol for the difference. | Peer Detailed: Focus (Travis County): 139.1760 | Tol: +/-2.7835 | [San Antonio MSA (99.3859): Focus>Peer] [Houston MSA (108.4550): Focus>Peer] [Dallas MSA (111.4252): Focus>Peer] [WFSRCA Region (298.0675): Focus<Peer] 
Drivers of Change,"Travis County’s demographic trends reveal a distinct pattern of change, primarily shaped by natural population growth between 1990 and 2025, which substantially outpaced national and state averages, as well as those of its peer regions. While international migration contributed to population increases in 2025, it represented a comparatively modest shift, particularly when contrasted with the robust growth observed across the broader Houston, Austin, and Texas metropolitan areas, and significantly lagged behind us and texas-wide benchmarks. This localized growth trajectory suggests a divergence from broader demographic trends, highlighting the county’s unique characteristics and emphasizing the continued importance of natural population increase as a key driver.","Travis County’s demographic profile presents a unique and accelerating growth trajectory, driven primarily by natural population increases and characterized by a notably aging population, particularly among the 75-79 age group, which diverges significantly from national and regional trends and contributes to a higher median age than the Austin MSA and its peers. While the workforce remains highly skilled and engaged, with exceptional educational attainment and labor force participation rates, challenges persist regarding affordability, as evidenced by elevated cost-burden rates for both renter and owner households relative to the Austin MSA and broader Texas, alongside a persistent poverty rate exceeding national and regional benchmarks. Despite robust overall population growth, the county’s expansion lags behind major metropolitan areas, indicating a localized growth pattern that warrants further investigation and strategic planning to address socioeconomic disparities and ensure sustainable growth aligned with broader regional trends.",2025,2025,components_of_change,"{""Value Type"": ""NATURALCHG"", ""Value Type"": ""DOMESTICMIG"", ""Value Type"": ""INTERNATIONALMIG""}",Largest Driver of Change,Ordinal,Largest component of population change for the geography (or county-level counterpart) in current year,"Travis County experienced a change of +11,928 residents driven by international migration.","Travis County experienced a change of +11,928 residents driven by international migration, which was smaller than the +19,860 change observed in the Austin MSA due to domestic migration.","Travis County’s largest driver of population change in 2025 was international migration, representing a change of +11,928, significantly smaller than the +1,262,202 observed in US and Texas.","Travis County’s largest driver of population change in 2025 was international migration, representing a change of +11,928 residents, significantly smaller than the +141,556 observed in its combined peers.","International migration represents the largest driver of change, with Houston MSA (+71,903), Dallas MSA (+55,444), and WFSRCA Region (+28,142) as primary contributors. In contrast, the primary driver of change for its combined peers is domestic migration (+18,763), and San Antonio MSA is domestic migration (+18,763).","Travis County’s largest driver of population change in 2025 was international migration, representing a significantly smaller shift compared to broader metropolitan areas, national and state benchmarks, and its combined peers within the US and Texas.","Broad: MATH LOCK: Travis County is exactly +11,928 and Austin MSA is exactly +19,860. DO NOT confuse or swap these values. REQUIRED FACT: You must explicitly state that the primary group is 'International Migration', whereas for Austin MSA it is 'Domestic Migration'. DO NOT subtract their values. | Bench: MATH LOCK: Travis County is exactly +11,928 and US is exactly +1,262,202. DO NOT confuse or swap these values. REQUIRED FACT: You must state both share the primary group 'International Migration', but the magnitude differs by 1,250,274. | Peer Avg: MATH LOCK: Travis County is exactly +11,928 and its combined peers is exactly +141,556. DO NOT confuse or swap these values. REQUIRED FACT: You must state both share the primary group 'International Migration', but the magnitude differs by 129,628. | Peer Detailed: Focus (Travis County) Cat: International Migration (+11,928) | [Houston MSA: International Migration (+71,903)] [Dallas MSA: International Migration (+55,444)] [WFSRCA Region: Domestic Migration (+28,142)] [San Antonio MSA: Domestic Migration (+18,763)] "
Drivers of Change,"Travis County’s demographic trends reveal a distinct pattern of change, primarily shaped by natural population growth between 1990 and 2025, which substantially outpaced national and state averages, as well as those of its peer regions. While international migration contributed to population increases in 2025, it represented a comparatively modest shift, particularly when contrasted with the robust growth observed across the broader Houston, Austin, and Texas metropolitan areas, and significantly lagged behind us and texas-wide benchmarks. This localized growth trajectory suggests a divergence from broader demographic trends, highlighting the county’s unique characteristics and emphasizing the continued importance of natural population increase as a key driver.","Travis County’s demographic profile presents a unique and accelerating growth trajectory, driven primarily by natural population increases and characterized by a notably aging population, particularly among the 75-79 age group, which diverges significantly from national and regional trends and contributes to a higher median age than the Austin MSA and its peers. While the workforce remains highly skilled and engaged, with exceptional educational attainment and labor force participation rates, challenges persist regarding affordability, as evidenced by elevated cost-burden rates for both renter and owner households relative to the Austin MSA and broader Texas, alongside a persistent poverty rate exceeding national and regional benchmarks. Despite robust overall population growth, the county’s expansion lags behind major metropolitan areas, indicating a localized growth pattern that warrants further investigation and strategic planning to address socioeconomic disparities and ensure sustainable growth aligned with broader regional trends.",2024,2025,components_of_change,"{""Value Type"": ""NATURALCHG"", ""Value Type"": ""DOMESTICMIG"", ""Value Type"": ""INTERNATIONALMIG""}",Recent Dynamics in Drivers of Change,Numeric,Difference in current largest component of population change for the geography (or county-level counterpart) from previous,"Travis County experienced a change of +11,928 residents driven by international migration.","Travis County’s largest driver of population change, international migration, increased by +11,928 residents, a larger change than the +19,860 increase observed in the Austin MSA due to domestic migration.","Travis County’s largest driver of population change in 2025 was international migration, representing a change of +11,928 residents, significantly smaller than the +167,475 observed in Texas and US.","Travis County’s international migration, at +11,928 residents, was smaller than its combined peers’ international migration, which increased by +141,556.","Recent dynamics in drivers of change reveal that international migration (+11,928) is the primary driver for Travis County, mirroring Houston MSA (+71,903) and Dallas MSA (+55,444), while the WFSRCA Region (+28,142) and San Antonio MSA (+18,763) exhibit a primary focus on domestic migration.","Travis County’s population growth, driven by international migration, is notably lower than observed across Houston MSA, Dallas MSA, US, United States, Austin MSA, WFSRCA Region, its combined peers, San Antonio MSA, Texas and US, Texas, and Travis County.","Broad: MATH LOCK: Travis County is exactly +11,928 and Austin MSA is exactly +19,860. DO NOT confuse or swap these values. REQUIRED FACT: You must explicitly state that the primary group is 'International Migration', whereas for Austin MSA it is 'Domestic Migration'. DO NOT subtract their values. | Bench: MATH LOCK: Travis County is exactly +11,928 and Texas is exactly +167,475. DO NOT confuse or swap these values. REQUIRED FACT: You must state both share the primary group 'International Migration', but the magnitude differs by 155,547. | Peer Avg: MATH LOCK: Travis County is exactly +11,928 and its combined peers is exactly +141,556. DO NOT confuse or swap these values. REQUIRED FACT: You must state both share the primary group 'International Migration', but the magnitude differs by 129,628. | Peer Detailed: Focus (Travis County) Cat: International Migration (+11,928) | [WFSRCA Region: Domestic Migration (+28,142)] [San Antonio MSA: Domestic Migration (+18,763)] [Dallas MSA: International Migration (+55,444)] [Houston MSA: International Migration (+71,903)] "
Drivers of Change,"Travis County’s demographic trends reveal a distinct pattern of change, primarily shaped by natural population growth between 1990 and 2025, which substantially outpaced national and state averages, as well as those of its peer regions. While international migration contributed to population increases in 2025, it represented a comparatively modest shift, particularly when contrasted with the robust growth observed across the broader Houston, Austin, and Texas metropolitan areas, and significantly lagged behind us and texas-wide benchmarks. This localized growth trajectory suggests a divergence from broader demographic trends, highlighting the county’s unique characteristics and emphasizing the continued importance of natural population increase as a key driver.","Travis County’s demographic profile presents a unique and accelerating growth trajectory, driven primarily by natural population increases and characterized by a notably aging population, particularly among the 75-79 age group, which diverges significantly from national and regional trends and contributes to a higher median age than the Austin MSA and its peers. While the workforce remains highly skilled and engaged, with exceptional educational attainment and labor force participation rates, challenges persist regarding affordability, as evidenced by elevated cost-burden rates for both renter and owner households relative to the Austin MSA and broader Texas, alongside a persistent poverty rate exceeding national and regional benchmarks. Despite robust overall population growth, the county’s expansion lags behind major metropolitan areas, indicating a localized growth pattern that warrants further investigation and strategic planning to address socioeconomic disparities and ensure sustainable growth aligned with broader regional trends.",1990,2025,components_of_change,"{""Value Type"": ""NATURALCHG"", ""Value Type"": ""DOMESTICMIG"", ""Value Type"": ""INTERNATIONALMIG""}",Cumulative Dynamics in Drivers of Change,Numeric,Largest cumulative component of population change for the geography (or county-level counterpart) from 1990 to current year,"Travis County experienced a change of +344,450 residents from 1990 to 2025, primarily driven by natural change.","Natural change in Travis County, representing a change of +344,450, was larger than domestic migration in Austin MSA, which represented a change of +914,030.","Travis County’s largest cumulative component of population change from 1990 to 2025 was natural change, significantly larger than US and Texas (+49,389,449) totals and Travis County (+7,064,462).","Travis County’s largest driver of population change from 1990 to 2025, representing a natural change of +344,450, was smaller than its combined peers’ natural change of +4,638,876.","Travis County’s primary cumulative dynamics in drivers of change is natural change (+344,450), mirroring Dallas MSA (natural change at +1,979,959) and Houston MSA (natural change at +1,934,595). In contrast, the WFSRCA Region exhibits a primary cumulative dynamic of domestic migration (+783,635), while San Antonio MSA demonstrates domestic migration at +689,969.","Travis County’s cumulative population change from 1990 to 2025 was primarily driven by natural change, significantly exceeding US and Texas benchmarks, while its combined peers, the WFSRCA Region, and the US benchmarks represented a comparatively smaller component of overall growth.","Broad: MATH LOCK: Travis County is exactly +344,450 and Austin MSA is exactly +914,030. DO NOT confuse or swap these values. REQUIRED FACT: You must explicitly state that the primary group is 'Natural Change', whereas for Austin MSA it is 'Domestic Migration'. DO NOT subtract their values. | Bench: MATH LOCK: Travis County is exactly +344,450 and US is exactly +49,389,449. DO NOT confuse or swap these values. REQUIRED FACT: You must state both share the primary group 'Natural Change', but the magnitude differs by 49,044,999. | Peer Avg: MATH LOCK: Travis County is exactly +344,450 and its combined peers is exactly +4,638,876. DO NOT confuse or swap these values. REQUIRED FACT: You must state both share the primary group 'Natural Change', but the magnitude differs by 4,294,426. | Peer Detailed: Focus (Travis County) Cat: Natural Change (+344,450) | [San Antonio MSA: Domestic Migration (+689,969)] [Dallas MSA: Natural Change (+1,979,959)] [WFSRCA Region: Domestic Migration (+783,635)] [Houston MSA: Natural Change (+1,934,595)] "
Demographics,"Analysis of Travis County’s demographics reveals several key distinctions compared to surrounding metropolitan areas and national trends. While the 30-34 age group constitutes the largest segment within the county, it’s notably smaller than benchmarks observed across the Houston, Dallas, Austin, and San Antonio MSAs, as well as the broader us and texas markets. A particularly strong growth trend is evident within the 75-79 age group, surpassing rates seen in comparable regions. The white population remains the largest race-ethnicity group, exceeding benchmarks within the houston msa and among its peers, while the hispanic population experienced a comparatively slower growth rate. Furthermore, travis county’s median age of 35.6 years is significantly higher than the austin msa and its peer average, and critically, this median age increased substantially in 2024, diverging markedly from national and regional trends, presenting a key area for deeper demographic investigation.","Travis County’s demographic profile presents a unique and accelerating growth trajectory, driven primarily by natural population increases and characterized by a notably aging population, particularly among the 75-79 age group, which diverges significantly from national and regional trends and contributes to a higher median age than the Austin MSA and its peers. While the workforce remains highly skilled and engaged, with exceptional educational attainment and labor force participation rates, challenges persist regarding affordability, as evidenced by elevated cost-burden rates for both renter and owner households relative to the Austin MSA and broader Texas, alongside a persistent poverty rate exceeding national and regional benchmarks. Despite robust overall population growth, the county’s expansion lags behind major metropolitan areas, indicating a localized growth pattern that warrants further investigation and strategic planning to address socioeconomic disparities and ensure sustainable growth aligned with broader regional trends.",2024,2024,population_pyramid,"{""Age Group Description""}",Largest Age Group,Ordinal,Largest cohort by age for the geography (or county-level counterpart) in current year,"Travis County’s largest age group in 2024 is the 30-to-34 cohort, comprising 272,962 individuals.","Travis County’s largest age group in 2024 is the 30-to-34 cohort, comprising 272,962 individuals, which is smaller than the 460,230 individuals in the Austin MSA within this same age group.","Travis County represents the largest age group in 2024 with 272,962 individuals, significantly smaller than Texas and US's cohort of 4,660,000 and 47,990,000.","Travis County’s largest age group in 2024 is the 30-to-34 cohort, comprising 272,962 individuals, which is smaller than its combined peers of 3.06 million.","Travis County’s primary largest age group is 30 to 34 (272,962), mirroring Dallas MSA (30 to 34 at 1.29 million), Houston MSA (30 to 34 at 1.16 million), and San Antonio MSA (30 to 34 at 414,052). In contrast, the primary category for the WFSRCA Region is 35 to 39 (209,266).","Travis County’s largest age group in 2024, representing the 30-to-34 cohort, is substantially smaller than comparable populations within the Houston MSA, Dallas MSA, US, United States, Austin MSA, WFSRCA Region, its combined peers, San Antonio MSA, Texas and US, Texas, and Travis County.","Broad: MATH LOCK: Travis County is exactly 272,962 and Austin MSA is exactly 460,230. DO NOT confuse or swap these values. REQUIRED FACT: You must state both share the primary group '30 to 34', but the magnitude differs by 187,268. | Bench: MATH LOCK: Travis County is exactly 272,962 and Texas is exactly 4.66 million. DO NOT confuse or swap these values. REQUIRED FACT: You must state both share the primary group '30 to 34', but the magnitude differs by 4,382,812. | Peer Avg: MATH LOCK: Travis County is exactly 272,962 and its combined peers is exactly 3.06 million. DO NOT confuse or swap these values. REQUIRED FACT: You must state both share the primary group '30 to 34', but the magnitude differs by 2,788,104. | Peer Detailed: Focus (Travis County) Cat: 30 to 34 (272,962) | [WFSRCA Region: 35 to 39 (209,266)] [San Antonio MSA: 30 to 34 (414,052)] [Dallas MSA: 30 to 34 (1.29 million)] [Houston MSA: 30 to 34 (1.16 million)] "
Demographics,"Analysis of Travis County’s demographics reveals several key distinctions compared to surrounding metropolitan areas and national trends. While the 30-34 age group constitutes the largest segment within the county, it’s notably smaller than benchmarks observed across the Houston, Dallas, Austin, and San Antonio MSAs, as well as the broader us and texas markets. A particularly strong growth trend is evident within the 75-79 age group, surpassing rates seen in comparable regions. The white population remains the largest race-ethnicity group, exceeding benchmarks within the houston msa and among its peers, while the hispanic population experienced a comparatively slower growth rate. Furthermore, travis county’s median age of 35.6 years is significantly higher than the austin msa and its peer average, and critically, this median age increased substantially in 2024, diverging markedly from national and regional trends, presenting a key area for deeper demographic investigation.","Travis County’s demographic profile presents a unique and accelerating growth trajectory, driven primarily by natural population increases and characterized by a notably aging population, particularly among the 75-79 age group, which diverges significantly from national and regional trends and contributes to a higher median age than the Austin MSA and its peers. While the workforce remains highly skilled and engaged, with exceptional educational attainment and labor force participation rates, challenges persist regarding affordability, as evidenced by elevated cost-burden rates for both renter and owner households relative to the Austin MSA and broader Texas, alongside a persistent poverty rate exceeding national and regional benchmarks. Despite robust overall population growth, the county’s expansion lags behind major metropolitan areas, indicating a localized growth pattern that warrants further investigation and strategic planning to address socioeconomic disparities and ensure sustainable growth aligned with broader regional trends.",2023,2024,population_pyramid,"{""Age Group Description""}",Largest Change in Age Group,Numeric,Largest change in age cohort for the geography (or county-level counterpart) from previous to current,"Travis County experienced a change of +4,788 individuals within the 75 to 79 age group between 2023 and 2024.","Travis County experienced a change of +4,788 in the 75 to 79 age group, larger than the +13,844 increase observed in the Austin MSA.","Travis County experienced a change of +4,788 in the 75 to 79 age group, larger than the +115,112 increase observed in Texas and US's 20 to 24 cohort.","Travis County experienced a change of +4,788 in the 75 to 79 age bracket, significantly larger than the +93,014 increase observed in its combined peers.","Travis County’s primary largest change in age group is 75 to 79 (+4,788). In contrast, the Houston MSA shows a primary category change of 20 to 24 (+43,226), the Dallas MSA exhibits a primary category change of 30 to 34 (+37,276), the San Antonio MSA demonstrates a primary category change of 40 to 44 (+11,356), and the WFSRCA Region reports a primary category change of 40 to 44 (+10,208).","Travis County demonstrates a notably higher growth rate in the 75 to 79 age group compared to the Houston MSA, Dallas MSA, US, United States, Austin MSA, WFSRCA Region, its combined peers, San Antonio MSA, Texas and US, Texas, and Travis County.","Broad: MATH LOCK: Travis County is exactly +4,788 and Austin MSA is exactly +13,844. DO NOT confuse or swap these values. REQUIRED FACT: You must explicitly state that the primary group is '75 to 79', whereas for Austin MSA it is '40 to 44'. DO NOT subtract their values. | Bench: MATH LOCK: Travis County is exactly +4,788 and Texas is exactly +115,112. DO NOT confuse or swap these values. REQUIRED FACT: You must explicitly state that the primary group is '75 to 79', whereas for Texas it is '20 to 24'. DO NOT subtract their values. | Peer Avg: MATH LOCK: Travis County is exactly +4,788 and its combined peers is exactly +93,014. DO NOT confuse or swap these values. REQUIRED FACT: You must explicitly state that the primary group is '75 to 79', whereas for its combined peers it is '20 to 24'. DO NOT subtract their values. | Peer Detailed: Focus (Travis County) Cat: 75 to 79 (+4,788) | [San Antonio MSA: 40 to 44 (+11,356)] [Dallas MSA: 30 to 34 (+37,276)] [Houston MSA: 20 to 24 (+43,226)] [WFSRCA Region: 40 to 44 (+10,208)] "
Demographics,"Analysis of Travis County’s demographics reveals several key distinctions compared to surrounding metropolitan areas and national trends. While the 30-34 age group constitutes the largest segment within the county, it’s notably smaller than benchmarks observed across the Houston, Dallas, Austin, and San Antonio MSAs, as well as the broader us and texas markets. A particularly strong growth trend is evident within the 75-79 age group, surpassing rates seen in comparable regions. The white population remains the largest race-ethnicity group, exceeding benchmarks within the houston msa and among its peers, while the hispanic population experienced a comparatively slower growth rate. Furthermore, travis county’s median age of 35.6 years is significantly higher than the austin msa and its peer average, and critically, this median age increased substantially in 2024, diverging markedly from national and regional trends, presenting a key area for deeper demographic investigation.","Travis County’s demographic profile presents a unique and accelerating growth trajectory, driven primarily by natural population increases and characterized by a notably aging population, particularly among the 75-79 age group, which diverges significantly from national and regional trends and contributes to a higher median age than the Austin MSA and its peers. While the workforce remains highly skilled and engaged, with exceptional educational attainment and labor force participation rates, challenges persist regarding affordability, as evidenced by elevated cost-burden rates for both renter and owner households relative to the Austin MSA and broader Texas, alongside a persistent poverty rate exceeding national and regional benchmarks. Despite robust overall population growth, the county’s expansion lags behind major metropolitan areas, indicating a localized growth pattern that warrants further investigation and strategic planning to address socioeconomic disparities and ensure sustainable growth aligned with broader regional trends.",2024,2024,population_pyramid,"{""Variable Group Description""}",Largest Race-Ethnicity Group,Ordinal,Largest cohort by race-ethnicity for the geography (or county-level counterpart) in current year,"Travis County’s largest race-ethnicity group in 2024 is the White population, with 637,377 residents.","Travis County represented the largest white population cohort with 637,377 residents, significantly smaller than the 1.23 million residing in the Austin MSA","Travis County represented the largest cohort with 637,377 residents, significantly smaller than the white population of the US and Texas at 195.43 million.","Travis County represented the largest white population among its combined peers with 637,377 residents, significantly smaller than the 7.52 million residing within the broader White demographic.","Travis County’s primary largest race-ethnicity group is White (637,377), mirroring Dallas MSA (3.42 million) and WFSRCA Region (689,395), while Houston MSA’s primary category is Hispanic (3.05 million) and San Antonio MSA’s is Hispanic (1.52 million).","Travis County’s largest race-ethnicity group in 2024 is the White population, representing a significant portion within the Houston MSA and exceeding benchmarks for both the US and Texas, while also being the largest White demographic among its combined peers.","Broad: MATH LOCK: Travis County is exactly 637,377 and Austin MSA is exactly 1.23 million. DO NOT confuse or swap these values. REQUIRED FACT: You must state both share the primary group 'White', but the magnitude differs by 592,082. | Bench: MATH LOCK: Travis County is exactly 637,377 and US is exactly 195.43 million. DO NOT confuse or swap these values. REQUIRED FACT: You must state both share the primary group 'White', but the magnitude differs by 194,795,847. | Peer Avg: MATH LOCK: Travis County is exactly 637,377 and its combined peers is exactly 7.52 million. DO NOT confuse or swap these values. REQUIRED FACT: You must state both share the primary group 'White', but the magnitude differs by 6,878,920. | Peer Detailed: Focus (Travis County) Cat: White (637,377) | [WFSRCA Region: White (689,395)] [Dallas MSA: White (3.42 million)] [Houston MSA: Hispanic (3.05 million)] [San Antonio MSA: Hispanic (1.52 million)] "
Demographics,"Analysis of Travis County’s demographics reveals several key distinctions compared to surrounding metropolitan areas and national trends. While the 30-34 age group constitutes the largest segment within the county, it’s notably smaller than benchmarks observed across the Houston, Dallas, Austin, and San Antonio MSAs, as well as the broader us and texas markets. A particularly strong growth trend is evident within the 75-79 age group, surpassing rates seen in comparable regions. The white population remains the largest race-ethnicity group, exceeding benchmarks within the houston msa and among its peers, while the hispanic population experienced a comparatively slower growth rate. Furthermore, travis county’s median age of 35.6 years is significantly higher than the austin msa and its peer average, and critically, this median age increased substantially in 2024, diverging markedly from national and regional trends, presenting a key area for deeper demographic investigation.","Travis County’s demographic profile presents a unique and accelerating growth trajectory, driven primarily by natural population increases and characterized by a notably aging population, particularly among the 75-79 age group, which diverges significantly from national and regional trends and contributes to a higher median age than the Austin MSA and its peers. While the workforce remains highly skilled and engaged, with exceptional educational attainment and labor force participation rates, challenges persist regarding affordability, as evidenced by elevated cost-burden rates for both renter and owner households relative to the Austin MSA and broader Texas, alongside a persistent poverty rate exceeding national and regional benchmarks. Despite robust overall population growth, the county’s expansion lags behind major metropolitan areas, indicating a localized growth pattern that warrants further investigation and strategic planning to address socioeconomic disparities and ensure sustainable growth aligned with broader regional trends.",2023,2024,population_pyramid,"{""Variable Group Description""}",Largest Change in Race-Ethnicity Group,Numeric,Largest change in race-ethnicity cohort for the geography (or county-level counterpart) from previous to current,"Travis County experienced a change of +9,098 in the hispanic race-ethnicity group from 2023 to 2024.","Travis County experienced a change of +9,098 in the hispanic race-ethnicity group, smaller than the +27,834 change observed in the Austin MSA.","Travis County experienced a change of +9,098 in the hispanic race-ethnicity group, significantly smaller than the +1,943,997 observed in the US and Texas'","Travis County experienced a change of +9,098 in the hispanic population, significantly smaller than the change of +254,883 observed in its combined peers.","Travis County's primary largest change in race-ethnicity is Hispanic (+9,098), mirroring Houston MSA (Hispanic at +119,362), Dallas MSA (Hispanic at +82,060), San Antonio MSA (Hispanic at +33,516), and its combined peers (Hispanic at +19,945).","Travis County’s hispanic race-ethnicity group experienced a notable increase, which was considerably smaller than observed trends at the broader Houston MSA, Dallas MSA, US and Texas, Austin MSA, WFSRCA Region, its combined peers, and San Antonio MSA.","Broad: MATH LOCK: Travis County is exactly +9,098 and Austin MSA is exactly +27,834. DO NOT confuse or swap these values. REQUIRED FACT: You must state both share the primary group 'Hispanic', but the magnitude differs by 18,736. | Bench: MATH LOCK: Travis County is exactly +9,098 and US is exactly +1,943,997. DO NOT confuse or swap these values. REQUIRED FACT: You must state both share the primary group 'Hispanic', but the magnitude differs by 1,934,899. | Peer Avg: MATH LOCK: Travis County is exactly +9,098 and its combined peers is exactly +254,883. DO NOT confuse or swap these values. REQUIRED FACT: You must state both share the primary group 'Hispanic', but the magnitude differs by 245,785. | Peer Detailed: Focus (Travis County) Cat: Hispanic (+9,098) | [WFSRCA Region: Hispanic (+19,945)] [San Antonio MSA: Hispanic (+33,516)] [Dallas MSA: Hispanic (+82,060)] [Houston MSA: Hispanic (+119,362)] "
Demographics,"Analysis of Travis County’s demographics reveals several key distinctions compared to surrounding metropolitan areas and national trends. While the 30-34 age group constitutes the largest segment within the county, it’s notably smaller than benchmarks observed across the Houston, Dallas, Austin, and San Antonio MSAs, as well as the broader us and texas markets. A particularly strong growth trend is evident within the 75-79 age group, surpassing rates seen in comparable regions. The white population remains the largest race-ethnicity group, exceeding benchmarks within the houston msa and among its peers, while the hispanic population experienced a comparatively slower growth rate. Furthermore, travis county’s median age of 35.6 years is significantly higher than the austin msa and its peer average, and critically, this median age increased substantially in 2024, diverging markedly from national and regional trends, presenting a key area for deeper demographic investigation.","Travis County’s demographic profile presents a unique and accelerating growth trajectory, driven primarily by natural population increases and characterized by a notably aging population, particularly among the 75-79 age group, which diverges significantly from national and regional trends and contributes to a higher median age than the Austin MSA and its peers. While the workforce remains highly skilled and engaged, with exceptional educational attainment and labor force participation rates, challenges persist regarding affordability, as evidenced by elevated cost-burden rates for both renter and owner households relative to the Austin MSA and broader Texas, alongside a persistent poverty rate exceeding national and regional benchmarks. Despite robust overall population growth, the county’s expansion lags behind major metropolitan areas, indicating a localized growth pattern that warrants further investigation and strategic planning to address socioeconomic disparities and ensure sustainable growth aligned with broader regional trends.",2024,2024,ACS_Series,"{""Label"": ""Calc-Median Age""}",Median Age,Numeric,Median age of population for the geography in current year,Travis County’s median age in 2024 was 45.2 years.,Travis County's median age of 35.6 years is smaller than the Austin MSA's median age of 36.0 years.,"Travis County’s median age of 35.6 is smaller than the median age of Texas and US at 35.6 and 38.9, respectively.",Travis County’s median age of 35.6 years is larger than its peer average of 35.3 years.,"Travis County's median age of 35.6 is evaluated against its peers. Specifically, it is smaller than WFSRCA Region (37.7) and Cedar Park, TX (37.7), while being larger than Fountain, CO (30.0) and Austin City (34.7), and nearly the same as San Antonio MSA (35.9), Houston MSA (35.4), and Dallas MSA (35.6).","Travis County’s median age of 35.6 years is notably higher than the Austin MSA, Texas and its peer average, presenting an area for potential demographic analysis.","Broad: MATH LOCK: Travis County is exactly 35.6 and Austin MSA is exactly 36.0. DO NOT confuse or swap these values. REQUIRED FACT: You must state the difference is exactly 0.4 years younger than Austin MSA. | Bench: MATH LOCK: Travis County is exactly 35.6 and Texas is exactly 35.6. DO NOT confuse or swap these values. REQUIRED FACT: You must explicitly state that the values are exactly identical. DO NOT say it is higher or lower. | Peer Avg: MATH LOCK: Travis County is exactly 35.6 and its peer average is exactly 35.3. DO NOT confuse or swap these values. REQUIRED FACT: You must state the difference is exactly 0.3 years older than its peer average. | Peer Detailed: Focus (Travis County): 35.6000 | Tol: +/-0.7120 | [Fountain, CO (30.0000): Focus>Peer] [Austin City (34.7000): Focus>Peer] [Houston MSA (35.4000): SIM] [Dallas MSA (35.6000): SIM] [San Antonio MSA (35.9000): SIM] [Cedar Park, TX (37.7000): Focus<Peer] [WFSRCA Region (37.7202): Focus<Peer] "
Demographics,"Analysis of Travis County’s demographics reveals several key distinctions compared to surrounding metropolitan areas and national trends. While the 30-34 age group constitutes the largest segment within the county, it’s notably smaller than benchmarks observed across the Houston, Dallas, Austin, and San Antonio MSAs, as well as the broader us and texas markets. A particularly strong growth trend is evident within the 75-79 age group, surpassing rates seen in comparable regions. The white population remains the largest race-ethnicity group, exceeding benchmarks within the houston msa and among its peers, while the hispanic population experienced a comparatively slower growth rate. Furthermore, travis county’s median age of 35.6 years is significantly higher than the austin msa and its peer average, and critically, this median age increased substantially in 2024, diverging markedly from national and regional trends, presenting a key area for deeper demographic investigation.","Travis County’s demographic profile presents a unique and accelerating growth trajectory, driven primarily by natural population increases and characterized by a notably aging population, particularly among the 75-79 age group, which diverges significantly from national and regional trends and contributes to a higher median age than the Austin MSA and its peers. While the workforce remains highly skilled and engaged, with exceptional educational attainment and labor force participation rates, challenges persist regarding affordability, as evidenced by elevated cost-burden rates for both renter and owner households relative to the Austin MSA and broader Texas, alongside a persistent poverty rate exceeding national and regional benchmarks. Despite robust overall population growth, the county’s expansion lags behind major metropolitan areas, indicating a localized growth pattern that warrants further investigation and strategic planning to address socioeconomic disparities and ensure sustainable growth aligned with broader regional trends.",2023,2024,ACS_Series,"{""Label"": ""Calc-Median Age""}",Change in Median Age,Numeric,Change in median age of population for the geography from previous to current year,Travis County experienced a change of +0.1 in its median age from 2023 to 2024.,"Travis County and the Austin MSA experienced a change of +0.1 in median age, reflecting identical growth rates.","Travis County’s median age increased by 0.1, larger than Texas and US’s increase of 0.1 and 0.2.","Travis County exhibited a change of +0.1 in median age, representing a larger increase than its peer average of -0.0, resulting in a 0.1 year difference in median age.","Travis County's change in median age of +0.1 is evaluated against individual peers. Specifically, it is lower than Cedar Park, TX (+0.2), Austin City (+0.2), and San Antonio MSA (+0.2), while being higher than Fountain, CO (-1.1) and WFSRCA Region (+0.0), and nearly the same as Dallas MSA (+0.1) and Houston MSA (+0.1).","Travis County’s median age increased significantly in 2024, exceeding both regional and national benchmarks, and representing a notable divergence from its peer average’s trend in the US, Houston MSA, Dallas MSA, WFSRCA Region, Austin MSA, Austin City, San Antonio MSA, Fountain, CO, Texas and US, Texas, and its peer average.”","Broad: MATH LOCK: Travis County is exactly +0.1 and Austin MSA is exactly +0.1. DO NOT confuse or swap these values. REQUIRED FACT: You must explicitly state that the values are exactly identical. DO NOT say it is higher or lower. | Bench: MATH LOCK: Travis County is exactly +0.1 and Texas is exactly +0.1. DO NOT confuse or swap these values. REQUIRED FACT: You must explicitly state that the values are exactly identical. DO NOT say it is higher or lower. | Peer Avg: MATH LOCK: Travis County is exactly +0.1 and its peer average is exactly -0.0. DO NOT confuse or swap these values. REQUIRED FACT: You must state the difference is exactly 0.1 years older than its peer average. | Peer Detailed: Focus (Travis County): 0.1000 | Tol: +/-0.0020 | [Fountain, CO (-1.1000): Focus>Peer] [WFSRCA Region (0.0224): Focus>Peer] [Dallas MSA (0.1000): SIM] [Houston MSA (0.1000): SIM] [San Antonio MSA (0.2000): Focus<Peer] [Cedar Park, TX (0.2000): Focus<Peer] [Austin City (0.2000): Focus<Peer] "
Workforce,"Analysis of the workforce in Travis County reveals a highly skilled and engaged population, significantly outperforming regional and national benchmarks in educational attainment with a notably higher percentage of the 25+ population holding a bachelor’s degree or more. Furthermore, Travis County exhibits a remarkably elevated labor force participation rate, surpassing all comparative areas including the Houston, Dallas, Austin, and San Antonio MSAs, as well as the broader Texas and us landscapes. This trend is further underscored by a substantially higher proportion of workers utilizing remote work arrangements, exceeding rates observed across the Houston, Dallas, Austin, San Antonio, and Wfsrca regions, solidifying Travis County’s position as a leader in workforce engagement and flexibility.","Travis County’s demographic profile presents a unique and accelerating growth trajectory, driven primarily by natural population increases and characterized by a notably aging population, particularly among the 75-79 age group, which diverges significantly from national and regional trends and contributes to a higher median age than the Austin MSA and its peers. While the workforce remains highly skilled and engaged, with exceptional educational attainment and labor force participation rates, challenges persist regarding affordability, as evidenced by elevated cost-burden rates for both renter and owner households relative to the Austin MSA and broader Texas, alongside a persistent poverty rate exceeding national and regional benchmarks. Despite robust overall population growth, the county’s expansion lags behind major metropolitan areas, indicating a localized growth pattern that warrants further investigation and strategic planning to address socioeconomic disparities and ensure sustainable growth aligned with broader regional trends.",2024,2024,ACS_Series,"{""Label"": ""Calc-Bachelors"", ""Label"": ""Calc-Graduate""}",Percent of 25+ population with Bachelor's degree or more education,Percentage,Percent of 25+ population with a bachelor's degree or more education in the the geography in the current year,Travis County recorded 21.6% of the 25+ population with a Bachelor’s degree or more education in 2024.,"Travis County demonstrates a 21.6% attainment of the 25+ population with a bachelor’s degree or more education, larger than the 19.1% observed in Austin MSA.","Travis County demonstrates a significantly larger percentage, 21.6%, of the 25+ population with a bachelor’s degree or more education than Texas and US at 12.3%, representing a difference of 9.3 percentage points.","Travis County demonstrated a larger percentage, 21.6%, of the 25+ population with a bachelor’s degree or more education than its peer average of 15.4%, representing a difference of 6.2 percentage points.","Travis County's percent of 25+ population with bachelor’s degree or more education of 21.6% is evaluated against individual peers. Specifically, it is lower than Austin City, TX (23.0%), while being higher than Fountain, CO (10.1%), San Antonio MSA (12.2%), Houston MSA (13.7%), Dallas MSA (14.4%), WFSRCA Region (15.0%), and Cedar Park, TX.","Travis County exhibits a notably higher percentage of the 25+ population with a bachelor’s degree or more education compared to the Houston MSA, Texas and US, and its peer average.","Broad: MATH LOCK: Travis County is exactly 21.6% and Austin MSA is exactly 19.1%. DO NOT confuse or swap these values. REQUIRED FACT: You must state the difference is exactly 2.5 percentage points higher than Austin MSA. DO NOT use the '%' symbol for the difference. | Bench: MATH LOCK: Travis County is exactly 21.6% and Texas is exactly 12.3%. DO NOT confuse or swap these values. REQUIRED FACT: You must state the difference is exactly 9.3 percentage points higher than Texas. DO NOT use the '%' symbol for the difference. | Peer Avg: MATH LOCK: Travis County is exactly 21.6% and its peer average is exactly 15.4%. DO NOT confuse or swap these values. REQUIRED FACT: You must state the difference is exactly 6.2 percentage points higher than its peer average. DO NOT use the '%' symbol for the difference. | Peer Detailed: Focus (Travis County): 21.6078 | Tol: +/-0.4322 | [Fountain, CO (10.1354): Focus>Peer] [San Antonio MSA (12.1502): Focus>Peer] [Houston MSA (13.6907): Focus>Peer] [Dallas MSA (14.4196): Focus>Peer] [WFSRCA Region (15.0406): Focus>Peer] [Cedar Park, TX (19.2244): Focus>Peer] [Austin City (22.9895): Focus<Peer] "
Workforce,"Analysis of the workforce in Travis County reveals a highly skilled and engaged population, significantly outperforming regional and national benchmarks in educational attainment with a notably higher percentage of the 25+ population holding a bachelor’s degree or more. Furthermore, Travis County exhibits a remarkably elevated labor force participation rate, surpassing all comparative areas including the Houston, Dallas, Austin, and San Antonio MSAs, as well as the broader Texas and us landscapes. This trend is further underscored by a substantially higher proportion of workers utilizing remote work arrangements, exceeding rates observed across the Houston, Dallas, Austin, San Antonio, and Wfsrca regions, solidifying Travis County’s position as a leader in workforce engagement and flexibility.","Travis County’s demographic profile presents a unique and accelerating growth trajectory, driven primarily by natural population increases and characterized by a notably aging population, particularly among the 75-79 age group, which diverges significantly from national and regional trends and contributes to a higher median age than the Austin MSA and its peers. While the workforce remains highly skilled and engaged, with exceptional educational attainment and labor force participation rates, challenges persist regarding affordability, as evidenced by elevated cost-burden rates for both renter and owner households relative to the Austin MSA and broader Texas, alongside a persistent poverty rate exceeding national and regional benchmarks. Despite robust overall population growth, the county’s expansion lags behind major metropolitan areas, indicating a localized growth pattern that warrants further investigation and strategic planning to address socioeconomic disparities and ensure sustainable growth aligned with broader regional trends.",2023,2024,ACS_Series,"{""Label"": ""Calc-Bachelors"", ""Label"": ""Calc-Graduate""}",Change in percent of 25+ population with Bachelor's degree or more education,Percentage,Change in percent of 25+ population with a bachelor's degree or more education in the the geography from the previous to current year,Travis County experienced a change of 0.8% in the percent of the 25+ population with a bachelor’s degree or more education from 2023 to 2024.,Travis County exhibited a change of 0.0 percentage points higher than Austin MSA in the percent of the 25+ population with a bachelor’s degree or more education.,"Travis County exhibited a higher 0.8% in the percent of 25+ population with a bachelor’s degree or more education compared to the US and Texas at 0.3%, representing a difference of 0.5 percentage points higher.","Travis County exhibited a 0.8% rate, 0.1 percentage points higher than its peer average of 0.7%.","Travis County's change in percent of 25+ population with bachelor’s degree or more education of 0.8% is evaluated against its peers. Specifically, it is lower than Fountain, CO (1.3%), while being higher than San Antonio MSA (0.2%), Houston MSA (0.4%), and Dallas MSA (0.4%), while being nearly the same as Austin City (0.9%), Cedar Park, TX (0.8%), and WFSRCA Region (0.8%).","Travis County demonstrates a notably elevated percentage of the 25+ population with a bachelor’s degree or more education, exceeding both national and state benchmarks, as well as its peer average within the WFSRCA Region.","Broad: MATH LOCK: Travis County is exactly 0.8% and Austin MSA is exactly 0.8%. DO NOT confuse or swap these values. REQUIRED FACT: You must state the difference is exactly 0.0 percentage points higher than Austin MSA. DO NOT use the '%' symbol for the difference. | Bench: MATH LOCK: Travis County is exactly 0.8% and US is exactly 0.3%. DO NOT confuse or swap these values. REQUIRED FACT: You must state the difference is exactly 0.5 percentage points higher than US. DO NOT use the '%' symbol for the difference. | Peer Avg: MATH LOCK: Travis County is exactly 0.8% and its peer average is exactly 0.7%. DO NOT confuse or swap these values. REQUIRED FACT: You must state the difference is exactly 0.1 percentage points higher than its peer average. DO NOT use the '%' symbol for the difference. | Peer Detailed: Focus (Travis County): 0.8054 | Tol: +/-0.2000 | [San Antonio MSA (0.2489): Focus>Peer] [Houston MSA (0.4437): Focus>Peer] [Dallas MSA (0.4468): Focus>Peer] [WFSRCA Region (0.8095): SIM] [Cedar Park, TX (0.8395): SIM] [Austin City (0.9309): SIM] [Fountain, CO (1.2669): Focus<Peer] "
Income,"Travis County’s income landscape presents a complex picture, characterized by a persistent poverty rate of 10.9% which, despite a significant positive trend over time and a level now below us benchmarks, remains higher than national, state, and peer averages within the Wfsrca Region. Furthermore, the county’s Supplemental Nutrition Assistance Program (snap) receipt rate of 5.6% is notably lower than both national and regional averages, representing a key disparity compared to broader trends. Notably, the rate of change in snap receipt for 2024 was also comparatively subdued when compared to other metropolitan areas and surrounding regions, suggesting a slower pace of assistance uptake within Travis County.","Travis County’s demographic profile presents a unique and accelerating growth trajectory, driven primarily by natural population increases and characterized by a notably aging population, particularly among the 75-79 age group, which diverges significantly from national and regional trends and contributes to a higher median age than the Austin MSA and its peers. While the workforce remains highly skilled and engaged, with exceptional educational attainment and labor force participation rates, challenges persist regarding affordability, as evidenced by elevated cost-burden rates for both renter and owner households relative to the Austin MSA and broader Texas, alongside a persistent poverty rate exceeding national and regional benchmarks. Despite robust overall population growth, the county’s expansion lags behind major metropolitan areas, indicating a localized growth pattern that warrants further investigation and strategic planning to address socioeconomic disparities and ensure sustainable growth aligned with broader regional trends.",2024,2024,ACS_Series,"{""Label"": ""Calc-Pop below poverty line""}",Percent of population below poverty line,Percentage,Percent of population below poverty line in the the geography in the current year,Travis County reported a poverty rate of 10.9% in 2024.,"Travis County’s poverty rate of 10.9% is larger than Austin MSA’s rate of 9.8%, representing a difference of 1.1 percentage points.","Travis County’s poverty rate of 10.9% is smaller than the US and Texas rate of 12.5% and 13.8%, representing a difference of 1.6 percentage points lower than the US and Texas.",Travis County's poverty rate of 10.9% is larger than its peer average of 10.7 percentage points.,"Travis County's percent of population below the poverty line of 10.9% is evaluated against individual peers. Specifically, it is lower than Houston MSA (13.9%), San Antonio MSA (13.4%), and Austin City (12.0%), while being higher than Cedar Park, TX (5.9%), WFSRCA Region (8.6%), Fountain, CO (10.3%), and Dallas MSA (10.5%).","Travis County’s poverty rate of 10.9% is higher than the national and state averages, as well as the US and Texas, Austin MSA, and slightly above its peer average.","Broad: MATH LOCK: Travis County is exactly 10.9% and Austin MSA is exactly 9.8%. DO NOT confuse or swap these values. REQUIRED FACT: You must state the difference is exactly 1.1 percentage points higher than Austin MSA. DO NOT use the '%' symbol for the difference. | Bench: MATH LOCK: Travis County is exactly 10.9% and US is exactly 12.5%. DO NOT confuse or swap these values. REQUIRED FACT: You must state the difference is exactly 1.6 percentage points lower than US. DO NOT use the '%' symbol for the difference. | Peer Avg: MATH LOCK: Travis County is exactly 10.9% and its peer average is exactly 10.7%. DO NOT confuse or swap these values. REQUIRED FACT: You must state the difference is exactly 0.2 percentage points higher than its peer average. DO NOT use the '%' symbol for the difference. | Peer Detailed: Focus (Travis County): 10.9000 | Tol: +/-0.2180 | [Cedar Park, TX (5.9000): Focus>Peer] [WFSRCA Region (8.5555): Focus>Peer] [Fountain, CO (10.3000): Focus>Peer] [Dallas MSA (10.5000): Focus>Peer] [Austin City (12.0000): Focus<Peer] [San Antonio MSA (13.4000): Focus<Peer] [Houston MSA (13.9000): Focus<Peer] "
Income,"Travis County’s income landscape presents a complex picture, characterized by a persistent poverty rate of 10.9% which, despite a significant positive trend over time and a level now below us benchmarks, remains higher than national, state, and peer averages within the Wfsrca Region. Furthermore, the county’s Supplemental Nutrition Assistance Program (snap) receipt rate of 5.6% is notably lower than both national and regional averages, representing a key disparity compared to broader trends. Notably, the rate of change in snap receipt for 2024 was also comparatively subdued when compared to other metropolitan areas and surrounding regions, suggesting a slower pace of assistance uptake within Travis County.","Travis County’s demographic profile presents a unique and accelerating growth trajectory, driven primarily by natural population increases and characterized by a notably aging population, particularly among the 75-79 age group, which diverges significantly from national and regional trends and contributes to a higher median age than the Austin MSA and its peers. While the workforce remains highly skilled and engaged, with exceptional educational attainment and labor force participation rates, challenges persist regarding affordability, as evidenced by elevated cost-burden rates for both renter and owner households relative to the Austin MSA and broader Texas, alongside a persistent poverty rate exceeding national and regional benchmarks. Despite robust overall population growth, the county’s expansion lags behind major metropolitan areas, indicating a localized growth pattern that warrants further investigation and strategic planning to address socioeconomic disparities and ensure sustainable growth aligned with broader regional trends.",2023,2024,ACS_Series,"{""Label"": ""Calc-Pop below poverty line""}",Change in percent of population below poverty line,Percentage,Change in percent of population below poverty line in the the geography from the previous to current year,Travis County experienced a change of -0.1% in the percent of its population below the poverty line from 2023 to 2024.,"Travis County and the Austin MSA experienced a change of -0.1% in the percent of population below the poverty line, reflecting identical shifts between 2023 and 2024.","Travis County experienced a change of -0.1% in the percent of its population below the poverty line from 2023 to 2024, lower than Texas and US’ 0.0% and 0.1% respectively.",Travis County’s poverty rate was 0.3 percentage points lower than its peer average.,"Travis County's change in percent of population below the poverty line of -0.1% is evaluated against individual peers. Specifically, it is lower than Fountain, CO (1.6%), Houston MSA (0.3%), and Cedar Park, TX (0.2%), while being higher than Austin City (-0.3%), while being nearly the same as San Antonio MSA (0.0%), Dallas MSA (0.0%), and WFSRCA Region (-0.2%).","Travis County demonstrates a significantly positive trend in its poverty rate, achieving a level substantially lower than the US benchmarks, as well as being 0.3 percentage points below the average of its peer average within the WFSRCA Region.","Broad: MATH LOCK: Travis County is exactly -0.1% and Austin MSA is exactly -0.1%. DO NOT confuse or swap these values. REQUIRED FACT: You must explicitly state that the values are exactly identical. DO NOT say it is higher or lower. | Bench:  | Peer Avg: MATH LOCK: Travis County is exactly -0.1% and its peer average is exactly 0.2%. DO NOT confuse or swap these values. REQUIRED FACT: You must state the difference is exactly 0.3 percentage points lower than its peer average. DO NOT use the '%' symbol for the difference. | Peer Detailed: Focus (Travis County): -0.1000 | Tol: +/-0.2000 | [Austin City (-0.3000): Focus>Peer] [WFSRCA Region (-0.1614): SIM] [San Antonio MSA (0.0000): SIM] [Dallas MSA (0.0000): SIM] [Cedar Park, TX (0.2000): Focus<Peer] [Houston MSA (0.3000): Focus<Peer] [Fountain, CO (1.6000): Focus<Peer] "
Income,"Travis County’s income landscape presents a complex picture, characterized by a persistent poverty rate of 10.9% which, despite a significant positive trend over time and a level now below us benchmarks, remains higher than national, state, and peer averages within the Wfsrca Region. Furthermore, the county’s Supplemental Nutrition Assistance Program (snap) receipt rate of 5.6% is notably lower than both national and regional averages, representing a key disparity compared to broader trends. Notably, the rate of change in snap receipt for 2024 was also comparatively subdued when compared to other metropolitan areas and surrounding regions, suggesting a slower pace of assistance uptake within Travis County.","Travis County’s demographic profile presents a unique and accelerating growth trajectory, driven primarily by natural population increases and characterized by a notably aging population, particularly among the 75-79 age group, which diverges significantly from national and regional trends and contributes to a higher median age than the Austin MSA and its peers. While the workforce remains highly skilled and engaged, with exceptional educational attainment and labor force participation rates, challenges persist regarding affordability, as evidenced by elevated cost-burden rates for both renter and owner households relative to the Austin MSA and broader Texas, alongside a persistent poverty rate exceeding national and regional benchmarks. Despite robust overall population growth, the county’s expansion lags behind major metropolitan areas, indicating a localized growth pattern that warrants further investigation and strategic planning to address socioeconomic disparities and ensure sustainable growth aligned with broader regional trends.",2024,2024,ACS_Series,"{""Label"": ""Calc-SNAP""}",Percent of households receiving SNAP,Percentage,Percent of households receiving SNAP in the the geography in the current year,Travis County reported 5.6% of households receiving snap in 2024.,"Travis County recorded a SNAP receipt rate of 5.6%, larger than the 5.4% rate observed in Austin MSA.","Travis County reported 5.6% of households receiving SNAP, smaller than Texas and US at 11.4% and the United States at 12.1%.","Travis County reported 5.6% of households receiving snap, smaller than its peer average of 8.2%.","Travis County's percent of households receiving SNAP of 5.6% is evaluated against individual peers. Specifically, it is lower than San Antonio MSA (12.5%), Houston MSA (11.6%), Fountain, CO (11.1%), and Dallas MSA (8.0%), while being higher than Cedar Park, TX (3.1%), nearly the same as Austin City (5.7%) and WFSRCA Region (5.4%).","Travis County’s SNAP receipt rate of 5.6% is significantly lower than the US averages, as well as its peer average, indicating a notable disparity compared to broader regional and national trends.","Broad: MATH LOCK: Travis County is exactly 5.6% and Austin MSA is exactly 5.4%. DO NOT confuse or swap these values. REQUIRED FACT: You must state the difference is exactly 0.2 percentage points higher than Austin MSA. DO NOT use the '%' symbol for the difference. | Bench: MATH LOCK: Travis County is exactly 5.6% and Texas is exactly 11.4%. DO NOT confuse or swap these values. REQUIRED FACT: You must state the difference is exactly 5.8 percentage points lower than Texas. DO NOT use the '%' symbol for the difference. | Peer Avg: MATH LOCK: Travis County is exactly 5.6% and its peer average is exactly 8.2%. DO NOT confuse or swap these values. REQUIRED FACT: You must state the difference is exactly 2.6 percentage points lower than its peer average. DO NOT use the '%' symbol for the difference. | Peer Detailed: Focus (Travis County): 5.5685 | Tol: +/-0.2000 | [Cedar Park, TX (3.1320): Focus>Peer] [WFSRCA Region (5.4249): SIM] [Austin City (5.7137): SIM] [Dallas MSA (8.0411): Focus<Peer] [Fountain, CO (11.0867): Focus<Peer] [Houston MSA (11.6004): Focus<Peer] [San Antonio MSA (12.4662): Focus<Peer] "
Income,"Travis County’s income landscape presents a complex picture, characterized by a persistent poverty rate of 10.9% which, despite a significant positive trend over time and a level now below us benchmarks, remains higher than national, state, and peer averages within the Wfsrca Region. Furthermore, the county’s Supplemental Nutrition Assistance Program (snap) receipt rate of 5.6% is notably lower than both national and regional averages, representing a key disparity compared to broader trends. Notably, the rate of change in snap receipt for 2024 was also comparatively subdued when compared to other metropolitan areas and surrounding regions, suggesting a slower pace of assistance uptake within Travis County.","Travis County’s demographic profile presents a unique and accelerating growth trajectory, driven primarily by natural population increases and characterized by a notably aging population, particularly among the 75-79 age group, which diverges significantly from national and regional trends and contributes to a higher median age than the Austin MSA and its peers. While the workforce remains highly skilled and engaged, with exceptional educational attainment and labor force participation rates, challenges persist regarding affordability, as evidenced by elevated cost-burden rates for both renter and owner households relative to the Austin MSA and broader Texas, alongside a persistent poverty rate exceeding national and regional benchmarks. Despite robust overall population growth, the county’s expansion lags behind major metropolitan areas, indicating a localized growth pattern that warrants further investigation and strategic planning to address socioeconomic disparities and ensure sustainable growth aligned with broader regional trends.",2023,2024,ACS_Series,"{""Label"": ""Calc-SNAP""}",Change in percent of households receiving SNAP,Percentage,Change in percent of households receiving SNAP in the the geography from the previous to current year,Travis County experienced a change of -0.4% in the percent of households receiving SNAP from 2023 to 2024.,"Travis County experienced a change of -0.4%, which was smaller than the change of -0.3% observed in the Austin MSA.","Travis County experienced a change of -0.4%, smaller than Texas and US’s -0.1% and US’s 0.3%.",Travis County exhibited a rate of 0.4 percentage points lower than its peer average,"Travis County's change in percent of households receiving SNAP of -0.4% is evaluated against individual peers. Specifically, it is lower than Fountain, CO (1.5%), Houston MSA (0.1%), Dallas MSA (-0.1%), WFSRCA Region (-0.1%), and San Antonio MSA (-0.1%), while being nearly the same as Cedar Park, TX (-0.3%) and Austin City (-0.4%).","Travis County’s change in the percent of households receiving SNAP for 2024 was lower than that of Houston MSA, Dallas MSA, US, Cedar Park, TX, United States, its peer average, Austin MSA, WFSRCA Region, Austin City, San Antonio MSA, Fountain, CO, Texas and US, Texas, and Travis County.","Broad: MATH LOCK: Travis County is exactly -0.4% and Austin MSA is exactly -0.3%. DO NOT confuse or swap these values. REQUIRED FACT: You must state the difference is exactly 0.1 percentage points lower than Austin MSA. DO NOT use the '%' symbol for the difference. | Bench: MATH LOCK: Travis County is exactly -0.4% and Texas is exactly -0.1%. DO NOT confuse or swap these values. REQUIRED FACT: You must state the difference is exactly 0.3 percentage points lower than Texas. DO NOT use the '%' symbol for the difference. | Peer Avg: MATH LOCK: Travis County is exactly -0.4% and its peer average is exactly 0.1%. DO NOT confuse or swap these values. REQUIRED FACT: You must state the difference is exactly 0.4 percentage points lower than its peer average. DO NOT use the '%' symbol for the difference. | Peer Detailed: Focus (Travis County): -0.3575 | Tol: +/-0.2000 | [Austin City (-0.4440): SIM] [Cedar Park, TX (-0.2520): SIM] [San Antonio MSA (-0.0855): Focus<Peer] [WFSRCA Region (-0.0840): Focus<Peer] [Dallas MSA (-0.0825): Focus<Peer] [Houston MSA (0.0572): Focus<Peer] [Fountain, CO (1.4889): Focus<Peer] "
Workforce,"Analysis of the workforce in Travis County reveals a highly skilled and engaged population, significantly outperforming regional and national benchmarks in educational attainment with a notably higher percentage of the 25+ population holding a bachelor’s degree or more. Furthermore, Travis County exhibits a remarkably elevated labor force participation rate, surpassing all comparative areas including the Houston, Dallas, Austin, and San Antonio MSAs, as well as the broader Texas and us landscapes. This trend is further underscored by a substantially higher proportion of workers utilizing remote work arrangements, exceeding rates observed across the Houston, Dallas, Austin, San Antonio, and Wfsrca regions, solidifying Travis County’s position as a leader in workforce engagement and flexibility.","Travis County’s demographic profile presents a unique and accelerating growth trajectory, driven primarily by natural population increases and characterized by a notably aging population, particularly among the 75-79 age group, which diverges significantly from national and regional trends and contributes to a higher median age than the Austin MSA and its peers. While the workforce remains highly skilled and engaged, with exceptional educational attainment and labor force participation rates, challenges persist regarding affordability, as evidenced by elevated cost-burden rates for both renter and owner households relative to the Austin MSA and broader Texas, alongside a persistent poverty rate exceeding national and regional benchmarks. Despite robust overall population growth, the county’s expansion lags behind major metropolitan areas, indicating a localized growth pattern that warrants further investigation and strategic planning to address socioeconomic disparities and ensure sustainable growth aligned with broader regional trends.",2024,2024,ACS_Series,"{""Label"": ""Calc-LFPR""}",Labor force participation rate,Percentage,Labor force participation rate in the the geography in the current year,Travis County had a labor force participation rate of 73.3% in 2024.,Travis County’s labor force participation rate of 73.3% is larger than the Austin MSA’s rate of 71.4% by 1.9 percentage points.,Travis County’s labor force participation rate of 73.3% is larger than the US and Texas rate of 63.5% and the Travis County rate of 65.3% by 9.8 percentage points.,Travis County’s labor force participation rate of 73.3% is larger than its peer average of 69.3% by 4.0 percentage points.,"Travis County’s labor force participation rate of 73.3% is evaluated against its peers. Specifically, it is lower than Austin City (75.2%), while being higher than San Antonio MSA (64.9%), Houston MSA (66.4%), WFSRCA Region (67.5%), Dallas MSA (69.1%), Fountain, CO (70.8%), and 1 others.","Travis County demonstrates a notably higher labor force participation rate compared to the Houston MSA, the Dallas MSA, the US, Cedar Park, TX, United States, its peer average, US and Texas, the Austin MSA, the WFSRCA Region, Austin City, the San Antonio MSA, Fountain, CO, Texas, and Travis County.","Broad: MATH LOCK: Travis County is exactly 73.3% and Austin MSA is exactly 71.4%. DO NOT confuse or swap these values. REQUIRED FACT: You must state the difference is exactly 1.9 percentage points higher than Austin MSA. DO NOT use the '%' symbol for the difference. | Bench: MATH LOCK: Travis County is exactly 73.3% and US is exactly 63.5%. DO NOT confuse or swap these values. REQUIRED FACT: You must state the difference is exactly 9.8 percentage points higher than US. DO NOT use the '%' symbol for the difference. | Peer Avg: MATH LOCK: Travis County is exactly 73.3% and its peer average is exactly 69.3%. DO NOT confuse or swap these values. REQUIRED FACT: You must state the difference is exactly 4.0 percentage points higher than its peer average. DO NOT use the '%' symbol for the difference. | Peer Detailed: Focus (Travis County): 73.3022 | Tol: +/-1.4660 | [San Antonio MSA (64.9343): Focus>Peer] [Houston MSA (66.3818): Focus>Peer] [WFSRCA Region (67.5330): Focus>Peer] [Dallas MSA (69.1269): Focus>Peer] [Fountain, CO (70.7875): Focus>Peer] [Cedar Park, TX (70.9440): Focus>Peer] [Austin City (75.2175): Focus<Peer] "
Workforce,"Analysis of the workforce in Travis County reveals a highly skilled and engaged population, significantly outperforming regional and national benchmarks in educational attainment with a notably higher percentage of the 25+ population holding a bachelor’s degree or more. Furthermore, Travis County exhibits a remarkably elevated labor force participation rate, surpassing all comparative areas including the Houston, Dallas, Austin, and San Antonio MSAs, as well as the broader Texas and us landscapes. This trend is further underscored by a substantially higher proportion of workers utilizing remote work arrangements, exceeding rates observed across the Houston, Dallas, Austin, San Antonio, and Wfsrca regions, solidifying Travis County’s position as a leader in workforce engagement and flexibility.","Travis County’s demographic profile presents a unique and accelerating growth trajectory, driven primarily by natural population increases and characterized by a notably aging population, particularly among the 75-79 age group, which diverges significantly from national and regional trends and contributes to a higher median age than the Austin MSA and its peers. While the workforce remains highly skilled and engaged, with exceptional educational attainment and labor force participation rates, challenges persist regarding affordability, as evidenced by elevated cost-burden rates for both renter and owner households relative to the Austin MSA and broader Texas, alongside a persistent poverty rate exceeding national and regional benchmarks. Despite robust overall population growth, the county’s expansion lags behind major metropolitan areas, indicating a localized growth pattern that warrants further investigation and strategic planning to address socioeconomic disparities and ensure sustainable growth aligned with broader regional trends.",2023,2024,ACS_Series,"{""Label"": ""Calc-LFPR""}",Change in labor force participation rate,Percentage,Change in labor force participation rate in the the geography from the previous to current year,Travis County experienced a change of 0.1% in its labor force participation rate from 2023 to 2024.,Travis County exhibited a change of 0.1 percentage points higher than Austin MSA in labor force participation rate.,Travis County exhibited a change of 0.2 percentage points higher than US and Texas,Travis County’s labor force participation rate was 0.1 percentage points lower than its peer average.,"Travis County's change in labor force participation rate of 0.1% is evaluated against its peers. Specifically, it is lower than Fountain, CO (1.6%), while being higher than San Antonio MSA (-0.2%) and Cedar Park, TX (-0.2%), while being nearly the same as Dallas MSA (-0.1%), Houston MSA (-0.0%), Austin City (0.2%), and WFSRCA Region (0.2%).","Travis County’s labor force participation rate demonstrated a relative position that was higher than the US and Texas benchmarks, but lower than the average of its peer average, and notably elevated compared to the Austin MSA and the San Antonio MSA.","Broad: MATH LOCK: Travis County is exactly 0.1% and Austin MSA is exactly 0.1%. DO NOT confuse or swap these values. REQUIRED FACT: You must state the difference is exactly 0.0 percentage points higher than Austin MSA. DO NOT use the '%' symbol for the difference. | Bench: MATH LOCK: Travis County is exactly 0.1% and US is exactly -0.0%. DO NOT confuse or swap these values. REQUIRED FACT: You must state the difference is exactly 0.2 percentage points higher than US. DO NOT use the '%' symbol for the difference. | Peer Avg: MATH LOCK: Travis County is exactly 0.1% and its peer average is exactly 0.2%. DO NOT confuse or swap these values. REQUIRED FACT: You must state the difference is exactly 0.1 percentage points lower than its peer average. DO NOT use the '%' symbol for the difference. | Peer Detailed: Focus (Travis County): 0.1149 | Tol: +/-0.2000 | [San Antonio MSA (-0.2366): Focus>Peer] [Cedar Park, TX (-0.1947): Focus>Peer] [Dallas MSA (-0.0835): SIM] [Houston MSA (-0.0309): SIM] [WFSRCA Region (0.2066): SIM] [Austin City (0.2289): SIM] [Fountain, CO (1.6342): Focus<Peer] "
Workforce,"Analysis of the workforce in Travis County reveals a highly skilled and engaged population, significantly outperforming regional and national benchmarks in educational attainment with a notably higher percentage of the 25+ population holding a bachelor’s degree or more. Furthermore, Travis County exhibits a remarkably elevated labor force participation rate, surpassing all comparative areas including the Houston, Dallas, Austin, and San Antonio MSAs, as well as the broader Texas and us landscapes. This trend is further underscored by a substantially higher proportion of workers utilizing remote work arrangements, exceeding rates observed across the Houston, Dallas, Austin, San Antonio, and Wfsrca regions, solidifying Travis County’s position as a leader in workforce engagement and flexibility.","Travis County’s demographic profile presents a unique and accelerating growth trajectory, driven primarily by natural population increases and characterized by a notably aging population, particularly among the 75-79 age group, which diverges significantly from national and regional trends and contributes to a higher median age than the Austin MSA and its peers. While the workforce remains highly skilled and engaged, with exceptional educational attainment and labor force participation rates, challenges persist regarding affordability, as evidenced by elevated cost-burden rates for both renter and owner households relative to the Austin MSA and broader Texas, alongside a persistent poverty rate exceeding national and regional benchmarks. Despite robust overall population growth, the county’s expansion lags behind major metropolitan areas, indicating a localized growth pattern that warrants further investigation and strategic planning to address socioeconomic disparities and ensure sustainable growth aligned with broader regional trends.",2024,2024,ACS_Series,"{""Label"": ""Calc-Worked from home""}",Percent of workers working from home,Percentage,Percent of workers working from home in the the geography in the current year,Travis County reported 30.2% of workers working from home in 2024.,"Travis County exhibited a work-from-home rate of 30.2%, larger than the 26.8% rate observed in the Austin MSA.","Travis County demonstrated a work-from-home rate of 30.2%, substantially larger than Texas and US at 14.4% and the United States at 15.1%, representing a difference of 15.8 percentage points higher than Texas and US.","Travis County exhibited a work-from-home rate of 30.2%, larger than its peer average of 19.8%.","Travis County's percent of workers working from home of 30.2% is evaluated against individual peers. Specifically, it is higher than Fountain, CO (10.7%), Houston MSA (13.4%), San Antonio MSA (14.9%), Dallas MSA (17.8%), and WFSRCA Region (21.3%), while being nearly the same as Austin City (30.7%) and Cedar Park, TX (29.9%).","Travis County demonstrates a significantly higher percentage of workers working from home compared to the Houston MSA, Dallas MSA, US, Cedar Park, TX, Austin MSA, WFSRCA Region, Austin City, San Antonio MSA, Fountain, CO, Texas and US, Texas, and Travis County.","Broad: MATH LOCK: Travis County is exactly 30.2% and Austin MSA is exactly 26.8%. DO NOT confuse or swap these values. REQUIRED FACT: You must state the difference is exactly 3.4 percentage points higher than Austin MSA. DO NOT use the '%' symbol for the difference. | Bench: MATH LOCK: Travis County is exactly 30.2% and Texas is exactly 14.4%. DO NOT confuse or swap these values. REQUIRED FACT: You must state the difference is exactly 15.8 percentage points higher than Texas. DO NOT use the '%' symbol for the difference. | Peer Avg: MATH LOCK: Travis County is exactly 30.2% and its peer average is exactly 19.8%. DO NOT confuse or swap these values. REQUIRED FACT: You must state the difference is exactly 10.4 percentage points higher than its peer average. DO NOT use the '%' symbol for the difference. | Peer Detailed: Focus (Travis County): 30.1946 | Tol: +/-0.6039 | [Fountain, CO (10.7027): Focus>Peer] [Houston MSA (13.4488): Focus>Peer] [San Antonio MSA (14.8567): Focus>Peer] [Dallas MSA (17.7948): Focus>Peer] [WFSRCA Region (21.3431): Focus>Peer] [Cedar Park, TX (29.8973): SIM] [Austin City (30.6857): SIM] "
Workforce,"Analysis of the workforce in Travis County reveals a highly skilled and engaged population, significantly outperforming regional and national benchmarks in educational attainment with a notably higher percentage of the 25+ population holding a bachelor’s degree or more. Furthermore, Travis County exhibits a remarkably elevated labor force participation rate, surpassing all comparative areas including the Houston, Dallas, Austin, and San Antonio MSAs, as well as the broader Texas and us landscapes. This trend is further underscored by a substantially higher proportion of workers utilizing remote work arrangements, exceeding rates observed across the Houston, Dallas, Austin, San Antonio, and Wfsrca regions, solidifying Travis County’s position as a leader in workforce engagement and flexibility.","Travis County’s demographic profile presents a unique and accelerating growth trajectory, driven primarily by natural population increases and characterized by a notably aging population, particularly among the 75-79 age group, which diverges significantly from national and regional trends and contributes to a higher median age than the Austin MSA and its peers. While the workforce remains highly skilled and engaged, with exceptional educational attainment and labor force participation rates, challenges persist regarding affordability, as evidenced by elevated cost-burden rates for both renter and owner households relative to the Austin MSA and broader Texas, alongside a persistent poverty rate exceeding national and regional benchmarks. Despite robust overall population growth, the county’s expansion lags behind major metropolitan areas, indicating a localized growth pattern that warrants further investigation and strategic planning to address socioeconomic disparities and ensure sustainable growth aligned with broader regional trends.",2023,2024,ACS_Series,"{""Label"": ""Calc-Worked from home""}",Change in percent of workers working from home,Percentage,Change in percent of workers working from home in the the geography from the previous to current year,Travis County experienced a change of 3.0 percentage points in the percent of workers working from home from 2023 to 2024.,Travis County exhibited a 0.5 percentage points higher rate of workers working from home than Austin MSA.,"Travis County exhibited a 3.0% rate of workers working from home, larger than Texas and US’ 1.5% and the US’ 1.6%.","Travis County exhibited a rate of 3.0% of workers working from home, higher than its peer average of 2.1 percentage points.","Travis County's change in percent of workers working from home of 3.0% is evaluated against individual peers. Specifically, it is higher than Houston MSA (1.5%), San Antonio MSA (1.8%), Dallas MSA (1.8%), WFSRCA Region (2.0%), Cedar Park, TX (2.1%), and Austin City (3.2%).","Travis County demonstrates a significantly higher percentage of workers working from home compared to the Austin MSA, Texas, the US, its peer average benchmarks, and WFSRCA Region.","Broad: MATH LOCK: Travis County is exactly 3.0% and Austin MSA is exactly 2.6%. DO NOT confuse or swap these values. REQUIRED FACT: You must state the difference is exactly 0.5 percentage points higher than Austin MSA. DO NOT use the '%' symbol for the difference. | Bench: MATH LOCK: Travis County is exactly 3.0% and Texas is exactly 1.5%. DO NOT confuse or swap these values. REQUIRED FACT: You must state the difference is exactly 1.5 percentage points higher than Texas. DO NOT use the '%' symbol for the difference. | Peer Avg: MATH LOCK: Travis County is exactly 3.0% and its peer average is exactly 2.1%. DO NOT confuse or swap these values. REQUIRED FACT: You must state the difference is exactly 0.9 percentage points higher than its peer average. DO NOT use the '%' symbol for the difference. | Peer Detailed: Focus (Travis County): 3.0189 | Tol: +/-0.2000 | [Houston MSA (1.5082): Focus>Peer] [San Antonio MSA (1.8094): Focus>Peer] [Dallas MSA (1.8464): Focus>Peer] [WFSRCA Region (2.0411): Focus>Peer] [Cedar Park, TX (2.1174): Focus>Peer] [Fountain, CO (2.1647): Focus>Peer] [Austin City (3.1565): SIM] "
Housing,"Analysis of housing affordability within Travis County reveals a complex picture, with the cost-burden rate for renter households currently elevated compared to the Austin Metropolitan Statistical Area (MSA), the broader Texas region, and national averages, though notably lower than the Dallas MSA. While this renter burden is a significant area of concern requiring further investigation, the cost-burden rate for owner households in 2024 also remains elevated relative to the Austin MSA, Texas, and the United States, a trend that contrasts with a comparatively stable situation observed in the change of the percent of owner households experiencing cost-burden, which is significantly lower than its peer group.","Travis County’s demographic profile presents a unique and accelerating growth trajectory, driven primarily by natural population increases and characterized by a notably aging population, particularly among the 75-79 age group, which diverges significantly from national and regional trends and contributes to a higher median age than the Austin MSA and its peers. While the workforce remains highly skilled and engaged, with exceptional educational attainment and labor force participation rates, challenges persist regarding affordability, as evidenced by elevated cost-burden rates for both renter and owner households relative to the Austin MSA and broader Texas, alongside a persistent poverty rate exceeding national and regional benchmarks. Despite robust overall population growth, the county’s expansion lags behind major metropolitan areas, indicating a localized growth pattern that warrants further investigation and strategic planning to address socioeconomic disparities and ensure sustainable growth aligned with broader regional trends.",2024,2024,ACS_Series,"{""Label"": ""Calc-Cost Burden Renters""}",Percent of renter households that are cost-burdened,Percentage,Percent of renter households that are cost-burdened in the the geography in the current year,Travis County reported 48.5% of renter households as cost-burdened in 2024.,"Travis County exhibits a cost-burden rate of 48.5%, smaller than the 49.1% observed in Austin MSA.","Travis County exhibits a cost-burden rate of 48.5%, smaller than the US and Texas rate of 51.1% and 51.7%, representing a difference of 2.6 percentage points.","Travis County’s cost-burden rate of 48.5% is smaller than its peer average of 54.2%, representing a difference of 5.7 percentage points lower.","Travis County's percent of renter households that are cost-burdened of 48.5% is evaluated against individual peers. Specifically, it is lower than Fountain, CO (71.0%), Houston MSA (53.1%), San Antonio MSA (52.9%), Dallas MSA (52.4%), Cedar Park, TX (52.0%), and 1 others, while being nearly the same as Austin City (47.7%).","Travis County demonstrates a cost-burden rate for renter households that is lower than the Austin MSA, the Dallas MSA, the US and Texas, its peer average, and US and Texas.","Broad: MATH LOCK: Travis County is exactly 48.5% and Austin MSA is exactly 49.1%. DO NOT confuse or swap these values. REQUIRED FACT: You must state the difference is exactly 0.7 percentage points lower than Austin MSA. DO NOT use the '%' symbol for the difference. | Bench: MATH LOCK: Travis County is exactly 48.5% and US is exactly 51.1%. DO NOT confuse or swap these values. REQUIRED FACT: You must state the difference is exactly 2.6 percentage points lower than US. DO NOT use the '%' symbol for the difference. | Peer Avg: MATH LOCK: Travis County is exactly 48.5% and its peer average is exactly 54.2%. DO NOT confuse or swap these values. REQUIRED FACT: You must state the difference is exactly 5.7 percentage points lower than its peer average. DO NOT use the '%' symbol for the difference. | Peer Detailed: Focus (Travis County): 48.4683 | Tol: +/-0.9694 | [Austin City (47.7481): SIM] [WFSRCA Region (50.3154): Focus<Peer] [Cedar Park, TX (52.0218): Focus<Peer] [Dallas MSA (52.3507): Focus<Peer] [San Antonio MSA (52.9066): Focus<Peer] [Houston MSA (53.1187): Focus<Peer] [Fountain, CO (71.0113): Focus<Peer] "
Housing,"Analysis of housing affordability within Travis County reveals a complex picture, with the cost-burden rate for renter households currently elevated compared to the Austin Metropolitan Statistical Area (MSA), the broader Texas region, and national averages, though notably lower than the Dallas MSA. While this renter burden is a significant area of concern requiring further investigation, the cost-burden rate for owner households in 2024 also remains elevated relative to the Austin MSA, Texas, and the United States, a trend that contrasts with a comparatively stable situation observed in the change of the percent of owner households experiencing cost-burden, which is significantly lower than its peer group.","Travis County’s demographic profile presents a unique and accelerating growth trajectory, driven primarily by natural population increases and characterized by a notably aging population, particularly among the 75-79 age group, which diverges significantly from national and regional trends and contributes to a higher median age than the Austin MSA and its peers. While the workforce remains highly skilled and engaged, with exceptional educational attainment and labor force participation rates, challenges persist regarding affordability, as evidenced by elevated cost-burden rates for both renter and owner households relative to the Austin MSA and broader Texas, alongside a persistent poverty rate exceeding national and regional benchmarks. Despite robust overall population growth, the county’s expansion lags behind major metropolitan areas, indicating a localized growth pattern that warrants further investigation and strategic planning to address socioeconomic disparities and ensure sustainable growth aligned with broader regional trends.",2023,2024,ACS_Series,"{""Label"": ""Calc-Cost Burden Renters""}",Change in percent of renter households that are cost-burdened,Percentage,Change in percent of renter households that are cost-burdened in the the geography from the previous to current year,Travis County experienced a change of 0.9% in the percent of renter households that are cost-burdened from 2023 to 2024.,"Travis County exhibited a rate of 0.9% of renter households cost-burdened, larger than the 0.7% rate observed in Austin MSA.","Travis County exhibited a rate 0.1 percentage points higher than the US and Texas for cost-burdened renter households, with the US and Texas at 0.8% and Travis County at 0.9%.","Travis County’s cost-burden rate is 0.9%, 1.0 percentage points lower than its peer average.","Travis County's change in percent of renter households that are cost-burdened of 0.9% is evaluated against individual peers. Specifically, it is lower than Fountain, CO (9.2%), Dallas MSA (1.4%), and San Antonio MSA (1.2%), while being higher than Cedar Park, TX (-0.2%), WFSRCA Region (0.2%), and Austin City (0.3%), while being nearly the same as Houston MSA (1.0%).","Travis County’s cost-burden rate for renter households is elevated compared to the Austin MSA, US and Texas, its peer average, presenting an area of concern that warrants further investigation.","Broad: MATH LOCK: Travis County is exactly 0.9% and Austin MSA is exactly 0.7%. DO NOT confuse or swap these values. REQUIRED FACT: You must state the difference is exactly 0.2 percentage points higher than Austin MSA. DO NOT use the '%' symbol for the difference. | Bench: MATH LOCK: Travis County is exactly 0.9% and US is exactly 0.8%. DO NOT confuse or swap these values. REQUIRED FACT: You must state the difference is exactly 0.1 percentage points higher than US. DO NOT use the '%' symbol for the difference. | Peer Avg: MATH LOCK: Travis County is exactly 0.9% and its peer average is exactly 1.9%. DO NOT confuse or swap these values. REQUIRED FACT: You must state the difference is exactly 1.0 percentage points lower than its peer average. DO NOT use the '%' symbol for the difference. | Peer Detailed: Focus (Travis County): 0.8739 | Tol: +/-0.2000 | [Cedar Park, TX (-0.1606): Focus>Peer] [WFSRCA Region (0.2481): Focus>Peer] [Austin City (0.2792): Focus>Peer] [Houston MSA (0.9742): SIM] [San Antonio MSA (1.1557): Focus<Peer] [Dallas MSA (1.3944): Focus<Peer] [Fountain, CO (9.2413): Focus<Peer] "
Housing,"Analysis of housing affordability within Travis County reveals a complex picture, with the cost-burden rate for renter households currently elevated compared to the Austin Metropolitan Statistical Area (MSA), the broader Texas region, and national averages, though notably lower than the Dallas MSA. While this renter burden is a significant area of concern requiring further investigation, the cost-burden rate for owner households in 2024 also remains elevated relative to the Austin MSA, Texas, and the United States, a trend that contrasts with a comparatively stable situation observed in the change of the percent of owner households experiencing cost-burden, which is significantly lower than its peer group.","Travis County’s demographic profile presents a unique and accelerating growth trajectory, driven primarily by natural population increases and characterized by a notably aging population, particularly among the 75-79 age group, which diverges significantly from national and regional trends and contributes to a higher median age than the Austin MSA and its peers. While the workforce remains highly skilled and engaged, with exceptional educational attainment and labor force participation rates, challenges persist regarding affordability, as evidenced by elevated cost-burden rates for both renter and owner households relative to the Austin MSA and broader Texas, alongside a persistent poverty rate exceeding national and regional benchmarks. Despite robust overall population growth, the county’s expansion lags behind major metropolitan areas, indicating a localized growth pattern that warrants further investigation and strategic planning to address socioeconomic disparities and ensure sustainable growth aligned with broader regional trends.",2024,2024,ACS_Series,"{""Label"": ""Calc-Cost Burden Owners""}",Percent of owner households that are cost-burdened,Percentage,Percent of owner households that are cost-burdened in the the geography in the current year,Travis County reported 24.1% of owner households as cost-burdened in 2024.,"Travis County exhibits a cost-burden rate of 24.1%, larger than the 23.2% rate observed in Austin MSA.","Travis County exhibits a cost-burden rate of 24.1%, larger than Texas and US’ 22.6% and 22.7%.","Travis County exhibits a cost-burden rate of 24.1%, which is larger than its peer average of 23.1 percentage points.","Travis County's percent of owner households that are cost-burdened at 24.1% is evaluated against its peers. Specifically, it is lower than Fountain, CO (25.7%), while being higher than Cedar Park, TX (19.8%), WFSRCA Region (22.1%), San Antonio MSA (23.1%), Houston MSA (23.6%), while being nearly the same as Dallas MSA (23.6%) and Austin City (23.9%).","Travis County’s cost-burden rate for owner households in 2024 is elevated compared to the Austin MSA, Texas, the United States, and its peer average.","Broad: MATH LOCK: Travis County is exactly 24.1% and Austin MSA is exactly 23.2%. DO NOT confuse or swap these values. REQUIRED FACT: You must state the difference is exactly 0.9 percentage points higher than Austin MSA. DO NOT use the '%' symbol for the difference. | Bench: MATH LOCK: Travis County is exactly 24.1% and Texas is exactly 22.6%. DO NOT confuse or swap these values. REQUIRED FACT: You must state the difference is exactly 1.5 percentage points higher than Texas. DO NOT use the '%' symbol for the difference. | Peer Avg: MATH LOCK: Travis County is exactly 24.1% and its peer average is exactly 23.1%. DO NOT confuse or swap these values. REQUIRED FACT: You must state the difference is exactly 1.0 percentage points higher than its peer average. DO NOT use the '%' symbol for the difference. | Peer Detailed: Focus (Travis County): 24.1181 | Tol: +/-0.4824 | [Cedar Park, TX (19.8059): Focus>Peer] [WFSRCA Region (22.0748): Focus>Peer] [San Antonio MSA (23.0986): Focus>Peer] [Houston MSA (23.5907): Focus>Peer] [Dallas MSA (23.6367): SIM] [Austin City (23.8823): SIM] [Fountain, CO (25.7006): Focus<Peer] "
Housing,"Analysis of housing affordability within Travis County reveals a complex picture, with the cost-burden rate for renter households currently elevated compared to the Austin Metropolitan Statistical Area (MSA), the broader Texas region, and national averages, though notably lower than the Dallas MSA. While this renter burden is a significant area of concern requiring further investigation, the cost-burden rate for owner households in 2024 also remains elevated relative to the Austin MSA, Texas, and the United States, a trend that contrasts with a comparatively stable situation observed in the change of the percent of owner households experiencing cost-burden, which is significantly lower than its peer group.","Travis County’s demographic profile presents a unique and accelerating growth trajectory, driven primarily by natural population increases and characterized by a notably aging population, particularly among the 75-79 age group, which diverges significantly from national and regional trends and contributes to a higher median age than the Austin MSA and its peers. While the workforce remains highly skilled and engaged, with exceptional educational attainment and labor force participation rates, challenges persist regarding affordability, as evidenced by elevated cost-burden rates for both renter and owner households relative to the Austin MSA and broader Texas, alongside a persistent poverty rate exceeding national and regional benchmarks. Despite robust overall population growth, the county’s expansion lags behind major metropolitan areas, indicating a localized growth pattern that warrants further investigation and strategic planning to address socioeconomic disparities and ensure sustainable growth aligned with broader regional trends.",2023,2024,ACS_Series,"{""Label"": ""Calc-Cost Burden Owners""}",Change in percent of owner households that are cost-burdened,Percentage,Change in percent of owner households that are cost-burdened in the the geography from the previous to current year,Travis County experienced a change of -0.1% in the percent of owner households that are cost-burdened from 2023 to 2024.,"Travis County exhibited a change of -0.1%, smaller than the 0.4% change observed in Austin MSA.","Travis County exhibited a change of -0.1%, representing a smaller change than US and Texas at 0.5% and 0.7%, indicating a difference of 0.6 percentage points lower than the national average.","Travis County exhibited a change of -0.1%, 0.5 percentage points lower than its peer average of 0.4%.","Travis County's change in percent of owner households that are cost-burdened of -0.1% is evaluated against individual peers. Specifically, it is lower than Houston MSA (1.2%), WFSRCA Region (0.9%), San Antonio MSA (0.6%), Dallas MSA (0.5%), and Cedar Park, TX (0.1%), while being nearly the same as Austin City (-0.2%) and Fountain, CO (-0.1%).","Travis County’s change in the percent of owner households that are cost-burdened is notably lower than the Austin MSA, US and Texas, its peer average, indicating a comparatively stable housing affordability situation.","Broad: MATH LOCK: Travis County is exactly -0.1% and Austin MSA is exactly 0.4%. DO NOT confuse or swap these values. REQUIRED FACT: You must state the difference is exactly 0.5 percentage points lower than Austin MSA. DO NOT use the '%' symbol for the difference. | Bench: MATH LOCK: Travis County is exactly -0.1% and US is exactly 0.5%. DO NOT confuse or swap these values. REQUIRED FACT: You must state the difference is exactly 0.6 percentage points lower than US. DO NOT use the '%' symbol for the difference. | Peer Avg: MATH LOCK: Travis County is exactly -0.1% and its peer average is exactly 0.4%. DO NOT confuse or swap these values. REQUIRED FACT: You must state the difference is exactly 0.5 percentage points lower than its peer average. DO NOT use the '%' symbol for the difference. | Peer Detailed: Focus (Travis County): -0.1129 | Tol: +/-0.2000 | [Austin City (-0.2485): SIM] [Fountain, CO (-0.0954): SIM] [Cedar Park, TX (0.1465): Focus<Peer] [Dallas MSA (0.5194): Focus<Peer] [San Antonio MSA (0.5576): Focus<Peer] [WFSRCA Region (0.8918): Focus<Peer] [Houston MSA (1.2073): Focus<Peer] "
