Topic,Topic Summary,Complete Summary,Comparison Period,Current Period,Data Source,Variables,Metric,Metric Type,Description,Internal Insight,Comparative Insight (Broad),Comparative Insight (Benchmarks),Comparative Insight (Peers),Comparative Insight (Peers - Detailed),Overall Insight,Math Debug - Final,Math Debug - Raw,Math Debug - Calculation
Population,"Fife, WA recorded a population of 11,061 in 2025, significantly smaller than Pierce County's 946,288 and the Seattle MSA's 4.16 million. Between 2024 and 2025, Fife experienced a population increase of +0.8%, which was 0.1 percentage points higher than Pierce County (+0.7%) and 0.2 percentage points above the United States (+0.5%). However, this growth rate remained slightly below Washington (+0.9%), the Puget Sound Region, and the Seattle MSA (both +1.0%). Fife's population constituted 1.2% of the broad region's population in 2025, a share that remained stable with a +0.0% change from 2024.","Fife, WA exhibits a younger, more diverse demographic profile with a median age of 31.3 and a notable +0.7% increase in youth (0-19), contrasting regional trends. Its housing stock is characterized by 9.1% overcrowded units and 50.7% renter-occupied units, significantly higher than Pierce County and the United States, with 49.2% multi-family housing. In 2024, 36.1% of owners were cost-burdened, a +2.8% increase from 2023, and the housing affordability index is 0, compared to 1 nationally. Despite a median household income of $90,532, above the United States, Fife faces a higher poverty rate of 11.2% and increased SNAP reliance. The workforce shows lower educational attainment (27.9% with bachelor's or more) but robust labor force participation at 76.1%, surpassing Pierce County by 9.8 percentage points. Fife's population grew by +0.8% between 2024 and 2025.",2025,2025,components_of_change,"{""Value Type"": ""POPESTIMATE""}",Population,Numeric,Current population for the geography,"In 2025, Fife, WA recorded a population of 11,061.","Fife, WA's population of 11,061 is smaller than Pierce County (946,288).","Fife, WA's population of 11,061 is smaller than Seattle MSA (4.16 million), is smaller than Puget Sound Region (4.45 million), is smaller than Washington (8.00 million), and is smaller than United States (341.78 million).",N/A,N/A,"Fife, WA recorded a population of 11,061 in 2025, which is considerably smaller than Pierce County's 946,288 and significantly less than the millions in the broader Seattle MSA, Puget Sound Region, Washington, and the United States.","Focus value: 11,061; Pierce County: 946,288 (diff: -935,227); Seattle MSA: 4.16 million (diff: -4.15 million); Puget Sound Region: 4.45 million (diff: -4.43 million); Washington: 8.00 million (diff: -7.99 million); United States: 341.78 million (diff: -341.77 million)","Focus value: 11,061; Pierce County: 946,288 (diff: -935,227); Seattle MSA: 4.16 million (diff: -4.15 million); Puget Sound Region: 4.45 million (diff: -4.43 million); Washington: 8.00 million (diff: -7.99 million); United States: 341.78 million (diff: -341.77 million)",Calculation: Nominal (no CPI adjustment)
Population,"Fife, WA recorded a population of 11,061 in 2025, significantly smaller than Pierce County's 946,288 and the Seattle MSA's 4.16 million. Between 2024 and 2025, Fife experienced a population increase of +0.8%, which was 0.1 percentage points higher than Pierce County (+0.7%) and 0.2 percentage points above the United States (+0.5%). However, this growth rate remained slightly below Washington (+0.9%), the Puget Sound Region, and the Seattle MSA (both +1.0%). Fife's population constituted 1.2% of the broad region's population in 2025, a share that remained stable with a +0.0% change from 2024.","Fife, WA exhibits a younger, more diverse demographic profile with a median age of 31.3 and a notable +0.7% increase in youth (0-19), contrasting regional trends. Its housing stock is characterized by 9.1% overcrowded units and 50.7% renter-occupied units, significantly higher than Pierce County and the United States, with 49.2% multi-family housing. In 2024, 36.1% of owners were cost-burdened, a +2.8% increase from 2023, and the housing affordability index is 0, compared to 1 nationally. Despite a median household income of $90,532, above the United States, Fife faces a higher poverty rate of 11.2% and increased SNAP reliance. The workforce shows lower educational attainment (27.9% with bachelor's or more) but robust labor force participation at 76.1%, surpassing Pierce County by 9.8 percentage points. Fife's population grew by +0.8% between 2024 and 2025.",2024,2025,components_of_change,"{""Value Type"": ""POPESTIMATE""}",Recent Percentage Population Change,Percentage,Percent difference in population for the geography from previous to current,"Between 2024 and 2025, Fife, WA experienced a recent population change of +0.8%.","Fife, WA's recent population change of +0.8% is 0.1 percentage points higher than Pierce County (+0.7%).","Fife, WA's recent population change of +0.8% is 0.2 percentage points higher than United States (+0.5%), is 0.2 percentage points lower than Washington (+0.9%), is 0.3 percentage points lower than Puget Sound Region (+1.0%), and is 0.3 percentage points lower than Seattle MSA (+1.0%).",N/A,N/A,"Fife, WA experienced a population increase of +0.8% between 2024 and 2025, which was 0.1 percentage points higher than Pierce County (+0.7%) and 0.2 percentage points higher than the United States (+0.5%), yet remained 0.2 percentage points below Washington (+0.9%) and 0.3 percentage points below both the Puget Sound Region and Seattle MSA (both +1.0%).",Focus value: +0.8%; Pierce County: +0.7% (diff: +0.1 pp); United States: +0.5% (diff: +0.2 pp); Washington: +0.9% (diff: -0.2 pp); Puget Sound Region: +1.0% (diff: -0.3 pp); Seattle MSA: +1.0% (diff: -0.3 pp),Focus value: +0.8%; Pierce County: +0.7% (diff: +0.1 pp); United States: +0.5% (diff: +0.2 pp); Washington: +0.9% (diff: -0.2 pp); Puget Sound Region: +1.0% (diff: -0.3 pp); Seattle MSA: +1.0% (diff: -0.3 pp),Calculation: Nominal (no CPI adjustment)
Population,"Fife, WA recorded a population of 11,061 in 2025, significantly smaller than Pierce County's 946,288 and the Seattle MSA's 4.16 million. Between 2024 and 2025, Fife experienced a population increase of +0.8%, which was 0.1 percentage points higher than Pierce County (+0.7%) and 0.2 percentage points above the United States (+0.5%). However, this growth rate remained slightly below Washington (+0.9%), the Puget Sound Region, and the Seattle MSA (both +1.0%). Fife's population constituted 1.2% of the broad region's population in 2025, a share that remained stable with a +0.0% change from 2024.","Fife, WA exhibits a younger, more diverse demographic profile with a median age of 31.3 and a notable +0.7% increase in youth (0-19), contrasting regional trends. Its housing stock is characterized by 9.1% overcrowded units and 50.7% renter-occupied units, significantly higher than Pierce County and the United States, with 49.2% multi-family housing. In 2024, 36.1% of owners were cost-burdened, a +2.8% increase from 2023, and the housing affordability index is 0, compared to 1 nationally. Despite a median household income of $90,532, above the United States, Fife faces a higher poverty rate of 11.2% and increased SNAP reliance. The workforce shows lower educational attainment (27.9% with bachelor's or more) but robust labor force participation at 76.1%, surpassing Pierce County by 9.8 percentage points. Fife's population grew by +0.8% between 2024 and 2025.",1990,2025,components_of_change,"{""Value Type"": ""POPESTIMATE""}",Cumulative Percentage Population Change,Percentage,Percent difference in population for the geography from 1990 to current,"In 2025, Fife, WA recorded a cumulative population change of +130.3%.","Fife, WA's cumulative population change of +130.3% is 70.0 percentage points higher than Pierce County (+60.2%).","Fife, WA's cumulative population change of +130.3% is 93.4 percentage points higher than United States (+36.9%), is 69.9 percentage points higher than Puget Sound Region (+60.4%), is 68.9 percentage points higher than Seattle MSA (+61.4%), and is 67.1 percentage points higher than Washington (+63.2%).",N/A,N/A,"Fife, WA recorded a cumulative population change of +130.3% in 2025, which is 93.4 percentage points higher than the United States (+36.9%) and substantially exceeds all regional benchmarks, including Pierce County (+60.2%), by approximately 67 to 70 percentage points.",Focus value: +130.3%; Pierce County: +60.2% (diff: +70.0 pp); United States: +36.9% (diff: +93.4 pp); Puget Sound Region: +60.4% (diff: +69.9 pp); Seattle MSA: +61.4% (diff: +68.9 pp); Washington: +63.2% (diff: +67.1 pp),Focus value: +130.3%; Pierce County: +60.2% (diff: +70.0 pp); United States: +36.9% (diff: +93.4 pp); Puget Sound Region: +60.4% (diff: +69.9 pp); Seattle MSA: +61.4% (diff: +68.9 pp); Washington: +63.2% (diff: +67.1 pp),Calculation: Nominal (no CPI adjustment)
Population,"Fife, WA recorded a population of 11,061 in 2025, significantly smaller than Pierce County's 946,288 and the Seattle MSA's 4.16 million. Between 2024 and 2025, Fife experienced a population increase of +0.8%, which was 0.1 percentage points higher than Pierce County (+0.7%) and 0.2 percentage points above the United States (+0.5%). However, this growth rate remained slightly below Washington (+0.9%), the Puget Sound Region, and the Seattle MSA (both +1.0%). Fife's population constituted 1.2% of the broad region's population in 2025, a share that remained stable with a +0.0% change from 2024.","Fife, WA exhibits a younger, more diverse demographic profile with a median age of 31.3 and a notable +0.7% increase in youth (0-19), contrasting regional trends. Its housing stock is characterized by 9.1% overcrowded units and 50.7% renter-occupied units, significantly higher than Pierce County and the United States, with 49.2% multi-family housing. In 2024, 36.1% of owners were cost-burdened, a +2.8% increase from 2023, and the housing affordability index is 0, compared to 1 nationally. Despite a median household income of $90,532, above the United States, Fife faces a higher poverty rate of 11.2% and increased SNAP reliance. The workforce shows lower educational attainment (27.9% with bachelor's or more) but robust labor force participation at 76.1%, surpassing Pierce County by 9.8 percentage points. Fife's population grew by +0.8% between 2024 and 2025.",2025,2025,components_of_change,"{""Value Type"": ""POPESTIMATE""}",Focus Region's Share of Broad Region's Population,Percentage,Focus region's share of the population of the broader region in the current year,"In 2025, Fife, WA recorded a focus region's share of broad region's population of 1.2%.",N/A,N/A,N/A,N/A,"Fife, WA recorded a focus region's share of broad region's population of 1.2% in 2025.",Focus value: 1.2%,Focus value: 1.2%,Calculation: Nominal (no CPI adjustment)
Population,"Fife, WA recorded a population of 11,061 in 2025, significantly smaller than Pierce County's 946,288 and the Seattle MSA's 4.16 million. Between 2024 and 2025, Fife experienced a population increase of +0.8%, which was 0.1 percentage points higher than Pierce County (+0.7%) and 0.2 percentage points above the United States (+0.5%). However, this growth rate remained slightly below Washington (+0.9%), the Puget Sound Region, and the Seattle MSA (both +1.0%). Fife's population constituted 1.2% of the broad region's population in 2025, a share that remained stable with a +0.0% change from 2024.","Fife, WA exhibits a younger, more diverse demographic profile with a median age of 31.3 and a notable +0.7% increase in youth (0-19), contrasting regional trends. Its housing stock is characterized by 9.1% overcrowded units and 50.7% renter-occupied units, significantly higher than Pierce County and the United States, with 49.2% multi-family housing. In 2024, 36.1% of owners were cost-burdened, a +2.8% increase from 2023, and the housing affordability index is 0, compared to 1 nationally. Despite a median household income of $90,532, above the United States, Fife faces a higher poverty rate of 11.2% and increased SNAP reliance. The workforce shows lower educational attainment (27.9% with bachelor's or more) but robust labor force participation at 76.1%, surpassing Pierce County by 9.8 percentage points. Fife's population grew by +0.8% between 2024 and 2025.",2024,2025,components_of_change,"{""Value Type"": ""POPESTIMATE""}",Change in Focus Region's Share of Broad Region's Population,Percentage,Difference in focus region's share of the population of the broader region from the previous year,"Between 2024 and 2025, Fife, WA experienced a change in focus region's share of broad region's population of +0.0%.",N/A,N/A,N/A,N/A,"Fife, WA experienced a +0.0% change in its share of the broad region's population between 2024 and 2025.",Focus value: +0.0%,Focus value: +0.0%,Calculation: Nominal (no CPI adjustment)
Demographics,"Fife, WA exhibits a younger demographic profile with a median age of 31.3, notably lower than Pierce County (37.0) and the United States (38.9). Its largest age group, experienced working age (35-64), comprises 35.6%, which is comparatively lower than Pierce County's 38.2% and Seattle MSA's 39.9%. Uniquely, Fife's largest age group change was a +0.7% increase in youth (0-19), contrasting with senior increases in other regions and a youth decline in the Puget Sound Region. The city's population is 50.3% female, similar to Puyallup Reservation and the United States, while other comparative geographies are male-driven. Fife's largest race-ethnicity group is white at 37.7%, significantly lower than Pierce County (61.4%) and Washington (63.1%). Furthermore, Fife's primary largest change in race-ethnicity was a +3.5% increase in Black population, sharply contrasting with the white declines observed as the largest change across all other compared geographies, such as Puget Sound Region's -1.3% and Seattle.","Fife, WA exhibits a younger, more diverse demographic profile with a median age of 31.3 and a notable +0.7% increase in youth (0-19), contrasting regional trends. Its housing stock is characterized by 9.1% overcrowded units and 50.7% renter-occupied units, significantly higher than Pierce County and the United States, with 49.2% multi-family housing. In 2024, 36.1% of owners were cost-burdened, a +2.8% increase from 2023, and the housing affordability index is 0, compared to 1 nationally. Despite a median household income of $90,532, above the United States, Fife faces a higher poverty rate of 11.2% and increased SNAP reliance. The workforce shows lower educational attainment (27.9% with bachelor's or more) but robust labor force participation at 76.1%, surpassing Pierce County by 9.8 percentage points. Fife's population grew by +0.8% between 2024 and 2025.",2024,2024,ACS_Series,"{""Label"": ""Calc-Youth (0-19)"", ""Label"": ""Calc-Young Adults (20-34)"", ""Label"": ""Calc-Experienced Working Age (35-64)"", ""Label"": ""Calc-Seniors (65+)""}",Largest Age Group,Ordinal,Largest cohort by age for the geography in current year,"In 2024, Fife, WA's primary largest age group was Calc-Experienced Working Age (35-64) (35.6%).","Fife, WA and Pierce County both share Calc-Experienced Working Age (35-64) as their primary largest age group, with Fife, WA at 35.6% and Pierce County at 38.2%.","Fife, WA and Puget Sound Region both share Calc-Experienced Working Age (35-64) as their primary largest age group, with Fife, WA at 35.6% and Puget Sound Region at 39.6%. Fife, WA and Seattle MSA both share Calc-Experienced Working Age (35-64) as their primary largest age group, with Fife, WA at 35.6% and Seattle MSA at 39.9%. Fife, WA and Washington both share Calc-Experienced Working Age (35-64) as their primary largest age group, with Fife, WA at 35.6% and Washington at 38.3%. Fife, WA and Puyallup Reservation both share Calc-Experienced Working Age (35-64) as their primary largest age group, with Fife, WA at 35.6% and Puyallup Reservation at 38.1%. Fife, WA and United States both share Calc-Experienced Working Age (35-64) as their primary largest age group, with Fife, WA at 35.6% and United States at 38.0%.",N/A,N/A,"Fife, WA's largest age group in 2024 was calc-experienced working age (35-64) at 35.6%, which is also the largest group across Pierce County, Puget Sound Region, Seattle MSA, Washington, Puyallup Reservation, and United States, although Fife, WA's proportion is comparatively lower, such as by 2.5 percentage points than Pierce County and 4.2 percentage points than Seattle MSA.",Focus value: 35.6%; Pierce County: 38.2% (diff: -2.5%); Puget Sound Region: 39.6% (diff: -4.0%); Seattle MSA: 39.9% (diff: -4.2%); Washington: 38.3% (diff: -2.7%); Puyallup Reservation: 38.1% (diff: -2.5%); United States: 38.0% (diff: -2.4%),Focus value: 35.6%; Pierce County: 38.2% (diff: -2.5%); Puget Sound Region: 39.6% (diff: -4.0%); Seattle MSA: 39.9% (diff: -4.2%); Washington: 38.3% (diff: -2.7%); Puyallup Reservation: 38.1% (diff: -2.5%); United States: 38.0% (diff: -2.4%),Calculation: Nominal (no CPI adjustment)
Demographics,"Fife, WA exhibits a younger demographic profile with a median age of 31.3, notably lower than Pierce County (37.0) and the United States (38.9). Its largest age group, experienced working age (35-64), comprises 35.6%, which is comparatively lower than Pierce County's 38.2% and Seattle MSA's 39.9%. Uniquely, Fife's largest age group change was a +0.7% increase in youth (0-19), contrasting with senior increases in other regions and a youth decline in the Puget Sound Region. The city's population is 50.3% female, similar to Puyallup Reservation and the United States, while other comparative geographies are male-driven. Fife's largest race-ethnicity group is white at 37.7%, significantly lower than Pierce County (61.4%) and Washington (63.1%). Furthermore, Fife's primary largest change in race-ethnicity was a +3.5% increase in Black population, sharply contrasting with the white declines observed as the largest change across all other compared geographies, such as Puget Sound Region's -1.3% and Seattle.","Fife, WA exhibits a younger, more diverse demographic profile with a median age of 31.3 and a notable +0.7% increase in youth (0-19), contrasting regional trends. Its housing stock is characterized by 9.1% overcrowded units and 50.7% renter-occupied units, significantly higher than Pierce County and the United States, with 49.2% multi-family housing. In 2024, 36.1% of owners were cost-burdened, a +2.8% increase from 2023, and the housing affordability index is 0, compared to 1 nationally. Despite a median household income of $90,532, above the United States, Fife faces a higher poverty rate of 11.2% and increased SNAP reliance. The workforce shows lower educational attainment (27.9% with bachelor's or more) but robust labor force participation at 76.1%, surpassing Pierce County by 9.8 percentage points. Fife's population grew by +0.8% between 2024 and 2025.",2023,2024,ACS_Series,"{""Label"": ""Calc-Youth (0-19)"", ""Label"": ""Calc-Young Adults (20-34)"", ""Label"": ""Calc-Experienced Working Age (35-64)"", ""Label"": ""Calc-Seniors (65+)""}",Largest Change in Age Group,Numeric,Largest change in age cohort for the geography from previous to current,"In 2024, Fife, WA's primary largest change in age group was Calc-Youth (0-19) (+0.7%).","while Fife, WA's primary largest change in age group is Calc-Youth (0-19) (+0.7%), Pierce County is primarily driven by Calc-Seniors (65+) (+0.4%).","while Fife, WA's primary largest change in age group is Calc-Youth (0-19) (+0.7%), United States is primarily driven by Calc-Seniors (65+) (+0.4%). While Fife, WA's primary largest change in age group is Calc-Youth (0-19) (+0.7%), Seattle MSA is primarily driven by Calc-Seniors (65+) (+0.3%). While Fife, WA's primary largest change in age group is Calc-Youth (0-19) (+0.7%), Washington is primarily driven by Calc-Seniors (65+) (+0.4%). While Fife, WA's primary largest change in age group is Calc-Youth (0-19) (+0.7%), Puyallup Reservation is primarily driven by Calc-Experienced Working Age (35-64) (-0.8%). Fife, WA and Puget Sound Region both share Calc-Youth (0-19) as their primary largest change in age group, with Fife, WA at +0.7% and Puget Sound Region at -0.3%.",N/A,N/A,"Fife, WA's largest change in age group in 2024 was calc-youth (0-19) at +0.7%, a trend that contrasts with the calc-seniors (65+) increases of +0.3% to +0.4% observed in Pierce County, United States, Seattle MSA, and Washington. This also differs significantly from Puyallup Reservation's calc-experienced working age (35-64) decline of -0.8%, and notably exceeds the Puget Sound Region's largest change, also calc-youth (0-19), which saw a decline of -0.3%.",Focus value: +0.7%; Pierce County: +0.4% (diff: ++0.3%); United States: +0.4% (diff: ++0.3%); Seattle MSA: +0.3% (diff: ++0.4%); Washington: +0.4% (diff: ++0.3%); Puyallup Reservation: -0.8% (diff: ++1.5%); Puget Sound Region: -0.3% (diff: ++0.9%),Focus value: +0.7%; Pierce County: +0.4% (diff: ++0.3%); United States: +0.4% (diff: ++0.3%); Seattle MSA: +0.3% (diff: ++0.4%); Washington: +0.4% (diff: ++0.3%); Puyallup Reservation: -0.8% (diff: ++1.5%); Puget Sound Region: -0.3% (diff: ++0.9%),Calculation: Nominal (no CPI adjustment)
Demographics,"Fife, WA exhibits a younger demographic profile with a median age of 31.3, notably lower than Pierce County (37.0) and the United States (38.9). Its largest age group, experienced working age (35-64), comprises 35.6%, which is comparatively lower than Pierce County's 38.2% and Seattle MSA's 39.9%. Uniquely, Fife's largest age group change was a +0.7% increase in youth (0-19), contrasting with senior increases in other regions and a youth decline in the Puget Sound Region. The city's population is 50.3% female, similar to Puyallup Reservation and the United States, while other comparative geographies are male-driven. Fife's largest race-ethnicity group is white at 37.7%, significantly lower than Pierce County (61.4%) and Washington (63.1%). Furthermore, Fife's primary largest change in race-ethnicity was a +3.5% increase in Black population, sharply contrasting with the white declines observed as the largest change across all other compared geographies, such as Puget Sound Region's -1.3% and Seattle.","Fife, WA exhibits a younger, more diverse demographic profile with a median age of 31.3 and a notable +0.7% increase in youth (0-19), contrasting regional trends. Its housing stock is characterized by 9.1% overcrowded units and 50.7% renter-occupied units, significantly higher than Pierce County and the United States, with 49.2% multi-family housing. In 2024, 36.1% of owners were cost-burdened, a +2.8% increase from 2023, and the housing affordability index is 0, compared to 1 nationally. Despite a median household income of $90,532, above the United States, Fife faces a higher poverty rate of 11.2% and increased SNAP reliance. The workforce shows lower educational attainment (27.9% with bachelor's or more) but robust labor force participation at 76.1%, surpassing Pierce County by 9.8 percentage points. Fife's population grew by +0.8% between 2024 and 2025.",2024,2024,ACS_Series,"{""Label"": ""Calc-Male"", ""Label"": ""Calc-Female""}",Largest Gender Group,Ordinal,Largest gender group for the geography in current year,"In 2024, Fife, WA's primary largest gender group was Calc-Female (50.3%).","while Fife, WA's primary largest gender group is Calc-Female (50.3%), Pierce County is primarily driven by Calc-Male (50.2%).","while Fife, WA's primary largest gender group is Calc-Female (50.3%), Washington is primarily driven by Calc-Male (50.4%). Fife, WA and Puyallup Reservation both share Calc-Female as their primary largest gender group, with Fife, WA at 50.3% and Puyallup Reservation at 50.6%. While Fife, WA's primary largest gender group is Calc-Female (50.3%), Puget Sound Region is primarily driven by Calc-Male (50.6%). While Fife, WA's primary largest gender group is Calc-Female (50.3%), Seattle MSA is primarily driven by Calc-Male (50.5%). Fife, WA and United States both share Calc-Female as their primary largest gender group, with Fife, WA at 50.3% and United States at 50.5%.",N/A,N/A,"Fife, WA's largest gender group in 2024 was calc-female at 50.3%, a share slightly lower than Puyallup Reservation (50.6%) and the United States (50.5%), which also have calc-female as their largest group, while Pierce County, Washington, Puget Sound Region, and Seattle MSA are primarily driven by calc-male.",Focus value: 50.3%; Pierce County: 50.2% (diff: +0.1%); Washington: 50.4% (diff: -0.0%); Puyallup Reservation: 50.6% (diff: -0.3%); Puget Sound Region: 50.6% (diff: -0.3%); Seattle MSA: 50.5% (diff: -0.2%); United States: 50.5% (diff: -0.2%),Focus value: 50.3%; Pierce County: 50.2% (diff: +0.1%); Washington: 50.4% (diff: -0.0%); Puyallup Reservation: 50.6% (diff: -0.3%); Puget Sound Region: 50.6% (diff: -0.3%); Seattle MSA: 50.5% (diff: -0.2%); United States: 50.5% (diff: -0.2%),Calculation: Nominal (no CPI adjustment)
Demographics,"Fife, WA exhibits a younger demographic profile with a median age of 31.3, notably lower than Pierce County (37.0) and the United States (38.9). Its largest age group, experienced working age (35-64), comprises 35.6%, which is comparatively lower than Pierce County's 38.2% and Seattle MSA's 39.9%. Uniquely, Fife's largest age group change was a +0.7% increase in youth (0-19), contrasting with senior increases in other regions and a youth decline in the Puget Sound Region. The city's population is 50.3% female, similar to Puyallup Reservation and the United States, while other comparative geographies are male-driven. Fife's largest race-ethnicity group is white at 37.7%, significantly lower than Pierce County (61.4%) and Washington (63.1%). Furthermore, Fife's primary largest change in race-ethnicity was a +3.5% increase in Black population, sharply contrasting with the white declines observed as the largest change across all other compared geographies, such as Puget Sound Region's -1.3% and Seattle.","Fife, WA exhibits a younger, more diverse demographic profile with a median age of 31.3 and a notable +0.7% increase in youth (0-19), contrasting regional trends. Its housing stock is characterized by 9.1% overcrowded units and 50.7% renter-occupied units, significantly higher than Pierce County and the United States, with 49.2% multi-family housing. In 2024, 36.1% of owners were cost-burdened, a +2.8% increase from 2023, and the housing affordability index is 0, compared to 1 nationally. Despite a median household income of $90,532, above the United States, Fife faces a higher poverty rate of 11.2% and increased SNAP reliance. The workforce shows lower educational attainment (27.9% with bachelor's or more) but robust labor force participation at 76.1%, surpassing Pierce County by 9.8 percentage points. Fife's population grew by +0.8% between 2024 and 2025.",2023,2024,ACS_Series,"{""Label"": ""Calc-Male"", ""Label"": ""Calc-Female""}",Largest Change in Gender Group,Numeric,Largest change in gender group for the geography from previous to current,"In 2024, Fife, WA's primary largest change in gender group was Calc-Male (-0.6%).","Fife, WA and Pierce County both share Calc-Male as their primary largest change in gender group, with Fife, WA at -0.6% and Pierce County at -0.0%.","Fife, WA and United States both share Calc-Male as their primary largest change in gender group, with Fife, WA at -0.6% and United States at +0.0%. Fife, WA and Seattle MSA both share Calc-Male as their primary largest change in gender group, with Fife, WA at -0.6% and Seattle MSA at +0.0%. While Fife, WA's primary largest change in gender group is Calc-Male (-0.6%), Puget Sound Region is primarily driven by Calc-Female (+0.0%). Fife, WA and Washington both share Calc-Male as their primary largest change in gender group, with Fife, WA at -0.6% and Washington at -0.0%. Fife, WA and Puyallup Reservation both share Calc-Male as their primary largest change in gender group, with Fife, WA at -0.6% and Puyallup Reservation at -0.8%.",N/A,N/A,"Fife, WA's primary largest change in gender group in 2024 was calc-male (-0.6%), representing a decline compared to the stable calc-male figures observed in Pierce County, United States, Seattle MSA, and Washington (all at +/-0.0%), and contrasting with Puget Sound Region's calc-female (+0.0%), though it was a less severe decrease than Puyallup Reservation's calc-male (-0.8%).",Focus value: -0.6%; Pierce County: -0.0% (diff: -+0.6%); United States: +0.0% (diff: -+0.6%); Seattle MSA: +0.0% (diff: -+0.6%); Puget Sound Region: +0.0% (diff: -+0.6%); Washington: -0.0% (diff: -+0.6%); Puyallup Reservation: -0.8% (diff: ++0.2%),Focus value: -0.6%; Pierce County: -0.0% (diff: -+0.6%); United States: +0.0% (diff: -+0.6%); Seattle MSA: +0.0% (diff: -+0.6%); Puget Sound Region: +0.0% (diff: -+0.6%); Washington: -0.0% (diff: -+0.6%); Puyallup Reservation: -0.8% (diff: ++0.2%),Calculation: Nominal (no CPI adjustment)
Demographics,"Fife, WA exhibits a younger demographic profile with a median age of 31.3, notably lower than Pierce County (37.0) and the United States (38.9). Its largest age group, experienced working age (35-64), comprises 35.6%, which is comparatively lower than Pierce County's 38.2% and Seattle MSA's 39.9%. Uniquely, Fife's largest age group change was a +0.7% increase in youth (0-19), contrasting with senior increases in other regions and a youth decline in the Puget Sound Region. The city's population is 50.3% female, similar to Puyallup Reservation and the United States, while other comparative geographies are male-driven. Fife's largest race-ethnicity group is white at 37.7%, significantly lower than Pierce County (61.4%) and Washington (63.1%). Furthermore, Fife's primary largest change in race-ethnicity was a +3.5% increase in Black population, sharply contrasting with the white declines observed as the largest change across all other compared geographies, such as Puget Sound Region's -1.3% and Seattle.","Fife, WA exhibits a younger, more diverse demographic profile with a median age of 31.3 and a notable +0.7% increase in youth (0-19), contrasting regional trends. Its housing stock is characterized by 9.1% overcrowded units and 50.7% renter-occupied units, significantly higher than Pierce County and the United States, with 49.2% multi-family housing. In 2024, 36.1% of owners were cost-burdened, a +2.8% increase from 2023, and the housing affordability index is 0, compared to 1 nationally. Despite a median household income of $90,532, above the United States, Fife faces a higher poverty rate of 11.2% and increased SNAP reliance. The workforce shows lower educational attainment (27.9% with bachelor's or more) but robust labor force participation at 76.1%, surpassing Pierce County by 9.8 percentage points. Fife's population grew by +0.8% between 2024 and 2025.",2024,2024,ACS_Series,"{""Label"": ""Calc-Asian"", ""Label"": ""Calc-Black"", ""Label"": ""Calc-Hispanic"", ""Label"": ""Calc-Multirace"", ""Label"": ""Calc-Native"", ""Label"": ""Calc-Other Race"", ""Label"": ""Calc-White""}",Largest Race-Ethnicity Group,Ordinal,Largest cohort by race-ethnicity for the geography in current year,"In 2024, Fife, WA's primary largest race-ethnicity group was Calc-White (37.7%).","Fife, WA and Pierce County both share Calc-White as their primary largest race-ethnicity group, with Fife, WA at 37.7% and Pierce County at 61.4%.","Fife, WA and Puget Sound Region both share Calc-White as their primary largest race-ethnicity group, with Fife, WA at 37.7% and Puget Sound Region at 56.7%. Fife, WA and Washington both share Calc-White as their primary largest race-ethnicity group, with Fife, WA at 37.7% and Washington at 63.1%. Fife, WA and United States both share Calc-White as their primary largest race-ethnicity group, with Fife, WA at 37.7% and United States at 57.4%. Fife, WA and Puyallup Reservation both share Calc-White as their primary largest race-ethnicity group, with Fife, WA at 37.7% and Puyallup Reservation at 48.7%. Fife, WA and Seattle MSA both share Calc-White as their primary largest race-ethnicity group, with Fife, WA at 37.7% and Seattle MSA at 56.8%.",N/A,N/A,"Fife, WA's largest race-ethnicity group in 2024 was calc-white at 37.7%, a share significantly lower than Pierce County (61.4%), Washington (63.1%), and the United States (57.4%), yet it was comparatively closer to Puyallup Reservation (48.7%) and remained the primary group across all compared geographies.",Focus value: 37.7%; Pierce County: 61.4% (diff: -23.7%); Puget Sound Region: 56.7% (diff: -19.0%); Washington: 63.1% (diff: -25.4%); United States: 57.4% (diff: -19.7%); Puyallup Reservation: 48.7% (diff: -10.9%); Seattle MSA: 56.8% (diff: -19.0%),Focus value: 37.7%; Pierce County: 61.4% (diff: -23.7%); Puget Sound Region: 56.7% (diff: -19.0%); Washington: 63.1% (diff: -25.4%); United States: 57.4% (diff: -19.7%); Puyallup Reservation: 48.7% (diff: -10.9%); Seattle MSA: 56.8% (diff: -19.0%),Calculation: Nominal (no CPI adjustment)
Demographics,"Fife, WA exhibits a younger demographic profile with a median age of 31.3, notably lower than Pierce County (37.0) and the United States (38.9). Its largest age group, experienced working age (35-64), comprises 35.6%, which is comparatively lower than Pierce County's 38.2% and Seattle MSA's 39.9%. Uniquely, Fife's largest age group change was a +0.7% increase in youth (0-19), contrasting with senior increases in other regions and a youth decline in the Puget Sound Region. The city's population is 50.3% female, similar to Puyallup Reservation and the United States, while other comparative geographies are male-driven. Fife's largest race-ethnicity group is white at 37.7%, significantly lower than Pierce County (61.4%) and Washington (63.1%). Furthermore, Fife's primary largest change in race-ethnicity was a +3.5% increase in Black population, sharply contrasting with the white declines observed as the largest change across all other compared geographies, such as Puget Sound Region's -1.3% and Seattle.","Fife, WA exhibits a younger, more diverse demographic profile with a median age of 31.3 and a notable +0.7% increase in youth (0-19), contrasting regional trends. Its housing stock is characterized by 9.1% overcrowded units and 50.7% renter-occupied units, significantly higher than Pierce County and the United States, with 49.2% multi-family housing. In 2024, 36.1% of owners were cost-burdened, a +2.8% increase from 2023, and the housing affordability index is 0, compared to 1 nationally. Despite a median household income of $90,532, above the United States, Fife faces a higher poverty rate of 11.2% and increased SNAP reliance. The workforce shows lower educational attainment (27.9% with bachelor's or more) but robust labor force participation at 76.1%, surpassing Pierce County by 9.8 percentage points. Fife's population grew by +0.8% between 2024 and 2025.",2023,2024,ACS_Series,"{""Label"": ""Calc-Asian"", ""Label"": ""Calc-Black"", ""Label"": ""Calc-Hispanic"", ""Label"": ""Calc-Multirace"", ""Label"": ""Calc-Native"", ""Label"": ""Calc-Other Race"", ""Label"": ""Calc-White""}",Largest Change in Race-Ethnicity Group,Numeric,Largest change in race-ethnicity cohort for the geography from previous to current,"In 2024, Fife, WA's primary largest change in race-ethnicity group was Calc-Black (+3.5%).","while Fife, WA's primary largest change in race-ethnicity group is Calc-Black (+3.5%), Pierce County is primarily driven by Calc-White (-1.1%).","while Fife, WA's primary largest change in race-ethnicity group is Calc-Black (+3.5%), Washington is primarily driven by Calc-White (-1.1%). While Fife, WA's primary largest change in race-ethnicity group is Calc-Black (+3.5%), United States is primarily driven by Calc-White (-0.8%). While Fife, WA's primary largest change in race-ethnicity group is Calc-Black (+3.5%), Puyallup Reservation is primarily driven by Calc-White (-1.0%). While Fife, WA's primary largest change in race-ethnicity group is Calc-Black (+3.5%), Puget Sound Region is primarily driven by Calc-White (-1.3%). While Fife, WA's primary largest change in race-ethnicity group is Calc-Black (+3.5%), Seattle MSA is primarily driven by Calc-White (-1.4%).",N/A,N/A,"Fife, WA's primary largest change in race-ethnicity group in 2024 was calc-black (+3.5%), contrasting sharply with Pierce County, Washington, United States, Puyallup Reservation, Puget Sound Region, and Seattle MSA, all of which experienced their primary largest change as a decline in calc-white, with a difference in magnitude ranging from 4.2 to 4.8 percentage points.",Focus value: +3.5%; Pierce County: -1.1% (diff: ++4.6%); Washington: -1.1% (diff: ++4.6%); United States: -0.8% (diff: ++4.2%); Puyallup Reservation: -1.0% (diff: ++4.5%); Puget Sound Region: -1.3% (diff: ++4.8%); Seattle MSA: -1.4% (diff: ++4.8%),Focus value: +3.5%; Pierce County: -1.1% (diff: ++4.6%); Washington: -1.1% (diff: ++4.6%); United States: -0.8% (diff: ++4.2%); Puyallup Reservation: -1.0% (diff: ++4.5%); Puget Sound Region: -1.3% (diff: ++4.8%); Seattle MSA: -1.4% (diff: ++4.8%),Calculation: Nominal (no CPI adjustment)
Demographics,"Fife, WA exhibits a younger demographic profile with a median age of 31.3, notably lower than Pierce County (37.0) and the United States (38.9). Its largest age group, experienced working age (35-64), comprises 35.6%, which is comparatively lower than Pierce County's 38.2% and Seattle MSA's 39.9%. Uniquely, Fife's largest age group change was a +0.7% increase in youth (0-19), contrasting with senior increases in other regions and a youth decline in the Puget Sound Region. The city's population is 50.3% female, similar to Puyallup Reservation and the United States, while other comparative geographies are male-driven. Fife's largest race-ethnicity group is white at 37.7%, significantly lower than Pierce County (61.4%) and Washington (63.1%). Furthermore, Fife's primary largest change in race-ethnicity was a +3.5% increase in Black population, sharply contrasting with the white declines observed as the largest change across all other compared geographies, such as Puget Sound Region's -1.3% and Seattle.","Fife, WA exhibits a younger, more diverse demographic profile with a median age of 31.3 and a notable +0.7% increase in youth (0-19), contrasting regional trends. Its housing stock is characterized by 9.1% overcrowded units and 50.7% renter-occupied units, significantly higher than Pierce County and the United States, with 49.2% multi-family housing. In 2024, 36.1% of owners were cost-burdened, a +2.8% increase from 2023, and the housing affordability index is 0, compared to 1 nationally. Despite a median household income of $90,532, above the United States, Fife faces a higher poverty rate of 11.2% and increased SNAP reliance. The workforce shows lower educational attainment (27.9% with bachelor's or more) but robust labor force participation at 76.1%, surpassing Pierce County by 9.8 percentage points. Fife's population grew by +0.8% between 2024 and 2025.",2024,2024,ACS_Series,"{""Label"": ""Calc-Median Age""}",Median Age,Numeric,Median age of population for the geography in current year,"In 2024, Fife, WA recorded a median age of 31.3.","Fife, WA's median age of 31.3 is higher than Pierce County (37.0).","Fife, WA's median age of 31.3 is higher than Puyallup Reservation (35.9), is higher than Seattle MSA (37.5), is higher than Puget Sound Region (37.7), is higher than Washington (38.3), and is higher than United States (38.9).",N/A,N/A,"Fife, WA recorded a median age of 31.3 in 2024, making it notably younger than Pierce County (37.0), Washington (38.3), and the United States (38.9), with its median age being 5.7 years lower than Pierce County and 7.6 years lower than the national median.",Focus value: 31.3; Pierce County: 37.0 (diff: -5.7); Puyallup Reservation: 35.9 (diff: -4.6); Seattle MSA: 37.5 (diff: -6.2); Puget Sound Region: 37.7 (diff: -6.4); Washington: 38.3 (diff: -7.0); United States: 38.9 (diff: -7.6),Focus value: 31.3; Pierce County: 37.0 (diff: -5.7); Puyallup Reservation: 35.9 (diff: -4.6); Seattle MSA: 37.5 (diff: -6.2); Puget Sound Region: 37.7 (diff: -6.4); Washington: 38.3 (diff: -7.0); United States: 38.9 (diff: -7.6),Current Period: 2024; Current CPI: 313.68899999999996; Calculation: Value (2024) (Nominal - no CPI adjustment for single-year metric)
Demographics,"Fife, WA exhibits a younger demographic profile with a median age of 31.3, notably lower than Pierce County (37.0) and the United States (38.9). Its largest age group, experienced working age (35-64), comprises 35.6%, which is comparatively lower than Pierce County's 38.2% and Seattle MSA's 39.9%. Uniquely, Fife's largest age group change was a +0.7% increase in youth (0-19), contrasting with senior increases in other regions and a youth decline in the Puget Sound Region. The city's population is 50.3% female, similar to Puyallup Reservation and the United States, while other comparative geographies are male-driven. Fife's largest race-ethnicity group is white at 37.7%, significantly lower than Pierce County (61.4%) and Washington (63.1%). Furthermore, Fife's primary largest change in race-ethnicity was a +3.5% increase in Black population, sharply contrasting with the white declines observed as the largest change across all other compared geographies, such as Puget Sound Region's -1.3% and Seattle.","Fife, WA exhibits a younger, more diverse demographic profile with a median age of 31.3 and a notable +0.7% increase in youth (0-19), contrasting regional trends. Its housing stock is characterized by 9.1% overcrowded units and 50.7% renter-occupied units, significantly higher than Pierce County and the United States, with 49.2% multi-family housing. In 2024, 36.1% of owners were cost-burdened, a +2.8% increase from 2023, and the housing affordability index is 0, compared to 1 nationally. Despite a median household income of $90,532, above the United States, Fife faces a higher poverty rate of 11.2% and increased SNAP reliance. The workforce shows lower educational attainment (27.9% with bachelor's or more) but robust labor force participation at 76.1%, surpassing Pierce County by 9.8 percentage points. Fife's population grew by +0.8% between 2024 and 2025.",2023,2024,ACS_Series,"{""Label"": ""Calc-Median Age""}",Change in Median Age,Numeric,Change in median age of population for the geography from previous to current year,"Between 2023 and 2024, Fife, WA experienced a change in median age of -0.6.","Fife, WA's change in median age of -0.6 represents a smaller change compared to Pierce County (+0.2).","Fife, WA's change in median age of -0.6 represents a smaller change compared to Puyallup Reservation (-0.3), represents a smaller change compared to Washington (+0.1), represents a smaller change compared to Seattle MSA (+0.1), represents a smaller change compared to Puget Sound Region (+0.2), and represents a smaller change compared to United States (+0.2).",N/A,N/A,"Fife, WA experienced a median age change of -0.6 between 2023 and 2024, which was a smaller change compared to Pierce County (+0.2), Puyallup Reservation (-0.3), and the broader regional and national averages that saw changes ranging from +0.1 to +0.2.",Focus value: -0.6; Pierce County: +0.2 (diff: -+0.8); Puyallup Reservation: -0.3 (diff: -+0.3); Washington: +0.1 (diff: -+0.7); Seattle MSA: +0.1 (diff: -+0.7); Puget Sound Region: +0.2 (diff: -+0.8); United States: +0.2 (diff: -+0.8),Focus value: -0.6; Pierce County: +0.2 (diff: -+0.8); Puyallup Reservation: -0.3 (diff: -+0.3); Washington: +0.1 (diff: -+0.7); Seattle MSA: +0.1 (diff: -+0.7); Puget Sound Region: +0.2 (diff: -+0.8); United States: +0.2 (diff: -+0.8),Current Period: 2024; Comparison Period: 2023; Current CPI: 313.68899999999996; Comparison CPI: 304.70200000000006; Calculation: Value (2024) - Value (2023) (no CPI adjustment)
Workforce,"Fife, WA's workforce in 2024 shows distinct characteristics, with 27.9% of its 25+ population holding a bachelor's degree or more, which is 3.0 percentage points lower than Pierce County and significantly below the United States (35.7%) and Seattle MSA (47.2%). This educational attainment also saw a -0.2% change between 2023 and 2024, contrasting with positive growth in all benchmark geographies. However, Fife, WA demonstrates robust labor force engagement, with a 76.1% participation rate, surpassing Pierce County by 9.8 percentage points and the United States by 12.6 percentage points. This rate increased by +0.3% between 2023 and 2024, outperforming all regional benchmarks. Female labor force participation is particularly strong at 72.1%, 11.4 percentage points higher than Pierce County, and grew by +1.5% over the past year. Male participation is also high at 80.3%, 12.2 percentage points above the United States, despite a -0.9% change. Remote work is less prevalent in Fife.","Fife, WA exhibits a younger, more diverse demographic profile with a median age of 31.3 and a notable +0.7% increase in youth (0-19), contrasting regional trends. Its housing stock is characterized by 9.1% overcrowded units and 50.7% renter-occupied units, significantly higher than Pierce County and the United States, with 49.2% multi-family housing. In 2024, 36.1% of owners were cost-burdened, a +2.8% increase from 2023, and the housing affordability index is 0, compared to 1 nationally. Despite a median household income of $90,532, above the United States, Fife faces a higher poverty rate of 11.2% and increased SNAP reliance. The workforce shows lower educational attainment (27.9% with bachelor's or more) but robust labor force participation at 76.1%, surpassing Pierce County by 9.8 percentage points. Fife's population grew by +0.8% between 2024 and 2025.",2024,2024,ACS_Series,"{""Label"": ""Calc-Bachelors"", ""Label"": ""Calc-Graduate""}",Percent of 25+ population with Bachelor's degree or more education,Percentage,Percent of 25+ population with a bachelor's degree or more education in the geography in the current year,"In 2024, Fife, WA recorded a of 25+ population with bachelor's degree or more education of 27.9%.","Fife, WA's of 25+ population with bachelor's degree or more education of 27.9% is 3.0 percentage points lower than Pierce County (30.9%).","Fife, WA's of 25+ population with bachelor's degree or more education of 27.9% is 4.0 percentage points lower than Puyallup Reservation (31.8%), is 7.8 percentage points lower than United States (35.7%), is 11.7 percentage points lower than Washington (39.6%), is 19.4 percentage points lower than Seattle MSA (47.2%), and is 19.4 percentage points lower than Puget Sound Region (47.3%).",N/A,N/A,"Fife, WA's 25+ population with a bachelor's degree or more education was 27.9% in 2024, which is 3.0 percentage points lower than Pierce County (30.9%) and significantly below the United States (35.7%) and the Seattle MSA (47.2%).",Focus value: 27.9%; Pierce County: 30.9% (diff: -3.0 pp); Puyallup Reservation: 31.8% (diff: -4.0 pp); United States: 35.7% (diff: -7.8 pp); Washington: 39.6% (diff: -11.7 pp); Seattle MSA: 47.2% (diff: -19.4 pp); Puget Sound Region: 47.3% (diff: -19.4 pp),Focus value: 27.9%; Pierce County: 30.9% (diff: -3.0 pp); Puyallup Reservation: 31.8% (diff: -4.0 pp); United States: 35.7% (diff: -7.8 pp); Washington: 39.6% (diff: -11.7 pp); Seattle MSA: 47.2% (diff: -19.4 pp); Puget Sound Region: 47.3% (diff: -19.4 pp),Current Period: 2024; Current CPI: 313.68899999999996; Calculation: Value (2024) (Nominal - no CPI adjustment for single-year metric)
Workforce,"Fife, WA's workforce in 2024 shows distinct characteristics, with 27.9% of its 25+ population holding a bachelor's degree or more, which is 3.0 percentage points lower than Pierce County and significantly below the United States (35.7%) and Seattle MSA (47.2%). This educational attainment also saw a -0.2% change between 2023 and 2024, contrasting with positive growth in all benchmark geographies. However, Fife, WA demonstrates robust labor force engagement, with a 76.1% participation rate, surpassing Pierce County by 9.8 percentage points and the United States by 12.6 percentage points. This rate increased by +0.3% between 2023 and 2024, outperforming all regional benchmarks. Female labor force participation is particularly strong at 72.1%, 11.4 percentage points higher than Pierce County, and grew by +1.5% over the past year. Male participation is also high at 80.3%, 12.2 percentage points above the United States, despite a -0.9% change. Remote work is less prevalent in Fife.","Fife, WA exhibits a younger, more diverse demographic profile with a median age of 31.3 and a notable +0.7% increase in youth (0-19), contrasting regional trends. Its housing stock is characterized by 9.1% overcrowded units and 50.7% renter-occupied units, significantly higher than Pierce County and the United States, with 49.2% multi-family housing. In 2024, 36.1% of owners were cost-burdened, a +2.8% increase from 2023, and the housing affordability index is 0, compared to 1 nationally. Despite a median household income of $90,532, above the United States, Fife faces a higher poverty rate of 11.2% and increased SNAP reliance. The workforce shows lower educational attainment (27.9% with bachelor's or more) but robust labor force participation at 76.1%, surpassing Pierce County by 9.8 percentage points. Fife's population grew by +0.8% between 2024 and 2025.",2023,2024,ACS_Series,"{""Label"": ""Calc-Bachelors"", ""Label"": ""Calc-Graduate""}",Change in percent of 25+ population with Bachelor's degree or more education,Percentage,Change in percent of 25+ population with a bachelor's degree or more education in the geography from the previous to current year,"Between 2023 and 2024, Fife, WA experienced a change in of 25+ population with bachelor's degree or more education of -0.2%.","Fife, WA's change in of 25+ population with bachelor's degree or more education of -0.2% is 0.9 percentage points lower than Pierce County (+0.7%).","Fife, WA's change in of 25+ population with bachelor's degree or more education of -0.2% is 0.6 percentage points lower than Puget Sound Region (+0.4%), is 0.9 percentage points lower than United States (+0.7%), is 1.0 percentage points lower than Puyallup Reservation (+0.8%), is 1.0 percentage points lower than Washington (+0.8%), and is 1.1 percentage points lower than Seattle MSA (+0.9%).",N/A,N/A,"Fife, WA experienced a -0.2% change in the 25+ population with a bachelor's degree or more education between 2023 and 2024, which was 0.9 percentage points lower than Pierce County (+0.7%) and the United States (+0.7%), and notably below the growth observed in the Puget Sound Region (+0.4%) and Washington (+0.8%).",Focus value: -0.2%; Pierce County: +0.7% (diff: -0.9 pp); Puget Sound Region: +0.4% (diff: -0.6 pp); United States: +0.7% (diff: -0.9 pp); Puyallup Reservation: +0.8% (diff: -1.0 pp); Washington: +0.8% (diff: -1.0 pp); Seattle MSA: +0.9% (diff: -1.1 pp),Focus value: -0.2%; Pierce County: +0.7% (diff: -0.9 pp); Puget Sound Region: +0.4% (diff: -0.6 pp); United States: +0.7% (diff: -0.9 pp); Puyallup Reservation: +0.8% (diff: -1.0 pp); Washington: +0.8% (diff: -1.0 pp); Seattle MSA: +0.9% (diff: -1.1 pp),Current Period: 2024; Comparison Period: 2023; Current CPI: 313.68899999999996; Comparison CPI: 304.70200000000006; Calculation: Value (2024) - Value (2023) (no CPI adjustment)
Income,"Fife, WA's income profile indicates a higher poverty incidence and greater reliance on social assistance compared to its immediate region, despite a median household income above the national average. In 2024, 11.2% of Fife's population was below the poverty line, 2.4 percentage points higher than Pierce County (8.8%) and 2.7 percentage points higher than the Seattle MSA (8.5%), though 1.3 percentage points lower than the United States (12.5%). This rate saw a -0.3% change, a more favorable trend than the +0.1% observed in the Puget Sound Region. Concurrently, 13.6% of Fife households received SNAP, exceeding Pierce County (12.3%) and the Puget Sound Region (9.2%), with a +0.8% increase in recipients, higher than most comparators. Fife's median household income of $90,532 is nearly $10,000 above the United States ($80,734) but approximately $9,000 below Pierce County ($99,564) and over $24,000 below the Seattle MSA ($115,177). This income also declined by $2,653.","Fife, WA exhibits a younger, more diverse demographic profile with a median age of 31.3 and a notable +0.7% increase in youth (0-19), contrasting regional trends. Its housing stock is characterized by 9.1% overcrowded units and 50.7% renter-occupied units, significantly higher than Pierce County and the United States, with 49.2% multi-family housing. In 2024, 36.1% of owners were cost-burdened, a +2.8% increase from 2023, and the housing affordability index is 0, compared to 1 nationally. Despite a median household income of $90,532, above the United States, Fife faces a higher poverty rate of 11.2% and increased SNAP reliance. The workforce shows lower educational attainment (27.9% with bachelor's or more) but robust labor force participation at 76.1%, surpassing Pierce County by 9.8 percentage points. Fife's population grew by +0.8% between 2024 and 2025.",2024,2024,ACS_Series,"{""Label"": ""Calc-Pop below poverty line""}",Percent of population below poverty line,Percentage,Percent of population below poverty line in the geography in the current year,"In 2024, Fife, WA recorded a of population below poverty line of 11.2%.","Fife, WA's of population below poverty line of 11.2% is 2.4 percentage points higher than Pierce County (8.8%).","Fife, WA's of population below poverty line of 11.2% is 2.7 percentage points higher than Seattle MSA (8.5%), is 2.7 percentage points higher than Puget Sound Region (8.5%), is 1.4 percentage points higher than Puyallup Reservation (9.8%), is 1.3 percentage points higher than Washington (9.9%), and is 1.3 percentage points lower than United States (12.5%).",N/A,N/A,"Fife, WA recorded a population below poverty line of 11.2% in 2024, which is 2.4 percentage points higher than Pierce County (8.8%) and 2.7 percentage points higher than the Seattle MSA (8.5%), but remains 1.3 percentage points lower than the United States (12.5%).",Focus value: 11.2%; Pierce County: 8.8% (diff: +2.4 pp); Seattle MSA: 8.5% (diff: +2.7 pp); Puget Sound Region: 8.5% (diff: +2.7 pp); Puyallup Reservation: 9.8% (diff: +1.4 pp); Washington: 9.9% (diff: +1.3 pp); United States: 12.5% (diff: -1.3 pp),Focus value: 11.2%; Pierce County: 8.8% (diff: +2.4 pp); Seattle MSA: 8.5% (diff: +2.7 pp); Puget Sound Region: 8.5% (diff: +2.7 pp); Puyallup Reservation: 9.8% (diff: +1.4 pp); Washington: 9.9% (diff: +1.3 pp); United States: 12.5% (diff: -1.3 pp),Current Period: 2024; Current CPI: 313.68899999999996; Calculation: Value (2024) (Nominal - no CPI adjustment for single-year metric)
Income,"Fife, WA's income profile indicates a higher poverty incidence and greater reliance on social assistance compared to its immediate region, despite a median household income above the national average. In 2024, 11.2% of Fife's population was below the poverty line, 2.4 percentage points higher than Pierce County (8.8%) and 2.7 percentage points higher than the Seattle MSA (8.5%), though 1.3 percentage points lower than the United States (12.5%). This rate saw a -0.3% change, a more favorable trend than the +0.1% observed in the Puget Sound Region. Concurrently, 13.6% of Fife households received SNAP, exceeding Pierce County (12.3%) and the Puget Sound Region (9.2%), with a +0.8% increase in recipients, higher than most comparators. Fife's median household income of $90,532 is nearly $10,000 above the United States ($80,734) but approximately $9,000 below Pierce County ($99,564) and over $24,000 below the Seattle MSA ($115,177). This income also declined by $2,653.","Fife, WA exhibits a younger, more diverse demographic profile with a median age of 31.3 and a notable +0.7% increase in youth (0-19), contrasting regional trends. Its housing stock is characterized by 9.1% overcrowded units and 50.7% renter-occupied units, significantly higher than Pierce County and the United States, with 49.2% multi-family housing. In 2024, 36.1% of owners were cost-burdened, a +2.8% increase from 2023, and the housing affordability index is 0, compared to 1 nationally. Despite a median household income of $90,532, above the United States, Fife faces a higher poverty rate of 11.2% and increased SNAP reliance. The workforce shows lower educational attainment (27.9% with bachelor's or more) but robust labor force participation at 76.1%, surpassing Pierce County by 9.8 percentage points. Fife's population grew by +0.8% between 2024 and 2025.",2023,2024,ACS_Series,"{""Label"": ""Calc-Pop below poverty line""}",Change in percent of population below poverty line,Percentage,Change in percent of population below poverty line in the geography from the previous to current year,"Between 2023 and 2024, Fife, WA experienced a change in of population below poverty line of -0.3%.","Fife, WA's change in of population below poverty line of -0.3% is 0.2 percentage points lower than Pierce County (-0.1%).","Fife, WA's change in of population below poverty line of -0.3% is 0.2 percentage points lower than Puyallup Reservation (-0.1%), is 0.3 percentage points lower than Washington (0.0%), is 0.4 percentage points lower than Puget Sound Region (+0.1%), is 0.4 percentage points lower than United States (+0.1%), and is 0.4 percentage points lower than Seattle MSA (+0.1%).",N/A,N/A,"Fife, WA experienced a -0.3% change in the population below the poverty line between 2023 and 2024, which is 0.2 percentage points lower than Pierce County (-0.1%) and 0.4 percentage points lower than the Puget Sound Region, United States, and Seattle MSA (all +0.1%).",Focus value: -0.3%; Pierce County: -0.1% (diff: -0.2 pp); Puyallup Reservation: -0.1% (diff: -0.2 pp); Washington: 0.0% (diff: -0.3 pp); Puget Sound Region: +0.1% (diff: -0.4 pp); United States: +0.1% (diff: -0.4 pp); Seattle MSA: +0.1% (diff: -0.4 pp),Focus value: -0.3%; Pierce County: -0.1% (diff: -0.2 pp); Puyallup Reservation: -0.1% (diff: -0.2 pp); Washington: 0.0% (diff: -0.3 pp); Puget Sound Region: +0.1% (diff: -0.4 pp); United States: +0.1% (diff: -0.4 pp); Seattle MSA: +0.1% (diff: -0.4 pp),Current Period: 2024; Comparison Period: 2023; Current CPI: 313.68899999999996; Comparison CPI: 304.70200000000006; Calculation: Value (2024) - Value (2023) (no CPI adjustment)
Income,"Fife, WA's income profile indicates a higher poverty incidence and greater reliance on social assistance compared to its immediate region, despite a median household income above the national average. In 2024, 11.2% of Fife's population was below the poverty line, 2.4 percentage points higher than Pierce County (8.8%) and 2.7 percentage points higher than the Seattle MSA (8.5%), though 1.3 percentage points lower than the United States (12.5%). This rate saw a -0.3% change, a more favorable trend than the +0.1% observed in the Puget Sound Region. Concurrently, 13.6% of Fife households received SNAP, exceeding Pierce County (12.3%) and the Puget Sound Region (9.2%), with a +0.8% increase in recipients, higher than most comparators. Fife's median household income of $90,532 is nearly $10,000 above the United States ($80,734) but approximately $9,000 below Pierce County ($99,564) and over $24,000 below the Seattle MSA ($115,177). This income also declined by $2,653.","Fife, WA exhibits a younger, more diverse demographic profile with a median age of 31.3 and a notable +0.7% increase in youth (0-19), contrasting regional trends. Its housing stock is characterized by 9.1% overcrowded units and 50.7% renter-occupied units, significantly higher than Pierce County and the United States, with 49.2% multi-family housing. In 2024, 36.1% of owners were cost-burdened, a +2.8% increase from 2023, and the housing affordability index is 0, compared to 1 nationally. Despite a median household income of $90,532, above the United States, Fife faces a higher poverty rate of 11.2% and increased SNAP reliance. The workforce shows lower educational attainment (27.9% with bachelor's or more) but robust labor force participation at 76.1%, surpassing Pierce County by 9.8 percentage points. Fife's population grew by +0.8% between 2024 and 2025.",2024,2024,ACS_Series,"{""Label"": ""Calc-SNAP""}",Percent of households receiving SNAP,Percentage,Percent of households receiving SNAP in the geography in the current year,"In 2024, Fife, WA recorded a of households receiving snap of 13.6%.","Fife, WA's of households receiving snap of 13.6% is 1.3 percentage points higher than Pierce County (12.3%).","Fife, WA's of households receiving snap of 13.6% is 4.5 percentage points higher than Puget Sound Region (9.2%), is 4.4 percentage points higher than Seattle MSA (9.3%), is 2.1 percentage points higher than Washington (11.5%), is 1.6 percentage points higher than United States (12.1%), and is 0.4 percentage points lower than Puyallup Reservation (14.0%).",N/A,N/A,"Fife, WA recorded 13.6% of households receiving SNAP in 2024, which is 1.3 percentage points higher than Pierce County and notably higher than the Puget Sound Region (9.2%) and Seattle MSA (9.3%), though slightly below Puyallup Reservation (14.0%).",Focus value: 13.6%; Pierce County: 12.3% (diff: +1.3 pp); Puget Sound Region: 9.2% (diff: +4.5 pp); Seattle MSA: 9.3% (diff: +4.4 pp); Washington: 11.5% (diff: +2.1 pp); United States: 12.1% (diff: +1.6 pp); Puyallup Reservation: 14.0% (diff: -0.4 pp),Focus value: 13.6%; Pierce County: 12.3% (diff: +1.3 pp); Puget Sound Region: 9.2% (diff: +4.5 pp); Seattle MSA: 9.3% (diff: +4.4 pp); Washington: 11.5% (diff: +2.1 pp); United States: 12.1% (diff: +1.6 pp); Puyallup Reservation: 14.0% (diff: -0.4 pp),Current Period: 2024; Current CPI: 313.68899999999996; Calculation: Value (2024) (Nominal - no CPI adjustment for single-year metric)
Income,"Fife, WA's income profile indicates a higher poverty incidence and greater reliance on social assistance compared to its immediate region, despite a median household income above the national average. In 2024, 11.2% of Fife's population was below the poverty line, 2.4 percentage points higher than Pierce County (8.8%) and 2.7 percentage points higher than the Seattle MSA (8.5%), though 1.3 percentage points lower than the United States (12.5%). This rate saw a -0.3% change, a more favorable trend than the +0.1% observed in the Puget Sound Region. Concurrently, 13.6% of Fife households received SNAP, exceeding Pierce County (12.3%) and the Puget Sound Region (9.2%), with a +0.8% increase in recipients, higher than most comparators. Fife's median household income of $90,532 is nearly $10,000 above the United States ($80,734) but approximately $9,000 below Pierce County ($99,564) and over $24,000 below the Seattle MSA ($115,177). This income also declined by $2,653.","Fife, WA exhibits a younger, more diverse demographic profile with a median age of 31.3 and a notable +0.7% increase in youth (0-19), contrasting regional trends. Its housing stock is characterized by 9.1% overcrowded units and 50.7% renter-occupied units, significantly higher than Pierce County and the United States, with 49.2% multi-family housing. In 2024, 36.1% of owners were cost-burdened, a +2.8% increase from 2023, and the housing affordability index is 0, compared to 1 nationally. Despite a median household income of $90,532, above the United States, Fife faces a higher poverty rate of 11.2% and increased SNAP reliance. The workforce shows lower educational attainment (27.9% with bachelor's or more) but robust labor force participation at 76.1%, surpassing Pierce County by 9.8 percentage points. Fife's population grew by +0.8% between 2024 and 2025.",2023,2024,ACS_Series,"{""Label"": ""Calc-SNAP""}",Change in percent of households receiving SNAP,Percentage,Change in percent of households receiving SNAP in the geography from the previous to current year,"Between 2023 and 2024, Fife, WA experienced a change in of households receiving snap of +0.8%.","Fife, WA's change in of households receiving snap of +0.8% is 0.3 percentage points higher than Pierce County (+0.5%).","Fife, WA's change in of households receiving snap of +0.8% is 1.0 percentage points higher than Puget Sound Region (-0.2%), is 0.7 percentage points higher than Seattle MSA (+0.1%), is 0.7 percentage points higher than Washington (+0.1%), is 0.5 percentage points higher than United States (+0.3%), and is 0.2 percentage points higher than Puyallup Reservation (+0.6%).",N/A,N/A,"Fife, WA experienced a +0.8% change in the percent of households receiving SNAP between 2023 and 2024, which was 0.3 percentage points higher than Pierce County (+0.5%), 1.0 percentage points higher than the Puget Sound Region (-0.2%), and 0.5 percentage points higher than the United States (+0.3%).",Focus value: +0.8%; Pierce County: +0.5% (diff: +0.3 pp); Puget Sound Region: -0.2% (diff: +1.0 pp); Seattle MSA: +0.1% (diff: +0.7 pp); Washington: +0.1% (diff: +0.7 pp); United States: +0.3% (diff: +0.5 pp); Puyallup Reservation: +0.6% (diff: +0.2 pp),Focus value: +0.8%; Pierce County: +0.5% (diff: +0.3 pp); Puget Sound Region: -0.2% (diff: +1.0 pp); Seattle MSA: +0.1% (diff: +0.7 pp); Washington: +0.1% (diff: +0.7 pp); United States: +0.3% (diff: +0.5 pp); Puyallup Reservation: +0.6% (diff: +0.2 pp),Current Period: 2024; Comparison Period: 2023; Current CPI: 313.68899999999996; Comparison CPI: 304.70200000000006; Calculation: Value (2024) - Value (2023) (no CPI adjustment)
Income,"Fife, WA's income profile indicates a higher poverty incidence and greater reliance on social assistance compared to its immediate region, despite a median household income above the national average. In 2024, 11.2% of Fife's population was below the poverty line, 2.4 percentage points higher than Pierce County (8.8%) and 2.7 percentage points higher than the Seattle MSA (8.5%), though 1.3 percentage points lower than the United States (12.5%). This rate saw a -0.3% change, a more favorable trend than the +0.1% observed in the Puget Sound Region. Concurrently, 13.6% of Fife households received SNAP, exceeding Pierce County (12.3%) and the Puget Sound Region (9.2%), with a +0.8% increase in recipients, higher than most comparators. Fife's median household income of $90,532 is nearly $10,000 above the United States ($80,734) but approximately $9,000 below Pierce County ($99,564) and over $24,000 below the Seattle MSA ($115,177). This income also declined by $2,653.","Fife, WA exhibits a younger, more diverse demographic profile with a median age of 31.3 and a notable +0.7% increase in youth (0-19), contrasting regional trends. Its housing stock is characterized by 9.1% overcrowded units and 50.7% renter-occupied units, significantly higher than Pierce County and the United States, with 49.2% multi-family housing. In 2024, 36.1% of owners were cost-burdened, a +2.8% increase from 2023, and the housing affordability index is 0, compared to 1 nationally. Despite a median household income of $90,532, above the United States, Fife faces a higher poverty rate of 11.2% and increased SNAP reliance. The workforce shows lower educational attainment (27.9% with bachelor's or more) but robust labor force participation at 76.1%, surpassing Pierce County by 9.8 percentage points. Fife's population grew by +0.8% between 2024 and 2025.",2024,2024,ACS_Series-CPI Table,"{""Label"": ""Calc-Median HH Income""}",Median household income,Numeric,Median household income in the geography in the current year,"In 2024, Fife, WA recorded a median household income of $90,532.","Fife, WA's median household income of $90,532 is smaller than Pierce County ($99,564).","Fife, WA's median household income of $90,532 is larger than United States ($80,734), is smaller than Washington ($98,141), is smaller than Puyallup Reservation ($101,642), is smaller than Seattle MSA ($115,177), and is smaller than Puget Sound Region ($115,806).",N/A,N/A,"Fife, WA recorded a median household income of $90,532 in 2024, which is nearly $10,000 higher than the United States ($80,734) but approximately $9,000 lower than Pierce County ($99,564) and more than $24,000 below the Seattle MSA ($115,177) and Puget Sound Region ($115,806).","Focus value: $90,532; Pierce County: $99,564 (diff: -$9,032); United States: $80,734 (diff: +$9,798); Washington: $98,141 (diff: -$7,609); Puyallup Reservation: $101,642 (diff: -$11,110); Seattle MSA: $115,177 (diff: -$24,645); Puget Sound Region: $115,806 (diff: -$25,274)","Focus value: $90,532; Pierce County: $99,564 (diff: -$9,032); United States: $80,734 (diff: +$9,798); Washington: $98,141 (diff: -$7,609); Puyallup Reservation: $101,642 (diff: -$11,110); Seattle MSA: $115,177 (diff: -$24,645); Puget Sound Region: $115,806 (diff: -$25,274)",Current Period: 2024; Current CPI: 313.68899999999996; Calculation: Value (2024) (Nominal - no CPI adjustment for single-year metric)
Income,"Fife, WA's income profile indicates a higher poverty incidence and greater reliance on social assistance compared to its immediate region, despite a median household income above the national average. In 2024, 11.2% of Fife's population was below the poverty line, 2.4 percentage points higher than Pierce County (8.8%) and 2.7 percentage points higher than the Seattle MSA (8.5%), though 1.3 percentage points lower than the United States (12.5%). This rate saw a -0.3% change, a more favorable trend than the +0.1% observed in the Puget Sound Region. Concurrently, 13.6% of Fife households received SNAP, exceeding Pierce County (12.3%) and the Puget Sound Region (9.2%), with a +0.8% increase in recipients, higher than most comparators. Fife's median household income of $90,532 is nearly $10,000 above the United States ($80,734) but approximately $9,000 below Pierce County ($99,564) and over $24,000 below the Seattle MSA ($115,177). This income also declined by $2,653.","Fife, WA exhibits a younger, more diverse demographic profile with a median age of 31.3 and a notable +0.7% increase in youth (0-19), contrasting regional trends. Its housing stock is characterized by 9.1% overcrowded units and 50.7% renter-occupied units, significantly higher than Pierce County and the United States, with 49.2% multi-family housing. In 2024, 36.1% of owners were cost-burdened, a +2.8% increase from 2023, and the housing affordability index is 0, compared to 1 nationally. Despite a median household income of $90,532, above the United States, Fife faces a higher poverty rate of 11.2% and increased SNAP reliance. The workforce shows lower educational attainment (27.9% with bachelor's or more) but robust labor force participation at 76.1%, surpassing Pierce County by 9.8 percentage points. Fife's population grew by +0.8% between 2024 and 2025.",2023,2024,ACS_Series-CPI Table,"{""Label"": ""Calc-Median HH Income""}",Change in median household income,Numeric,"Change in the real median household income in the geography from the previous to current year, in current dollars","Between 2023 and 2024, Fife, WA experienced a change in median household income of $-2,653.","Fife, WA's change in median household income of $-2,653 represents a smaller change compared to Pierce County ($82).","Fife, WA's change in median household income of $-2,653 represents a larger change compared to Puyallup Reservation ($-3,529), represents a smaller change compared to Seattle MSA ($-738), represents a smaller change compared to Puget Sound Region ($-343), represents a smaller change compared to United States ($-120), and represents a smaller change compared to Washington ($388).",N/A,N/A,"Fife, WA experienced a decline in median household income of $-2,653 between 2023 and 2024, which was a smaller change compared to Pierce County ($82), Seattle MSA ($-738), and the United States ($-120), but a larger change compared to Puyallup Reservation ($-3,529).","Focus value: $-2,653; Pierce County: $82 (diff: -$2,735); Puyallup Reservation: $-3,529 (diff: +$876); Seattle MSA: $-738 (diff: -$1,915); Puget Sound Region: $-343 (diff: -$2,310); United States: $-120 (diff: -$2,532); Washington: $388 (diff: -$3,041)","Focus value: $17; Pierce County: $2,932 (diff: -$2,915); Puyallup Reservation: $-516 (diff: +$533); United States: $2,196 (diff: -$2,179); Seattle MSA: $2,583 (diff: -$2,566); Puget Sound Region: $2,985 (diff: -$2,968); Washington: $3,189 (diff: -$3,172)",Current Period: 2024; Comparison Period: 2023; Current CPI: 313.68899999999996; Comparison CPI: 304.70200000000006; Calculation: Value (2024) - (Value (2023) * (313.68899999999996 / 304.70200000000006))
Income,"Fife, WA's income profile indicates a higher poverty incidence and greater reliance on social assistance compared to its immediate region, despite a median household income above the national average. In 2024, 11.2% of Fife's population was below the poverty line, 2.4 percentage points higher than Pierce County (8.8%) and 2.7 percentage points higher than the Seattle MSA (8.5%), though 1.3 percentage points lower than the United States (12.5%). This rate saw a -0.3% change, a more favorable trend than the +0.1% observed in the Puget Sound Region. Concurrently, 13.6% of Fife households received SNAP, exceeding Pierce County (12.3%) and the Puget Sound Region (9.2%), with a +0.8% increase in recipients, higher than most comparators. Fife's median household income of $90,532 is nearly $10,000 above the United States ($80,734) but approximately $9,000 below Pierce County ($99,564) and over $24,000 below the Seattle MSA ($115,177). This income also declined by $2,653.","Fife, WA exhibits a younger, more diverse demographic profile with a median age of 31.3 and a notable +0.7% increase in youth (0-19), contrasting regional trends. Its housing stock is characterized by 9.1% overcrowded units and 50.7% renter-occupied units, significantly higher than Pierce County and the United States, with 49.2% multi-family housing. In 2024, 36.1% of owners were cost-burdened, a +2.8% increase from 2023, and the housing affordability index is 0, compared to 1 nationally. Despite a median household income of $90,532, above the United States, Fife faces a higher poverty rate of 11.2% and increased SNAP reliance. The workforce shows lower educational attainment (27.9% with bachelor's or more) but robust labor force participation at 76.1%, surpassing Pierce County by 9.8 percentage points. Fife's population grew by +0.8% between 2024 and 2025.",2024,2024,ACS_Series-CPI Table,"{""Label"": ""Calc-Median earnings Male""}",Median earnings for full-time male workers,Numeric,Median earnings for full-time male workers in the geography in the current year,"In 2024, Fife, WA recorded a median earnings for full-time male workers of 67,023.","Fife, WA's median earnings for full-time male workers of 67,023 is smaller than Pierce County (76,999).","Fife, WA's median earnings for full-time male workers of 67,023 is smaller than United States (67,361), is smaller than Puyallup Reservation (75,438), is smaller than Washington (82,572), is smaller than Seattle MSA (95,697), and is smaller than Puget Sound Region (97,420).",N/A,N/A,"Fife, WA's median earnings for full-time male workers in 2024 were $67,023, slightly below the United States ($67,361), and notably less than Pierce County ($76,999) and the Puget Sound Region ($97,420).","Focus value: 67,023; Pierce County: 76,999 (diff: -9,976); United States: 67,361 (diff: -338); Puyallup Reservation: 75,438 (diff: -8,415); Washington: 82,572 (diff: -15,549); Seattle MSA: 95,697 (diff: -28,674); Puget Sound Region: 97,420 (diff: -30,397)","Focus value: 67,023; Pierce County: 76,999 (diff: -9,976); United States: 67,361 (diff: -338); Puyallup Reservation: 75,438 (diff: -8,415); Washington: 82,572 (diff: -15,549); Seattle MSA: 95,697 (diff: -28,674); Puget Sound Region: 97,420 (diff: -30,397)",Current Period: 2024; Current CPI: 313.68899999999996; Calculation: Value (2024) (Nominal - no CPI adjustment for single-year metric)
Income,"Fife, WA's income profile indicates a higher poverty incidence and greater reliance on social assistance compared to its immediate region, despite a median household income above the national average. In 2024, 11.2% of Fife's population was below the poverty line, 2.4 percentage points higher than Pierce County (8.8%) and 2.7 percentage points higher than the Seattle MSA (8.5%), though 1.3 percentage points lower than the United States (12.5%). This rate saw a -0.3% change, a more favorable trend than the +0.1% observed in the Puget Sound Region. Concurrently, 13.6% of Fife households received SNAP, exceeding Pierce County (12.3%) and the Puget Sound Region (9.2%), with a +0.8% increase in recipients, higher than most comparators. Fife's median household income of $90,532 is nearly $10,000 above the United States ($80,734) but approximately $9,000 below Pierce County ($99,564) and over $24,000 below the Seattle MSA ($115,177). This income also declined by $2,653.","Fife, WA exhibits a younger, more diverse demographic profile with a median age of 31.3 and a notable +0.7% increase in youth (0-19), contrasting regional trends. Its housing stock is characterized by 9.1% overcrowded units and 50.7% renter-occupied units, significantly higher than Pierce County and the United States, with 49.2% multi-family housing. In 2024, 36.1% of owners were cost-burdened, a +2.8% increase from 2023, and the housing affordability index is 0, compared to 1 nationally. Despite a median household income of $90,532, above the United States, Fife faces a higher poverty rate of 11.2% and increased SNAP reliance. The workforce shows lower educational attainment (27.9% with bachelor's or more) but robust labor force participation at 76.1%, surpassing Pierce County by 9.8 percentage points. Fife's population grew by +0.8% between 2024 and 2025.",2023,2024,ACS_Series-CPI Table,"{""Label"": ""Calc-Median earnings Male""}",Change in median earnings for full-time male workers,Numeric,"Change in the real median earnings of full-time male workers in the geography from the previous to current year, in current dollars","Between 2023 and 2024, Fife, WA experienced a change in median earnings for full-time male workers of -1,243.","Fife, WA's change in median earnings for full-time male workers of -1,243 represents a smaller change compared to Pierce County (+689).","Fife, WA's change in median earnings for full-time male workers of -1,243 represents a smaller change compared to United States (-240), represents a smaller change compared to Puyallup Reservation (-193), represents a smaller change compared to Washington (+618), represents a smaller change compared to Puget Sound Region (+1,238), and represents a smaller change compared to Seattle MSA (+1,280).",N/A,N/A,"Fife, WA experienced a change of -$1,243 in median earnings for full-time male workers between 2023 and 2024, which was a smaller change compared to Pierce County (+$689), the United States (-$240), Puyallup Reservation (-$193), Washington (+$618), Puget Sound Region (+$1,238), and Seattle MSA (+$1,280).","Focus value: -1,243; Pierce County: +689 (diff: -+1,932); United States: -240 (diff: -+1,003); Puyallup Reservation: -193 (diff: -+1,050); Washington: +618 (diff: -+1,861); Puget Sound Region: +1,238 (diff: -+2,481); Seattle MSA: +1,280 (diff: -+2,523)","Focus value: +713; Pierce County: +2,875 (diff: -+2,162); United States: +1,697 (diff: -+984); Puyallup Reservation: +1,974 (diff: -+1,261); Washington: +2,966 (diff: -+2,253); Seattle MSA: +3,985 (diff: -+3,272); Puget Sound Region: +3,994 (diff: -+3,281)",Current Period: 2024; Comparison Period: 2023; Current CPI: 313.68899999999996; Comparison CPI: 304.70200000000006; Calculation: Value (2024) - (Value (2023) * (313.68899999999996 / 304.70200000000006))
Income,"Fife, WA's income profile indicates a higher poverty incidence and greater reliance on social assistance compared to its immediate region, despite a median household income above the national average. In 2024, 11.2% of Fife's population was below the poverty line, 2.4 percentage points higher than Pierce County (8.8%) and 2.7 percentage points higher than the Seattle MSA (8.5%), though 1.3 percentage points lower than the United States (12.5%). This rate saw a -0.3% change, a more favorable trend than the +0.1% observed in the Puget Sound Region. Concurrently, 13.6% of Fife households received SNAP, exceeding Pierce County (12.3%) and the Puget Sound Region (9.2%), with a +0.8% increase in recipients, higher than most comparators. Fife's median household income of $90,532 is nearly $10,000 above the United States ($80,734) but approximately $9,000 below Pierce County ($99,564) and over $24,000 below the Seattle MSA ($115,177). This income also declined by $2,653.","Fife, WA exhibits a younger, more diverse demographic profile with a median age of 31.3 and a notable +0.7% increase in youth (0-19), contrasting regional trends. Its housing stock is characterized by 9.1% overcrowded units and 50.7% renter-occupied units, significantly higher than Pierce County and the United States, with 49.2% multi-family housing. In 2024, 36.1% of owners were cost-burdened, a +2.8% increase from 2023, and the housing affordability index is 0, compared to 1 nationally. Despite a median household income of $90,532, above the United States, Fife faces a higher poverty rate of 11.2% and increased SNAP reliance. The workforce shows lower educational attainment (27.9% with bachelor's or more) but robust labor force participation at 76.1%, surpassing Pierce County by 9.8 percentage points. Fife's population grew by +0.8% between 2024 and 2025.",2024,2024,ACS_Series-CPI Table,"{""Label"": ""Calc-Median earnings Female""}",Median earnings for full-time female workers,Numeric,Median earnings for full-time female workers in the geography in the current year,"In 2024, Fife, WA recorded a median earnings for full-time female workers of 55,479.","Fife, WA's median earnings for full-time female workers of 55,479 is smaller than Pierce County (63,149).","Fife, WA's median earnings for full-time female workers of 55,479 is larger than United States (55,274), is smaller than Puyallup Reservation (63,932), is smaller than Washington (66,363), is smaller than Seattle MSA (75,838), and is smaller than Puget Sound Region (76,267).",N/A,N/A,"Fife, WA recorded median earnings for full-time female workers of 55,479 in 2024, slightly exceeding the United States (55,274) but falling significantly below Pierce County (63,149), Washington (66,363), and the Puget Sound Region (76,267).","Focus value: 55,479; Pierce County: 63,149 (diff: -7,670); United States: 55,274 (diff: +205); Puyallup Reservation: 63,932 (diff: -8,453); Washington: 66,363 (diff: -10,884); Seattle MSA: 75,838 (diff: -20,359); Puget Sound Region: 76,267 (diff: -20,788)","Focus value: 55,479; Pierce County: 63,149 (diff: -7,670); United States: 55,274 (diff: +205); Puyallup Reservation: 63,932 (diff: -8,453); Washington: 66,363 (diff: -10,884); Seattle MSA: 75,838 (diff: -20,359); Puget Sound Region: 76,267 (diff: -20,788)",Current Period: 2024; Current CPI: 313.68899999999996; Calculation: Value (2024) (Nominal - no CPI adjustment for single-year metric)
Income,"Fife, WA's income profile indicates a higher poverty incidence and greater reliance on social assistance compared to its immediate region, despite a median household income above the national average. In 2024, 11.2% of Fife's population was below the poverty line, 2.4 percentage points higher than Pierce County (8.8%) and 2.7 percentage points higher than the Seattle MSA (8.5%), though 1.3 percentage points lower than the United States (12.5%). This rate saw a -0.3% change, a more favorable trend than the +0.1% observed in the Puget Sound Region. Concurrently, 13.6% of Fife households received SNAP, exceeding Pierce County (12.3%) and the Puget Sound Region (9.2%), with a +0.8% increase in recipients, higher than most comparators. Fife's median household income of $90,532 is nearly $10,000 above the United States ($80,734) but approximately $9,000 below Pierce County ($99,564) and over $24,000 below the Seattle MSA ($115,177). This income also declined by $2,653.","Fife, WA exhibits a younger, more diverse demographic profile with a median age of 31.3 and a notable +0.7% increase in youth (0-19), contrasting regional trends. Its housing stock is characterized by 9.1% overcrowded units and 50.7% renter-occupied units, significantly higher than Pierce County and the United States, with 49.2% multi-family housing. In 2024, 36.1% of owners were cost-burdened, a +2.8% increase from 2023, and the housing affordability index is 0, compared to 1 nationally. Despite a median household income of $90,532, above the United States, Fife faces a higher poverty rate of 11.2% and increased SNAP reliance. The workforce shows lower educational attainment (27.9% with bachelor's or more) but robust labor force participation at 76.1%, surpassing Pierce County by 9.8 percentage points. Fife's population grew by +0.8% between 2024 and 2025.",2023,2024,ACS_Series-CPI Table,"{""Label"": ""Calc-Median earnings Female""}",Change in median earnings for full-time female workers,Numeric,"Change in the real median earnings of full-time female workers in the geography from the previous to current year, in current dollars","Between 2023 and 2024, Fife, WA experienced a change in median earnings for full-time female workers of -2,419.","Fife, WA's change in median earnings for full-time female workers of -2,419 represents a smaller change compared to Pierce County (+664).","Fife, WA's change in median earnings for full-time female workers of -2,419 represents a smaller change compared to Puyallup Reservation (-625), represents a smaller change compared to United States (+253), represents a smaller change compared to Washington (+1,214), represents a smaller change compared to Seattle MSA (+1,576), and represents a smaller change compared to Puget Sound Region (+1,600).",N/A,N/A,"Fife, WA experienced a $2,419 decrease in median earnings for full-time female workers between 2023 and 2024, a decline that contrasts with increases in Pierce County (+$664), the United States (+$253), Washington (+$1,214), Seattle MSA (+$1,576), and the Puget Sound Region (+$1,600), and is a larger decrease than that of Puyallup Reservation (-$625).","Focus value: -2,419; Pierce County: +664 (diff: -+3,083); Puyallup Reservation: -625 (diff: -+1,794); United States: +253 (diff: -+2,671); Washington: +1,214 (diff: -+3,632); Seattle MSA: +1,576 (diff: -+3,995); Puget Sound Region: +1,600 (diff: -+4,019)","Focus value: -760; Pierce County: +2,454 (diff: -+3,214); Puyallup Reservation: +1,225 (diff: -+1,985); United States: +1,829 (diff: -+2,589); Washington: +3,080 (diff: -+3,840); Seattle MSA: +3,704 (diff: -+4,464); Puget Sound Region: +3,739 (diff: -+4,499)",Current Period: 2024; Comparison Period: 2023; Current CPI: 313.68899999999996; Comparison CPI: 304.70200000000006; Calculation: Value (2024) - (Value (2023) * (313.68899999999996 / 304.70200000000006))
Workforce,"Fife, WA's workforce in 2024 shows distinct characteristics, with 27.9% of its 25+ population holding a bachelor's degree or more, which is 3.0 percentage points lower than Pierce County and significantly below the United States (35.7%) and Seattle MSA (47.2%). This educational attainment also saw a -0.2% change between 2023 and 2024, contrasting with positive growth in all benchmark geographies. However, Fife, WA demonstrates robust labor force engagement, with a 76.1% participation rate, surpassing Pierce County by 9.8 percentage points and the United States by 12.6 percentage points. This rate increased by +0.3% between 2023 and 2024, outperforming all regional benchmarks. Female labor force participation is particularly strong at 72.1%, 11.4 percentage points higher than Pierce County, and grew by +1.5% over the past year. Male participation is also high at 80.3%, 12.2 percentage points above the United States, despite a -0.9% change. Remote work is less prevalent in Fife.","Fife, WA exhibits a younger, more diverse demographic profile with a median age of 31.3 and a notable +0.7% increase in youth (0-19), contrasting regional trends. Its housing stock is characterized by 9.1% overcrowded units and 50.7% renter-occupied units, significantly higher than Pierce County and the United States, with 49.2% multi-family housing. In 2024, 36.1% of owners were cost-burdened, a +2.8% increase from 2023, and the housing affordability index is 0, compared to 1 nationally. Despite a median household income of $90,532, above the United States, Fife faces a higher poverty rate of 11.2% and increased SNAP reliance. The workforce shows lower educational attainment (27.9% with bachelor's or more) but robust labor force participation at 76.1%, surpassing Pierce County by 9.8 percentage points. Fife's population grew by +0.8% between 2024 and 2025.",2024,2024,ACS_Series,"{""Label"": ""Calc-LFPR""}",Labor force participation rate,Percentage,Labor force participation rate in the geography in the current year,"In 2024, Fife, WA recorded a labor force participation rate of 76.1%.","Fife, WA's labor force participation rate of 76.1% is 9.8 percentage points higher than Pierce County (66.3%).","Fife, WA's labor force participation rate of 76.1% is 12.6 percentage points higher than United States (63.5%), is 11.6 percentage points higher than Washington (64.5%), is 8.0 percentage points higher than Puyallup Reservation (68.1%), is 7.7 percentage points higher than Puget Sound Region (68.4%), and is 7.5 percentage points higher than Seattle MSA (68.6%).",N/A,N/A,"Fife, WA's labor force participation rate stood at 76.1% in 2024, surpassing Pierce County by 9.8 percentage points (66.3%), the United States by 12.6 percentage points (63.5%), and Washington by 11.6 percentage points (64.5%).",Focus value: 76.1%; Pierce County: 66.3% (diff: +9.8 pp); United States: 63.5% (diff: +12.6 pp); Washington: 64.5% (diff: +11.6 pp); Puyallup Reservation: 68.1% (diff: +8.0 pp); Puget Sound Region: 68.4% (diff: +7.7 pp); Seattle MSA: 68.6% (diff: +7.5 pp),Focus value: 76.1%; Pierce County: 66.3% (diff: +9.8 pp); United States: 63.5% (diff: +12.6 pp); Washington: 64.5% (diff: +11.6 pp); Puyallup Reservation: 68.1% (diff: +8.0 pp); Puget Sound Region: 68.4% (diff: +7.7 pp); Seattle MSA: 68.6% (diff: +7.5 pp),Current Period: 2024; Current CPI: 313.68899999999996; Calculation: Value (2024) (Nominal - no CPI adjustment for single-year metric)
Workforce,"Fife, WA's workforce in 2024 shows distinct characteristics, with 27.9% of its 25+ population holding a bachelor's degree or more, which is 3.0 percentage points lower than Pierce County and significantly below the United States (35.7%) and Seattle MSA (47.2%). This educational attainment also saw a -0.2% change between 2023 and 2024, contrasting with positive growth in all benchmark geographies. However, Fife, WA demonstrates robust labor force engagement, with a 76.1% participation rate, surpassing Pierce County by 9.8 percentage points and the United States by 12.6 percentage points. This rate increased by +0.3% between 2023 and 2024, outperforming all regional benchmarks. Female labor force participation is particularly strong at 72.1%, 11.4 percentage points higher than Pierce County, and grew by +1.5% over the past year. Male participation is also high at 80.3%, 12.2 percentage points above the United States, despite a -0.9% change. Remote work is less prevalent in Fife.","Fife, WA exhibits a younger, more diverse demographic profile with a median age of 31.3 and a notable +0.7% increase in youth (0-19), contrasting regional trends. Its housing stock is characterized by 9.1% overcrowded units and 50.7% renter-occupied units, significantly higher than Pierce County and the United States, with 49.2% multi-family housing. In 2024, 36.1% of owners were cost-burdened, a +2.8% increase from 2023, and the housing affordability index is 0, compared to 1 nationally. Despite a median household income of $90,532, above the United States, Fife faces a higher poverty rate of 11.2% and increased SNAP reliance. The workforce shows lower educational attainment (27.9% with bachelor's or more) but robust labor force participation at 76.1%, surpassing Pierce County by 9.8 percentage points. Fife's population grew by +0.8% between 2024 and 2025.",2023,2024,ACS_Series,"{""Label"": ""Calc-LFPR""}",Change in labor force participation rate,Percentage,Change in labor force participation rate in the geography from the previous to current year,"Between 2023 and 2024, Fife, WA experienced a change in labor force participation rate of +0.3%.","Fife, WA's change in labor force participation rate of +0.3% is 0.4 percentage points higher than Pierce County (-0.2%).","Fife, WA's change in labor force participation rate of +0.3% is 0.4 percentage points higher than Puget Sound Region (-0.1%), is 0.4 percentage points higher than Washington (-0.1%), is 0.4 percentage points higher than Seattle MSA (-0.1%), is 0.4 percentage points higher than Puyallup Reservation (-0.1%), and is 0.3 percentage points higher than United States (-0.0%).",N/A,N/A,"Fife, WA's labor force participation rate increased by +0.3% between 2023 and 2024, exceeding Pierce County (-0.2%), Puget Sound Region (-0.1%), Washington (-0.1%), Seattle MSA (-0.1%), and Puyallup Reservation (-0.1%) by 0.4 percentage points, and the United States (-0.0%) by 0.3 percentage points.",Focus value: +0.3%; Pierce County: -0.2% (diff: +0.4 pp); Puget Sound Region: -0.1% (diff: +0.4 pp); Washington: -0.1% (diff: +0.4 pp); Seattle MSA: -0.1% (diff: +0.4 pp); Puyallup Reservation: -0.1% (diff: +0.4 pp); United States: -0.0% (diff: +0.3 pp),Focus value: +0.3%; Pierce County: -0.2% (diff: +0.4 pp); Puget Sound Region: -0.1% (diff: +0.4 pp); Washington: -0.1% (diff: +0.4 pp); Seattle MSA: -0.1% (diff: +0.4 pp); Puyallup Reservation: -0.1% (diff: +0.4 pp); United States: -0.0% (diff: +0.3 pp),Current Period: 2024; Comparison Period: 2023; Current CPI: 313.68899999999996; Comparison CPI: 304.70200000000006; Calculation: Value (2024) - Value (2023) (no CPI adjustment)
Workforce,"Fife, WA's workforce in 2024 shows distinct characteristics, with 27.9% of its 25+ population holding a bachelor's degree or more, which is 3.0 percentage points lower than Pierce County and significantly below the United States (35.7%) and Seattle MSA (47.2%). This educational attainment also saw a -0.2% change between 2023 and 2024, contrasting with positive growth in all benchmark geographies. However, Fife, WA demonstrates robust labor force engagement, with a 76.1% participation rate, surpassing Pierce County by 9.8 percentage points and the United States by 12.6 percentage points. This rate increased by +0.3% between 2023 and 2024, outperforming all regional benchmarks. Female labor force participation is particularly strong at 72.1%, 11.4 percentage points higher than Pierce County, and grew by +1.5% over the past year. Male participation is also high at 80.3%, 12.2 percentage points above the United States, despite a -0.9% change. Remote work is less prevalent in Fife.","Fife, WA exhibits a younger, more diverse demographic profile with a median age of 31.3 and a notable +0.7% increase in youth (0-19), contrasting regional trends. Its housing stock is characterized by 9.1% overcrowded units and 50.7% renter-occupied units, significantly higher than Pierce County and the United States, with 49.2% multi-family housing. In 2024, 36.1% of owners were cost-burdened, a +2.8% increase from 2023, and the housing affordability index is 0, compared to 1 nationally. Despite a median household income of $90,532, above the United States, Fife faces a higher poverty rate of 11.2% and increased SNAP reliance. The workforce shows lower educational attainment (27.9% with bachelor's or more) but robust labor force participation at 76.1%, surpassing Pierce County by 9.8 percentage points. Fife's population grew by +0.8% between 2024 and 2025.",2024,2024,ACS_Series,"{""Label"": ""Calc-LFPR-F""}",Female labor force participation rate,Percentage,Female labor force participation rate in the geography in the current year,"In 2024, Fife, WA recorded a female labor force participation rate of 72.1%.","Fife, WA's female labor force participation rate of 72.1% is 11.4 percentage points higher than Pierce County (60.7%).","Fife, WA's female labor force participation rate of 72.1% is 13.2 percentage points higher than United States (58.9%), is 12.8 percentage points higher than Washington (59.3%), is 9.6 percentage points higher than Puyallup Reservation (62.5%), is 9.2 percentage points higher than Seattle MSA (62.9%), and is 9.0 percentage points higher than Puget Sound Region (63.1%).",N/A,N/A,"Fife, WA recorded a female labor force participation rate of 72.1% in 2024, which is 11.4 percentage points higher than Pierce County (60.7%) and 13.2 percentage points higher than the United States (58.9%).",Focus value: 72.1%; Pierce County: 60.7% (diff: +11.4 pp); United States: 58.9% (diff: +13.2 pp); Washington: 59.3% (diff: +12.8 pp); Puyallup Reservation: 62.5% (diff: +9.6 pp); Seattle MSA: 62.9% (diff: +9.2 pp); Puget Sound Region: 63.1% (diff: +9.0 pp),Focus value: 72.1%; Pierce County: 60.7% (diff: +11.4 pp); United States: 58.9% (diff: +13.2 pp); Washington: 59.3% (diff: +12.8 pp); Puyallup Reservation: 62.5% (diff: +9.6 pp); Seattle MSA: 62.9% (diff: +9.2 pp); Puget Sound Region: 63.1% (diff: +9.0 pp),Current Period: 2024; Current CPI: 313.68899999999996; Calculation: Value (2024) (Nominal - no CPI adjustment for single-year metric)
Workforce,"Fife, WA's workforce in 2024 shows distinct characteristics, with 27.9% of its 25+ population holding a bachelor's degree or more, which is 3.0 percentage points lower than Pierce County and significantly below the United States (35.7%) and Seattle MSA (47.2%). This educational attainment also saw a -0.2% change between 2023 and 2024, contrasting with positive growth in all benchmark geographies. However, Fife, WA demonstrates robust labor force engagement, with a 76.1% participation rate, surpassing Pierce County by 9.8 percentage points and the United States by 12.6 percentage points. This rate increased by +0.3% between 2023 and 2024, outperforming all regional benchmarks. Female labor force participation is particularly strong at 72.1%, 11.4 percentage points higher than Pierce County, and grew by +1.5% over the past year. Male participation is also high at 80.3%, 12.2 percentage points above the United States, despite a -0.9% change. Remote work is less prevalent in Fife.","Fife, WA exhibits a younger, more diverse demographic profile with a median age of 31.3 and a notable +0.7% increase in youth (0-19), contrasting regional trends. Its housing stock is characterized by 9.1% overcrowded units and 50.7% renter-occupied units, significantly higher than Pierce County and the United States, with 49.2% multi-family housing. In 2024, 36.1% of owners were cost-burdened, a +2.8% increase from 2023, and the housing affordability index is 0, compared to 1 nationally. Despite a median household income of $90,532, above the United States, Fife faces a higher poverty rate of 11.2% and increased SNAP reliance. The workforce shows lower educational attainment (27.9% with bachelor's or more) but robust labor force participation at 76.1%, surpassing Pierce County by 9.8 percentage points. Fife's population grew by +0.8% between 2024 and 2025.",2023,2024,ACS_Series,"{""Label"": ""Calc-LFPR-F""}",Change in female labor force participation rate,Percentage,Change in female labor force participation rate in the geography from the previous to current year,"Between 2023 and 2024, Fife, WA experienced a change in female labor force participation rate of +1.5%.","Fife, WA's change in female labor force participation rate of +1.5% is 1.5 percentage points higher than Pierce County (+0.0%).","Fife, WA's change in female labor force participation rate of +1.5% is 1.5 percentage points higher than United States (+0.1%), is 1.4 percentage points higher than Washington (+0.1%), is 1.3 percentage points higher than Seattle MSA (+0.2%), is 1.1 percentage points higher than Puget Sound Region (+0.5%), and is 0.9 percentage points higher than Puyallup Reservation (+0.6%).",N/A,N/A,"Fife, WA experienced a change in female labor force participation rate of +1.5% between 2023 and 2024, which is 1.5 percentage points higher than both Pierce County (+0.0%) and the United States (+0.1%), and also significantly above other regional benchmarks.",Focus value: +1.5%; Pierce County: +0.0% (diff: +1.5 pp); United States: +0.1% (diff: +1.5 pp); Washington: +0.1% (diff: +1.4 pp); Seattle MSA: +0.2% (diff: +1.3 pp); Puget Sound Region: +0.5% (diff: +1.1 pp); Puyallup Reservation: +0.6% (diff: +0.9 pp),Focus value: +1.5%; Pierce County: +0.0% (diff: +1.5 pp); United States: +0.1% (diff: +1.5 pp); Washington: +0.1% (diff: +1.4 pp); Seattle MSA: +0.2% (diff: +1.3 pp); Puget Sound Region: +0.5% (diff: +1.1 pp); Puyallup Reservation: +0.6% (diff: +0.9 pp),Current Period: 2024; Comparison Period: 2023; Current CPI: 313.68899999999996; Comparison CPI: 304.70200000000006; Calculation: Value (2024) - Value (2023) (no CPI adjustment)
Workforce,"Fife, WA's workforce in 2024 shows distinct characteristics, with 27.9% of its 25+ population holding a bachelor's degree or more, which is 3.0 percentage points lower than Pierce County and significantly below the United States (35.7%) and Seattle MSA (47.2%). This educational attainment also saw a -0.2% change between 2023 and 2024, contrasting with positive growth in all benchmark geographies. However, Fife, WA demonstrates robust labor force engagement, with a 76.1% participation rate, surpassing Pierce County by 9.8 percentage points and the United States by 12.6 percentage points. This rate increased by +0.3% between 2023 and 2024, outperforming all regional benchmarks. Female labor force participation is particularly strong at 72.1%, 11.4 percentage points higher than Pierce County, and grew by +1.5% over the past year. Male participation is also high at 80.3%, 12.2 percentage points above the United States, despite a -0.9% change. Remote work is less prevalent in Fife.","Fife, WA exhibits a younger, more diverse demographic profile with a median age of 31.3 and a notable +0.7% increase in youth (0-19), contrasting regional trends. Its housing stock is characterized by 9.1% overcrowded units and 50.7% renter-occupied units, significantly higher than Pierce County and the United States, with 49.2% multi-family housing. In 2024, 36.1% of owners were cost-burdened, a +2.8% increase from 2023, and the housing affordability index is 0, compared to 1 nationally. Despite a median household income of $90,532, above the United States, Fife faces a higher poverty rate of 11.2% and increased SNAP reliance. The workforce shows lower educational attainment (27.9% with bachelor's or more) but robust labor force participation at 76.1%, surpassing Pierce County by 9.8 percentage points. Fife's population grew by +0.8% between 2024 and 2025.",2024,2024,ACS_Series,"{""Label"": ""Calc-LFPR-M""}",Male labor force participation rate,Percentage,Male labor force participation rate in the geography in the current year,"In 2024, Fife, WA recorded a male labor force participation rate of 80.3%.","Fife, WA's male labor force participation rate of 80.3% is 8.5 percentage points higher than Pierce County (71.8%).","Fife, WA's male labor force participation rate of 80.3% is 12.2 percentage points higher than United States (68.2%), is 10.6 percentage points higher than Washington (69.7%), is 6.8 percentage points higher than Puget Sound Region (73.6%), is 6.4 percentage points higher than Puyallup Reservation (74.0%), and is 6.2 percentage points higher than Seattle MSA (74.2%).",N/A,N/A,"Fife, WA recorded a male labor force participation rate of 80.3% in 2024, which is 12.2 percentage points higher than the United States (68.2%), 10.6 percentage points higher than Washington (69.7%), and 8.5 percentage points higher than Pierce County (71.8%).",Focus value: 80.3%; Pierce County: 71.8% (diff: +8.5 pp); United States: 68.2% (diff: +12.2 pp); Washington: 69.7% (diff: +10.6 pp); Puget Sound Region: 73.6% (diff: +6.8 pp); Puyallup Reservation: 74.0% (diff: +6.4 pp); Seattle MSA: 74.2% (diff: +6.2 pp),Focus value: 80.3%; Pierce County: 71.8% (diff: +8.5 pp); United States: 68.2% (diff: +12.2 pp); Washington: 69.7% (diff: +10.6 pp); Puget Sound Region: 73.6% (diff: +6.8 pp); Puyallup Reservation: 74.0% (diff: +6.4 pp); Seattle MSA: 74.2% (diff: +6.2 pp),Current Period: 2024; Current CPI: 313.68899999999996; Calculation: Value (2024) (Nominal - no CPI adjustment for single-year metric)
Workforce,"Fife, WA's workforce in 2024 shows distinct characteristics, with 27.9% of its 25+ population holding a bachelor's degree or more, which is 3.0 percentage points lower than Pierce County and significantly below the United States (35.7%) and Seattle MSA (47.2%). This educational attainment also saw a -0.2% change between 2023 and 2024, contrasting with positive growth in all benchmark geographies. However, Fife, WA demonstrates robust labor force engagement, with a 76.1% participation rate, surpassing Pierce County by 9.8 percentage points and the United States by 12.6 percentage points. This rate increased by +0.3% between 2023 and 2024, outperforming all regional benchmarks. Female labor force participation is particularly strong at 72.1%, 11.4 percentage points higher than Pierce County, and grew by +1.5% over the past year. Male participation is also high at 80.3%, 12.2 percentage points above the United States, despite a -0.9% change. Remote work is less prevalent in Fife.","Fife, WA exhibits a younger, more diverse demographic profile with a median age of 31.3 and a notable +0.7% increase in youth (0-19), contrasting regional trends. Its housing stock is characterized by 9.1% overcrowded units and 50.7% renter-occupied units, significantly higher than Pierce County and the United States, with 49.2% multi-family housing. In 2024, 36.1% of owners were cost-burdened, a +2.8% increase from 2023, and the housing affordability index is 0, compared to 1 nationally. Despite a median household income of $90,532, above the United States, Fife faces a higher poverty rate of 11.2% and increased SNAP reliance. The workforce shows lower educational attainment (27.9% with bachelor's or more) but robust labor force participation at 76.1%, surpassing Pierce County by 9.8 percentage points. Fife's population grew by +0.8% between 2024 and 2025.",2023,2024,ACS_Series,"{""Label"": ""Calc-LFPR-M""}",Change in male labor force participation rate,Percentage,Change in male labor force participation rate in the geography from the previous to current year,"Between 2023 and 2024, Fife, WA experienced a change in male labor force participation rate of -0.9%.","Fife, WA's change in male labor force participation rate of -0.9% is 0.6 percentage points lower than Pierce County (-0.4%).","Fife, WA's change in male labor force participation rate of -0.9% is 0.2 percentage points lower than Puget Sound Region (-0.7%), is 0.3 percentage points lower than Puyallup Reservation (-0.6%), is 0.5 percentage points lower than Seattle MSA (-0.4%), is 0.5 percentage points lower than Washington (-0.4%), and is 0.8 percentage points lower than United States (-0.2%).",N/A,N/A,"Fife, WA experienced a -0.9% change in male labor force participation rate between 2023 and 2024, which was lower than Pierce County (-0.4%), the Puget Sound Region (-0.7%), and notably 0.8 percentage points lower than the United States (-0.2%).",Focus value: -0.9%; Pierce County: -0.4% (diff: -0.6 pp); Puget Sound Region: -0.7% (diff: -0.2 pp); Puyallup Reservation: -0.6% (diff: -0.3 pp); Seattle MSA: -0.4% (diff: -0.5 pp); Washington: -0.4% (diff: -0.5 pp); United States: -0.2% (diff: -0.8 pp),Focus value: -0.9%; Pierce County: -0.4% (diff: -0.6 pp); Puget Sound Region: -0.7% (diff: -0.2 pp); Puyallup Reservation: -0.6% (diff: -0.3 pp); Seattle MSA: -0.4% (diff: -0.5 pp); Washington: -0.4% (diff: -0.5 pp); United States: -0.2% (diff: -0.8 pp),Current Period: 2024; Comparison Period: 2023; Current CPI: 313.68899999999996; Comparison CPI: 304.70200000000006; Calculation: Value (2024) - Value (2023) (no CPI adjustment)
Workforce,"Fife, WA's workforce in 2024 shows distinct characteristics, with 27.9% of its 25+ population holding a bachelor's degree or more, which is 3.0 percentage points lower than Pierce County and significantly below the United States (35.7%) and Seattle MSA (47.2%). This educational attainment also saw a -0.2% change between 2023 and 2024, contrasting with positive growth in all benchmark geographies. However, Fife, WA demonstrates robust labor force engagement, with a 76.1% participation rate, surpassing Pierce County by 9.8 percentage points and the United States by 12.6 percentage points. This rate increased by +0.3% between 2023 and 2024, outperforming all regional benchmarks. Female labor force participation is particularly strong at 72.1%, 11.4 percentage points higher than Pierce County, and grew by +1.5% over the past year. Male participation is also high at 80.3%, 12.2 percentage points above the United States, despite a -0.9% change. Remote work is less prevalent in Fife.","Fife, WA exhibits a younger, more diverse demographic profile with a median age of 31.3 and a notable +0.7% increase in youth (0-19), contrasting regional trends. Its housing stock is characterized by 9.1% overcrowded units and 50.7% renter-occupied units, significantly higher than Pierce County and the United States, with 49.2% multi-family housing. In 2024, 36.1% of owners were cost-burdened, a +2.8% increase from 2023, and the housing affordability index is 0, compared to 1 nationally. Despite a median household income of $90,532, above the United States, Fife faces a higher poverty rate of 11.2% and increased SNAP reliance. The workforce shows lower educational attainment (27.9% with bachelor's or more) but robust labor force participation at 76.1%, surpassing Pierce County by 9.8 percentage points. Fife's population grew by +0.8% between 2024 and 2025.",2024,2024,ACS_Series,"{""Label"": ""Calc-Worked from home""}",Percent of workers working from home,Percentage,Percent of workers working from home in the geography in the current year,"In 2024, Fife, WA recorded a of workers working from home of 11.2%.","Fife, WA's of workers working from home of 11.2% is 2.7 percentage points lower than Pierce County (13.9%).","Fife, WA's of workers working from home of 11.2% is 3.7 percentage points lower than Puyallup Reservation (14.9%), is 3.9 percentage points lower than United States (15.1%), is 8.6 percentage points lower than Washington (19.8%), is 9.8 percentage points lower than Puget Sound Region (21.0%), and is 12.9 percentage points lower than Seattle MSA (24.0%).",N/A,N/A,"Fife, WA recorded 11.2% of workers working from home in 2024, which is 2.7 percentage points lower than Pierce County (13.9%) and notably below the United States average of 15.1% and the Seattle MSA's 24.0%.",Focus value: 11.2%; Pierce County: 13.9% (diff: -2.7 pp); Puyallup Reservation: 14.9% (diff: -3.7 pp); United States: 15.1% (diff: -3.9 pp); Washington: 19.8% (diff: -8.6 pp); Puget Sound Region: 21.0% (diff: -9.8 pp); Seattle MSA: 24.0% (diff: -12.9 pp),Focus value: 11.2%; Pierce County: 13.9% (diff: -2.7 pp); Puyallup Reservation: 14.9% (diff: -3.7 pp); United States: 15.1% (diff: -3.9 pp); Washington: 19.8% (diff: -8.6 pp); Puget Sound Region: 21.0% (diff: -9.8 pp); Seattle MSA: 24.0% (diff: -12.9 pp),Current Period: 2024; Current CPI: 313.68899999999996; Calculation: Value (2024) (Nominal - no CPI adjustment for single-year metric)
Workforce,"Fife, WA's workforce in 2024 shows distinct characteristics, with 27.9% of its 25+ population holding a bachelor's degree or more, which is 3.0 percentage points lower than Pierce County and significantly below the United States (35.7%) and Seattle MSA (47.2%). This educational attainment also saw a -0.2% change between 2023 and 2024, contrasting with positive growth in all benchmark geographies. However, Fife, WA demonstrates robust labor force engagement, with a 76.1% participation rate, surpassing Pierce County by 9.8 percentage points and the United States by 12.6 percentage points. This rate increased by +0.3% between 2023 and 2024, outperforming all regional benchmarks. Female labor force participation is particularly strong at 72.1%, 11.4 percentage points higher than Pierce County, and grew by +1.5% over the past year. Male participation is also high at 80.3%, 12.2 percentage points above the United States, despite a -0.9% change. Remote work is less prevalent in Fife.","Fife, WA exhibits a younger, more diverse demographic profile with a median age of 31.3 and a notable +0.7% increase in youth (0-19), contrasting regional trends. Its housing stock is characterized by 9.1% overcrowded units and 50.7% renter-occupied units, significantly higher than Pierce County and the United States, with 49.2% multi-family housing. In 2024, 36.1% of owners were cost-burdened, a +2.8% increase from 2023, and the housing affordability index is 0, compared to 1 nationally. Despite a median household income of $90,532, above the United States, Fife faces a higher poverty rate of 11.2% and increased SNAP reliance. The workforce shows lower educational attainment (27.9% with bachelor's or more) but robust labor force participation at 76.1%, surpassing Pierce County by 9.8 percentage points. Fife's population grew by +0.8% between 2024 and 2025.",2023,2024,ACS_Series,"{""Label"": ""Calc-Worked from home""}",Change in percent of workers working from home,Percentage,Change in percent of workers working from home in the geography from the previous to current year,"Between 2023 and 2024, Fife, WA experienced a change in of workers working from home of +0.9%.","Fife, WA's change in of workers working from home of +0.9% is 0.7 percentage points lower than Pierce County (+1.6%).","Fife, WA's change in of workers working from home of +0.9% is 0.4 percentage points higher than Puget Sound Region (+0.5%), is 0.5 percentage points lower than Puyallup Reservation (+1.4%), is 0.7 percentage points lower than United States (+1.6%), is 1.1 percentage points lower than Washington (+2.1%), and is 1.5 percentage points lower than Seattle MSA (+2.5%).",N/A,N/A,"Fife, WA's change in percent of workers working from home increased by +0.9% between 2023 and 2024, which is 1.5 percentage points lower than Seattle MSA (+2.5%) and 0.7 percentage points lower than Pierce County (+1.6%), yet 0.4 percentage points higher than Puget Sound Region (+0.5%).",Focus value: +0.9%; Pierce County: +1.6% (diff: -0.7 pp); Puget Sound Region: +0.5% (diff: +0.4 pp); Puyallup Reservation: +1.4% (diff: -0.5 pp); United States: +1.6% (diff: -0.7 pp); Washington: +2.1% (diff: -1.1 pp); Seattle MSA: +2.5% (diff: -1.5 pp),Focus value: +0.9%; Pierce County: +1.6% (diff: -0.7 pp); Puget Sound Region: +0.5% (diff: +0.4 pp); Puyallup Reservation: +1.4% (diff: -0.5 pp); United States: +1.6% (diff: -0.7 pp); Washington: +2.1% (diff: -1.1 pp); Seattle MSA: +2.5% (diff: -1.5 pp),Current Period: 2024; Comparison Period: 2023; Current CPI: 313.68899999999996; Comparison CPI: 304.70200000000006; Calculation: Value (2024) - Value (2023) (no CPI adjustment)
Workforce,"Fife, WA's workforce in 2024 shows distinct characteristics, with 27.9% of its 25+ population holding a bachelor's degree or more, which is 3.0 percentage points lower than Pierce County and significantly below the United States (35.7%) and Seattle MSA (47.2%). This educational attainment also saw a -0.2% change between 2023 and 2024, contrasting with positive growth in all benchmark geographies. However, Fife, WA demonstrates robust labor force engagement, with a 76.1% participation rate, surpassing Pierce County by 9.8 percentage points and the United States by 12.6 percentage points. This rate increased by +0.3% between 2023 and 2024, outperforming all regional benchmarks. Female labor force participation is particularly strong at 72.1%, 11.4 percentage points higher than Pierce County, and grew by +1.5% over the past year. Male participation is also high at 80.3%, 12.2 percentage points above the United States, despite a -0.9% change. Remote work is less prevalent in Fife.","Fife, WA exhibits a younger, more diverse demographic profile with a median age of 31.3 and a notable +0.7% increase in youth (0-19), contrasting regional trends. Its housing stock is characterized by 9.1% overcrowded units and 50.7% renter-occupied units, significantly higher than Pierce County and the United States, with 49.2% multi-family housing. In 2024, 36.1% of owners were cost-burdened, a +2.8% increase from 2023, and the housing affordability index is 0, compared to 1 nationally. Despite a median household income of $90,532, above the United States, Fife faces a higher poverty rate of 11.2% and increased SNAP reliance. The workforce shows lower educational attainment (27.9% with bachelor's or more) but robust labor force participation at 76.1%, surpassing Pierce County by 9.8 percentage points. Fife's population grew by +0.8% between 2024 and 2025.",2024,2024,ACS_Series,"{""Label"": ""Calc-Self-Emp""}",Percent of workers who are self-employed,Percentage,Percent of workers who are self-employed in the geography in the current year,"In 2024, Fife, WA recorded a of workers who are self-employed of 2.8%.","Fife, WA's of workers who are self-employed of 2.8% is 1.6 percentage points lower than Pierce County (4.4%).","Fife, WA's of workers who are self-employed of 2.8% is 1.2 percentage points lower than Puyallup Reservation (4.0%), is 2.4 percentage points lower than Puget Sound Region (5.2%), is 2.4 percentage points lower than Seattle MSA (5.2%), is 2.7 percentage points lower than Washington (5.5%), and is 3.2 percentage points lower than United States (6.0%).",N/A,N/A,"In 2024, Fife, WA recorded 2.8% of its workers as self-employed, which is 1.6 percentage points lower than Pierce County (4.4%) and notably below the United States average of 6.0%.",Focus value: 2.8%; Pierce County: 4.4% (diff: -1.6 pp); Puyallup Reservation: 4.0% (diff: -1.2 pp); Puget Sound Region: 5.2% (diff: -2.4 pp); Seattle MSA: 5.2% (diff: -2.4 pp); Washington: 5.5% (diff: -2.7 pp); United States: 6.0% (diff: -3.2 pp),Focus value: 2.8%; Pierce County: 4.4% (diff: -1.6 pp); Puyallup Reservation: 4.0% (diff: -1.2 pp); Puget Sound Region: 5.2% (diff: -2.4 pp); Seattle MSA: 5.2% (diff: -2.4 pp); Washington: 5.5% (diff: -2.7 pp); United States: 6.0% (diff: -3.2 pp),Current Period: 2024; Current CPI: 313.68899999999996; Calculation: Value (2024) (Nominal - no CPI adjustment for single-year metric)
Workforce,"Fife, WA's workforce in 2024 shows distinct characteristics, with 27.9% of its 25+ population holding a bachelor's degree or more, which is 3.0 percentage points lower than Pierce County and significantly below the United States (35.7%) and Seattle MSA (47.2%). This educational attainment also saw a -0.2% change between 2023 and 2024, contrasting with positive growth in all benchmark geographies. However, Fife, WA demonstrates robust labor force engagement, with a 76.1% participation rate, surpassing Pierce County by 9.8 percentage points and the United States by 12.6 percentage points. This rate increased by +0.3% between 2023 and 2024, outperforming all regional benchmarks. Female labor force participation is particularly strong at 72.1%, 11.4 percentage points higher than Pierce County, and grew by +1.5% over the past year. Male participation is also high at 80.3%, 12.2 percentage points above the United States, despite a -0.9% change. Remote work is less prevalent in Fife.","Fife, WA exhibits a younger, more diverse demographic profile with a median age of 31.3 and a notable +0.7% increase in youth (0-19), contrasting regional trends. Its housing stock is characterized by 9.1% overcrowded units and 50.7% renter-occupied units, significantly higher than Pierce County and the United States, with 49.2% multi-family housing. In 2024, 36.1% of owners were cost-burdened, a +2.8% increase from 2023, and the housing affordability index is 0, compared to 1 nationally. Despite a median household income of $90,532, above the United States, Fife faces a higher poverty rate of 11.2% and increased SNAP reliance. The workforce shows lower educational attainment (27.9% with bachelor's or more) but robust labor force participation at 76.1%, surpassing Pierce County by 9.8 percentage points. Fife's population grew by +0.8% between 2024 and 2025.",2023,2024,ACS_Series,"{""Label"": ""Calc-Self-Emp""}",Change in percent of workers who are self-employed,Percentage,Change in percent of workers who are self-employed in the geography from the previous to current year,"Between 2023 and 2024, Fife, WA experienced a change in of workers who are self-employed of +0.3%.","Fife, WA's change in of workers who are self-employed of +0.3% is 0.3 percentage points higher than Pierce County (-0.0%).","Fife, WA's change in of workers who are self-employed of +0.3% is 0.5 percentage points higher than Puyallup Reservation (-0.2%), is 0.4 percentage points higher than Puget Sound Region (-0.1%), is 0.3 percentage points higher than Washington (-0.1%), is 0.3 percentage points higher than Seattle MSA (-0.1%), and is 0.2 percentage points higher than United States (+0.0%).",N/A,N/A,"Fife, WA experienced a +0.3% change in the percent of workers who are self-employed between 2023 and 2024, which is 0.3 percentage points higher than Pierce County (-0.0%) and exceeds all benchmark geographies, including Puyallup Reservation (-0.2%) by 0.5 percentage points and the United States (+0.0%) by 0.2 percentage points.",Focus value: +0.3%; Pierce County: -0.0% (diff: +0.3 pp); Puyallup Reservation: -0.2% (diff: +0.5 pp); Puget Sound Region: -0.1% (diff: +0.4 pp); Washington: -0.1% (diff: +0.3 pp); Seattle MSA: -0.1% (diff: +0.3 pp); United States: +0.0% (diff: +0.2 pp),Focus value: +0.3%; Pierce County: -0.0% (diff: +0.3 pp); Puyallup Reservation: -0.2% (diff: +0.5 pp); Puget Sound Region: -0.1% (diff: +0.4 pp); Washington: -0.1% (diff: +0.3 pp); Seattle MSA: -0.1% (diff: +0.3 pp); United States: +0.0% (diff: +0.2 pp),Current Period: 2024; Comparison Period: 2023; Current CPI: 313.68899999999996; Comparison CPI: 304.70200000000006; Calculation: Value (2024) - Value (2023) (no CPI adjustment)
Housing Values,"In 2024, Fife, WA reported 52.5% of renter households as cost-burdened, slightly below Pierce County (53.0%) but above the Seattle MSA (49.0%). Owner households faced a higher burden at 36.1%, significantly exceeding Pierce County (26.6%) and the United States (22.7%), with a notable +2.8% increase in cost-burdened owners between 2023 and 2024. Fife's median owner-occupied housing value is $543,100, exceeding Pierce County ($526,600) but below Washington ($564,600). While this value declined by -$23,075, the median listing price increased by +$5,607, contrasting with regional declines. Median monthly rent in Fife is $1,889, higher than the United States ($1,413) but lower than the Seattle MSA ($2,000). Estimated mortgage payments of $3,153.6 are substantially higher than the United States ($2,158.7) but lower than the Puget Sound Region ($3,945.5), contributing to a housing affordability index of 0, compared to 1 nationally.","Fife, WA exhibits a younger, more diverse demographic profile with a median age of 31.3 and a notable +0.7% increase in youth (0-19), contrasting regional trends. Its housing stock is characterized by 9.1% overcrowded units and 50.7% renter-occupied units, significantly higher than Pierce County and the United States, with 49.2% multi-family housing. In 2024, 36.1% of owners were cost-burdened, a +2.8% increase from 2023, and the housing affordability index is 0, compared to 1 nationally. Despite a median household income of $90,532, above the United States, Fife faces a higher poverty rate of 11.2% and increased SNAP reliance. The workforce shows lower educational attainment (27.9% with bachelor's or more) but robust labor force participation at 76.1%, surpassing Pierce County by 9.8 percentage points. Fife's population grew by +0.8% between 2024 and 2025.",2024,2024,ACS_Series,"{""Label"": ""Calc-Cost Burden Renters""}",Percent of renter households that are cost-burdened,Percentage,Percent of renter households that are cost-burdened in the geography in the current year,"In 2024, Fife, WA recorded a of renter households that are cost-burdened of 52.5%.","Fife, WA's of renter households that are cost-burdened of 52.5% is 0.6 percentage points lower than Pierce County (53.0%).","Fife, WA's of renter households that are cost-burdened of 52.5% is 3.4 percentage points higher than Seattle MSA (49.0%), is 2.5 percentage points higher than Washington (49.9%), is 2.5 percentage points higher than Puget Sound Region (50.0%), is 1.3 percentage points higher than United States (51.1%), and is 0.7 percentage points higher than Puyallup Reservation (51.8%).",N/A,N/A,"Fife, WA recorded 52.5% of renter households as cost-burdened in 2024, which is 0.6 percentage points lower than Pierce County (53.0%) but higher than the Seattle MSA (49.0%) by 3.4 percentage points, Washington (49.9%) by 2.5 percentage points, and the United States (51.1%) by 1.3 percentage points.",Focus value: 52.5%; Pierce County: 53.0% (diff: -0.6 pp); Seattle MSA: 49.0% (diff: +3.4 pp); Washington: 49.9% (diff: +2.5 pp); Puget Sound Region: 50.0% (diff: +2.5 pp); United States: 51.1% (diff: +1.3 pp); Puyallup Reservation: 51.8% (diff: +0.7 pp),Focus value: 52.5%; Pierce County: 53.0% (diff: -0.6 pp); Seattle MSA: 49.0% (diff: +3.4 pp); Washington: 49.9% (diff: +2.5 pp); Puget Sound Region: 50.0% (diff: +2.5 pp); United States: 51.1% (diff: +1.3 pp); Puyallup Reservation: 51.8% (diff: +0.7 pp),Current Period: 2024; Current CPI: 313.68899999999996; Calculation: Value (2024) (Nominal - no CPI adjustment for single-year metric)
Housing Values,"In 2024, Fife, WA reported 52.5% of renter households as cost-burdened, slightly below Pierce County (53.0%) but above the Seattle MSA (49.0%). Owner households faced a higher burden at 36.1%, significantly exceeding Pierce County (26.6%) and the United States (22.7%), with a notable +2.8% increase in cost-burdened owners between 2023 and 2024. Fife's median owner-occupied housing value is $543,100, exceeding Pierce County ($526,600) but below Washington ($564,600). While this value declined by -$23,075, the median listing price increased by +$5,607, contrasting with regional declines. Median monthly rent in Fife is $1,889, higher than the United States ($1,413) but lower than the Seattle MSA ($2,000). Estimated mortgage payments of $3,153.6 are substantially higher than the United States ($2,158.7) but lower than the Puget Sound Region ($3,945.5), contributing to a housing affordability index of 0, compared to 1 nationally.","Fife, WA exhibits a younger, more diverse demographic profile with a median age of 31.3 and a notable +0.7% increase in youth (0-19), contrasting regional trends. Its housing stock is characterized by 9.1% overcrowded units and 50.7% renter-occupied units, significantly higher than Pierce County and the United States, with 49.2% multi-family housing. In 2024, 36.1% of owners were cost-burdened, a +2.8% increase from 2023, and the housing affordability index is 0, compared to 1 nationally. Despite a median household income of $90,532, above the United States, Fife faces a higher poverty rate of 11.2% and increased SNAP reliance. The workforce shows lower educational attainment (27.9% with bachelor's or more) but robust labor force participation at 76.1%, surpassing Pierce County by 9.8 percentage points. Fife's population grew by +0.8% between 2024 and 2025.",2023,2024,ACS_Series,"{""Label"": ""Calc-Cost Burden Renters""}",Change in percent of renter households that are cost-burdened,Percentage,Change in percent of renter households that are cost-burdened in the geography from the previous to current year,"Between 2023 and 2024, Fife, WA experienced a change in of renter households that are cost-burdened of +0.2%.","Fife, WA's change in of renter households that are cost-burdened of +0.2% is 0.6 percentage points lower than Pierce County (+0.8%).","Fife, WA's change in of renter households that are cost-burdened of +0.2% is 0.2 percentage points lower than Puyallup Reservation (+0.5%), is 0.3 percentage points lower than Seattle MSA (+0.5%), is 0.4 percentage points lower than Washington (+0.6%), is 0.5 percentage points lower than United States (+0.8%), and is 0.6 percentage points lower than Puget Sound Region (+0.8%).",N/A,N/A,"Fife, WA experienced a +0.2% change in renter households that are cost-burdened between 2023 and 2024, which is 0.6 percentage points lower than both Pierce County and the Puget Sound Region, and 0.5 percentage points lower than the United States.",Focus value: +0.2%; Pierce County: +0.8% (diff: -0.6 pp); Puyallup Reservation: +0.5% (diff: -0.2 pp); Seattle MSA: +0.5% (diff: -0.3 pp); Washington: +0.6% (diff: -0.4 pp); United States: +0.8% (diff: -0.5 pp); Puget Sound Region: +0.8% (diff: -0.6 pp),Focus value: +0.2%; Pierce County: +0.8% (diff: -0.6 pp); Puyallup Reservation: +0.5% (diff: -0.2 pp); Seattle MSA: +0.5% (diff: -0.3 pp); Washington: +0.6% (diff: -0.4 pp); United States: +0.8% (diff: -0.5 pp); Puget Sound Region: +0.8% (diff: -0.6 pp),Current Period: 2024; Comparison Period: 2023; Current CPI: 313.68899999999996; Comparison CPI: 304.70200000000006; Calculation: Value (2024) - Value (2023) (no CPI adjustment)
Housing Values,"In 2024, Fife, WA reported 52.5% of renter households as cost-burdened, slightly below Pierce County (53.0%) but above the Seattle MSA (49.0%). Owner households faced a higher burden at 36.1%, significantly exceeding Pierce County (26.6%) and the United States (22.7%), with a notable +2.8% increase in cost-burdened owners between 2023 and 2024. Fife's median owner-occupied housing value is $543,100, exceeding Pierce County ($526,600) but below Washington ($564,600). While this value declined by -$23,075, the median listing price increased by +$5,607, contrasting with regional declines. Median monthly rent in Fife is $1,889, higher than the United States ($1,413) but lower than the Seattle MSA ($2,000). Estimated mortgage payments of $3,153.6 are substantially higher than the United States ($2,158.7) but lower than the Puget Sound Region ($3,945.5), contributing to a housing affordability index of 0, compared to 1 nationally.","Fife, WA exhibits a younger, more diverse demographic profile with a median age of 31.3 and a notable +0.7% increase in youth (0-19), contrasting regional trends. Its housing stock is characterized by 9.1% overcrowded units and 50.7% renter-occupied units, significantly higher than Pierce County and the United States, with 49.2% multi-family housing. In 2024, 36.1% of owners were cost-burdened, a +2.8% increase from 2023, and the housing affordability index is 0, compared to 1 nationally. Despite a median household income of $90,532, above the United States, Fife faces a higher poverty rate of 11.2% and increased SNAP reliance. The workforce shows lower educational attainment (27.9% with bachelor's or more) but robust labor force participation at 76.1%, surpassing Pierce County by 9.8 percentage points. Fife's population grew by +0.8% between 2024 and 2025.",2024,2024,ACS_Series,"{""Label"": ""Calc-Cost Burden Owners""}",Percent of owner households that are cost-burdened,Percentage,Percent of owner households that are cost-burdened in the geography in the current year,"In 2024, Fife, WA recorded a of owner households that are cost-burdened of 36.1%.","Fife, WA's of owner households that are cost-burdened of 36.1% is 9.5 percentage points higher than Pierce County (26.6%).","Fife, WA's of owner households that are cost-burdened of 36.1% is 13.4 percentage points higher than United States (22.7%), is 11.8 percentage points higher than Washington (24.3%), is 10.8 percentage points higher than Seattle MSA (25.3%), is 10.7 percentage points higher than Puget Sound Region (25.4%), and is 6.2 percentage points higher than Puyallup Reservation (29.9%).",N/A,N/A,"Fife, WA recorded a 2024 owner household cost-burdened rate of 36.1%, which is 9.5 percentage points higher than Pierce County (26.6%) and 13.4 percentage points higher than the United States (22.7%).",Focus value: 36.1%; Pierce County: 26.6% (diff: +9.5 pp); United States: 22.7% (diff: +13.4 pp); Washington: 24.3% (diff: +11.8 pp); Seattle MSA: 25.3% (diff: +10.8 pp); Puget Sound Region: 25.4% (diff: +10.7 pp); Puyallup Reservation: 29.9% (diff: +6.2 pp),Focus value: 36.1%; Pierce County: 26.6% (diff: +9.5 pp); United States: 22.7% (diff: +13.4 pp); Washington: 24.3% (diff: +11.8 pp); Seattle MSA: 25.3% (diff: +10.8 pp); Puget Sound Region: 25.4% (diff: +10.7 pp); Puyallup Reservation: 29.9% (diff: +6.2 pp),Current Period: 2024; Current CPI: 313.68899999999996; Calculation: Value (2024) (Nominal - no CPI adjustment for single-year metric)
Housing Values,"In 2024, Fife, WA reported 52.5% of renter households as cost-burdened, slightly below Pierce County (53.0%) but above the Seattle MSA (49.0%). Owner households faced a higher burden at 36.1%, significantly exceeding Pierce County (26.6%) and the United States (22.7%), with a notable +2.8% increase in cost-burdened owners between 2023 and 2024. Fife's median owner-occupied housing value is $543,100, exceeding Pierce County ($526,600) but below Washington ($564,600). While this value declined by -$23,075, the median listing price increased by +$5,607, contrasting with regional declines. Median monthly rent in Fife is $1,889, higher than the United States ($1,413) but lower than the Seattle MSA ($2,000). Estimated mortgage payments of $3,153.6 are substantially higher than the United States ($2,158.7) but lower than the Puget Sound Region ($3,945.5), contributing to a housing affordability index of 0, compared to 1 nationally.","Fife, WA exhibits a younger, more diverse demographic profile with a median age of 31.3 and a notable +0.7% increase in youth (0-19), contrasting regional trends. Its housing stock is characterized by 9.1% overcrowded units and 50.7% renter-occupied units, significantly higher than Pierce County and the United States, with 49.2% multi-family housing. In 2024, 36.1% of owners were cost-burdened, a +2.8% increase from 2023, and the housing affordability index is 0, compared to 1 nationally. Despite a median household income of $90,532, above the United States, Fife faces a higher poverty rate of 11.2% and increased SNAP reliance. The workforce shows lower educational attainment (27.9% with bachelor's or more) but robust labor force participation at 76.1%, surpassing Pierce County by 9.8 percentage points. Fife's population grew by +0.8% between 2024 and 2025.",2023,2024,ACS_Series,"{""Label"": ""Calc-Cost Burden Owners""}",Change in percent of owner households that are cost-burdened,Percentage,Change in percent of owner households that are cost-burdened in the geography from the previous to current year,"Between 2023 and 2024, Fife, WA experienced a change in of owner households that are cost-burdened of +2.8%.","Fife, WA's change in of owner households that are cost-burdened of +2.8% is 2.3 percentage points higher than Pierce County (+0.5%).","Fife, WA's change in of owner households that are cost-burdened of +2.8% is 2.9 percentage points higher than Puget Sound Region (-0.1%), is 2.6 percentage points higher than Seattle MSA (+0.2%), is 2.5 percentage points higher than Washington (+0.3%), is 2.3 percentage points higher than United States (+0.5%), and is 0.0 percentage points higher than Puyallup Reservation (+2.8%).",N/A,N/A,"Fife, WA experienced a +2.8% increase in cost-burdened owner households between 2023 and 2024, which was 2.3 percentage points higher than Pierce County (+0.5%), 2.9 percentage points higher than the Puget Sound Region (-0.1%), and matched the Puyallup Reservation (+2.8%).",Focus value: +2.8%; Pierce County: +0.5% (diff: +2.3 pp); Puget Sound Region: -0.1% (diff: +2.9 pp); Seattle MSA: +0.2% (diff: +2.6 pp); Washington: +0.3% (diff: +2.5 pp); United States: +0.5% (diff: +2.3 pp); Puyallup Reservation: +2.8% (diff: +0.0 pp),Focus value: +2.8%; Pierce County: +0.5% (diff: +2.3 pp); Puget Sound Region: -0.1% (diff: +2.9 pp); Seattle MSA: +0.2% (diff: +2.6 pp); Washington: +0.3% (diff: +2.5 pp); United States: +0.5% (diff: +2.3 pp); Puyallup Reservation: +2.8% (diff: +0.0 pp),Current Period: 2024; Comparison Period: 2023; Current CPI: 313.68899999999996; Comparison CPI: 304.70200000000006; Calculation: Value (2024) - Value (2023) (no CPI adjustment)
Housing Values,"In 2024, Fife, WA reported 52.5% of renter households as cost-burdened, slightly below Pierce County (53.0%) but above the Seattle MSA (49.0%). Owner households faced a higher burden at 36.1%, significantly exceeding Pierce County (26.6%) and the United States (22.7%), with a notable +2.8% increase in cost-burdened owners between 2023 and 2024. Fife's median owner-occupied housing value is $543,100, exceeding Pierce County ($526,600) but below Washington ($564,600). While this value declined by -$23,075, the median listing price increased by +$5,607, contrasting with regional declines. Median monthly rent in Fife is $1,889, higher than the United States ($1,413) but lower than the Seattle MSA ($2,000). Estimated mortgage payments of $3,153.6 are substantially higher than the United States ($2,158.7) but lower than the Puget Sound Region ($3,945.5), contributing to a housing affordability index of 0, compared to 1 nationally.","Fife, WA exhibits a younger, more diverse demographic profile with a median age of 31.3 and a notable +0.7% increase in youth (0-19), contrasting regional trends. Its housing stock is characterized by 9.1% overcrowded units and 50.7% renter-occupied units, significantly higher than Pierce County and the United States, with 49.2% multi-family housing. In 2024, 36.1% of owners were cost-burdened, a +2.8% increase from 2023, and the housing affordability index is 0, compared to 1 nationally. Despite a median household income of $90,532, above the United States, Fife faces a higher poverty rate of 11.2% and increased SNAP reliance. The workforce shows lower educational attainment (27.9% with bachelor's or more) but robust labor force participation at 76.1%, surpassing Pierce County by 9.8 percentage points. Fife's population grew by +0.8% between 2024 and 2025.",May 2026,May 2026,HAI-CPI Table,"{""Calc-Median Value of Owned Units"", ""CPI""}",Median value of owner-occupied housing units,Numeric,Median value of owner-occupied housing units in the geography in the current month,"In 2026, Fife, WA recorded a median value of owner-occupied housing units of 543,100.","Fife, WA's median value of owner-occupied housing units of 543,100 is larger than Pierce County (526,600).","Fife, WA's median value of owner-occupied housing units of 543,100 is larger than United States (332,700), is smaller than Washington (564,600), is smaller than Seattle MSA (717,500), and is smaller than Puget Sound Region (730,850).",N/A,N/A,"Fife, WA recorded a median value of owner-occupied housing units of $543,100 in 2026, which is higher than Pierce County ($526,600) and the United States ($332,700), but lower than Washington ($564,600) and the Seattle MSA ($717,500).","Focus value: 543,100; Pierce County: 526,600 (diff: +16,500); United States: 332,700 (diff: +210,400); Washington: 564,600 (diff: -21,500); Seattle MSA: 717,500 (diff: -174,400); Puget Sound Region: 730,850 (diff: -187,750)","Focus value: 543,100; Pierce County: 526,600 (diff: +16,500); United States: 332,700 (diff: +210,400); Washington: 564,600 (diff: -21,500); Seattle MSA: 717,500 (diff: -174,400); Puget Sound Region: 730,850 (diff: -187,750)",Current Period: 202605; Current CPI: 335.123; Calculation: Value (202605) (Nominal - no CPI adjustment for single-period metric)
Housing Values,"In 2024, Fife, WA reported 52.5% of renter households as cost-burdened, slightly below Pierce County (53.0%) but above the Seattle MSA (49.0%). Owner households faced a higher burden at 36.1%, significantly exceeding Pierce County (26.6%) and the United States (22.7%), with a notable +2.8% increase in cost-burdened owners between 2023 and 2024. Fife's median owner-occupied housing value is $543,100, exceeding Pierce County ($526,600) but below Washington ($564,600). While this value declined by -$23,075, the median listing price increased by +$5,607, contrasting with regional declines. Median monthly rent in Fife is $1,889, higher than the United States ($1,413) but lower than the Seattle MSA ($2,000). Estimated mortgage payments of $3,153.6 are substantially higher than the United States ($2,158.7) but lower than the Puget Sound Region ($3,945.5), contributing to a housing affordability index of 0, compared to 1 nationally.","Fife, WA exhibits a younger, more diverse demographic profile with a median age of 31.3 and a notable +0.7% increase in youth (0-19), contrasting regional trends. Its housing stock is characterized by 9.1% overcrowded units and 50.7% renter-occupied units, significantly higher than Pierce County and the United States, with 49.2% multi-family housing. In 2024, 36.1% of owners were cost-burdened, a +2.8% increase from 2023, and the housing affordability index is 0, compared to 1 nationally. Despite a median household income of $90,532, above the United States, Fife faces a higher poverty rate of 11.2% and increased SNAP reliance. The workforce shows lower educational attainment (27.9% with bachelor's or more) but robust labor force participation at 76.1%, surpassing Pierce County by 9.8 percentage points. Fife's population grew by +0.8% between 2024 and 2025.",May 2025,May 2026,HAI-CPI Table,"{""Calc-Median Value of Owned Units"", ""CPI""}","Change in median value of owner-occupied housing units, adjusted by the CPI",Numeric,"Change in median value of owner-occupied housing units, adjusted by the CPI, from the previous month to current","Between 2025 and 2026, Fife, WA experienced a change in median value of owner-occupied housing units, adjusted by the cpi of -23,075.","Fife, WA's change in median value of owner-occupied housing units, adjusted by the cpi of -23,075 represents a smaller change compared to Pierce County (-22,374).","Fife, WA's change in median value of owner-occupied housing units, adjusted by the cpi of -23,075 represents a larger change compared to Puget Sound Region (-31,051), represents a larger change compared to Seattle MSA (-30,484), represents a larger change compared to Washington (-23,988), and represents a smaller change compared to United States (-14,135).",N/A,N/A,"Fife, WA experienced a change in median value of owner-occupied housing units, adjusted by the CPI, of -23,075 between 2025 and 2026, which was less than Pierce County (-22,374) and the United States (-14,135), but greater than the Puget Sound Region (-31,051), Seattle MSA (-30,484), and Washington (-23,988).","Focus value: -23,075; Pierce County: -22,374 (diff: -+701); Puget Sound Region: -31,051 (diff: ++7,977); Seattle MSA: -30,484 (diff: ++7,410); Washington: -23,988 (diff: ++913); United States: -14,135 (diff: -+8,939)",Focus value: 0; Pierce County: 0 (diff: -0); United States: 0 (diff: -0); Puget Sound Region: 0 (diff: -0); Washington: 0 (diff: -0); Seattle MSA: 0 (diff: -0),Current Period: 202605; Comparison Period: 202505; Current CPI: 335.123; Comparison CPI: 321.465; Calculation: Value (202605) - (Value (202505) * (335.123 / 321.465))
Housing Values,"In 2024, Fife, WA reported 52.5% of renter households as cost-burdened, slightly below Pierce County (53.0%) but above the Seattle MSA (49.0%). Owner households faced a higher burden at 36.1%, significantly exceeding Pierce County (26.6%) and the United States (22.7%), with a notable +2.8% increase in cost-burdened owners between 2023 and 2024. Fife's median owner-occupied housing value is $543,100, exceeding Pierce County ($526,600) but below Washington ($564,600). While this value declined by -$23,075, the median listing price increased by +$5,607, contrasting with regional declines. Median monthly rent in Fife is $1,889, higher than the United States ($1,413) but lower than the Seattle MSA ($2,000). Estimated mortgage payments of $3,153.6 are substantially higher than the United States ($2,158.7) but lower than the Puget Sound Region ($3,945.5), contributing to a housing affordability index of 0, compared to 1 nationally.","Fife, WA exhibits a younger, more diverse demographic profile with a median age of 31.3 and a notable +0.7% increase in youth (0-19), contrasting regional trends. Its housing stock is characterized by 9.1% overcrowded units and 50.7% renter-occupied units, significantly higher than Pierce County and the United States, with 49.2% multi-family housing. In 2024, 36.1% of owners were cost-burdened, a +2.8% increase from 2023, and the housing affordability index is 0, compared to 1 nationally. Despite a median household income of $90,532, above the United States, Fife faces a higher poverty rate of 11.2% and increased SNAP reliance. The workforce shows lower educational attainment (27.9% with bachelor's or more) but robust labor force participation at 76.1%, surpassing Pierce County by 9.8 percentage points. Fife's population grew by +0.8% between 2024 and 2025.",May 2026,May 2026,HAI-CPI Table,"{""Calc-Median Monthly Rent"", ""CPI""}",Median monthly rent,Numeric,Median monthly rent among rent-paying housing units in the geography in the current month,"In 2026, Fife, WA recorded a median monthly rent of 1,889.","Fife, WA's median monthly rent of 1,889 is larger than Pierce County (1,806).","Fife, WA's median monthly rent of 1,889 is larger than United States (1,413), is larger than Washington (1,760), is smaller than Seattle MSA (2,000), and is smaller than Puget Sound Region (2,006).",N/A,N/A,"Fife, WA recorded a median monthly rent of 1,889 in 2026, which was higher than Pierce County (1,806), Washington (1,760), and the United States (1,413), but lower than the Seattle MSA (2,000) and the Puget Sound Region (2,006).","Focus value: 1,889; Pierce County: 1,806 (diff: +83); United States: 1,413 (diff: +476); Washington: 1,760 (diff: +129); Seattle MSA: 2,000 (diff: -111); Puget Sound Region: 2,006 (diff: -117)","Focus value: 1,889; Pierce County: 1,806 (diff: +83); United States: 1,413 (diff: +476); Washington: 1,760 (diff: +129); Seattle MSA: 2,000 (diff: -111); Puget Sound Region: 2,006 (diff: -117)",Current Period: 202605; Current CPI: 335.123; Calculation: Value (202605) (Nominal - no CPI adjustment for single-period metric)
Housing Values,"In 2024, Fife, WA reported 52.5% of renter households as cost-burdened, slightly below Pierce County (53.0%) but above the Seattle MSA (49.0%). Owner households faced a higher burden at 36.1%, significantly exceeding Pierce County (26.6%) and the United States (22.7%), with a notable +2.8% increase in cost-burdened owners between 2023 and 2024. Fife's median owner-occupied housing value is $543,100, exceeding Pierce County ($526,600) but below Washington ($564,600). While this value declined by -$23,075, the median listing price increased by +$5,607, contrasting with regional declines. Median monthly rent in Fife is $1,889, higher than the United States ($1,413) but lower than the Seattle MSA ($2,000). Estimated mortgage payments of $3,153.6 are substantially higher than the United States ($2,158.7) but lower than the Puget Sound Region ($3,945.5), contributing to a housing affordability index of 0, compared to 1 nationally.","Fife, WA exhibits a younger, more diverse demographic profile with a median age of 31.3 and a notable +0.7% increase in youth (0-19), contrasting regional trends. Its housing stock is characterized by 9.1% overcrowded units and 50.7% renter-occupied units, significantly higher than Pierce County and the United States, with 49.2% multi-family housing. In 2024, 36.1% of owners were cost-burdened, a +2.8% increase from 2023, and the housing affordability index is 0, compared to 1 nationally. Despite a median household income of $90,532, above the United States, Fife faces a higher poverty rate of 11.2% and increased SNAP reliance. The workforce shows lower educational attainment (27.9% with bachelor's or more) but robust labor force participation at 76.1%, surpassing Pierce County by 9.8 percentage points. Fife's population grew by +0.8% between 2024 and 2025.",May 2025,May 2026,HAI-CPI Table,"{""Calc-Median Monthly Rent"", ""CPI""}","12-month change in median monthly rent, adjusted by the CPI",Numeric,"12-month change in median monthly rent, adjusted by the CPI, from the same month of the previous year to current","Between 2025 and 2026, Fife, WA experienced a 12-month change in median monthly rent, adjusted by the cpi of -80.","Fife, WA's 12-month change in median monthly rent, adjusted by the cpi of -80 represents a smaller change compared to Pierce County (-77).","Fife, WA's 12-month change in median monthly rent, adjusted by the cpi of -80 represents a larger change compared to Puget Sound Region (-85), represents a larger change compared to Seattle MSA (-85), represents a smaller change compared to Washington (-75), and represents a smaller change compared to United States (-60).",N/A,N/A,"Fife, WA experienced a -80 12-month change in median monthly rent, adjusted by the CPI between 2025 and 2026, indicating a greater decline than Pierce County (-77), Washington (-75), and the United States (-60), yet a lesser decline compared to both the Puget Sound Region and Seattle MSA (both -85).",Focus value: -80; Pierce County: -77 (diff: -+4); Puget Sound Region: -85 (diff: ++5); Seattle MSA: -85 (diff: ++5); Washington: -75 (diff: -+5); United States: -60 (diff: -+20),Focus value: 0; Pierce County: 0 (diff: -0); United States: 0 (diff: -0); Washington: 0 (diff: -0); Seattle MSA: 0 (diff: -0); Puget Sound Region: 0 (diff: -0),Current Period: 202605; Comparison Period: 202505; Current CPI: 335.123; Comparison CPI: 321.465; Calculation: Value (202605) - (Value (202505) * (335.123 / 321.465))
Housing Values,"In 2024, Fife, WA reported 52.5% of renter households as cost-burdened, slightly below Pierce County (53.0%) but above the Seattle MSA (49.0%). Owner households faced a higher burden at 36.1%, significantly exceeding Pierce County (26.6%) and the United States (22.7%), with a notable +2.8% increase in cost-burdened owners between 2023 and 2024. Fife's median owner-occupied housing value is $543,100, exceeding Pierce County ($526,600) but below Washington ($564,600). While this value declined by -$23,075, the median listing price increased by +$5,607, contrasting with regional declines. Median monthly rent in Fife is $1,889, higher than the United States ($1,413) but lower than the Seattle MSA ($2,000). Estimated mortgage payments of $3,153.6 are substantially higher than the United States ($2,158.7) but lower than the Puget Sound Region ($3,945.5), contributing to a housing affordability index of 0, compared to 1 nationally.","Fife, WA exhibits a younger, more diverse demographic profile with a median age of 31.3 and a notable +0.7% increase in youth (0-19), contrasting regional trends. Its housing stock is characterized by 9.1% overcrowded units and 50.7% renter-occupied units, significantly higher than Pierce County and the United States, with 49.2% multi-family housing. In 2024, 36.1% of owners were cost-burdened, a +2.8% increase from 2023, and the housing affordability index is 0, compared to 1 nationally. Despite a median household income of $90,532, above the United States, Fife faces a higher poverty rate of 11.2% and increased SNAP reliance. The workforce shows lower educational attainment (27.9% with bachelor's or more) but robust labor force participation at 76.1%, surpassing Pierce County by 9.8 percentage points. Fife's population grew by +0.8% between 2024 and 2025.",May 2026,May 2026,HAI-CPI Table,"{""Median Listing Price"", ""CPI""}",Median listing price,Numeric,Median listing price in the geography in the current month,"In 2026, Fife, WA recorded a median listing price of 627,450.","Fife, WA's median listing price of 627,450 is smaller than Pierce County (649,000).","Fife, WA's median listing price of 627,450 is larger than United States (429,500), is smaller than Washington (650,000), is smaller than Seattle MSA (780,000), and is smaller than Puget Sound Region (784,999).",N/A,N/A,"Fife, WA recorded a median listing price of 627,450 in 2026, which was notably higher than the United States (429,500) but lower than Pierce County (649,000), Washington (650,000), Seattle MSA (780,000), and Puget Sound Region (784,999).","Focus value: 627,450; Pierce County: 649,000 (diff: -21,550); United States: 429,500 (diff: +197,950); Washington: 650,000 (diff: -22,550); Seattle MSA: 780,000 (diff: -152,550); Puget Sound Region: 784,999 (diff: -157,549)","Focus value: 627,450; Pierce County: 649,000 (diff: -21,550); United States: 429,500 (diff: +197,950); Washington: 650,000 (diff: -22,550); Seattle MSA: 780,000 (diff: -152,550); Puget Sound Region: 784,999 (diff: -157,549)",Current Period: 202605; Current CPI: 335.123; Calculation: Value (202605) (Nominal - no CPI adjustment for single-period metric)
Housing Values,"In 2024, Fife, WA reported 52.5% of renter households as cost-burdened, slightly below Pierce County (53.0%) but above the Seattle MSA (49.0%). Owner households faced a higher burden at 36.1%, significantly exceeding Pierce County (26.6%) and the United States (22.7%), with a notable +2.8% increase in cost-burdened owners between 2023 and 2024. Fife's median owner-occupied housing value is $543,100, exceeding Pierce County ($526,600) but below Washington ($564,600). While this value declined by -$23,075, the median listing price increased by +$5,607, contrasting with regional declines. Median monthly rent in Fife is $1,889, higher than the United States ($1,413) but lower than the Seattle MSA ($2,000). Estimated mortgage payments of $3,153.6 are substantially higher than the United States ($2,158.7) but lower than the Puget Sound Region ($3,945.5), contributing to a housing affordability index of 0, compared to 1 nationally.","Fife, WA exhibits a younger, more diverse demographic profile with a median age of 31.3 and a notable +0.7% increase in youth (0-19), contrasting regional trends. Its housing stock is characterized by 9.1% overcrowded units and 50.7% renter-occupied units, significantly higher than Pierce County and the United States, with 49.2% multi-family housing. In 2024, 36.1% of owners were cost-burdened, a +2.8% increase from 2023, and the housing affordability index is 0, compared to 1 nationally. Despite a median household income of $90,532, above the United States, Fife faces a higher poverty rate of 11.2% and increased SNAP reliance. The workforce shows lower educational attainment (27.9% with bachelor's or more) but robust labor force participation at 76.1%, surpassing Pierce County by 9.8 percentage points. Fife's population grew by +0.8% between 2024 and 2025.",May 2025,May 2026,HAI-CPI Table,"{""Median Listing Price"", ""CPI""}","12-month change in median listing price, adjusted by the CPI",Numeric,"12-month change in median listing price, adjusted by the CPI, from the same month of the previous year to current","Between 2025 and 2026, Fife, WA experienced a 12-month change in median listing price, adjusted by the cpi of +5,607.","Fife, WA's 12-month change in median listing price, adjusted by the cpi of +5,607 represents a larger change compared to Pierce County (-28,460).","Fife, WA's 12-month change in median listing price, adjusted by the cpi of +5,607 represents a larger change compared to Puget Sound Region (-56,174), represents a larger change compared to Seattle MSA (-52,947), represents a larger change compared to Washington (-48,466), and represents a larger change compared to United States (-29,194).",N/A,N/A,"Fife, WA experienced a 12-month change in median listing price, adjusted by the CPI, of +5,607 between 2025 and 2026, which stands in contrast to the declines seen in Pierce County (-28,460), Puget Sound Region (-56,174), Seattle MSA (-52,947), Washington (-48,466), and United States (-29,194).","Focus value: +5,607; Pierce County: -28,460 (diff: ++34,067); Puget Sound Region: -56,174 (diff: ++61,780); Seattle MSA: -52,947 (diff: ++58,554); Washington: -48,466 (diff: ++54,073); United States: -29,194 (diff: ++34,801)","Focus value: +30,950; Pierce County: -850 (diff: ++31,800); Puget Sound Region: -21,892 (diff: ++52,842); Washington: -20,000 (diff: ++50,950); Seattle MSA: -19,000 (diff: ++49,950); United States: -10,500 (diff: ++41,450)",Current Period: 202605; Comparison Period: 202505; Current CPI: 335.123; Comparison CPI: 321.465; Calculation: Value (202605) - (Value (202505) * (335.123 / 321.465))
Housing Values,"In 2024, Fife, WA reported 52.5% of renter households as cost-burdened, slightly below Pierce County (53.0%) but above the Seattle MSA (49.0%). Owner households faced a higher burden at 36.1%, significantly exceeding Pierce County (26.6%) and the United States (22.7%), with a notable +2.8% increase in cost-burdened owners between 2023 and 2024. Fife's median owner-occupied housing value is $543,100, exceeding Pierce County ($526,600) but below Washington ($564,600). While this value declined by -$23,075, the median listing price increased by +$5,607, contrasting with regional declines. Median monthly rent in Fife is $1,889, higher than the United States ($1,413) but lower than the Seattle MSA ($2,000). Estimated mortgage payments of $3,153.6 are substantially higher than the United States ($2,158.7) but lower than the Puget Sound Region ($3,945.5), contributing to a housing affordability index of 0, compared to 1 nationally.","Fife, WA exhibits a younger, more diverse demographic profile with a median age of 31.3 and a notable +0.7% increase in youth (0-19), contrasting regional trends. Its housing stock is characterized by 9.1% overcrowded units and 50.7% renter-occupied units, significantly higher than Pierce County and the United States, with 49.2% multi-family housing. In 2024, 36.1% of owners were cost-burdened, a +2.8% increase from 2023, and the housing affordability index is 0, compared to 1 nationally. Despite a median household income of $90,532, above the United States, Fife faces a higher poverty rate of 11.2% and increased SNAP reliance. The workforce shows lower educational attainment (27.9% with bachelor's or more) but robust labor force participation at 76.1%, surpassing Pierce County by 9.8 percentage points. Fife's population grew by +0.8% between 2024 and 2025.",May 2026,May 2026,HAI-CPI Table,"{""Median Listing Price"", ""CPI"", ""Calc-Median Value of Owned Units""}",Compare Median List Price to Median Value,Ordinal,Largest value of housing units between the median value of owned units and the median list price in the geography in the current month,"In 2026, Fife, WA's primary compare median list price to median value was Median Listing Price (627,450).","Fife, WA and Pierce County both share Median Listing Price as their primary compare median list price to median value, with Fife, WA at 627,450 and Pierce County at 649,000.","Fife, WA and United States both share Median Listing Price as their primary compare median list price to median value, with Fife, WA at 627,450 and United States at 429,500. Fife, WA and Washington both share Median Listing Price as their primary compare median list price to median value, with Fife, WA at 627,450 and Washington at 650,000. Fife, WA and Puget Sound Region both share Median Listing Price as their primary compare median list price to median value, with Fife, WA at 627,450 and Puget Sound Region at 784,999. While Fife, WA's primary compare median list price to median value is Median Listing Price (627,450), Puyallup Reservation is primarily driven by Calc-Median Value of Owned Units (583,800). Fife, WA and Seattle MSA both share Median Listing Price as their primary compare median list price to median value, with Fife, WA at 627,450 and Seattle MSA at 780,000.",N/A,N/A,"Fife, WA's primary compare median list price to median value was a median listing price of 627,450 in 2026, which was substantially higher than the United States' 429,500, yet notably lower than the Puget Sound Region's 784,999 and Seattle MSA's 780,000.","Focus value: 627,450; Pierce County: 649,000 (diff: -21,550); United States: 429,500 (diff: +197,950); Washington: 650,000 (diff: -22,550); Puget Sound Region: 784,999 (diff: -157,549); Puyallup Reservation: 583,800 (diff: +43,650); Seattle MSA: 780,000 (diff: -152,550)","Focus value: 627,450; Pierce County: 649,000 (diff: -21,550); United States: 429,500 (diff: +197,950); Washington: 650,000 (diff: -22,550); Puget Sound Region: 784,999 (diff: -157,549); Puyallup Reservation: 583,800 (diff: +43,650); Seattle MSA: 780,000 (diff: -152,550)",Calculation: Nominal (no CPI adjustment)
Housing Values,"In 2024, Fife, WA reported 52.5% of renter households as cost-burdened, slightly below Pierce County (53.0%) but above the Seattle MSA (49.0%). Owner households faced a higher burden at 36.1%, significantly exceeding Pierce County (26.6%) and the United States (22.7%), with a notable +2.8% increase in cost-burdened owners between 2023 and 2024. Fife's median owner-occupied housing value is $543,100, exceeding Pierce County ($526,600) but below Washington ($564,600). While this value declined by -$23,075, the median listing price increased by +$5,607, contrasting with regional declines. Median monthly rent in Fife is $1,889, higher than the United States ($1,413) but lower than the Seattle MSA ($2,000). Estimated mortgage payments of $3,153.6 are substantially higher than the United States ($2,158.7) but lower than the Puget Sound Region ($3,945.5), contributing to a housing affordability index of 0, compared to 1 nationally.","Fife, WA exhibits a younger, more diverse demographic profile with a median age of 31.3 and a notable +0.7% increase in youth (0-19), contrasting regional trends. Its housing stock is characterized by 9.1% overcrowded units and 50.7% renter-occupied units, significantly higher than Pierce County and the United States, with 49.2% multi-family housing. In 2024, 36.1% of owners were cost-burdened, a +2.8% increase from 2023, and the housing affordability index is 0, compared to 1 nationally. Despite a median household income of $90,532, above the United States, Fife faces a higher poverty rate of 11.2% and increased SNAP reliance. The workforce shows lower educational attainment (27.9% with bachelor's or more) but robust labor force participation at 76.1%, surpassing Pierce County by 9.8 percentage points. Fife's population grew by +0.8% between 2024 and 2025.",May 2025,May 2026,HAI-CPI Table,"{""Median Listing Price"", ""CPI"", ""Calc-Median Value of Owned Units""}",12-month change in comparison of Median List Price to Median Value,Numeric,12-month change in the value of housing units comparison between the median value of owned units and the median list price from the same month in the previous year to current,"Between 2025 and 2026, Fife, WA experienced a 12-month change in comparison of median list price to median value of +30,950.","Fife, WA's 12-month change in comparison of median list price to median value of +30,950 represents a larger change compared to Pierce County (-850).","Fife, WA's 12-month change in comparison of median list price to median value of +30,950 represents a larger change compared to Puget Sound Region (-21,892), represents a larger change compared to Washington (-20,000), represents a larger change compared to Seattle MSA (-19,000), and represents a larger change compared to United States (-10,500).",N/A,N/A,"Fife, WA experienced a 12-month change in comparison of median list price to median value of +30,950 between 2025 and 2026, a significantly larger increase compared to Pierce County's -850, and notably contrasting with the negative changes observed across the Puget Sound Region (-21,892), Washington (-20,000), Seattle MSA (-19,000), and the United States (-10,500).","Focus value: +30,950; Pierce County: -850 (diff: ++31,800); Puget Sound Region: -21,892 (diff: ++52,842); Washington: -20,000 (diff: ++50,950); Seattle MSA: -19,000 (diff: ++49,950); United States: -10,500 (diff: ++41,450)","Focus value: +30,950; Pierce County: -850 (diff: ++31,800); Puget Sound Region: -21,892 (diff: ++52,842); Washington: -20,000 (diff: ++50,950); Seattle MSA: -19,000 (diff: ++49,950); United States: -10,500 (diff: ++41,450)",Calculation: List price to value difference change (no CPI adjustment)
Housing Values,"In 2024, Fife, WA reported 52.5% of renter households as cost-burdened, slightly below Pierce County (53.0%) but above the Seattle MSA (49.0%). Owner households faced a higher burden at 36.1%, significantly exceeding Pierce County (26.6%) and the United States (22.7%), with a notable +2.8% increase in cost-burdened owners between 2023 and 2024. Fife's median owner-occupied housing value is $543,100, exceeding Pierce County ($526,600) but below Washington ($564,600). While this value declined by -$23,075, the median listing price increased by +$5,607, contrasting with regional declines. Median monthly rent in Fife is $1,889, higher than the United States ($1,413) but lower than the Seattle MSA ($2,000). Estimated mortgage payments of $3,153.6 are substantially higher than the United States ($2,158.7) but lower than the Puget Sound Region ($3,945.5), contributing to a housing affordability index of 0, compared to 1 nationally.","Fife, WA exhibits a younger, more diverse demographic profile with a median age of 31.3 and a notable +0.7% increase in youth (0-19), contrasting regional trends. Its housing stock is characterized by 9.1% overcrowded units and 50.7% renter-occupied units, significantly higher than Pierce County and the United States, with 49.2% multi-family housing. In 2024, 36.1% of owners were cost-burdened, a +2.8% increase from 2023, and the housing affordability index is 0, compared to 1 nationally. Despite a median household income of $90,532, above the United States, Fife faces a higher poverty rate of 11.2% and increased SNAP reliance. The workforce shows lower educational attainment (27.9% with bachelor's or more) but robust labor force participation at 76.1%, surpassing Pierce County by 9.8 percentage points. Fife's population grew by +0.8% between 2024 and 2025.",May 2026,May 2026,HAI-CPI Table-MortgageRates,"{""Median Listing Price"", ""CPI"", ""Monthly Avg 30yr""}",Estimated mortgage payment,Numeric,"Estimated mortgage payment in the geography in the current year, calculated with a 20% down payment at a 30-year term","In 2026, Fife, WA recorded a estimated mortgage payment of 3153.6.","Fife, WA's estimated mortgage payment of 3153.6 is higher than Pierce County (3261.9).","Fife, WA's estimated mortgage payment of 3153.6 is higher than United States (2158.7), is higher than Washington (3266.9), is higher than Seattle MSA (3920.3), and is higher than Puget Sound Region (3945.5).",N/A,N/A,"Fife, WA recorded an estimated mortgage payment of 3,153.6 in 2026, which was 994.9 higher than the United States, but lower than all broader geographies including Pierce County, Washington, Seattle MSA, and the Puget Sound Region.",Focus value: 3153.6; Pierce County: 3261.9 (diff: -108.3); United States: 2158.7 (diff: +994.9); Washington: 3266.9 (diff: -113.3); Seattle MSA: 3920.3 (diff: -766.7); Puget Sound Region: 3945.5 (diff: -791.9),Focus value: 3153.6; Pierce County: 3261.9 (diff: -108.3); United States: 2158.7 (diff: +994.9); Washington: 3266.9 (diff: -113.3); Seattle MSA: 3920.3 (diff: -766.7); Puget Sound Region: 3945.5 (diff: -791.9),Calculation: Nominal (no CPI adjustment)
Housing Values,"In 2024, Fife, WA reported 52.5% of renter households as cost-burdened, slightly below Pierce County (53.0%) but above the Seattle MSA (49.0%). Owner households faced a higher burden at 36.1%, significantly exceeding Pierce County (26.6%) and the United States (22.7%), with a notable +2.8% increase in cost-burdened owners between 2023 and 2024. Fife's median owner-occupied housing value is $543,100, exceeding Pierce County ($526,600) but below Washington ($564,600). While this value declined by -$23,075, the median listing price increased by +$5,607, contrasting with regional declines. Median monthly rent in Fife is $1,889, higher than the United States ($1,413) but lower than the Seattle MSA ($2,000). Estimated mortgage payments of $3,153.6 are substantially higher than the United States ($2,158.7) but lower than the Puget Sound Region ($3,945.5), contributing to a housing affordability index of 0, compared to 1 nationally.","Fife, WA exhibits a younger, more diverse demographic profile with a median age of 31.3 and a notable +0.7% increase in youth (0-19), contrasting regional trends. Its housing stock is characterized by 9.1% overcrowded units and 50.7% renter-occupied units, significantly higher than Pierce County and the United States, with 49.2% multi-family housing. In 2024, 36.1% of owners were cost-burdened, a +2.8% increase from 2023, and the housing affordability index is 0, compared to 1 nationally. Despite a median household income of $90,532, above the United States, Fife faces a higher poverty rate of 11.2% and increased SNAP reliance. The workforce shows lower educational attainment (27.9% with bachelor's or more) but robust labor force participation at 76.1%, surpassing Pierce County by 9.8 percentage points. Fife's population grew by +0.8% between 2024 and 2025.",May 2025,May 2026,HAI-CPI Table-MortgageRates,"{""Median Listing Price"", ""CPI"", ""Monthly Avg 30yr""}","12-month change in estimated mortgage payment, adjusted by the CPI",Numeric,"12-month change in the estimated mortgage payment, adjusted by the CPI, from the same month in the previous year to current","Between 2025 and 2026, Fife, WA experienced a 12-month change in estimated mortgage payment, adjusted by the cpi of -94.9.","Fife, WA's 12-month change in estimated mortgage payment, adjusted by the cpi of -94.9 represents a larger change compared to Pierce County (-277.1).","Fife, WA's 12-month change in estimated mortgage payment, adjusted by the cpi of -94.9 represents a larger change compared to Puget Sound Region (-448.8), represents a larger change compared to Seattle MSA (-430.9), represents a larger change compared to Washington (-381.8), and represents a larger change compared to United States (-237.5).",N/A,N/A,"Fife, WA experienced a 12-month change in estimated mortgage payment, adjusted by the CPI, of -94.9 between 2025 and 2026, which was a larger change compared to Pierce County (-277.1) and all other benchmark geographies, including the Puget Sound Region, Seattle MSA, Washington, and the United States.",Focus value: -94.9; Pierce County: -277.1 (diff: ++182.2); Puget Sound Region: -448.8 (diff: ++353.9); Seattle MSA: -430.9 (diff: ++336.1); Washington: -381.8 (diff: ++286.9); United States: -237.5 (diff: ++142.6),Focus value: +37.5; Pierce County: -132.9 (diff: ++170.4); Puget Sound Region: -269.7 (diff: ++307.2); Seattle MSA: -253.6 (diff: ++291.1); Washington: -233.1 (diff: ++270.6); United States: -139.8 (diff: ++177.4),Current Period: 202605; Comparison Period: 202505; Current CPI: 335.123; Comparison CPI: 321.465; Calculation: Value (202605) - (Value (202505) * (335.123 / 321.465))
Housing Values,"In 2024, Fife, WA reported 52.5% of renter households as cost-burdened, slightly below Pierce County (53.0%) but above the Seattle MSA (49.0%). Owner households faced a higher burden at 36.1%, significantly exceeding Pierce County (26.6%) and the United States (22.7%), with a notable +2.8% increase in cost-burdened owners between 2023 and 2024. Fife's median owner-occupied housing value is $543,100, exceeding Pierce County ($526,600) but below Washington ($564,600). While this value declined by -$23,075, the median listing price increased by +$5,607, contrasting with regional declines. Median monthly rent in Fife is $1,889, higher than the United States ($1,413) but lower than the Seattle MSA ($2,000). Estimated mortgage payments of $3,153.6 are substantially higher than the United States ($2,158.7) but lower than the Puget Sound Region ($3,945.5), contributing to a housing affordability index of 0, compared to 1 nationally.","Fife, WA exhibits a younger, more diverse demographic profile with a median age of 31.3 and a notable +0.7% increase in youth (0-19), contrasting regional trends. Its housing stock is characterized by 9.1% overcrowded units and 50.7% renter-occupied units, significantly higher than Pierce County and the United States, with 49.2% multi-family housing. In 2024, 36.1% of owners were cost-burdened, a +2.8% increase from 2023, and the housing affordability index is 0, compared to 1 nationally. Despite a median household income of $90,532, above the United States, Fife faces a higher poverty rate of 11.2% and increased SNAP reliance. The workforce shows lower educational attainment (27.9% with bachelor's or more) but robust labor force participation at 76.1%, surpassing Pierce County by 9.8 percentage points. Fife's population grew by +0.8% between 2024 and 2025.",May 2026,May 2026,HAI-CPI Table-MortgageRates,"{""Median Listing Price"", ""CPI"", ""Monthly Avg 30yr"", ""Calc-Median Monthly Rent""}",Compare estimated mortgage payment to median monthly rent,Ordinal,Largest value between the estimated mortgage payment and the median monthly rent in the geography in the current month,"In 2026, Fife, WA's primary compare estimated mortgage payment to median monthly rent was Estimated mortgage payment (3153.6).","Fife, WA and Pierce County both share Estimated mortgage payment as their primary compare estimated mortgage payment to median monthly rent, with Fife, WA at 3153.6 and Pierce County at 3261.9.","Fife, WA and United States both share Estimated mortgage payment as their primary compare estimated mortgage payment to median monthly rent, with Fife, WA at 3153.6 and United States at 2158.7. Fife, WA and Puget Sound Region both share Estimated mortgage payment as their primary compare estimated mortgage payment to median monthly rent, with Fife, WA at 3153.6 and Puget Sound Region at 3945.5. Fife, WA and Washington both share Estimated mortgage payment as their primary compare estimated mortgage payment to median monthly rent, with Fife, WA at 3153.6 and Washington at 3266.9. Fife, WA and Seattle MSA both share Estimated mortgage payment as their primary compare estimated mortgage payment to median monthly rent, with Fife, WA at 3153.6 and Seattle MSA at 3920.3.",N/A,N/A,"In 2026, Fife, WA's estimated mortgage payment was $3,153.6, which was significantly higher than the United States ($2,158.7) but notably lower than the Puget Sound Region ($3,945.5) and Seattle MSA ($3,920.3).",Focus value: 3153.6; Pierce County: 3261.9 (diff: -108.3); United States: 2158.7 (diff: +994.9); Puget Sound Region: 3945.5 (diff: -791.9); Washington: 3266.9 (diff: -113.3); Seattle MSA: 3920.3 (diff: -766.7),Focus value: 3153.6; Pierce County: 3261.9 (diff: -108.3); United States: 2158.7 (diff: +994.9); Puget Sound Region: 3945.5 (diff: -791.9); Washington: 3266.9 (diff: -113.3); Seattle MSA: 3920.3 (diff: -766.7),Calculation: Nominal (no CPI adjustment)
Housing Values,"In 2024, Fife, WA reported 52.5% of renter households as cost-burdened, slightly below Pierce County (53.0%) but above the Seattle MSA (49.0%). Owner households faced a higher burden at 36.1%, significantly exceeding Pierce County (26.6%) and the United States (22.7%), with a notable +2.8% increase in cost-burdened owners between 2023 and 2024. Fife's median owner-occupied housing value is $543,100, exceeding Pierce County ($526,600) but below Washington ($564,600). While this value declined by -$23,075, the median listing price increased by +$5,607, contrasting with regional declines. Median monthly rent in Fife is $1,889, higher than the United States ($1,413) but lower than the Seattle MSA ($2,000). Estimated mortgage payments of $3,153.6 are substantially higher than the United States ($2,158.7) but lower than the Puget Sound Region ($3,945.5), contributing to a housing affordability index of 0, compared to 1 nationally.","Fife, WA exhibits a younger, more diverse demographic profile with a median age of 31.3 and a notable +0.7% increase in youth (0-19), contrasting regional trends. Its housing stock is characterized by 9.1% overcrowded units and 50.7% renter-occupied units, significantly higher than Pierce County and the United States, with 49.2% multi-family housing. In 2024, 36.1% of owners were cost-burdened, a +2.8% increase from 2023, and the housing affordability index is 0, compared to 1 nationally. Despite a median household income of $90,532, above the United States, Fife faces a higher poverty rate of 11.2% and increased SNAP reliance. The workforce shows lower educational attainment (27.9% with bachelor's or more) but robust labor force participation at 76.1%, surpassing Pierce County by 9.8 percentage points. Fife's population grew by +0.8% between 2024 and 2025.",May 2025,May 2026,HAI-CPI Table-MortgageRates,"{""Median Listing Price"", ""CPI"", ""Monthly Avg 30yr"", ""Calc-Median Monthly Rent""}",12-month change in comparison of estimated mortgage payment to median monthly rent,Numeric,12-month change in the comparison between the estimated mortgage payment and the median monthly rent from the same month in the previous year to current,"Between 2025 and 2026, Fife, WA experienced a 12-month change in comparison of estimated mortgage payment to median monthly rent of +37.5.","Fife, WA's 12-month change in comparison of estimated mortgage payment to median monthly rent of +37.5 represents a larger change compared to Pierce County (-132.9).","Fife, WA's 12-month change in comparison of estimated mortgage payment to median monthly rent of +37.5 represents a larger change compared to Puget Sound Region (-269.7), represents a larger change compared to Seattle MSA (-253.6), represents a larger change compared to Washington (-233.1), and represents a larger change compared to United States (-139.8).",N/A,N/A,"Fife, WA experienced a 12-month change in comparison of estimated mortgage payment to median monthly rent of +37.5 between 2025 and 2026, a significant increase that contrasts sharply with the negative changes observed in Pierce County (-132.9), the Puget Sound Region, Seattle MSA, Washington, and the United States.",Focus value: +37.5; Pierce County: -132.9 (diff: ++170.4); Puget Sound Region: -269.7 (diff: ++307.2); Seattle MSA: -253.6 (diff: ++291.1); Washington: -233.1 (diff: ++270.6); United States: -139.8 (diff: ++177.4),Focus value: +37.5; Pierce County: -132.9 (diff: ++170.4); Puget Sound Region: -269.7 (diff: ++307.2); Seattle MSA: -253.6 (diff: ++291.1); Washington: -233.1 (diff: ++270.6); United States: -139.8 (diff: ++177.4),Calculation: Mortgage payment to rent difference change (no CPI adjustment)
Housing Values,"In 2024, Fife, WA reported 52.5% of renter households as cost-burdened, slightly below Pierce County (53.0%) but above the Seattle MSA (49.0%). Owner households faced a higher burden at 36.1%, significantly exceeding Pierce County (26.6%) and the United States (22.7%), with a notable +2.8% increase in cost-burdened owners between 2023 and 2024. Fife's median owner-occupied housing value is $543,100, exceeding Pierce County ($526,600) but below Washington ($564,600). While this value declined by -$23,075, the median listing price increased by +$5,607, contrasting with regional declines. Median monthly rent in Fife is $1,889, higher than the United States ($1,413) but lower than the Seattle MSA ($2,000). Estimated mortgage payments of $3,153.6 are substantially higher than the United States ($2,158.7) but lower than the Puget Sound Region ($3,945.5), contributing to a housing affordability index of 0, compared to 1 nationally.","Fife, WA exhibits a younger, more diverse demographic profile with a median age of 31.3 and a notable +0.7% increase in youth (0-19), contrasting regional trends. Its housing stock is characterized by 9.1% overcrowded units and 50.7% renter-occupied units, significantly higher than Pierce County and the United States, with 49.2% multi-family housing. In 2024, 36.1% of owners were cost-burdened, a +2.8% increase from 2023, and the housing affordability index is 0, compared to 1 nationally. Despite a median household income of $90,532, above the United States, Fife faces a higher poverty rate of 11.2% and increased SNAP reliance. The workforce shows lower educational attainment (27.9% with bachelor's or more) but robust labor force participation at 76.1%, surpassing Pierce County by 9.8 percentage points. Fife's population grew by +0.8% between 2024 and 2025.",May 2026,May 2026,HAI-CPI Table-MortgageRates,"{""Median Listing Price"", ""CPI"", ""Monthly Avg 30yr"", ""Calc-Median HH Income""}",Housing Affordability Index,Numeric,Housing affordability index compares the median income to the median list price under standard mortgage assumptions,"In 2026, Fife, WA recorded a housing affordability index of 0.","Fife, WA's housing affordability index of 0 is smaller than Pierce County (1).","Fife, WA's housing affordability index of 0 is smaller than Puget Sound Region (0), is smaller than Seattle MSA (0), is smaller than Washington (1), and is smaller than United States (1).",N/A,N/A,"Fife, WA recorded a housing affordability index of 0 in 2026, which is lower than Pierce County (1), Washington (1), and the United States (1), and matches the Puget Sound Region (0) and Seattle MSA (0).",Focus value: 0; Pierce County: 1 (diff: -0); Puget Sound Region: 0 (diff: -0); Seattle MSA: 0 (diff: -0); Washington: 1 (diff: -0); United States: 1 (diff: -0),Focus value: 0; Pierce County: 1 (diff: -0); Puget Sound Region: 0 (diff: -0); Seattle MSA: 0 (diff: -0); Washington: 1 (diff: -0); United States: 1 (diff: -0),Calculation: Nominal (no CPI adjustment)
Housing Values,"In 2024, Fife, WA reported 52.5% of renter households as cost-burdened, slightly below Pierce County (53.0%) but above the Seattle MSA (49.0%). Owner households faced a higher burden at 36.1%, significantly exceeding Pierce County (26.6%) and the United States (22.7%), with a notable +2.8% increase in cost-burdened owners between 2023 and 2024. Fife's median owner-occupied housing value is $543,100, exceeding Pierce County ($526,600) but below Washington ($564,600). While this value declined by -$23,075, the median listing price increased by +$5,607, contrasting with regional declines. Median monthly rent in Fife is $1,889, higher than the United States ($1,413) but lower than the Seattle MSA ($2,000). Estimated mortgage payments of $3,153.6 are substantially higher than the United States ($2,158.7) but lower than the Puget Sound Region ($3,945.5), contributing to a housing affordability index of 0, compared to 1 nationally.","Fife, WA exhibits a younger, more diverse demographic profile with a median age of 31.3 and a notable +0.7% increase in youth (0-19), contrasting regional trends. Its housing stock is characterized by 9.1% overcrowded units and 50.7% renter-occupied units, significantly higher than Pierce County and the United States, with 49.2% multi-family housing. In 2024, 36.1% of owners were cost-burdened, a +2.8% increase from 2023, and the housing affordability index is 0, compared to 1 nationally. Despite a median household income of $90,532, above the United States, Fife faces a higher poverty rate of 11.2% and increased SNAP reliance. The workforce shows lower educational attainment (27.9% with bachelor's or more) but robust labor force participation at 76.1%, surpassing Pierce County by 9.8 percentage points. Fife's population grew by +0.8% between 2024 and 2025.",May 2025,May 2026,HAI-CPI Table-MortgageRates,"{""Median Listing Price"", ""CPI"", ""Monthly Avg 30yr"", ""Calc-Median HH Income""}",12-month change in Housing Affordability Index,Numeric,12-month change in the housing affordability index from the same month in the previous year to current,"Between 2025 and 2026, Fife, WA experienced a 12-month change in housing affordability index of -0.","Fife, WA's 12-month change in housing affordability index of -0 represents a smaller change compared to Pierce County (-0).","Fife, WA's 12-month change in housing affordability index of -0 represents a smaller change compared to Seattle MSA (+0), represents a smaller change compared to Puget Sound Region (+0), represents a smaller change compared to United States (+0), and represents a smaller change compared to Washington (+0).",N/A,N/A,"Fife, WA experienced a 12-month change in housing affordability index of -0 between 2025 and 2026, which represents a smaller change compared to Pierce County (-0), Seattle MSA (+0), Puget Sound Region (+0), United States (+0), and Washington (+0).",Focus value: -0; Pierce County: -0 (diff: -+0); Seattle MSA: +0 (diff: -+0); Puget Sound Region: +0 (diff: -+0); United States: +0 (diff: -+0); Washington: +0 (diff: -+0),Focus value: -0; Pierce County: +0 (diff: -+0); Seattle MSA: +0 (diff: -+0); Puget Sound Region: +0 (diff: -+0); Washington: +0 (diff: -+0); United States: +0 (diff: -+0),Current Period: 202605; Comparison Period: 202505; Current CPI: 335.123; Comparison CPI: 321.465; Calculation: Value (202605) - (Value (202505) * (335.123 / 321.465))
Housing Stock,"Fife, WA exhibits distinct housing stock characteristics in 2024, with 9.1% of units overcrowded, significantly higher than Pierce County (+5.7 pp) and the United States (+5.6 pp), while this rate remained unchanged from 2023. Owner-occupied units stand at 43.8%, notably lower than Pierce County (-17.7 pp) and the United States (-14.8 pp), with a corresponding high renter-occupied rate of 50.7%. Vacancy rates are 5.5%, increasing by +0.5% since 2023, exceeding Pierce County's change by 0.8 percentage points. Fife's housing stock is predominantly newer, with 44.0% built between 1990 and 2009, a larger share than the Seattle MSA (28.3%). Multi-family housing dominates at 49.2%, contrasting sharply with the single-family prevalence in Pierce County and the United States.","Fife, WA exhibits a younger, more diverse demographic profile with a median age of 31.3 and a notable +0.7% increase in youth (0-19), contrasting regional trends. Its housing stock is characterized by 9.1% overcrowded units and 50.7% renter-occupied units, significantly higher than Pierce County and the United States, with 49.2% multi-family housing. In 2024, 36.1% of owners were cost-burdened, a +2.8% increase from 2023, and the housing affordability index is 0, compared to 1 nationally. Despite a median household income of $90,532, above the United States, Fife faces a higher poverty rate of 11.2% and increased SNAP reliance. The workforce shows lower educational attainment (27.9% with bachelor's or more) but robust labor force participation at 76.1%, surpassing Pierce County by 9.8 percentage points. Fife's population grew by +0.8% between 2024 and 2025.",2024,2024,ACS_Series,"{""Label"": ""Calc-High Occupants per Room"", ""Label"": ""Calc-Mid Occupants per Room""}",Percent of housing units that are overcrowded,Percentage,Percent of housing units that are overcrowded (more than one occupant per room) in the geography in the current year,"In 2024, Fife, WA recorded a of housing units that are overcrowded of 9.1%.","Fife, WA's of housing units that are overcrowded of 9.1% is 5.7 percentage points higher than Pierce County (3.4%).","Fife, WA's of housing units that are overcrowded of 9.1% is 5.6 percentage points higher than United States (3.4%), is 5.5 percentage points higher than Washington (3.5%), is 5.4 percentage points higher than Puget Sound Region (3.7%), is 5.3 percentage points higher than Seattle MSA (3.7%), and is 4.0 percentage points higher than Puyallup Reservation (5.1%).",N/A,N/A,"Fife, WA recorded 9.1% of housing units as overcrowded in 2024, which is 5.7 percentage points higher than Pierce County and at least 4.0 percentage points higher than the United States, Washington, Puget Sound Region, Seattle MSA, and Puyallup Reservation.",Focus value: 9.1%; Pierce County: 3.4% (diff: +5.7 pp); United States: 3.4% (diff: +5.6 pp); Washington: 3.5% (diff: +5.5 pp); Puget Sound Region: 3.7% (diff: +5.4 pp); Seattle MSA: 3.7% (diff: +5.3 pp); Puyallup Reservation: 5.1% (diff: +4.0 pp),Focus value: 9.1%; Pierce County: 3.4% (diff: +5.7 pp); United States: 3.4% (diff: +5.6 pp); Washington: 3.5% (diff: +5.5 pp); Puget Sound Region: 3.7% (diff: +5.4 pp); Seattle MSA: 3.7% (diff: +5.3 pp); Puyallup Reservation: 5.1% (diff: +4.0 pp),Current Period: 2024; Current CPI: 313.68899999999996; Calculation: Value (2024) (Nominal - no CPI adjustment for single-year metric)
Housing Stock,"Fife, WA exhibits distinct housing stock characteristics in 2024, with 9.1% of units overcrowded, significantly higher than Pierce County (+5.7 pp) and the United States (+5.6 pp), while this rate remained unchanged from 2023. Owner-occupied units stand at 43.8%, notably lower than Pierce County (-17.7 pp) and the United States (-14.8 pp), with a corresponding high renter-occupied rate of 50.7%. Vacancy rates are 5.5%, increasing by +0.5% since 2023, exceeding Pierce County's change by 0.8 percentage points. Fife's housing stock is predominantly newer, with 44.0% built between 1990 and 2009, a larger share than the Seattle MSA (28.3%). Multi-family housing dominates at 49.2%, contrasting sharply with the single-family prevalence in Pierce County and the United States.","Fife, WA exhibits a younger, more diverse demographic profile with a median age of 31.3 and a notable +0.7% increase in youth (0-19), contrasting regional trends. Its housing stock is characterized by 9.1% overcrowded units and 50.7% renter-occupied units, significantly higher than Pierce County and the United States, with 49.2% multi-family housing. In 2024, 36.1% of owners were cost-burdened, a +2.8% increase from 2023, and the housing affordability index is 0, compared to 1 nationally. Despite a median household income of $90,532, above the United States, Fife faces a higher poverty rate of 11.2% and increased SNAP reliance. The workforce shows lower educational attainment (27.9% with bachelor's or more) but robust labor force participation at 76.1%, surpassing Pierce County by 9.8 percentage points. Fife's population grew by +0.8% between 2024 and 2025.",2023,2024,ACS_Series,"{""Label"": ""Calc-High Occupants per Room"", ""Label"": ""Calc-Mid Occupants per Room""}",Change in percent of housing units that are overcrowded,Percentage,Change in percent of housing units that are overcrowded from the previous year to current,"Between 2023 and 2024, Fife, WA experienced a change in of housing units that are overcrowded of -0.0%.","Fife, WA's change in of housing units that are overcrowded of -0.0% is 0.1 percentage points lower than Pierce County (+0.1%).","Fife, WA's change in of housing units that are overcrowded of -0.0% is 0.1 percentage points lower than Washington (+0.0%), is 0.1 percentage points lower than United States (+0.0%), is 0.1 percentage points lower than Seattle MSA (+0.1%), is 0.1 percentage points lower than Puget Sound Region (+0.1%), and is 0.1 percentage points lower than Puyallup Reservation (+0.1%).",N/A,N/A,"Fife, WA experienced no change in the percentage of housing units that are overcrowded between 2023 and 2024, which was 0.1 percentage points lower than Pierce County, Washington, United States, Seattle MSA, Puget Sound Region, and Puyallup Reservation.",Focus value: -0.0%; Pierce County: +0.1% (diff: -0.1 pp); Washington: +0.0% (diff: -0.1 pp); United States: +0.0% (diff: -0.1 pp); Seattle MSA: +0.1% (diff: -0.1 pp); Puget Sound Region: +0.1% (diff: -0.1 pp); Puyallup Reservation: +0.1% (diff: -0.1 pp),Focus value: -0.0%; Pierce County: +0.1% (diff: -0.1 pp); Washington: +0.0% (diff: -0.1 pp); United States: +0.0% (diff: -0.1 pp); Seattle MSA: +0.1% (diff: -0.1 pp); Puget Sound Region: +0.1% (diff: -0.1 pp); Puyallup Reservation: +0.1% (diff: -0.1 pp),Current Period: 2024; Comparison Period: 2023; Current CPI: 313.68899999999996; Comparison CPI: 304.70200000000006; Calculation: Value (2024) - Value (2023) (no CPI adjustment)
Housing Stock,"Fife, WA exhibits distinct housing stock characteristics in 2024, with 9.1% of units overcrowded, significantly higher than Pierce County (+5.7 pp) and the United States (+5.6 pp), while this rate remained unchanged from 2023. Owner-occupied units stand at 43.8%, notably lower than Pierce County (-17.7 pp) and the United States (-14.8 pp), with a corresponding high renter-occupied rate of 50.7%. Vacancy rates are 5.5%, increasing by +0.5% since 2023, exceeding Pierce County's change by 0.8 percentage points. Fife's housing stock is predominantly newer, with 44.0% built between 1990 and 2009, a larger share than the Seattle MSA (28.3%). Multi-family housing dominates at 49.2%, contrasting sharply with the single-family prevalence in Pierce County and the United States.","Fife, WA exhibits a younger, more diverse demographic profile with a median age of 31.3 and a notable +0.7% increase in youth (0-19), contrasting regional trends. Its housing stock is characterized by 9.1% overcrowded units and 50.7% renter-occupied units, significantly higher than Pierce County and the United States, with 49.2% multi-family housing. In 2024, 36.1% of owners were cost-burdened, a +2.8% increase from 2023, and the housing affordability index is 0, compared to 1 nationally. Despite a median household income of $90,532, above the United States, Fife faces a higher poverty rate of 11.2% and increased SNAP reliance. The workforce shows lower educational attainment (27.9% with bachelor's or more) but robust labor force participation at 76.1%, surpassing Pierce County by 9.8 percentage points. Fife's population grew by +0.8% between 2024 and 2025.",2024,2024,ACS_Series,"{""Label"": ""Calc-Occupied owned units""}",Percent of housing units that are owner occupied,Percentage,Percent of housing units that are occupied by owners in the geography in the current year,"In 2024, Fife, WA recorded a of housing units that are owner occupied of 43.8%.","Fife, WA's of housing units that are owner occupied of 43.8% is 17.7 percentage points lower than Pierce County (61.5%).","Fife, WA's of housing units that are owner occupied of 43.8% is 12.7 percentage points lower than Puget Sound Region (56.5%), is 12.8 percentage points lower than Seattle MSA (56.6%), is 14.8 percentage points lower than United States (58.6%), is 15.3 percentage points lower than Washington (59.1%), and is 21.7 percentage points lower than Puyallup Reservation (65.4%).",N/A,N/A,"Fife, WA had 43.8% of its housing units owner occupied in 2024, which is 17.7 percentage points lower than Pierce County (61.5%), and notably below the United States (58.6%), Washington (59.1%), and Puyallup Reservation (65.4%).",Focus value: 43.8%; Pierce County: 61.5% (diff: -17.7 pp); Puget Sound Region: 56.5% (diff: -12.7 pp); Seattle MSA: 56.6% (diff: -12.8 pp); United States: 58.6% (diff: -14.8 pp); Washington: 59.1% (diff: -15.3 pp); Puyallup Reservation: 65.4% (diff: -21.7 pp),Focus value: 43.8%; Pierce County: 61.5% (diff: -17.7 pp); Puget Sound Region: 56.5% (diff: -12.7 pp); Seattle MSA: 56.6% (diff: -12.8 pp); United States: 58.6% (diff: -14.8 pp); Washington: 59.1% (diff: -15.3 pp); Puyallup Reservation: 65.4% (diff: -21.7 pp),Current Period: 2024; Current CPI: 313.68899999999996; Calculation: Value (2024) (Nominal - no CPI adjustment for single-year metric)
Housing Stock,"Fife, WA exhibits distinct housing stock characteristics in 2024, with 9.1% of units overcrowded, significantly higher than Pierce County (+5.7 pp) and the United States (+5.6 pp), while this rate remained unchanged from 2023. Owner-occupied units stand at 43.8%, notably lower than Pierce County (-17.7 pp) and the United States (-14.8 pp), with a corresponding high renter-occupied rate of 50.7%. Vacancy rates are 5.5%, increasing by +0.5% since 2023, exceeding Pierce County's change by 0.8 percentage points. Fife's housing stock is predominantly newer, with 44.0% built between 1990 and 2009, a larger share than the Seattle MSA (28.3%). Multi-family housing dominates at 49.2%, contrasting sharply with the single-family prevalence in Pierce County and the United States.","Fife, WA exhibits a younger, more diverse demographic profile with a median age of 31.3 and a notable +0.7% increase in youth (0-19), contrasting regional trends. Its housing stock is characterized by 9.1% overcrowded units and 50.7% renter-occupied units, significantly higher than Pierce County and the United States, with 49.2% multi-family housing. In 2024, 36.1% of owners were cost-burdened, a +2.8% increase from 2023, and the housing affordability index is 0, compared to 1 nationally. Despite a median household income of $90,532, above the United States, Fife faces a higher poverty rate of 11.2% and increased SNAP reliance. The workforce shows lower educational attainment (27.9% with bachelor's or more) but robust labor force participation at 76.1%, surpassing Pierce County by 9.8 percentage points. Fife's population grew by +0.8% between 2024 and 2025.",2023,2024,ACS_Series,"{""Label"": ""Calc-Occupied owned units""}",Change in percent of housing units that are owner occupied,Percentage,Change in percent of housing units that are occupied by owners from the previous year to current,"Between 2023 and 2024, Fife, WA experienced a change in of housing units that are owner occupied of -0.4%.","Fife, WA's change in of housing units that are owner occupied of -0.4% is 0.5 percentage points lower than Pierce County (+0.1%).","Fife, WA's change in of housing units that are owner occupied of -0.4% is 0.3 percentage points higher than Puget Sound Region (-0.7%), is 0.0 percentage points lower than Seattle MSA (-0.4%), is 0.4 percentage points lower than Washington (-0.0%), is 0.6 percentage points lower than Puyallup Reservation (+0.2%), and is 0.7 percentage points lower than United States (+0.3%).",N/A,N/A,"Fife, WA experienced a -0.4% change in owner-occupied housing units between 2023 and 2024, which was 0.5 percentage points lower than Pierce County (+0.1%), matched the Seattle MSA (-0.4%), and was 0.7 percentage points lower than the United States (+0.3%).",Focus value: -0.4%; Pierce County: +0.1% (diff: -0.5 pp); Puget Sound Region: -0.7% (diff: +0.3 pp); Seattle MSA: -0.4% (diff: -0.0 pp); Washington: -0.0% (diff: -0.4 pp); Puyallup Reservation: +0.2% (diff: -0.6 pp); United States: +0.3% (diff: -0.7 pp),Focus value: -0.4%; Pierce County: +0.1% (diff: -0.5 pp); Puget Sound Region: -0.7% (diff: +0.3 pp); Seattle MSA: -0.4% (diff: -0.0 pp); Washington: -0.0% (diff: -0.4 pp); Puyallup Reservation: +0.2% (diff: -0.6 pp); United States: +0.3% (diff: -0.7 pp),Current Period: 2024; Comparison Period: 2023; Current CPI: 313.68899999999996; Comparison CPI: 304.70200000000006; Calculation: Value (2024) - Value (2023) (no CPI adjustment)
Housing Stock,"Fife, WA exhibits distinct housing stock characteristics in 2024, with 9.1% of units overcrowded, significantly higher than Pierce County (+5.7 pp) and the United States (+5.6 pp), while this rate remained unchanged from 2023. Owner-occupied units stand at 43.8%, notably lower than Pierce County (-17.7 pp) and the United States (-14.8 pp), with a corresponding high renter-occupied rate of 50.7%. Vacancy rates are 5.5%, increasing by +0.5% since 2023, exceeding Pierce County's change by 0.8 percentage points. Fife's housing stock is predominantly newer, with 44.0% built between 1990 and 2009, a larger share than the Seattle MSA (28.3%). Multi-family housing dominates at 49.2%, contrasting sharply with the single-family prevalence in Pierce County and the United States.","Fife, WA exhibits a younger, more diverse demographic profile with a median age of 31.3 and a notable +0.7% increase in youth (0-19), contrasting regional trends. Its housing stock is characterized by 9.1% overcrowded units and 50.7% renter-occupied units, significantly higher than Pierce County and the United States, with 49.2% multi-family housing. In 2024, 36.1% of owners were cost-burdened, a +2.8% increase from 2023, and the housing affordability index is 0, compared to 1 nationally. Despite a median household income of $90,532, above the United States, Fife faces a higher poverty rate of 11.2% and increased SNAP reliance. The workforce shows lower educational attainment (27.9% with bachelor's or more) but robust labor force participation at 76.1%, surpassing Pierce County by 9.8 percentage points. Fife's population grew by +0.8% between 2024 and 2025.",2024,2024,ACS_Series,"{""Label"": ""Calc-Occupied rented units""}",Percent of housing units that are renter occupied,Percentage,Percent of housing units that are occupied by renters in the geography in the current year,"In 2024, Fife, WA recorded a of housing units that are renter occupied of 50.7%.","Fife, WA's of housing units that are renter occupied of 50.7% is 17.2 percentage points higher than Pierce County (33.5%).","Fife, WA's of housing units that are renter occupied of 50.7% is 20.2 percentage points higher than Puyallup Reservation (30.5%), is 19.4 percentage points higher than United States (31.3%), is 17.2 percentage points higher than Washington (33.6%), is 13.0 percentage points higher than Seattle MSA (37.8%), and is 12.8 percentage points higher than Puget Sound Region (37.9%).",N/A,N/A,"Fife, WA recorded a renter-occupied housing unit rate of 50.7% in 2024, which is 20.2 percentage points higher than Puyallup Reservation (30.5%) and 19.4 percentage points higher than the United States (31.3%).",Focus value: 50.7%; Pierce County: 33.5% (diff: +17.2 pp); Puyallup Reservation: 30.5% (diff: +20.2 pp); United States: 31.3% (diff: +19.4 pp); Washington: 33.6% (diff: +17.2 pp); Seattle MSA: 37.8% (diff: +13.0 pp); Puget Sound Region: 37.9% (diff: +12.8 pp),Focus value: 50.7%; Pierce County: 33.5% (diff: +17.2 pp); Puyallup Reservation: 30.5% (diff: +20.2 pp); United States: 31.3% (diff: +19.4 pp); Washington: 33.6% (diff: +17.2 pp); Seattle MSA: 37.8% (diff: +13.0 pp); Puget Sound Region: 37.9% (diff: +12.8 pp),Current Period: 2024; Current CPI: 313.68899999999996; Calculation: Value (2024) (Nominal - no CPI adjustment for single-year metric)
Housing Stock,"Fife, WA exhibits distinct housing stock characteristics in 2024, with 9.1% of units overcrowded, significantly higher than Pierce County (+5.7 pp) and the United States (+5.6 pp), while this rate remained unchanged from 2023. Owner-occupied units stand at 43.8%, notably lower than Pierce County (-17.7 pp) and the United States (-14.8 pp), with a corresponding high renter-occupied rate of 50.7%. Vacancy rates are 5.5%, increasing by +0.5% since 2023, exceeding Pierce County's change by 0.8 percentage points. Fife's housing stock is predominantly newer, with 44.0% built between 1990 and 2009, a larger share than the Seattle MSA (28.3%). Multi-family housing dominates at 49.2%, contrasting sharply with the single-family prevalence in Pierce County and the United States.","Fife, WA exhibits a younger, more diverse demographic profile with a median age of 31.3 and a notable +0.7% increase in youth (0-19), contrasting regional trends. Its housing stock is characterized by 9.1% overcrowded units and 50.7% renter-occupied units, significantly higher than Pierce County and the United States, with 49.2% multi-family housing. In 2024, 36.1% of owners were cost-burdened, a +2.8% increase from 2023, and the housing affordability index is 0, compared to 1 nationally. Despite a median household income of $90,532, above the United States, Fife faces a higher poverty rate of 11.2% and increased SNAP reliance. The workforce shows lower educational attainment (27.9% with bachelor's or more) but robust labor force participation at 76.1%, surpassing Pierce County by 9.8 percentage points. Fife's population grew by +0.8% between 2024 and 2025.",2023,2024,ACS_Series,"{""Label"": ""Calc-Occupied rented units""}",Change in percent of housing units that are renter occupied,Percentage,Change in percent of housing units that are occupied by renters from the previous year to current,"Between 2023 and 2024, Fife, WA experienced a change in of housing units that are renter occupied of -0.1%.","Fife, WA's change in of housing units that are renter occupied of -0.1% is 0.3 percentage points lower than Pierce County (+0.1%).","Fife, WA's change in of housing units that are renter occupied of -0.1% is 0.0 percentage points lower than Puyallup Reservation (-0.1%), is 0.1 percentage points lower than United States (-0.0%), is 0.3 percentage points lower than Washington (+0.1%), is 0.6 percentage points lower than Seattle MSA (+0.4%), and is 1.2 percentage points lower than Puget Sound Region (+1.1%).",N/A,N/A,"Fife, WA experienced a -0.1% change in the percentage of housing units that are renter occupied between 2023 and 2024, which was identical to Puyallup Reservation (-0.1%), 0.3 percentage points lower than both Pierce County (+0.1%) and Washington (+0.1%), and significantly lower than the Puget Sound Region (+1.1%) by 1.2 percentage points.",Focus value: -0.1%; Pierce County: +0.1% (diff: -0.3 pp); Puyallup Reservation: -0.1% (diff: -0.0 pp); United States: -0.0% (diff: -0.1 pp); Washington: +0.1% (diff: -0.3 pp); Seattle MSA: +0.4% (diff: -0.6 pp); Puget Sound Region: +1.1% (diff: -1.2 pp),Focus value: -0.1%; Pierce County: +0.1% (diff: -0.3 pp); Puyallup Reservation: -0.1% (diff: -0.0 pp); United States: -0.0% (diff: -0.1 pp); Washington: +0.1% (diff: -0.3 pp); Seattle MSA: +0.4% (diff: -0.6 pp); Puget Sound Region: +1.1% (diff: -1.2 pp),Current Period: 2024; Comparison Period: 2023; Current CPI: 313.68899999999996; Comparison CPI: 304.70200000000006; Calculation: Value (2024) - Value (2023) (no CPI adjustment)
Housing Stock,"Fife, WA exhibits distinct housing stock characteristics in 2024, with 9.1% of units overcrowded, significantly higher than Pierce County (+5.7 pp) and the United States (+5.6 pp), while this rate remained unchanged from 2023. Owner-occupied units stand at 43.8%, notably lower than Pierce County (-17.7 pp) and the United States (-14.8 pp), with a corresponding high renter-occupied rate of 50.7%. Vacancy rates are 5.5%, increasing by +0.5% since 2023, exceeding Pierce County's change by 0.8 percentage points. Fife's housing stock is predominantly newer, with 44.0% built between 1990 and 2009, a larger share than the Seattle MSA (28.3%). Multi-family housing dominates at 49.2%, contrasting sharply with the single-family prevalence in Pierce County and the United States.","Fife, WA exhibits a younger, more diverse demographic profile with a median age of 31.3 and a notable +0.7% increase in youth (0-19), contrasting regional trends. Its housing stock is characterized by 9.1% overcrowded units and 50.7% renter-occupied units, significantly higher than Pierce County and the United States, with 49.2% multi-family housing. In 2024, 36.1% of owners were cost-burdened, a +2.8% increase from 2023, and the housing affordability index is 0, compared to 1 nationally. Despite a median household income of $90,532, above the United States, Fife faces a higher poverty rate of 11.2% and increased SNAP reliance. The workforce shows lower educational attainment (27.9% with bachelor's or more) but robust labor force participation at 76.1%, surpassing Pierce County by 9.8 percentage points. Fife's population grew by +0.8% between 2024 and 2025.",2024,2024,ACS_Series,"{""Label"": ""Calc-Vacant housing units""}",Percent of housing units that are vacant,Percentage,Percent of housing units that are vacant in the geography in the current year,"In 2024, Fife, WA recorded a of housing units that are vacant of 5.5%.","Fife, WA's of housing units that are vacant of 5.5% is 0.5 percentage points higher than Pierce County (5.0%).","Fife, WA's of housing units that are vacant of 5.5% is 1.4 percentage points higher than Puyallup Reservation (4.1%), is 0.1 percentage points lower than Puget Sound Region (5.6%), is 0.1 percentage points lower than Seattle MSA (5.6%), is 1.8 percentage points lower than Washington (7.3%), and is 4.6 percentage points lower than United States (10.1%).",N/A,N/A,"Fife, WA recorded a vacant housing unit percentage of 5.5% in 2024, which is 0.5 percentage points higher than Pierce County and 1.4 percentage points higher than Puyallup Reservation, but 0.1 percentage points lower than both the Puget Sound Region and Seattle MSA, and notably below the state average of 7.3% for Washington and the national average of 10.1% for the United States.",Focus value: 5.5%; Pierce County: 5.0% (diff: +0.5 pp); Puyallup Reservation: 4.1% (diff: +1.4 pp); Puget Sound Region: 5.6% (diff: -0.1 pp); Seattle MSA: 5.6% (diff: -0.1 pp); Washington: 7.3% (diff: -1.8 pp); United States: 10.1% (diff: -4.6 pp),Focus value: 5.5%; Pierce County: 5.0% (diff: +0.5 pp); Puyallup Reservation: 4.1% (diff: +1.4 pp); Puget Sound Region: 5.6% (diff: -0.1 pp); Seattle MSA: 5.6% (diff: -0.1 pp); Washington: 7.3% (diff: -1.8 pp); United States: 10.1% (diff: -4.6 pp),Current Period: 2024; Current CPI: 313.68899999999996; Calculation: Value (2024) (Nominal - no CPI adjustment for single-year metric)
Housing Stock,"Fife, WA exhibits distinct housing stock characteristics in 2024, with 9.1% of units overcrowded, significantly higher than Pierce County (+5.7 pp) and the United States (+5.6 pp), while this rate remained unchanged from 2023. Owner-occupied units stand at 43.8%, notably lower than Pierce County (-17.7 pp) and the United States (-14.8 pp), with a corresponding high renter-occupied rate of 50.7%. Vacancy rates are 5.5%, increasing by +0.5% since 2023, exceeding Pierce County's change by 0.8 percentage points. Fife's housing stock is predominantly newer, with 44.0% built between 1990 and 2009, a larger share than the Seattle MSA (28.3%). Multi-family housing dominates at 49.2%, contrasting sharply with the single-family prevalence in Pierce County and the United States.","Fife, WA exhibits a younger, more diverse demographic profile with a median age of 31.3 and a notable +0.7% increase in youth (0-19), contrasting regional trends. Its housing stock is characterized by 9.1% overcrowded units and 50.7% renter-occupied units, significantly higher than Pierce County and the United States, with 49.2% multi-family housing. In 2024, 36.1% of owners were cost-burdened, a +2.8% increase from 2023, and the housing affordability index is 0, compared to 1 nationally. Despite a median household income of $90,532, above the United States, Fife faces a higher poverty rate of 11.2% and increased SNAP reliance. The workforce shows lower educational attainment (27.9% with bachelor's or more) but robust labor force participation at 76.1%, surpassing Pierce County by 9.8 percentage points. Fife's population grew by +0.8% between 2024 and 2025.",2023,2024,ACS_Series,"{""Label"": ""Calc-Vacant housing units""}",Change in percent of housing units that are vacant,Percentage,Change in percent of housing units that are vacant from the previous year to current,"Between 2023 and 2024, Fife, WA experienced a change in of housing units that are vacant of +0.5%.","Fife, WA's change in of housing units that are vacant of +0.5% is 0.8 percentage points higher than Pierce County (-0.2%).","Fife, WA's change in of housing units that are vacant of +0.5% is 0.9 percentage points higher than Puget Sound Region (-0.4%), is 0.9 percentage points higher than United States (-0.3%), is 0.6 percentage points higher than Washington (-0.1%), is 0.6 percentage points higher than Puyallup Reservation (-0.1%), and is 0.6 percentage points higher than Seattle MSA (-0.1%).",N/A,N/A,"Fife, WA experienced a +0.5% change in vacant housing units between 2023 and 2024, which was 0.8 percentage points higher than Pierce County (-0.2%) and notably exceeded the Puget Sound Region (-0.4%) and United States (-0.3%) by 0.9 percentage points and Washington, Puyallup Reservation, and Seattle MSA (all at -0.1%) by 0.6 percentage points.",Focus value: +0.5%; Pierce County: -0.2% (diff: +0.8 pp); Puget Sound Region: -0.4% (diff: +0.9 pp); United States: -0.3% (diff: +0.9 pp); Washington: -0.1% (diff: +0.6 pp); Puyallup Reservation: -0.1% (diff: +0.6 pp); Seattle MSA: -0.1% (diff: +0.6 pp),Focus value: +0.5%; Pierce County: -0.2% (diff: +0.8 pp); Puget Sound Region: -0.4% (diff: +0.9 pp); United States: -0.3% (diff: +0.9 pp); Washington: -0.1% (diff: +0.6 pp); Puyallup Reservation: -0.1% (diff: +0.6 pp); Seattle MSA: -0.1% (diff: +0.6 pp),Current Period: 2024; Comparison Period: 2023; Current CPI: 313.68899999999996; Comparison CPI: 304.70200000000006; Calculation: Value (2024) - Value (2023) (no CPI adjustment)
Housing Stock,"Fife, WA exhibits distinct housing stock characteristics in 2024, with 9.1% of units overcrowded, significantly higher than Pierce County (+5.7 pp) and the United States (+5.6 pp), while this rate remained unchanged from 2023. Owner-occupied units stand at 43.8%, notably lower than Pierce County (-17.7 pp) and the United States (-14.8 pp), with a corresponding high renter-occupied rate of 50.7%. Vacancy rates are 5.5%, increasing by +0.5% since 2023, exceeding Pierce County's change by 0.8 percentage points. Fife's housing stock is predominantly newer, with 44.0% built between 1990 and 2009, a larger share than the Seattle MSA (28.3%). Multi-family housing dominates at 49.2%, contrasting sharply with the single-family prevalence in Pierce County and the United States.","Fife, WA exhibits a younger, more diverse demographic profile with a median age of 31.3 and a notable +0.7% increase in youth (0-19), contrasting regional trends. Its housing stock is characterized by 9.1% overcrowded units and 50.7% renter-occupied units, significantly higher than Pierce County and the United States, with 49.2% multi-family housing. In 2024, 36.1% of owners were cost-burdened, a +2.8% increase from 2023, and the housing affordability index is 0, compared to 1 nationally. Despite a median household income of $90,532, above the United States, Fife faces a higher poverty rate of 11.2% and increased SNAP reliance. The workforce shows lower educational attainment (27.9% with bachelor's or more) but robust labor force participation at 76.1%, surpassing Pierce County by 9.8 percentage points. Fife's population grew by +0.8% between 2024 and 2025.",2024,2024,ACS_Series,"{""Label"": ""Calc-Built 1949 or earlier"", ""Label"": ""Calc-Built 1950 - 1969"", ""Label"": ""Calc-Built 1970 - 1989"", ""Label"": ""Calc-Built 1990 - 2009"", ""Label"": ""Calc-Built 2010 or later""}",Largest housing age category,Ordinal,Largest percent of housing units by age category in the geography in the current year,"In 2024, Fife, WA's primary largest housing age category was Calc-Built 1990 - 2009 (44.0%).","Fife, WA and Pierce County both share Calc-Built 1990 - 2009 as their primary largest housing age category, with Fife, WA at 44.0% and Pierce County at 31.6%.","Fife, WA and Seattle MSA both share Calc-Built 1990 - 2009 as their primary largest housing age category, with Fife, WA at 44.0% and Seattle MSA at 28.3%. While Fife, WA's primary largest housing age category is Calc-Built 1990 - 2009 (44.0%), United States is primarily driven by Calc-Built 1970 - 1989 (27.1%). Fife, WA and Puget Sound Region both share Calc-Built 1990 - 2009 as their primary largest housing age category, with Fife, WA at 44.0% and Puget Sound Region at 28.0%. Fife, WA and Puyallup Reservation both share Calc-Built 1990 - 2009 as their primary largest housing age category, with Fife, WA at 44.0% and Puyallup Reservation at 35.9%. Fife, WA and Washington both share Calc-Built 1990 - 2009 as their primary largest housing age category, with Fife, WA at 44.0% and Washington at 29.8%.",N/A,N/A,"Fife, WA's primary largest housing age category in 2024 was calc-built 1990 - 2009 (44.0%), a significantly larger share than Seattle MSA (28.3%), Puget Sound Region (28.0%), and Washington (29.8%), and contrasting with the United States' primary category of calc-built 1970 - 1989 (27.1%).",Focus value: 44.0%; Pierce County: 31.6% (diff: +12.4%); Seattle MSA: 28.3% (diff: +15.7%); United States: 27.1% (diff: +16.9%); Puget Sound Region: 28.0% (diff: +16.0%); Puyallup Reservation: 35.9% (diff: +8.0%); Washington: 29.8% (diff: +14.1%),Focus value: 44.0%; Pierce County: 31.6% (diff: +12.4%); Seattle MSA: 28.3% (diff: +15.7%); United States: 27.1% (diff: +16.9%); Puget Sound Region: 28.0% (diff: +16.0%); Puyallup Reservation: 35.9% (diff: +8.0%); Washington: 29.8% (diff: +14.1%),Calculation: Nominal (no CPI adjustment)
Housing Stock,"Fife, WA exhibits distinct housing stock characteristics in 2024, with 9.1% of units overcrowded, significantly higher than Pierce County (+5.7 pp) and the United States (+5.6 pp), while this rate remained unchanged from 2023. Owner-occupied units stand at 43.8%, notably lower than Pierce County (-17.7 pp) and the United States (-14.8 pp), with a corresponding high renter-occupied rate of 50.7%. Vacancy rates are 5.5%, increasing by +0.5% since 2023, exceeding Pierce County's change by 0.8 percentage points. Fife's housing stock is predominantly newer, with 44.0% built between 1990 and 2009, a larger share than the Seattle MSA (28.3%). Multi-family housing dominates at 49.2%, contrasting sharply with the single-family prevalence in Pierce County and the United States.","Fife, WA exhibits a younger, more diverse demographic profile with a median age of 31.3 and a notable +0.7% increase in youth (0-19), contrasting regional trends. Its housing stock is characterized by 9.1% overcrowded units and 50.7% renter-occupied units, significantly higher than Pierce County and the United States, with 49.2% multi-family housing. In 2024, 36.1% of owners were cost-burdened, a +2.8% increase from 2023, and the housing affordability index is 0, compared to 1 nationally. Despite a median household income of $90,532, above the United States, Fife faces a higher poverty rate of 11.2% and increased SNAP reliance. The workforce shows lower educational attainment (27.9% with bachelor's or more) but robust labor force participation at 76.1%, surpassing Pierce County by 9.8 percentage points. Fife's population grew by +0.8% between 2024 and 2025.",2023,2024,ACS_Series,"{""Label"": ""Calc-Built 1949 or earlier"", ""Label"": ""Calc-Built 1950 - 1969"", ""Label"": ""Calc-Built 1970 - 1989"", ""Label"": ""Calc-Built 1990 - 2009"", ""Label"": ""Calc-Built 2010 or later""}",Largest change in housing age category,Percentage,Largest change in percent of housing units by age category from the previous year to current,"In 2024, Fife, WA's primary largest change in housing age category was Calc-Built 1970 - 1989 (+2.7%).","while Fife, WA's primary largest change in housing age category is Calc-Built 1970 - 1989 (+2.7%), Pierce County is primarily driven by Calc-Built 2010 or later (+1.5%).","while Fife, WA's primary largest change in housing age category is Calc-Built 1970 - 1989 (+2.7%), United States is primarily driven by Calc-Built 2010 or later (+1.3%). While Fife, WA's primary largest change in housing age category is Calc-Built 1970 - 1989 (+2.7%), Seattle MSA is primarily driven by Calc-Built 2010 or later (+1.6%). While Fife, WA's primary largest change in housing age category is Calc-Built 1970 - 1989 (+2.7%), Puyallup Reservation is primarily driven by Calc-Built 1950 - 1969 (-1.7%). While Fife, WA's primary largest change in housing age category is Calc-Built 1970 - 1989 (+2.7%), Washington is primarily driven by Calc-Built 2010 or later (+1.5%). While Fife, WA's primary largest change in housing age category is Calc-Built 1970 - 1989 (+2.7%), Puget Sound Region is primarily driven by Calc-Built 2010 or later (+1.7%).",N/A,N/A,"Fife, WA's largest change in housing age category in 2024 was a 2.7 percentage point increase in the share of homes built between 1970 and 1989, contrasting with Pierce County, Seattle MSA, Washington, and the United States, which primarily saw their largest changes in the share of homes built 2010 or later, and notably differing from Puyallup Reservation's 1.7 percentage point decrease in the share of homes built between 1950 and 1969.",Focus value: +2.7%; Pierce County: +1.5% (diff: +1.2 pp); United States: +1.3% (diff: +1.4 pp); Seattle MSA: +1.6% (diff: +1.1 pp); Puyallup Reservation: -1.7% (diff: +4.4 pp); Washington: +1.5% (diff: +1.2 pp); Puget Sound Region: +1.7% (diff: +1.0 pp),Focus value: +2.7%; Pierce County: +1.5% (diff: +1.2 pp); United States: +1.3% (diff: +1.4 pp); Seattle MSA: +1.6% (diff: +1.1 pp); Puyallup Reservation: -1.7% (diff: +4.4 pp); Washington: +1.5% (diff: +1.2 pp); Puget Sound Region: +1.7% (diff: +1.0 pp),Calculation: Nominal (no CPI adjustment)
Housing Stock,"Fife, WA exhibits distinct housing stock characteristics in 2024, with 9.1% of units overcrowded, significantly higher than Pierce County (+5.7 pp) and the United States (+5.6 pp), while this rate remained unchanged from 2023. Owner-occupied units stand at 43.8%, notably lower than Pierce County (-17.7 pp) and the United States (-14.8 pp), with a corresponding high renter-occupied rate of 50.7%. Vacancy rates are 5.5%, increasing by +0.5% since 2023, exceeding Pierce County's change by 0.8 percentage points. Fife's housing stock is predominantly newer, with 44.0% built between 1990 and 2009, a larger share than the Seattle MSA (28.3%). Multi-family housing dominates at 49.2%, contrasting sharply with the single-family prevalence in Pierce County and the United States.","Fife, WA exhibits a younger, more diverse demographic profile with a median age of 31.3 and a notable +0.7% increase in youth (0-19), contrasting regional trends. Its housing stock is characterized by 9.1% overcrowded units and 50.7% renter-occupied units, significantly higher than Pierce County and the United States, with 49.2% multi-family housing. In 2024, 36.1% of owners were cost-burdened, a +2.8% increase from 2023, and the housing affordability index is 0, compared to 1 nationally. Despite a median household income of $90,532, above the United States, Fife faces a higher poverty rate of 11.2% and increased SNAP reliance. The workforce shows lower educational attainment (27.9% with bachelor's or more) but robust labor force participation at 76.1%, surpassing Pierce County by 9.8 percentage points. Fife's population grew by +0.8% between 2024 and 2025.",2024,2024,ACS_Series,"{""Label"": ""Calc-Multi-family housing"", ""Label"": ""Calc-Single-family housing"", ""Label"": ""Calc-Mobile housing""}",Largest housing type,Ordinal,Largest percent of housing type in the geography in the current year,"In 2024, Fife, WA's primary largest housing type was Calc-Multi-family housing (49.2%).","while Fife, WA's primary largest housing type is Calc-Multi-family housing (49.2%), Pierce County is primarily driven by Calc-Single-family housing (70.4%).","while Fife, WA's primary largest housing type is Calc-Multi-family housing (49.2%), Puget Sound Region is primarily driven by Calc-Single-family housing (61.4%). While Fife, WA's primary largest housing type is Calc-Multi-family housing (49.2%), Washington is primarily driven by Calc-Single-family housing (66.3%). While Fife, WA's primary largest housing type is Calc-Multi-family housing (49.2%), Puyallup Reservation is primarily driven by Calc-Single-family housing (74.5%). While Fife, WA's primary largest housing type is Calc-Multi-family housing (49.2%), Seattle MSA is primarily driven by Calc-Single-family housing (61.3%). While Fife, WA's primary largest housing type is Calc-Multi-family housing (49.2%), United States is primarily driven by Calc-Single-family housing (67.5%).",N/A,N/A,"Fife, WA's largest housing type in 2024 was calc-multi-family housing at 49.2%, a notable contrast to calc-single-family housing being the dominant type in Pierce County, where its share exceeds Fife's multi-family share by 21.2 percentage points, and similarly in Washington (by 17.1 percentage points) and the United States (by 18.3 percentage points).",Focus value: 49.2%; Pierce County: 70.4% (diff: -21.2%); Puget Sound Region: 61.4% (diff: -12.2%); Washington: 66.3% (diff: -17.1%); Puyallup Reservation: 74.5% (diff: -25.3%); Seattle MSA: 61.3% (diff: -12.1%); United States: 67.5% (diff: -18.3%),Focus value: 49.2%; Pierce County: 70.4% (diff: -21.2%); Puget Sound Region: 61.4% (diff: -12.2%); Washington: 66.3% (diff: -17.1%); Puyallup Reservation: 74.5% (diff: -25.3%); Seattle MSA: 61.3% (diff: -12.1%); United States: 67.5% (diff: -18.3%),Calculation: Nominal (no CPI adjustment)
Housing Stock,"Fife, WA exhibits distinct housing stock characteristics in 2024, with 9.1% of units overcrowded, significantly higher than Pierce County (+5.7 pp) and the United States (+5.6 pp), while this rate remained unchanged from 2023. Owner-occupied units stand at 43.8%, notably lower than Pierce County (-17.7 pp) and the United States (-14.8 pp), with a corresponding high renter-occupied rate of 50.7%. Vacancy rates are 5.5%, increasing by +0.5% since 2023, exceeding Pierce County's change by 0.8 percentage points. Fife's housing stock is predominantly newer, with 44.0% built between 1990 and 2009, a larger share than the Seattle MSA (28.3%). Multi-family housing dominates at 49.2%, contrasting sharply with the single-family prevalence in Pierce County and the United States.","Fife, WA exhibits a younger, more diverse demographic profile with a median age of 31.3 and a notable +0.7% increase in youth (0-19), contrasting regional trends. Its housing stock is characterized by 9.1% overcrowded units and 50.7% renter-occupied units, significantly higher than Pierce County and the United States, with 49.2% multi-family housing. In 2024, 36.1% of owners were cost-burdened, a +2.8% increase from 2023, and the housing affordability index is 0, compared to 1 nationally. Despite a median household income of $90,532, above the United States, Fife faces a higher poverty rate of 11.2% and increased SNAP reliance. The workforce shows lower educational attainment (27.9% with bachelor's or more) but robust labor force participation at 76.1%, surpassing Pierce County by 9.8 percentage points. Fife's population grew by +0.8% between 2024 and 2025.",2023,2024,ACS_Series,"{""Label"": ""Calc-Multi-family housing"", ""Label"": ""Calc-Single-family housing"", ""Label"": ""Calc-Mobile housing""}",Largest change in housing type,Percentage,Largest change in percent of housing type from the previous year to current,"In 2024, Fife, WA's primary largest change in housing type was Calc-Mobile housing (+0.5%).","while Fife, WA's primary largest change in housing type is Calc-Mobile housing (+0.5%), Pierce County is primarily driven by Calc-Single-family housing (-0.5%).","while Fife, WA's primary largest change in housing type is Calc-Mobile housing (+0.5%), Puget Sound Region is primarily driven by Calc-Multi-family housing (+1.0%). While Fife, WA's primary largest change in housing type is Calc-Mobile housing (+0.5%), Puyallup Reservation is primarily driven by Calc-Single-family housing (-0.5%). While Fife, WA's primary largest change in housing type is Calc-Mobile housing (+0.5%), Seattle MSA is primarily driven by Calc-Multi-family housing (+0.7%). While Fife, WA's primary largest change in housing type is Calc-Mobile housing (+0.5%), United States is primarily driven by Calc-Multi-family housing (+0.1%). While Fife, WA's primary largest change in housing type is Calc-Mobile housing (+0.5%), Washington is primarily driven by Calc-Multi-family housing (+0.5%).",N/A,N/A,"Fife, WA's largest change in housing type in 2024 was a +0.5% increase in calc-mobile housing, contrasting with the primary drivers in Pierce County and Puyallup Reservation, both experiencing a -0.5% decrease in calc-single-family housing, and also differing from the calc-multi-family housing increases seen across the Puget Sound Region (+1.0%), Seattle MSA (+0.7%), and Washington (+0.5%).",Focus value: +0.5%; Pierce County: -0.5% (diff: +0.9 pp); Puget Sound Region: +1.0% (diff: -0.5 pp); Puyallup Reservation: -0.5% (diff: +1.0 pp); Seattle MSA: +0.7% (diff: -0.2 pp); United States: +0.1% (diff: +0.3 pp); Washington: +0.5% (diff: -0.0 pp),Focus value: +0.5%; Pierce County: -0.5% (diff: +0.9 pp); Puget Sound Region: +1.0% (diff: -0.5 pp); Puyallup Reservation: -0.5% (diff: +1.0 pp); Seattle MSA: +0.7% (diff: -0.2 pp); United States: +0.1% (diff: +0.3 pp); Washington: +0.5% (diff: -0.0 pp),Calculation: Nominal (no CPI adjustment)
