Topic,Topic Summary,Complete Summary,Comparison Period,Current Period,Data Source,Variables,Metric,Metric Type,Description,Internal Insight,Comparative Insight (Broad),Comparative Insight (Benchmarks),Comparative Insight (Peers),Comparative Insight (Peers - Detailed),Overall Insight,Math/Prompt Debug
Population,"Pierce County's 2025 population stood at 946,288, considerably smaller than the Seattle MSA (4.16 million) and Washington (8.00 million). Its recent population growth of +0.7% between 2024 and 2025 exceeded the United States (+0.5%) but lagged behind Washington (+0.9%) and the Seattle MSA (+1.0%). Cumulatively, Pierce County experienced a robust +60.2% increase, significantly outpacing the United States (+36.9%) but slightly below regional peers. Notably, Pierce County's recent population change was primarily driven by natural change (+2,626), a distinct pattern compared to the Seattle MSA and other broader regions, which were predominantly influenced by international migration, such as +37,353 for the Seattle MSA.","Fife, WA presents a distinct profile with a younger, more diverse population (median age 31.3, black population +3.5%) and strong labor force participation (76.1%, female 72.1%). However, the city faces significant housing affordability challenges, marked by a high overcrowding rate of 9.1% and 52.5% of renter households being cost-burdened. Owner-occupied units are low at 43.8%, while median listing prices surged by +$102,750, resulting in a low housing affordability index of 58. Median household income ($90,532) is lower than Pierce County, and female earnings are decreasing, contributing to higher poverty (11.2%) and SNAP usage (13.6%).",2025,2025,components_of_change,"{""Value Type"": ""POPESTIMATE""}",Population,Numeric,Current population for the geography,"In 2025, Pierce County recorded a population of 946,288.",N/A,"Pierce County's population of 946,288 is smaller than Seattle MSA (4.16 million), is smaller than Puget Sound Region (4.45 million), is smaller than Washington (8.00 million), and is smaller than United States (341.78 million).",N/A,N/A,"Pierce County recorded a population of 946,288 in 2025, which is considerably smaller than the Seattle MSA (4.16 million), the Puget Sound Region (4.45 million), Washington (8.00 million), and the United States (341.78 million).","Math Context: Focus value: 946,288; Seattle MSA: 4.16 million (diff: -3.22 million); Puget Sound Region: 4.45 million (diff: -3.50 million); Washington: 8.00 million (diff: -7.05 million); United States: 341.78 million (diff: -340.84 million)"
Population,"Pierce County's 2025 population stood at 946,288, considerably smaller than the Seattle MSA (4.16 million) and Washington (8.00 million). Its recent population growth of +0.7% between 2024 and 2025 exceeded the United States (+0.5%) but lagged behind Washington (+0.9%) and the Seattle MSA (+1.0%). Cumulatively, Pierce County experienced a robust +60.2% increase, significantly outpacing the United States (+36.9%) but slightly below regional peers. Notably, Pierce County's recent population change was primarily driven by natural change (+2,626), a distinct pattern compared to the Seattle MSA and other broader regions, which were predominantly influenced by international migration, such as +37,353 for the Seattle MSA.","Fife, WA presents a distinct profile with a younger, more diverse population (median age 31.3, black population +3.5%) and strong labor force participation (76.1%, female 72.1%). However, the city faces significant housing affordability challenges, marked by a high overcrowding rate of 9.1% and 52.5% of renter households being cost-burdened. Owner-occupied units are low at 43.8%, while median listing prices surged by +$102,750, resulting in a low housing affordability index of 58. Median household income ($90,532) is lower than Pierce County, and female earnings are decreasing, contributing to higher poverty (11.2%) and SNAP usage (13.6%).",2024,2025,components_of_change,"{""Value Type"": ""POPESTIMATE""}",Recent Percentage Population Change,Percentage,Percent difference in population for the geography from previous to current,"Between 2024 and 2025, Pierce County experienced a recent population change of +0.7%.",N/A,"Pierce County's recent population change of +0.7% is 0.2 percentage points higher than United States (+0.5%), is 0.2 percentage points lower than Washington (+0.9%), is 0.3 percentage points lower than Puget Sound Region (+1.0%), and is 0.4 percentage points lower than Seattle MSA (+1.0%).",N/A,N/A,"Pierce County's recent population change was an increase of +0.7% between 2024 and 2025, which was 0.2 percentage points higher than the United States (+0.5%) but 0.2 to 0.4 percentage points lower than Washington (+0.9%), Puget Sound Region (+1.0%), and Seattle MSA (+1.0%).",Math Context: Focus value: +0.7%; United States: +0.5% (diff: +0.2 pp); Washington: +0.9% (diff: -0.2 pp); Puget Sound Region: +1.0% (diff: -0.3 pp); Seattle MSA: +1.0% (diff: -0.4 pp)
Population,"Pierce County's 2025 population stood at 946,288, considerably smaller than the Seattle MSA (4.16 million) and Washington (8.00 million). Its recent population growth of +0.7% between 2024 and 2025 exceeded the United States (+0.5%) but lagged behind Washington (+0.9%) and the Seattle MSA (+1.0%). Cumulatively, Pierce County experienced a robust +60.2% increase, significantly outpacing the United States (+36.9%) but slightly below regional peers. Notably, Pierce County's recent population change was primarily driven by natural change (+2,626), a distinct pattern compared to the Seattle MSA and other broader regions, which were predominantly influenced by international migration, such as +37,353 for the Seattle MSA.","Fife, WA presents a distinct profile with a younger, more diverse population (median age 31.3, black population +3.5%) and strong labor force participation (76.1%, female 72.1%). However, the city faces significant housing affordability challenges, marked by a high overcrowding rate of 9.1% and 52.5% of renter households being cost-burdened. Owner-occupied units are low at 43.8%, while median listing prices surged by +$102,750, resulting in a low housing affordability index of 58. Median household income ($90,532) is lower than Pierce County, and female earnings are decreasing, contributing to higher poverty (11.2%) and SNAP usage (13.6%).",1990,2025,components_of_change,"{""Value Type"": ""POPESTIMATE""}",Cumulative Percentage Population Change,Percentage,Percent difference in population for the geography from 1990 to current,"In 2025, Pierce County recorded a cumulative population change of +60.2%.",N/A,"Pierce County's cumulative population change of +60.2% is 23.4 percentage points higher than United States (+36.9%), is 0.2 percentage points lower than Puget Sound Region (+60.4%), is 1.1 percentage points lower than Seattle MSA (+61.4%), and is 2.9 percentage points lower than Washington (+63.2%).",N/A,N/A,"Pierce County recorded a cumulative population change of +60.2% in 2025, which is 23.4 percentage points higher than the United States (+36.9%) but slightly below the Puget Sound Region, Seattle MSA, and Washington.",Math Context: Focus value: +60.2%; United States: +36.9% (diff: +23.4 pp); Puget Sound Region: +60.4% (diff: -0.2 pp); Seattle MSA: +61.4% (diff: -1.1 pp); Washington: +63.2% (diff: -2.9 pp)
Population,"Pierce County's 2025 population stood at 946,288, considerably smaller than the Seattle MSA (4.16 million) and Washington (8.00 million). Its recent population growth of +0.7% between 2024 and 2025 exceeded the United States (+0.5%) but lagged behind Washington (+0.9%) and the Seattle MSA (+1.0%). Cumulatively, Pierce County experienced a robust +60.2% increase, significantly outpacing the United States (+36.9%) but slightly below regional peers. Notably, Pierce County's recent population change was primarily driven by natural change (+2,626), a distinct pattern compared to the Seattle MSA and other broader regions, which were predominantly influenced by international migration, such as +37,353 for the Seattle MSA.","Fife, WA presents a distinct profile with a younger, more diverse population (median age 31.3, black population +3.5%) and strong labor force participation (76.1%, female 72.1%). However, the city faces significant housing affordability challenges, marked by a high overcrowding rate of 9.1% and 52.5% of renter households being cost-burdened. Owner-occupied units are low at 43.8%, while median listing prices surged by +$102,750, resulting in a low housing affordability index of 58. Median household income ($90,532) is lower than Pierce County, and female earnings are decreasing, contributing to higher poverty (11.2%) and SNAP usage (13.6%).",2025,2025,components_of_change,"{""Value Type"": ""NATURALCHG"", ""Value Type"": ""DOMESTICMIG"", ""Value Type"": ""INTERNATIONALMIG""}",Largest Driver of Change,Ordinal,Largest component of population change for the geography (or county-level counterpart) in current year,"In 2025, Pierce County's primary largest driver of change was Natural Change (+2,626).",N/A,"while Pierce County's primary largest driver of change is Natural Change (+2,626), Seattle MSA is primarily driven by International Migration (+37,353). While Pierce County's primary largest driver of change is Natural Change (+2,626), United States is primarily driven by International Migration (+1,262,202). While Pierce County's primary largest driver of change is Natural Change (+2,626), Puget Sound Region is primarily driven by International Migration (+37,907). While Pierce County's primary largest driver of change is Natural Change (+2,626), Washington is primarily driven by International Migration (+46,202).",N/A,N/A,"Pierce County's largest driver of change in 2025 was natural change (+2,626), unlike Seattle MSA, Puget Sound Region, Washington, and the United States, which were all primarily driven by international migration, with magnitudes significantly larger, such as +37,353 for Seattle MSA and +1,262,202 for the United States.","Math Context: Focus value: +2,626; Seattle MSA: +37,353 (diff: -+34,727); United States: +1,262,202 (diff: -+1,259,576); Puget Sound Region: +37,907 (diff: -+35,281); Washington: +46,202 (diff: -+43,576)"
Population,"Pierce County's 2025 population stood at 946,288, considerably smaller than the Seattle MSA (4.16 million) and Washington (8.00 million). Its recent population growth of +0.7% between 2024 and 2025 exceeded the United States (+0.5%) but lagged behind Washington (+0.9%) and the Seattle MSA (+1.0%). Cumulatively, Pierce County experienced a robust +60.2% increase, significantly outpacing the United States (+36.9%) but slightly below regional peers. Notably, Pierce County's recent population change was primarily driven by natural change (+2,626), a distinct pattern compared to the Seattle MSA and other broader regions, which were predominantly influenced by international migration, such as +37,353 for the Seattle MSA.","Fife, WA presents a distinct profile with a younger, more diverse population (median age 31.3, black population +3.5%) and strong labor force participation (76.1%, female 72.1%). However, the city faces significant housing affordability challenges, marked by a high overcrowding rate of 9.1% and 52.5% of renter households being cost-burdened. Owner-occupied units are low at 43.8%, while median listing prices surged by +$102,750, resulting in a low housing affordability index of 58. Median household income ($90,532) is lower than Pierce County, and female earnings are decreasing, contributing to higher poverty (11.2%) and SNAP usage (13.6%).",2024,2025,components_of_change,"{""Value Type"": ""NATURALCHG"", ""Value Type"": ""DOMESTICMIG"", ""Value Type"": ""INTERNATIONALMIG""}",Recent Dynamics in Drivers of Change,Numeric,Difference in current largest component of population change for the geography (or county-level counterpart) from previous,"In 2025, Pierce County's primary recent dynamics in drivers of change was Natural Change (+2,626).",N/A,"while Pierce County's primary recent dynamics in drivers of change is Natural Change (+2,626), Washington is primarily driven by International Migration (+46,202). While Pierce County's primary recent dynamics in drivers of change is Natural Change (+2,626), Seattle MSA is primarily driven by International Migration (+37,353). While Pierce County's primary recent dynamics in drivers of change is Natural Change (+2,626), Puget Sound Region is primarily driven by International Migration (+37,907). While Pierce County's primary recent dynamics in drivers of change is Natural Change (+2,626), United States is primarily driven by International Migration (+1,262,202).",N/A,N/A,"Pierce County's primary recent dynamics in drivers of change in 2025 were natural change (+2,626), contrasting with Washington, Seattle MSA, Puget Sound Region, and the United States, which were all primarily driven by international migration, with contributions ranging from +37,353 to over +1.2 million.","Math Context: Focus value: +2,626; Washington: +46,202 (diff: -+43,576); Seattle MSA: +37,353 (diff: -+34,727); Puget Sound Region: +37,907 (diff: -+35,281); United States: +1,262,202 (diff: -+1,259,576)"
Population,"Pierce County's 2025 population stood at 946,288, considerably smaller than the Seattle MSA (4.16 million) and Washington (8.00 million). Its recent population growth of +0.7% between 2024 and 2025 exceeded the United States (+0.5%) but lagged behind Washington (+0.9%) and the Seattle MSA (+1.0%). Cumulatively, Pierce County experienced a robust +60.2% increase, significantly outpacing the United States (+36.9%) but slightly below regional peers. Notably, Pierce County's recent population change was primarily driven by natural change (+2,626), a distinct pattern compared to the Seattle MSA and other broader regions, which were predominantly influenced by international migration, such as +37,353 for the Seattle MSA.","Fife, WA presents a distinct profile with a younger, more diverse population (median age 31.3, black population +3.5%) and strong labor force participation (76.1%, female 72.1%). However, the city faces significant housing affordability challenges, marked by a high overcrowding rate of 9.1% and 52.5% of renter households being cost-burdened. Owner-occupied units are low at 43.8%, while median listing prices surged by +$102,750, resulting in a low housing affordability index of 58. Median household income ($90,532) is lower than Pierce County, and female earnings are decreasing, contributing to higher poverty (11.2%) and SNAP usage (13.6%).",1990,2025,components_of_change,"{""Value Type"": ""NATURALCHG"", ""Value Type"": ""DOMESTICMIG"", ""Value Type"": ""INTERNATIONALMIG""}",Cumulative Dynamics in Drivers of Change,Numeric,Largest cumulative component of population change for the geography (or county-level counterpart) from 1990 to current year,"In 2025, Pierce County's primary cumulative dynamics in drivers of change was Natural Change (+170,815).",N/A,"Pierce County and Seattle MSA both share Natural Change as their primary cumulative dynamics in drivers of change, with Pierce County at +170,815 and Seattle MSA at +731,096. Pierce County and United States both share Natural Change as their primary cumulative dynamics in drivers of change, with Pierce County at +170,815 and United States at +49,389,449. Pierce County and Washington both share Natural Change as their primary cumulative dynamics in drivers of change, with Pierce County at +170,815 and Washington at +1,216,498. Pierce County and Puget Sound Region both share Natural Change as their primary cumulative dynamics in drivers of change, with Pierce County at +170,815 and Puget Sound Region at +772,949.",N/A,N/A,"Pierce County's primary cumulative dynamic in drivers of change in 2025 was natural change at +170,815, a trend consistent with the Seattle MSA (+731,096) and Washington (+1,216,498).","Math Context: Focus value: +170,815; Seattle MSA: +731,096 (diff: -+560,281); United States: +49,389,449 (diff: -+49,218,633); Washington: +1,216,498 (diff: -+1,045,683); Puget Sound Region: +772,949 (diff: -+602,134)"
Population,"Pierce County's 2025 population stood at 946,288, considerably smaller than the Seattle MSA (4.16 million) and Washington (8.00 million). Its recent population growth of +0.7% between 2024 and 2025 exceeded the United States (+0.5%) but lagged behind Washington (+0.9%) and the Seattle MSA (+1.0%). Cumulatively, Pierce County experienced a robust +60.2% increase, significantly outpacing the United States (+36.9%) but slightly below regional peers. Notably, Pierce County's recent population change was primarily driven by natural change (+2,626), a distinct pattern compared to the Seattle MSA and other broader regions, which were predominantly influenced by international migration, such as +37,353 for the Seattle MSA.","Fife, WA presents a distinct profile with a younger, more diverse population (median age 31.3, black population +3.5%) and strong labor force participation (76.1%, female 72.1%). However, the city faces significant housing affordability challenges, marked by a high overcrowding rate of 9.1% and 52.5% of renter households being cost-burdened. Owner-occupied units are low at 43.8%, while median listing prices surged by +$102,750, resulting in a low housing affordability index of 58. Median household income ($90,532) is lower than Pierce County, and female earnings are decreasing, contributing to higher poverty (11.2%) and SNAP usage (13.6%).",2024,2025,components_of_change,"{""Value Type"": ""POPESTIMATE""}",Change in Focus Region's Share of Broad Region's Population,Percentage,Difference in focus region's share of the population of the broader region from the previous year,"Between 2024 and 2025, Fife, WA experienced a change in focus region's share of broad region's population of +0.0%.",N/A,N/A,N/A,N/A,"Fife, WA experienced a +0.0% change in focus region's share of broad region's population between 2024 and 2025.",Math Context: Focus value: +0.0%
Demographics,"Fife, WA recorded a median age of 31.3 in 2024, making it significantly younger than Pierce County (37.0) and the United States (38.9). Its largest age group, experienced working age (35-64) at 35.6%, is consistently lower than all comparison geographies, while youth (0-19) saw the largest growth at +0.7%, contrasting with regional trends. The city's largest gender group was female (50.3%), aligning with the United States but differing from male majorities in Pierce County and Washington, with its male population declining by -0.6%. Fife's largest race-ethnicity group was white (37.7%), a proportion substantially lower than Pierce County (61.4%) and the United States (57.4%). Its Black population increased by 3.5%, sharply contrasting with the white population declines of around -1.0% seen in regional and national benchmarks.","Fife, WA presents a distinct profile with a younger, more diverse population (median age 31.3, black population +3.5%) and strong labor force participation (76.1%, female 72.1%). However, the city faces significant housing affordability challenges, marked by a high overcrowding rate of 9.1% and 52.5% of renter households being cost-burdened. Owner-occupied units are low at 43.8%, while median listing prices surged by +$102,750, resulting in a low housing affordability index of 58. Median household income ($90,532) is lower than Pierce County, and female earnings are decreasing, contributing to higher poverty (11.2%) and SNAP usage (13.6%).",2024,2024,ACS_Series,"{""Label"": ""Calc-Youth (0-19)"", ""Label"": ""Calc-Young Adults (20-34)"", ""Label"": ""Calc-Experienced Working Age (35-64)"", ""Label"": ""Calc-Seniors (65+)""}",Largest Age Group,Ordinal,Largest cohort by age for the geography in current year,"In 2024, Fife, WA's primary largest age group was Calc-Experienced Working Age (35-64) (35.6%).","Fife, WA and Pierce County both share Calc-Experienced Working Age (35-64) as their primary largest age group, with Fife, WA at 35.6% and Pierce County at 38.2%.","Fife, WA and Puget Sound Region both share Calc-Experienced Working Age (35-64) as their primary largest age group, with Fife, WA at 35.6% and Puget Sound Region at 39.6%. Fife, WA and Seattle MSA both share Calc-Experienced Working Age (35-64) as their primary largest age group, with Fife, WA at 35.6% and Seattle MSA at 39.9%. Fife, WA and Washington both share Calc-Experienced Working Age (35-64) as their primary largest age group, with Fife, WA at 35.6% and Washington at 38.3%. Fife, WA and Puyallup Reservation both share Calc-Experienced Working Age (35-64) as their primary largest age group, with Fife, WA at 35.6% and Puyallup Reservation at 38.1%. Fife, WA and United States both share Calc-Experienced Working Age (35-64) as their primary largest age group, with Fife, WA at 35.6% and United States at 38.0%.",N/A,N/A,"Fife, WA's largest age group in 2024 was calc-experienced working age (35-64) at 35.6%, a share that is consistently lower than all comparison geographies, such as Pierce County (38.2%) and the United States (38.0%).",Math Context: Focus value: 35.6%; Pierce County: 38.2% (diff: -2.5%); Puget Sound Region: 39.6% (diff: -4.0%); Seattle MSA: 39.9% (diff: -4.2%); Washington: 38.3% (diff: -2.7%); Puyallup Reservation: 38.1% (diff: -2.5%); United States: 38.0% (diff: -2.4%)
Demographics,"Fife, WA recorded a median age of 31.3 in 2024, making it significantly younger than Pierce County (37.0) and the United States (38.9). Its largest age group, experienced working age (35-64) at 35.6%, is consistently lower than all comparison geographies, while youth (0-19) saw the largest growth at +0.7%, contrasting with regional trends. The city's largest gender group was female (50.3%), aligning with the United States but differing from male majorities in Pierce County and Washington, with its male population declining by -0.6%. Fife's largest race-ethnicity group was white (37.7%), a proportion substantially lower than Pierce County (61.4%) and the United States (57.4%). Its Black population increased by 3.5%, sharply contrasting with the white population declines of around -1.0% seen in regional and national benchmarks.","Fife, WA presents a distinct profile with a younger, more diverse population (median age 31.3, black population +3.5%) and strong labor force participation (76.1%, female 72.1%). However, the city faces significant housing affordability challenges, marked by a high overcrowding rate of 9.1% and 52.5% of renter households being cost-burdened. Owner-occupied units are low at 43.8%, while median listing prices surged by +$102,750, resulting in a low housing affordability index of 58. Median household income ($90,532) is lower than Pierce County, and female earnings are decreasing, contributing to higher poverty (11.2%) and SNAP usage (13.6%).",2023,2024,ACS_Series,"{""Label"": ""Calc-Youth (0-19)"", ""Label"": ""Calc-Young Adults (20-34)"", ""Label"": ""Calc-Experienced Working Age (35-64)"", ""Label"": ""Calc-Seniors (65+)""}",Largest Change in Age Group,Numeric,Largest change in age cohort for the geography from previous to current,"In 2024, Fife, WA's primary largest change in age group was Calc-Youth (0-19) (+0.7%).","while Fife, WA's primary largest change in age group is Calc-Youth (0-19) (+0.7%), Pierce County is primarily driven by Calc-Seniors (65+) (+0.4%).","while Fife, WA's primary largest change in age group is Calc-Youth (0-19) (+0.7%), United States is primarily driven by Calc-Seniors (65+) (+0.4%). While Fife, WA's primary largest change in age group is Calc-Youth (0-19) (+0.7%), Seattle MSA is primarily driven by Calc-Seniors (65+) (+0.3%). Fife, WA and Puget Sound Region both share Calc-Youth (0-19) as their primary largest change in age group, with Fife, WA at +0.7% and Puget Sound Region at -0.3%. While Fife, WA's primary largest change in age group is Calc-Youth (0-19) (+0.7%), Washington is primarily driven by Calc-Seniors (65+) (+0.4%). While Fife, WA's primary largest change in age group is Calc-Youth (0-19) (+0.7%), Puyallup Reservation is primarily driven by Calc-Experienced Working Age (35-64) (-0.8%).",N/A,N/A,"Fife, WA's largest change in age group in 2024 was calc-youth (0-19) at +0.7%, a trend that contrasts with Pierce County, United States, Seattle MSA, and Washington, which were primarily driven by growth in calc-seniors, and notably diverges from the Puget Sound Region's decline in calc-youth (-0.3%) and Puyallup Reservation's decrease in calc-experienced working age (-0.8%).",Math Context: Focus value: +0.7%; Pierce County: +0.4% (diff: ++0.3%); United States: +0.4% (diff: ++0.3%); Seattle MSA: +0.3% (diff: ++0.4%); Puget Sound Region: -0.3% (diff: ++0.9%); Washington: +0.4% (diff: ++0.3%); Puyallup Reservation: -0.8% (diff: ++1.5%)
Demographics,"Fife, WA recorded a median age of 31.3 in 2024, making it significantly younger than Pierce County (37.0) and the United States (38.9). Its largest age group, experienced working age (35-64) at 35.6%, is consistently lower than all comparison geographies, while youth (0-19) saw the largest growth at +0.7%, contrasting with regional trends. The city's largest gender group was female (50.3%), aligning with the United States but differing from male majorities in Pierce County and Washington, with its male population declining by -0.6%. Fife's largest race-ethnicity group was white (37.7%), a proportion substantially lower than Pierce County (61.4%) and the United States (57.4%). Its Black population increased by 3.5%, sharply contrasting with the white population declines of around -1.0% seen in regional and national benchmarks.","Fife, WA presents a distinct profile with a younger, more diverse population (median age 31.3, black population +3.5%) and strong labor force participation (76.1%, female 72.1%). However, the city faces significant housing affordability challenges, marked by a high overcrowding rate of 9.1% and 52.5% of renter households being cost-burdened. Owner-occupied units are low at 43.8%, while median listing prices surged by +$102,750, resulting in a low housing affordability index of 58. Median household income ($90,532) is lower than Pierce County, and female earnings are decreasing, contributing to higher poverty (11.2%) and SNAP usage (13.6%).",2024,2024,ACS_Series,"{""Label"": ""Calc-Male"", ""Label"": ""Calc-Female""}",Largest Gender Group,Ordinal,Largest gender group for the geography in current year,"In 2024, Fife, WA's primary largest gender group was Calc-Female (50.3%).","while Fife, WA's primary largest gender group is Calc-Female (50.3%), Pierce County is primarily driven by Calc-Male (50.2%).","Fife, WA and United States both share Calc-Female as their primary largest gender group, with Fife, WA at 50.3% and United States at 50.5%. Fife, WA and Puyallup Reservation both share Calc-Female as their primary largest gender group, with Fife, WA at 50.3% and Puyallup Reservation at 50.6%. While Fife, WA's primary largest gender group is Calc-Female (50.3%), Seattle MSA is primarily driven by Calc-Male (50.5%). While Fife, WA's primary largest gender group is Calc-Female (50.3%), Puget Sound Region is primarily driven by Calc-Male (50.6%). While Fife, WA's primary largest gender group is Calc-Female (50.3%), Washington is primarily driven by Calc-Male (50.4%).",N/A,N/A,"Fife, WA's largest gender group in 2024 was calc-female (50.3%), aligning with the United States (50.5%) and Puyallup Reservation (50.6%), but contrasting with Pierce County (calc-male, 50.2%), Seattle MSA (calc-male, 50.5%), Puget Sound Region (calc-male, 50.6%), and Washington (calc-male, 50.4%).",Math Context: Focus value: 50.3%; Pierce County: 50.2% (diff: +0.1%); United States: 50.5% (diff: -0.2%); Puyallup Reservation: 50.6% (diff: -0.3%); Seattle MSA: 50.5% (diff: -0.2%); Puget Sound Region: 50.6% (diff: -0.3%); Washington: 50.4% (diff: -0.0%)
Demographics,"Fife, WA recorded a median age of 31.3 in 2024, making it significantly younger than Pierce County (37.0) and the United States (38.9). Its largest age group, experienced working age (35-64) at 35.6%, is consistently lower than all comparison geographies, while youth (0-19) saw the largest growth at +0.7%, contrasting with regional trends. The city's largest gender group was female (50.3%), aligning with the United States but differing from male majorities in Pierce County and Washington, with its male population declining by -0.6%. Fife's largest race-ethnicity group was white (37.7%), a proportion substantially lower than Pierce County (61.4%) and the United States (57.4%). Its Black population increased by 3.5%, sharply contrasting with the white population declines of around -1.0% seen in regional and national benchmarks.","Fife, WA presents a distinct profile with a younger, more diverse population (median age 31.3, black population +3.5%) and strong labor force participation (76.1%, female 72.1%). However, the city faces significant housing affordability challenges, marked by a high overcrowding rate of 9.1% and 52.5% of renter households being cost-burdened. Owner-occupied units are low at 43.8%, while median listing prices surged by +$102,750, resulting in a low housing affordability index of 58. Median household income ($90,532) is lower than Pierce County, and female earnings are decreasing, contributing to higher poverty (11.2%) and SNAP usage (13.6%).",2023,2024,ACS_Series,"{""Label"": ""Calc-Male"", ""Label"": ""Calc-Female""}",Largest Change in Gender Group,Numeric,Largest change in gender group for the geography from previous to current,"In 2024, Fife, WA's primary largest change in gender group was Calc-Male (-0.6%).","while Fife, WA's primary largest change in gender group is Calc-Male (-0.6%), Pierce County is primarily driven by Calc-Female (+0.0%).","while Fife, WA's primary largest change in gender group is Calc-Male (-0.6%), Washington is primarily driven by Calc-Female (+0.0%). Fife, WA and United States both share Calc-Male as their primary largest change in gender group, with Fife, WA at -0.6% and United States at +0.0%. Fife, WA and Puyallup Reservation both share Calc-Male as their primary largest change in gender group, with Fife, WA at -0.6% and Puyallup Reservation at -0.8%. While Fife, WA's primary largest change in gender group is Calc-Male (-0.6%), Puget Sound Region is primarily driven by Calc-Female (+0.0%). Fife, WA and Seattle MSA both share Calc-Male as their primary largest change in gender group, with Fife, WA at -0.6% and Seattle MSA at +0.0%.",N/A,N/A,"Fife, WA's primary largest change in gender group was calc-male at -0.6% in 2024, contrasting with the calc-female growth of +0.0% observed in Pierce County, Washington, and Puget Sound Region, and also differing from the +0.0% calc-male change in United States and Seattle MSA, while being a smaller decline than Puyallup Reservation's calc-male change of -0.8%.",Math Context: Focus value: -0.6%; Pierce County: +0.0% (diff: -+0.6%); Washington: +0.0% (diff: -+0.6%); United States: +0.0% (diff: -+0.6%); Puyallup Reservation: -0.8% (diff: ++0.2%); Puget Sound Region: +0.0% (diff: -+0.6%); Seattle MSA: +0.0% (diff: -+0.6%)
Demographics,"Fife, WA recorded a median age of 31.3 in 2024, making it significantly younger than Pierce County (37.0) and the United States (38.9). Its largest age group, experienced working age (35-64) at 35.6%, is consistently lower than all comparison geographies, while youth (0-19) saw the largest growth at +0.7%, contrasting with regional trends. The city's largest gender group was female (50.3%), aligning with the United States but differing from male majorities in Pierce County and Washington, with its male population declining by -0.6%. Fife's largest race-ethnicity group was white (37.7%), a proportion substantially lower than Pierce County (61.4%) and the United States (57.4%). Its Black population increased by 3.5%, sharply contrasting with the white population declines of around -1.0% seen in regional and national benchmarks.","Fife, WA presents a distinct profile with a younger, more diverse population (median age 31.3, black population +3.5%) and strong labor force participation (76.1%, female 72.1%). However, the city faces significant housing affordability challenges, marked by a high overcrowding rate of 9.1% and 52.5% of renter households being cost-burdened. Owner-occupied units are low at 43.8%, while median listing prices surged by +$102,750, resulting in a low housing affordability index of 58. Median household income ($90,532) is lower than Pierce County, and female earnings are decreasing, contributing to higher poverty (11.2%) and SNAP usage (13.6%).",2024,2024,ACS_Series,"{""Label"": ""Calc-Asian"", ""Label"": ""Calc-Black"", ""Label"": ""Calc-Hispanic"", ""Label"": ""Calc-Multirace"", ""Label"": ""Calc-Native"", ""Label"": ""Calc-Other Race"", ""Label"": ""Calc-White""}",Largest Race-Ethnicity Group,Ordinal,Largest cohort by race-ethnicity for the geography in current year,"In 2024, Fife, WA's primary largest race-ethnicity group was Calc-White (37.7%).","Fife, WA and Pierce County both share Calc-White as their primary largest race-ethnicity group, with Fife, WA at 37.7% and Pierce County at 61.4%.","Fife, WA and Washington both share Calc-White as their primary largest race-ethnicity group, with Fife, WA at 37.7% and Washington at 63.1%. Fife, WA and Puyallup Reservation both share Calc-White as their primary largest race-ethnicity group, with Fife, WA at 37.7% and Puyallup Reservation at 48.7%. Fife, WA and Puget Sound Region both share Calc-White as their primary largest race-ethnicity group, with Fife, WA at 37.7% and Puget Sound Region at 56.7%. Fife, WA and United States both share Calc-White as their primary largest race-ethnicity group, with Fife, WA at 37.7% and United States at 57.4%. Fife, WA and Seattle MSA both share Calc-White as their primary largest race-ethnicity group, with Fife, WA at 37.7% and Seattle MSA at 56.8%.",N/A,N/A,"Fife, WA's largest race-ethnicity group in 2024 was calc-white (37.7%), a proportion significantly lower than in Pierce County (61.4%), Washington (63.1%), and the United States (57.4%), all of which also identify calc-white as their largest group.",Math Context: Focus value: 37.7%; Pierce County: 61.4% (diff: -23.7%); Washington: 63.1% (diff: -25.4%); Puyallup Reservation: 48.7% (diff: -10.9%); Puget Sound Region: 56.7% (diff: -19.0%); United States: 57.4% (diff: -19.7%); Seattle MSA: 56.8% (diff: -19.0%)
Demographics,"Fife, WA recorded a median age of 31.3 in 2024, making it significantly younger than Pierce County (37.0) and the United States (38.9). Its largest age group, experienced working age (35-64) at 35.6%, is consistently lower than all comparison geographies, while youth (0-19) saw the largest growth at +0.7%, contrasting with regional trends. The city's largest gender group was female (50.3%), aligning with the United States but differing from male majorities in Pierce County and Washington, with its male population declining by -0.6%. Fife's largest race-ethnicity group was white (37.7%), a proportion substantially lower than Pierce County (61.4%) and the United States (57.4%). Its Black population increased by 3.5%, sharply contrasting with the white population declines of around -1.0% seen in regional and national benchmarks.","Fife, WA presents a distinct profile with a younger, more diverse population (median age 31.3, black population +3.5%) and strong labor force participation (76.1%, female 72.1%). However, the city faces significant housing affordability challenges, marked by a high overcrowding rate of 9.1% and 52.5% of renter households being cost-burdened. Owner-occupied units are low at 43.8%, while median listing prices surged by +$102,750, resulting in a low housing affordability index of 58. Median household income ($90,532) is lower than Pierce County, and female earnings are decreasing, contributing to higher poverty (11.2%) and SNAP usage (13.6%).",2023,2024,ACS_Series,"{""Label"": ""Calc-Asian"", ""Label"": ""Calc-Black"", ""Label"": ""Calc-Hispanic"", ""Label"": ""Calc-Multirace"", ""Label"": ""Calc-Native"", ""Label"": ""Calc-Other Race"", ""Label"": ""Calc-White""}",Largest Change in Race-Ethnicity Group,Numeric,Largest change in race-ethnicity cohort for the geography from previous to current,"In 2024, Fife, WA's primary largest change in race-ethnicity group was Calc-Black (+3.5%).","while Fife, WA's primary largest change in race-ethnicity group is Calc-Black (+3.5%), Pierce County is primarily driven by Calc-White (-1.1%).","while Fife, WA's primary largest change in race-ethnicity group is Calc-Black (+3.5%), Seattle MSA is primarily driven by Calc-White (-1.4%). While Fife, WA's primary largest change in race-ethnicity group is Calc-Black (+3.5%), Puget Sound Region is primarily driven by Calc-White (-1.3%). While Fife, WA's primary largest change in race-ethnicity group is Calc-Black (+3.5%), United States is primarily driven by Calc-White (-0.8%). While Fife, WA's primary largest change in race-ethnicity group is Calc-Black (+3.5%), Puyallup Reservation is primarily driven by Calc-White (-1.0%). While Fife, WA's primary largest change in race-ethnicity group is Calc-Black (+3.5%), Washington is primarily driven by Calc-White (-1.1%).",N/A,N/A,"Fife, WA's largest change in race-ethnicity group was calc-black, increasing by 3.5%, a trend that contrasts sharply with Pierce County, Seattle MSA, and other regional and national benchmarks, where the largest changes were calc-white declines, typically around -1.0% to -1.4%, representing a difference of over 4 percentage points.",Math Context: Focus value: +3.5%; Pierce County: -1.1% (diff: ++4.6%); Seattle MSA: -1.4% (diff: ++4.8%); Puget Sound Region: -1.3% (diff: ++4.8%); United States: -0.8% (diff: ++4.2%); Puyallup Reservation: -1.0% (diff: ++4.5%); Washington: -1.1% (diff: ++4.6%)
Demographics,"Fife, WA recorded a median age of 31.3 in 2024, making it significantly younger than Pierce County (37.0) and the United States (38.9). Its largest age group, experienced working age (35-64) at 35.6%, is consistently lower than all comparison geographies, while youth (0-19) saw the largest growth at +0.7%, contrasting with regional trends. The city's largest gender group was female (50.3%), aligning with the United States but differing from male majorities in Pierce County and Washington, with its male population declining by -0.6%. Fife's largest race-ethnicity group was white (37.7%), a proportion substantially lower than Pierce County (61.4%) and the United States (57.4%). Its Black population increased by 3.5%, sharply contrasting with the white population declines of around -1.0% seen in regional and national benchmarks.","Fife, WA presents a distinct profile with a younger, more diverse population (median age 31.3, black population +3.5%) and strong labor force participation (76.1%, female 72.1%). However, the city faces significant housing affordability challenges, marked by a high overcrowding rate of 9.1% and 52.5% of renter households being cost-burdened. Owner-occupied units are low at 43.8%, while median listing prices surged by +$102,750, resulting in a low housing affordability index of 58. Median household income ($90,532) is lower than Pierce County, and female earnings are decreasing, contributing to higher poverty (11.2%) and SNAP usage (13.6%).",2024,2024,ACS_Series,"{""Label"": ""Calc-Median Age""}",Median Age,Numeric,Median age of population for the geography in current year,"In 2024, Fife, WA recorded a median age of 31.3.","Fife, WA's median age of 31.3 is higher than Pierce County (37.0).","Fife, WA's median age of 31.3 is higher than Puyallup Reservation (35.9), is higher than Seattle MSA (37.5), is higher than Puget Sound Region (37.7), is higher than Washington (38.3), and is higher than United States (38.9).",N/A,N/A,"Fife, WA recorded a median age of 31.3 in 2024, making it notably younger than Pierce County (37.0) and significantly below the Washington (38.3) and United States (38.9) median ages.",Math Context: Focus value: 31.3; Pierce County: 37.0 (diff: -5.7); Puyallup Reservation: 35.9 (diff: -4.6); Seattle MSA: 37.5 (diff: -6.2); Puget Sound Region: 37.7 (diff: -6.4); Washington: 38.3 (diff: -7.0); United States: 38.9 (diff: -7.6)
Demographics,"Fife, WA recorded a median age of 31.3 in 2024, making it significantly younger than Pierce County (37.0) and the United States (38.9). Its largest age group, experienced working age (35-64) at 35.6%, is consistently lower than all comparison geographies, while youth (0-19) saw the largest growth at +0.7%, contrasting with regional trends. The city's largest gender group was female (50.3%), aligning with the United States but differing from male majorities in Pierce County and Washington, with its male population declining by -0.6%. Fife's largest race-ethnicity group was white (37.7%), a proportion substantially lower than Pierce County (61.4%) and the United States (57.4%). Its Black population increased by 3.5%, sharply contrasting with the white population declines of around -1.0% seen in regional and national benchmarks.","Fife, WA presents a distinct profile with a younger, more diverse population (median age 31.3, black population +3.5%) and strong labor force participation (76.1%, female 72.1%). However, the city faces significant housing affordability challenges, marked by a high overcrowding rate of 9.1% and 52.5% of renter households being cost-burdened. Owner-occupied units are low at 43.8%, while median listing prices surged by +$102,750, resulting in a low housing affordability index of 58. Median household income ($90,532) is lower than Pierce County, and female earnings are decreasing, contributing to higher poverty (11.2%) and SNAP usage (13.6%).",2023,2024,ACS_Series,"{""Label"": ""Calc-Median Age""}",Change in Median Age,Numeric,Change in median age of population for the geography from previous to current year,"Between 2023 and 2024, Fife, WA experienced a change in median age of -0.6.","Fife, WA's change in median age of -0.6 represents a smaller change compared to Pierce County (+0.2).","Fife, WA's change in median age of -0.6 represents a smaller change compared to Puyallup Reservation (-0.3), represents a smaller change compared to Washington (+0.1), represents a smaller change compared to Seattle MSA (+0.1), represents a smaller change compared to Puget Sound Region (+0.2), and represents a smaller change compared to United States (+0.2).",N/A,N/A,"Fife, WA's median age changed by -0.6 between 2023 and 2024, a smaller shift than observed in Pierce County (+0.2), Puyallup Reservation (-0.3), Washington (+0.1), Seattle MSA (+0.1), Puget Sound Region (+0.2), and the United States (+0.2).",Math Context: Focus value: -0.6; Pierce County: +0.2 (diff: -+0.8); Puyallup Reservation: -0.3 (diff: -+0.3); Washington: +0.1 (diff: -+0.7); Seattle MSA: +0.1 (diff: -+0.7); Puget Sound Region: +0.2 (diff: -+0.8); United States: +0.2 (diff: -+0.8)
Workforce,"Fife, WA's workforce profile in 2024 reveals a mixed landscape. Educational attainment for the 25+ population with a bachelor's degree or more is 27.9%, notably lower than Pierce County (30.9%) and significantly below the Seattle MSA (47.2%), with a slight decline of -0.2% from 2023. Conversely, Fife, WA exhibits strong labor force participation at 76.1%, which is 9.8 percentage points higher than Pierce County and 12.6 percentage points above the United States average. This rate increased by +0.3%, outperforming all regional benchmarks. Female labor force participation is particularly high at 72.1%, 11.4 percentage points above Pierce County, and saw a substantial +1.5% increase. However, the percentage of workers working from home is lower at 11.2% compared to Pierce County (13.9%) and Seattle MSA (24.0%), and self-employment is also lower at 2.8% compared to the United States (6.0%).","Fife, WA presents a distinct profile with a younger, more diverse population (median age 31.3, black population +3.5%) and strong labor force participation (76.1%, female 72.1%). However, the city faces significant housing affordability challenges, marked by a high overcrowding rate of 9.1% and 52.5% of renter households being cost-burdened. Owner-occupied units are low at 43.8%, while median listing prices surged by +$102,750, resulting in a low housing affordability index of 58. Median household income ($90,532) is lower than Pierce County, and female earnings are decreasing, contributing to higher poverty (11.2%) and SNAP usage (13.6%).",2024,2024,ACS_Series,"{""Label"": ""Calc-Bachelors"", ""Label"": ""Calc-Graduate""}",Percent of 25+ population with Bachelor's degree or more education,Percentage,Percent of 25+ population with a bachelor's degree or more education in the geography in the current year,"In 2024, Fife, WA recorded a of 25+ population with bachelor's degree or more education of 27.9%.","Fife, WA's of 25+ population with bachelor's degree or more education of 27.9% is 3.0 percentage points lower than Pierce County (30.9%).","Fife, WA's of 25+ population with bachelor's degree or more education of 27.9% is 4.0 percentage points lower than Puyallup Reservation (31.8%), is 7.8 percentage points lower than United States (35.7%), is 11.7 percentage points lower than Washington (39.6%), is 19.4 percentage points lower than Seattle MSA (47.2%), and is 19.4 percentage points lower than Puget Sound Region (47.3%).",N/A,N/A,"Fife, WA recorded 27.9% of its 25+ population with a bachelor's degree or more education in 2024, which is 3.0 percentage points lower than Pierce County (30.9%), and significantly below the United States (35.7%), Washington (39.6%), and especially the Seattle MSA and Puget Sound Region, both of which are 19.4 percentage points higher (47.2% and 47.3%, respectively).",Math Context: Focus value: 27.9%; Pierce County: 30.9% (diff: -3.0 pp); Puyallup Reservation: 31.8% (diff: -4.0 pp); United States: 35.7% (diff: -7.8 pp); Washington: 39.6% (diff: -11.7 pp); Seattle MSA: 47.2% (diff: -19.4 pp); Puget Sound Region: 47.3% (diff: -19.4 pp)
Workforce,"Fife, WA's workforce profile in 2024 reveals a mixed landscape. Educational attainment for the 25+ population with a bachelor's degree or more is 27.9%, notably lower than Pierce County (30.9%) and significantly below the Seattle MSA (47.2%), with a slight decline of -0.2% from 2023. Conversely, Fife, WA exhibits strong labor force participation at 76.1%, which is 9.8 percentage points higher than Pierce County and 12.6 percentage points above the United States average. This rate increased by +0.3%, outperforming all regional benchmarks. Female labor force participation is particularly high at 72.1%, 11.4 percentage points above Pierce County, and saw a substantial +1.5% increase. However, the percentage of workers working from home is lower at 11.2% compared to Pierce County (13.9%) and Seattle MSA (24.0%), and self-employment is also lower at 2.8% compared to the United States (6.0%).","Fife, WA presents a distinct profile with a younger, more diverse population (median age 31.3, black population +3.5%) and strong labor force participation (76.1%, female 72.1%). However, the city faces significant housing affordability challenges, marked by a high overcrowding rate of 9.1% and 52.5% of renter households being cost-burdened. Owner-occupied units are low at 43.8%, while median listing prices surged by +$102,750, resulting in a low housing affordability index of 58. Median household income ($90,532) is lower than Pierce County, and female earnings are decreasing, contributing to higher poverty (11.2%) and SNAP usage (13.6%).",2023,2024,ACS_Series,"{""Label"": ""Calc-Bachelors"", ""Label"": ""Calc-Graduate""}",Change in percent of 25+ population with Bachelor's degree or more education,Percentage,Change in percent of 25+ population with a bachelor's degree or more education in the geography from the previous to current year,"Between 2023 and 2024, Fife, WA experienced a change in of 25+ population with bachelor's degree or more education of -0.2%.","Fife, WA's change in of 25+ population with bachelor's degree or more education of -0.2% is 0.9 percentage points lower than Pierce County (+0.7%).","Fife, WA's change in of 25+ population with bachelor's degree or more education of -0.2% is 0.6 percentage points lower than Puget Sound Region (+0.4%), is 0.9 percentage points lower than United States (+0.7%), is 1.0 percentage points lower than Puyallup Reservation (+0.8%), is 1.0 percentage points lower than Washington (+0.8%), and is 1.1 percentage points lower than Seattle MSA (+0.9%).",N/A,N/A,"Fife, WA experienced a -0.2% change in the 25+ population with a bachelor's degree or more education between 2023 and 2024, which was 0.9 percentage points lower than Pierce County (+0.7%) and the United States (+0.7%), and 1.1 percentage points lower than Seattle MSA (+0.9%).",Math Context: Focus value: -0.2%; Pierce County: +0.7% (diff: -0.9 pp); Puget Sound Region: +0.4% (diff: -0.6 pp); United States: +0.7% (diff: -0.9 pp); Puyallup Reservation: +0.8% (diff: -1.0 pp); Washington: +0.8% (diff: -1.0 pp); Seattle MSA: +0.9% (diff: -1.1 pp)
Income,"Fife, WA recorded a median household income of $90,532 in 2024, higher than the United States ($80,734) but notably lower than Pierce County ($99,564) and the Puget Sound Region ($115,806). This income saw a negligible change of $17 from 2023, significantly less than regional growth. The population below the poverty line in Fife stood at 11.2%, higher than Pierce County (8.8%) and the Seattle MSA (8.5%), though lower than the United States (12.5%). Concurrently, 13.6% of households received SNAP benefits, exceeding Pierce County (12.3%) and the United States (12.1%), with a +0.8% increase from 2023. Median earnings for full-time male workers were $67,023, well below the Puget Sound Region ($97,420), with a modest increase of +$713. Full-time female workers earned $55,479, also significantly lower than the Puget Sound Region ($76,267), and experienced a decrease of -$760, contrasting with positive regional trends.","Fife, WA presents a distinct profile with a younger, more diverse population (median age 31.3, black population +3.5%) and strong labor force participation (76.1%, female 72.1%). However, the city faces significant housing affordability challenges, marked by a high overcrowding rate of 9.1% and 52.5% of renter households being cost-burdened. Owner-occupied units are low at 43.8%, while median listing prices surged by +$102,750, resulting in a low housing affordability index of 58. Median household income ($90,532) is lower than Pierce County, and female earnings are decreasing, contributing to higher poverty (11.2%) and SNAP usage (13.6%).",2024,2024,ACS_Series,"{""Label"": ""Calc-Pop below poverty line""}",Percent of population below poverty line,Percentage,Percent of population below poverty line in the geography in the current year,"In 2024, Fife, WA recorded a of population below poverty line of 11.2%.","Fife, WA's of population below poverty line of 11.2% is 2.4 percentage points higher than Pierce County (8.8%).","Fife, WA's of population below poverty line of 11.2% is 2.7 percentage points higher than Seattle MSA (8.5%), is 2.7 percentage points higher than Puget Sound Region (8.5%), is 1.4 percentage points higher than Puyallup Reservation (9.8%), is 1.3 percentage points higher than Washington (9.9%), and is 1.3 percentage points lower than United States (12.5%).",N/A,N/A,"Fife, WA recorded a population below poverty line of 11.2% in 2024, which is 2.4 percentage points higher than Pierce County (8.8%), 2.7 percentage points higher than both the Seattle MSA and Puget Sound Region (8.5%), and 1.3 percentage points lower than the United States (12.5%).",Math Context: Focus value: 11.2%; Pierce County: 8.8% (diff: +2.4 pp); Seattle MSA: 8.5% (diff: +2.7 pp); Puget Sound Region: 8.5% (diff: +2.7 pp); Puyallup Reservation: 9.8% (diff: +1.4 pp); Washington: 9.9% (diff: +1.3 pp); United States: 12.5% (diff: -1.3 pp)
Income,"Fife, WA recorded a median household income of $90,532 in 2024, higher than the United States ($80,734) but notably lower than Pierce County ($99,564) and the Puget Sound Region ($115,806). This income saw a negligible change of $17 from 2023, significantly less than regional growth. The population below the poverty line in Fife stood at 11.2%, higher than Pierce County (8.8%) and the Seattle MSA (8.5%), though lower than the United States (12.5%). Concurrently, 13.6% of households received SNAP benefits, exceeding Pierce County (12.3%) and the United States (12.1%), with a +0.8% increase from 2023. Median earnings for full-time male workers were $67,023, well below the Puget Sound Region ($97,420), with a modest increase of +$713. Full-time female workers earned $55,479, also significantly lower than the Puget Sound Region ($76,267), and experienced a decrease of -$760, contrasting with positive regional trends.","Fife, WA presents a distinct profile with a younger, more diverse population (median age 31.3, black population +3.5%) and strong labor force participation (76.1%, female 72.1%). However, the city faces significant housing affordability challenges, marked by a high overcrowding rate of 9.1% and 52.5% of renter households being cost-burdened. Owner-occupied units are low at 43.8%, while median listing prices surged by +$102,750, resulting in a low housing affordability index of 58. Median household income ($90,532) is lower than Pierce County, and female earnings are decreasing, contributing to higher poverty (11.2%) and SNAP usage (13.6%).",2023,2024,ACS_Series,"{""Label"": ""Calc-Pop below poverty line""}",Change in percent of population below poverty line,Percentage,Change in percent of population below poverty line in the geography from the previous to current year,"Between 2023 and 2024, Fife, WA experienced a change in of population below poverty line of -0.3%.","Fife, WA's change in of population below poverty line of -0.3% is 0.2 percentage points lower than Pierce County (-0.1%).","Fife, WA's change in of population below poverty line of -0.3% is 0.2 percentage points lower than Puyallup Reservation (-0.1%), is 0.3 percentage points lower than Washington (0.0%), is 0.4 percentage points lower than Puget Sound Region (+0.1%), is 0.4 percentage points lower than United States (+0.1%), and is 0.4 percentage points lower than Seattle MSA (+0.1%).",N/A,N/A,"Fife, WA experienced a -0.3% change in population below the poverty line between 2023 and 2024, which was 0.2 percentage points lower than Pierce County and Puyallup Reservation, 0.3 percentage points lower than Washington, and 0.4 percentage points lower than the Puget Sound Region, United States, and Seattle MSA.",Math Context: Focus value: -0.3%; Pierce County: -0.1% (diff: -0.2 pp); Puyallup Reservation: -0.1% (diff: -0.2 pp); Washington: 0.0% (diff: -0.3 pp); Puget Sound Region: +0.1% (diff: -0.4 pp); United States: +0.1% (diff: -0.4 pp); Seattle MSA: +0.1% (diff: -0.4 pp)
Income,"Fife, WA recorded a median household income of $90,532 in 2024, higher than the United States ($80,734) but notably lower than Pierce County ($99,564) and the Puget Sound Region ($115,806). This income saw a negligible change of $17 from 2023, significantly less than regional growth. The population below the poverty line in Fife stood at 11.2%, higher than Pierce County (8.8%) and the Seattle MSA (8.5%), though lower than the United States (12.5%). Concurrently, 13.6% of households received SNAP benefits, exceeding Pierce County (12.3%) and the United States (12.1%), with a +0.8% increase from 2023. Median earnings for full-time male workers were $67,023, well below the Puget Sound Region ($97,420), with a modest increase of +$713. Full-time female workers earned $55,479, also significantly lower than the Puget Sound Region ($76,267), and experienced a decrease of -$760, contrasting with positive regional trends.","Fife, WA presents a distinct profile with a younger, more diverse population (median age 31.3, black population +3.5%) and strong labor force participation (76.1%, female 72.1%). However, the city faces significant housing affordability challenges, marked by a high overcrowding rate of 9.1% and 52.5% of renter households being cost-burdened. Owner-occupied units are low at 43.8%, while median listing prices surged by +$102,750, resulting in a low housing affordability index of 58. Median household income ($90,532) is lower than Pierce County, and female earnings are decreasing, contributing to higher poverty (11.2%) and SNAP usage (13.6%).",2024,2024,ACS_Series,"{""Label"": ""Calc-SNAP""}",Percent of households receiving SNAP,Percentage,Percent of households receiving SNAP in the geography in the current year,"In 2024, Fife, WA recorded a of households receiving snap of 13.6%.","Fife, WA's of households receiving snap of 13.6% is 1.3 percentage points higher than Pierce County (12.3%).","Fife, WA's of households receiving snap of 13.6% is 4.5 percentage points higher than Puget Sound Region (9.2%), is 4.4 percentage points higher than Seattle MSA (9.3%), is 2.1 percentage points higher than Washington (11.5%), is 1.6 percentage points higher than United States (12.1%), and is 0.4 percentage points lower than Puyallup Reservation (14.0%).",N/A,N/A,"Fife, WA recorded 13.6% of households receiving SNAP in 2024, a figure 1.3 percentage points higher than Pierce County (12.3%), 2.1 percentage points higher than Washington (11.5%), and 1.6 percentage points higher than the United States (12.1%), yet 0.4 percentage points lower than Puyallup Reservation (14.0%).",Math Context: Focus value: 13.6%; Pierce County: 12.3% (diff: +1.3 pp); Puget Sound Region: 9.2% (diff: +4.5 pp); Seattle MSA: 9.3% (diff: +4.4 pp); Washington: 11.5% (diff: +2.1 pp); United States: 12.1% (diff: +1.6 pp); Puyallup Reservation: 14.0% (diff: -0.4 pp)
Income,"Fife, WA recorded a median household income of $90,532 in 2024, higher than the United States ($80,734) but notably lower than Pierce County ($99,564) and the Puget Sound Region ($115,806). This income saw a negligible change of $17 from 2023, significantly less than regional growth. The population below the poverty line in Fife stood at 11.2%, higher than Pierce County (8.8%) and the Seattle MSA (8.5%), though lower than the United States (12.5%). Concurrently, 13.6% of households received SNAP benefits, exceeding Pierce County (12.3%) and the United States (12.1%), with a +0.8% increase from 2023. Median earnings for full-time male workers were $67,023, well below the Puget Sound Region ($97,420), with a modest increase of +$713. Full-time female workers earned $55,479, also significantly lower than the Puget Sound Region ($76,267), and experienced a decrease of -$760, contrasting with positive regional trends.","Fife, WA presents a distinct profile with a younger, more diverse population (median age 31.3, black population +3.5%) and strong labor force participation (76.1%, female 72.1%). However, the city faces significant housing affordability challenges, marked by a high overcrowding rate of 9.1% and 52.5% of renter households being cost-burdened. Owner-occupied units are low at 43.8%, while median listing prices surged by +$102,750, resulting in a low housing affordability index of 58. Median household income ($90,532) is lower than Pierce County, and female earnings are decreasing, contributing to higher poverty (11.2%) and SNAP usage (13.6%).",2023,2024,ACS_Series,"{""Label"": ""Calc-SNAP""}",Change in percent of households receiving SNAP,Percentage,Change in percent of households receiving SNAP in the geography from the previous to current year,"Between 2023 and 2024, Fife, WA experienced a change in of households receiving snap of +0.8%.","Fife, WA's change in of households receiving snap of +0.8% is 0.3 percentage points higher than Pierce County (+0.5%).","Fife, WA's change in of households receiving snap of +0.8% is 1.0 percentage points higher than Puget Sound Region (-0.2%), is 0.7 percentage points higher than Seattle MSA (+0.1%), is 0.7 percentage points higher than Washington (+0.1%), is 0.5 percentage points higher than United States (+0.3%), and is 0.2 percentage points higher than Puyallup Reservation (+0.6%).",N/A,N/A,"Fife, WA experienced a +0.8% change in percent of households receiving SNAP between 2023 and 2024, which was 0.3 percentage points higher than Pierce County (+0.5%) and 1.0 percentage point higher than the Puget Sound Region (-0.2%).",Math Context: Focus value: +0.8%; Pierce County: +0.5% (diff: +0.3 pp); Puget Sound Region: -0.2% (diff: +1.0 pp); Seattle MSA: +0.1% (diff: +0.7 pp); Washington: +0.1% (diff: +0.7 pp); United States: +0.3% (diff: +0.5 pp); Puyallup Reservation: +0.6% (diff: +0.2 pp)
Income,"Fife, WA recorded a median household income of $90,532 in 2024, higher than the United States ($80,734) but notably lower than Pierce County ($99,564) and the Puget Sound Region ($115,806). This income saw a negligible change of $17 from 2023, significantly less than regional growth. The population below the poverty line in Fife stood at 11.2%, higher than Pierce County (8.8%) and the Seattle MSA (8.5%), though lower than the United States (12.5%). Concurrently, 13.6% of households received SNAP benefits, exceeding Pierce County (12.3%) and the United States (12.1%), with a +0.8% increase from 2023. Median earnings for full-time male workers were $67,023, well below the Puget Sound Region ($97,420), with a modest increase of +$713. Full-time female workers earned $55,479, also significantly lower than the Puget Sound Region ($76,267), and experienced a decrease of -$760, contrasting with positive regional trends.","Fife, WA presents a distinct profile with a younger, more diverse population (median age 31.3, black population +3.5%) and strong labor force participation (76.1%, female 72.1%). However, the city faces significant housing affordability challenges, marked by a high overcrowding rate of 9.1% and 52.5% of renter households being cost-burdened. Owner-occupied units are low at 43.8%, while median listing prices surged by +$102,750, resulting in a low housing affordability index of 58. Median household income ($90,532) is lower than Pierce County, and female earnings are decreasing, contributing to higher poverty (11.2%) and SNAP usage (13.6%).",2024,2024,ACS_Series-CPI Table,"{""Label"": ""Calc-Median HH Income""}",Median household income,Numeric,Median household income in the geography in the current year,"In 2024, Fife, WA recorded a median household income of $90,532.","Fife, WA's median household income of $90,532 is smaller than Pierce County ($99,564).","Fife, WA's median household income of $90,532 is larger than United States ($80,734), is smaller than Washington ($98,141), is smaller than Puyallup Reservation ($101,642), is smaller than Seattle MSA ($115,177), and is smaller than Puget Sound Region ($115,806).",N/A,N/A,"Fife, WA recorded a median household income of $90,532 in 2024, which is higher than the United States ($80,734) but notably lower than Pierce County ($99,564), Washington ($98,141), and the broader Seattle MSA ($115,177) and Puget Sound Region ($115,806).","Math Context: Focus value: $90,532; Pierce County: $99,564 (diff: -$9,032); United States: $80,734 (diff: +$9,798); Washington: $98,141 (diff: -$7,609); Puyallup Reservation: $101,642 (diff: -$11,110); Seattle MSA: $115,177 (diff: -$24,645); Puget Sound Region: $115,806 (diff: -$25,274)"
Income,"Fife, WA recorded a median household income of $90,532 in 2024, higher than the United States ($80,734) but notably lower than Pierce County ($99,564) and the Puget Sound Region ($115,806). This income saw a negligible change of $17 from 2023, significantly less than regional growth. The population below the poverty line in Fife stood at 11.2%, higher than Pierce County (8.8%) and the Seattle MSA (8.5%), though lower than the United States (12.5%). Concurrently, 13.6% of households received SNAP benefits, exceeding Pierce County (12.3%) and the United States (12.1%), with a +0.8% increase from 2023. Median earnings for full-time male workers were $67,023, well below the Puget Sound Region ($97,420), with a modest increase of +$713. Full-time female workers earned $55,479, also significantly lower than the Puget Sound Region ($76,267), and experienced a decrease of -$760, contrasting with positive regional trends.","Fife, WA presents a distinct profile with a younger, more diverse population (median age 31.3, black population +3.5%) and strong labor force participation (76.1%, female 72.1%). However, the city faces significant housing affordability challenges, marked by a high overcrowding rate of 9.1% and 52.5% of renter households being cost-burdened. Owner-occupied units are low at 43.8%, while median listing prices surged by +$102,750, resulting in a low housing affordability index of 58. Median household income ($90,532) is lower than Pierce County, and female earnings are decreasing, contributing to higher poverty (11.2%) and SNAP usage (13.6%).",2023,2024,ACS_Series-CPI Table,"{""Label"": ""Calc-Median HH Income""}",Change in median household income,Numeric,"Change in the real median household income in the geography from the previous to current year, in current dollars","Between 2023 and 2024, Fife, WA experienced a change in median household income of $17.","Fife, WA's change in median household income of $17 represents a smaller change compared to Pierce County ($2,932).","Fife, WA's change in median household income of $17 represents a larger change compared to Puyallup Reservation ($-516), represents a smaller change compared to United States ($2,196), represents a smaller change compared to Seattle MSA ($2,583), represents a smaller change compared to Puget Sound Region ($2,985), and represents a smaller change compared to Washington ($3,189).",N/A,N/A,"Fife, WA's median household income changed by $17 between 2023 and 2024, a change that was smaller than those observed in Pierce County ($2,932), the United States ($2,196), Seattle MSA ($2,583), Puget Sound Region ($2,985), and Washington ($3,189), but larger than the $-516 change in Puyallup Reservation.","Math Context: Focus value: $17; Pierce County: $2,932 (diff: -$2,915); Puyallup Reservation: $-516 (diff: +$533); United States: $2,196 (diff: -$2,179); Seattle MSA: $2,583 (diff: -$2,566); Puget Sound Region: $2,985 (diff: -$2,968); Washington: $3,189 (diff: -$3,172)"
Income,"Fife, WA recorded a median household income of $90,532 in 2024, higher than the United States ($80,734) but notably lower than Pierce County ($99,564) and the Puget Sound Region ($115,806). This income saw a negligible change of $17 from 2023, significantly less than regional growth. The population below the poverty line in Fife stood at 11.2%, higher than Pierce County (8.8%) and the Seattle MSA (8.5%), though lower than the United States (12.5%). Concurrently, 13.6% of households received SNAP benefits, exceeding Pierce County (12.3%) and the United States (12.1%), with a +0.8% increase from 2023. Median earnings for full-time male workers were $67,023, well below the Puget Sound Region ($97,420), with a modest increase of +$713. Full-time female workers earned $55,479, also significantly lower than the Puget Sound Region ($76,267), and experienced a decrease of -$760, contrasting with positive regional trends.","Fife, WA presents a distinct profile with a younger, more diverse population (median age 31.3, black population +3.5%) and strong labor force participation (76.1%, female 72.1%). However, the city faces significant housing affordability challenges, marked by a high overcrowding rate of 9.1% and 52.5% of renter households being cost-burdened. Owner-occupied units are low at 43.8%, while median listing prices surged by +$102,750, resulting in a low housing affordability index of 58. Median household income ($90,532) is lower than Pierce County, and female earnings are decreasing, contributing to higher poverty (11.2%) and SNAP usage (13.6%).",2024,2024,ACS_Series-CPI Table,"{""Label"": ""Calc-Median earnings Male""}",Median earnings for full-time male workers,Numeric,Median earnings for full-time male workers in the geography in the current year,"In 2024, Fife, WA recorded a median earnings for full-time male workers of 67,023.","Fife, WA's median earnings for full-time male workers of 67,023 is smaller than Pierce County (76,999).","Fife, WA's median earnings for full-time male workers of 67,023 is smaller than United States (67,361), is smaller than Puyallup Reservation (75,438), is smaller than Washington (82,572), is smaller than Seattle MSA (95,697), and is smaller than Puget Sound Region (97,420).",N/A,N/A,"Fife, WA recorded median earnings for full-time male workers of $67,023 in 2024, which was smaller than Pierce County ($76,999), Washington ($82,572), and significantly below the Puget Sound Region ($97,420).","Math Context: Focus value: 67,023; Pierce County: 76,999 (diff: -9,976); United States: 67,361 (diff: -338); Puyallup Reservation: 75,438 (diff: -8,415); Washington: 82,572 (diff: -15,549); Seattle MSA: 95,697 (diff: -28,674); Puget Sound Region: 97,420 (diff: -30,397)"
Income,"Fife, WA recorded a median household income of $90,532 in 2024, higher than the United States ($80,734) but notably lower than Pierce County ($99,564) and the Puget Sound Region ($115,806). This income saw a negligible change of $17 from 2023, significantly less than regional growth. The population below the poverty line in Fife stood at 11.2%, higher than Pierce County (8.8%) and the Seattle MSA (8.5%), though lower than the United States (12.5%). Concurrently, 13.6% of households received SNAP benefits, exceeding Pierce County (12.3%) and the United States (12.1%), with a +0.8% increase from 2023. Median earnings for full-time male workers were $67,023, well below the Puget Sound Region ($97,420), with a modest increase of +$713. Full-time female workers earned $55,479, also significantly lower than the Puget Sound Region ($76,267), and experienced a decrease of -$760, contrasting with positive regional trends.","Fife, WA presents a distinct profile with a younger, more diverse population (median age 31.3, black population +3.5%) and strong labor force participation (76.1%, female 72.1%). However, the city faces significant housing affordability challenges, marked by a high overcrowding rate of 9.1% and 52.5% of renter households being cost-burdened. Owner-occupied units are low at 43.8%, while median listing prices surged by +$102,750, resulting in a low housing affordability index of 58. Median household income ($90,532) is lower than Pierce County, and female earnings are decreasing, contributing to higher poverty (11.2%) and SNAP usage (13.6%).",2023,2024,ACS_Series-CPI Table,"{""Label"": ""Calc-Median earnings Male""}",Change in median earnings for full-time male workers,Numeric,"Change in the real median earnings of full-time male workers in the geography from the previous to current year, in current dollars","Between 2023 and 2024, Fife, WA experienced a change in median earnings for full-time male workers of +713.","Fife, WA's change in median earnings for full-time male workers of +713 represents a smaller change compared to Pierce County (+2,875).","Fife, WA's change in median earnings for full-time male workers of +713 represents a smaller change compared to United States (+1,697), represents a smaller change compared to Puyallup Reservation (+1,974), represents a smaller change compared to Washington (+2,966), represents a smaller change compared to Seattle MSA (+3,985), and represents a smaller change compared to Puget Sound Region (+3,994).",N/A,N/A,"Fife, WA experienced a change in median earnings for full-time male workers of +713 between 2023 and 2024, a figure notably smaller than Pierce County's +2,875 and significantly less than the +3,994 recorded in the Puget Sound Region.","Math Context: Focus value: +713; Pierce County: +2,875 (diff: -+2,162); United States: +1,697 (diff: -+984); Puyallup Reservation: +1,974 (diff: -+1,261); Washington: +2,966 (diff: -+2,253); Seattle MSA: +3,985 (diff: -+3,272); Puget Sound Region: +3,994 (diff: -+3,281)"
Income,"Fife, WA recorded a median household income of $90,532 in 2024, higher than the United States ($80,734) but notably lower than Pierce County ($99,564) and the Puget Sound Region ($115,806). This income saw a negligible change of $17 from 2023, significantly less than regional growth. The population below the poverty line in Fife stood at 11.2%, higher than Pierce County (8.8%) and the Seattle MSA (8.5%), though lower than the United States (12.5%). Concurrently, 13.6% of households received SNAP benefits, exceeding Pierce County (12.3%) and the United States (12.1%), with a +0.8% increase from 2023. Median earnings for full-time male workers were $67,023, well below the Puget Sound Region ($97,420), with a modest increase of +$713. Full-time female workers earned $55,479, also significantly lower than the Puget Sound Region ($76,267), and experienced a decrease of -$760, contrasting with positive regional trends.","Fife, WA presents a distinct profile with a younger, more diverse population (median age 31.3, black population +3.5%) and strong labor force participation (76.1%, female 72.1%). However, the city faces significant housing affordability challenges, marked by a high overcrowding rate of 9.1% and 52.5% of renter households being cost-burdened. Owner-occupied units are low at 43.8%, while median listing prices surged by +$102,750, resulting in a low housing affordability index of 58. Median household income ($90,532) is lower than Pierce County, and female earnings are decreasing, contributing to higher poverty (11.2%) and SNAP usage (13.6%).",2024,2024,ACS_Series-CPI Table,"{""Label"": ""Calc-Median earnings Female""}",Median earnings for full-time female workers,Numeric,Median earnings for full-time female workers in the geography in the current year,"In 2024, Fife, WA recorded a median earnings for full-time female workers of 55,479.","Fife, WA's median earnings for full-time female workers of 55,479 is smaller than Pierce County (63,149).","Fife, WA's median earnings for full-time female workers of 55,479 is larger than United States (55,274), is smaller than Puyallup Reservation (63,932), is smaller than Washington (66,363), is smaller than Seattle MSA (75,838), and is smaller than Puget Sound Region (76,267).",N/A,N/A,"Fife, WA's median earnings for full-time female workers in 2024 were 55,479, slightly above the United States (55,274) but considerably lower than Pierce County (63,149), Washington (66,363), and significantly below the broader Puget Sound Region (76,267).","Math Context: Focus value: 55,479; Pierce County: 63,149 (diff: -7,670); United States: 55,274 (diff: +205); Puyallup Reservation: 63,932 (diff: -8,453); Washington: 66,363 (diff: -10,884); Seattle MSA: 75,838 (diff: -20,359); Puget Sound Region: 76,267 (diff: -20,788)"
Income,"Fife, WA recorded a median household income of $90,532 in 2024, higher than the United States ($80,734) but notably lower than Pierce County ($99,564) and the Puget Sound Region ($115,806). This income saw a negligible change of $17 from 2023, significantly less than regional growth. The population below the poverty line in Fife stood at 11.2%, higher than Pierce County (8.8%) and the Seattle MSA (8.5%), though lower than the United States (12.5%). Concurrently, 13.6% of households received SNAP benefits, exceeding Pierce County (12.3%) and the United States (12.1%), with a +0.8% increase from 2023. Median earnings for full-time male workers were $67,023, well below the Puget Sound Region ($97,420), with a modest increase of +$713. Full-time female workers earned $55,479, also significantly lower than the Puget Sound Region ($76,267), and experienced a decrease of -$760, contrasting with positive regional trends.","Fife, WA presents a distinct profile with a younger, more diverse population (median age 31.3, black population +3.5%) and strong labor force participation (76.1%, female 72.1%). However, the city faces significant housing affordability challenges, marked by a high overcrowding rate of 9.1% and 52.5% of renter households being cost-burdened. Owner-occupied units are low at 43.8%, while median listing prices surged by +$102,750, resulting in a low housing affordability index of 58. Median household income ($90,532) is lower than Pierce County, and female earnings are decreasing, contributing to higher poverty (11.2%) and SNAP usage (13.6%).",2023,2024,ACS_Series-CPI Table,"{""Label"": ""Calc-Median earnings Female""}",Change in median earnings for full-time female workers,Numeric,"Change in the real median earnings of full-time female workers in the geography from the previous to current year, in current dollars","Between 2023 and 2024, Fife, WA experienced a change in median earnings for full-time female workers of -760.","Fife, WA's change in median earnings for full-time female workers of -760 represents a smaller change compared to Pierce County (+2,454).","Fife, WA's change in median earnings for full-time female workers of -760 represents a smaller change compared to Puyallup Reservation (+1,225), represents a smaller change compared to United States (+1,829), represents a smaller change compared to Washington (+3,080), represents a smaller change compared to Seattle MSA (+3,704), and represents a smaller change compared to Puget Sound Region (+3,739).",N/A,N/A,"Fife, WA experienced a change of -760 in median earnings for full-time female workers between 2023 and 2024, a significantly smaller change compared to the positive growth observed in Pierce County (+2,454), the United States (+1,829), and the Puget Sound Region (+3,739).","Math Context: Focus value: -760; Pierce County: +2,454 (diff: -+3,214); Puyallup Reservation: +1,225 (diff: -+1,985); United States: +1,829 (diff: -+2,589); Washington: +3,080 (diff: -+3,840); Seattle MSA: +3,704 (diff: -+4,464); Puget Sound Region: +3,739 (diff: -+4,499)"
Workforce,"Fife, WA's workforce profile in 2024 reveals a mixed landscape. Educational attainment for the 25+ population with a bachelor's degree or more is 27.9%, notably lower than Pierce County (30.9%) and significantly below the Seattle MSA (47.2%), with a slight decline of -0.2% from 2023. Conversely, Fife, WA exhibits strong labor force participation at 76.1%, which is 9.8 percentage points higher than Pierce County and 12.6 percentage points above the United States average. This rate increased by +0.3%, outperforming all regional benchmarks. Female labor force participation is particularly high at 72.1%, 11.4 percentage points above Pierce County, and saw a substantial +1.5% increase. However, the percentage of workers working from home is lower at 11.2% compared to Pierce County (13.9%) and Seattle MSA (24.0%), and self-employment is also lower at 2.8% compared to the United States (6.0%).","Fife, WA presents a distinct profile with a younger, more diverse population (median age 31.3, black population +3.5%) and strong labor force participation (76.1%, female 72.1%). However, the city faces significant housing affordability challenges, marked by a high overcrowding rate of 9.1% and 52.5% of renter households being cost-burdened. Owner-occupied units are low at 43.8%, while median listing prices surged by +$102,750, resulting in a low housing affordability index of 58. Median household income ($90,532) is lower than Pierce County, and female earnings are decreasing, contributing to higher poverty (11.2%) and SNAP usage (13.6%).",2024,2024,ACS_Series,"{""Label"": ""Calc-LFPR""}",Labor force participation rate,Percentage,Labor force participation rate in the geography in the current year,"In 2024, Fife, WA recorded a labor force participation rate of 76.1%.","Fife, WA's labor force participation rate of 76.1% is 9.8 percentage points higher than Pierce County (66.3%).","Fife, WA's labor force participation rate of 76.1% is 12.6 percentage points higher than United States (63.5%), is 11.6 percentage points higher than Washington (64.5%), is 8.0 percentage points higher than Puyallup Reservation (68.1%), is 7.7 percentage points higher than Puget Sound Region (68.4%), and is 7.5 percentage points higher than Seattle MSA (68.6%).",N/A,N/A,"Fife, WA recorded a labor force participation rate of 76.1% in 2024, which is 9.8 percentage points higher than Pierce County (66.3%), and significantly exceeds the United States (63.5%) by 12.6 percentage points and Washington (64.5%) by 11.6 percentage points.",Math Context: Focus value: 76.1%; Pierce County: 66.3% (diff: +9.8 pp); United States: 63.5% (diff: +12.6 pp); Washington: 64.5% (diff: +11.6 pp); Puyallup Reservation: 68.1% (diff: +8.0 pp); Puget Sound Region: 68.4% (diff: +7.7 pp); Seattle MSA: 68.6% (diff: +7.5 pp)
Workforce,"Fife, WA's workforce profile in 2024 reveals a mixed landscape. Educational attainment for the 25+ population with a bachelor's degree or more is 27.9%, notably lower than Pierce County (30.9%) and significantly below the Seattle MSA (47.2%), with a slight decline of -0.2% from 2023. Conversely, Fife, WA exhibits strong labor force participation at 76.1%, which is 9.8 percentage points higher than Pierce County and 12.6 percentage points above the United States average. This rate increased by +0.3%, outperforming all regional benchmarks. Female labor force participation is particularly high at 72.1%, 11.4 percentage points above Pierce County, and saw a substantial +1.5% increase. However, the percentage of workers working from home is lower at 11.2% compared to Pierce County (13.9%) and Seattle MSA (24.0%), and self-employment is also lower at 2.8% compared to the United States (6.0%).","Fife, WA presents a distinct profile with a younger, more diverse population (median age 31.3, black population +3.5%) and strong labor force participation (76.1%, female 72.1%). However, the city faces significant housing affordability challenges, marked by a high overcrowding rate of 9.1% and 52.5% of renter households being cost-burdened. Owner-occupied units are low at 43.8%, while median listing prices surged by +$102,750, resulting in a low housing affordability index of 58. Median household income ($90,532) is lower than Pierce County, and female earnings are decreasing, contributing to higher poverty (11.2%) and SNAP usage (13.6%).",2023,2024,ACS_Series,"{""Label"": ""Calc-LFPR""}",Change in labor force participation rate,Percentage,Change in labor force participation rate in the geography from the previous to current year,"Between 2023 and 2024, Fife, WA experienced a change in labor force participation rate of +0.3%.","Fife, WA's change in labor force participation rate of +0.3% is 0.4 percentage points higher than Pierce County (-0.2%).","Fife, WA's change in labor force participation rate of +0.3% is 0.4 percentage points higher than Puget Sound Region (-0.1%), is 0.4 percentage points higher than Washington (-0.1%), is 0.4 percentage points higher than Seattle MSA (-0.1%), is 0.4 percentage points higher than Puyallup Reservation (-0.1%), and is 0.3 percentage points higher than United States (-0.0%).",N/A,N/A,"Fife, WA's labor force participation rate increased by +0.3% between 2023 and 2024, outperforming Pierce County (-0.2%) and regional benchmarks like Puget Sound Region, Washington, Seattle MSA, and Puyallup Reservation (all at -0.1%) by 0.4 percentage points, and the United States (-0.0%) by 0.3 percentage points.",Math Context: Focus value: +0.3%; Pierce County: -0.2% (diff: +0.4 pp); Puget Sound Region: -0.1% (diff: +0.4 pp); Washington: -0.1% (diff: +0.4 pp); Seattle MSA: -0.1% (diff: +0.4 pp); Puyallup Reservation: -0.1% (diff: +0.4 pp); United States: -0.0% (diff: +0.3 pp)
Workforce,"Fife, WA's workforce profile in 2024 reveals a mixed landscape. Educational attainment for the 25+ population with a bachelor's degree or more is 27.9%, notably lower than Pierce County (30.9%) and significantly below the Seattle MSA (47.2%), with a slight decline of -0.2% from 2023. Conversely, Fife, WA exhibits strong labor force participation at 76.1%, which is 9.8 percentage points higher than Pierce County and 12.6 percentage points above the United States average. This rate increased by +0.3%, outperforming all regional benchmarks. Female labor force participation is particularly high at 72.1%, 11.4 percentage points above Pierce County, and saw a substantial +1.5% increase. However, the percentage of workers working from home is lower at 11.2% compared to Pierce County (13.9%) and Seattle MSA (24.0%), and self-employment is also lower at 2.8% compared to the United States (6.0%).","Fife, WA presents a distinct profile with a younger, more diverse population (median age 31.3, black population +3.5%) and strong labor force participation (76.1%, female 72.1%). However, the city faces significant housing affordability challenges, marked by a high overcrowding rate of 9.1% and 52.5% of renter households being cost-burdened. Owner-occupied units are low at 43.8%, while median listing prices surged by +$102,750, resulting in a low housing affordability index of 58. Median household income ($90,532) is lower than Pierce County, and female earnings are decreasing, contributing to higher poverty (11.2%) and SNAP usage (13.6%).",2024,2024,ACS_Series,"{""Label"": ""Calc-LFPR-F""}",Female labor force participation rate,Percentage,Female labor force participation rate in the geography in the current year,"In 2024, Fife, WA recorded a female labor force participation rate of 72.1%.","Fife, WA's female labor force participation rate of 72.1% is 11.4 percentage points higher than Pierce County (60.7%).","Fife, WA's female labor force participation rate of 72.1% is 13.2 percentage points higher than United States (58.9%), is 12.8 percentage points higher than Washington (59.3%), is 9.6 percentage points higher than Puyallup Reservation (62.5%), is 9.2 percentage points higher than Seattle MSA (62.9%), and is 9.0 percentage points higher than Puget Sound Region (63.1%).",N/A,N/A,"Fife, WA recorded a female labor force participation rate of 72.1% in 2024, which is 11.4 percentage points higher than Pierce County (60.7%) and significantly above the United States (58.9%) by 13.2 percentage points and Washington (59.3%) by 12.8 percentage points.",Math Context: Focus value: 72.1%; Pierce County: 60.7% (diff: +11.4 pp); United States: 58.9% (diff: +13.2 pp); Washington: 59.3% (diff: +12.8 pp); Puyallup Reservation: 62.5% (diff: +9.6 pp); Seattle MSA: 62.9% (diff: +9.2 pp); Puget Sound Region: 63.1% (diff: +9.0 pp)
Workforce,"Fife, WA's workforce profile in 2024 reveals a mixed landscape. Educational attainment for the 25+ population with a bachelor's degree or more is 27.9%, notably lower than Pierce County (30.9%) and significantly below the Seattle MSA (47.2%), with a slight decline of -0.2% from 2023. Conversely, Fife, WA exhibits strong labor force participation at 76.1%, which is 9.8 percentage points higher than Pierce County and 12.6 percentage points above the United States average. This rate increased by +0.3%, outperforming all regional benchmarks. Female labor force participation is particularly high at 72.1%, 11.4 percentage points above Pierce County, and saw a substantial +1.5% increase. However, the percentage of workers working from home is lower at 11.2% compared to Pierce County (13.9%) and Seattle MSA (24.0%), and self-employment is also lower at 2.8% compared to the United States (6.0%).","Fife, WA presents a distinct profile with a younger, more diverse population (median age 31.3, black population +3.5%) and strong labor force participation (76.1%, female 72.1%). However, the city faces significant housing affordability challenges, marked by a high overcrowding rate of 9.1% and 52.5% of renter households being cost-burdened. Owner-occupied units are low at 43.8%, while median listing prices surged by +$102,750, resulting in a low housing affordability index of 58. Median household income ($90,532) is lower than Pierce County, and female earnings are decreasing, contributing to higher poverty (11.2%) and SNAP usage (13.6%).",2023,2024,ACS_Series,"{""Label"": ""Calc-LFPR-F""}",Change in female labor force participation rate,Percentage,Change in female labor force participation rate in the geography from the previous to current year,"Between 2023 and 2024, Fife, WA experienced a change in female labor force participation rate of +1.5%.","Fife, WA's change in female labor force participation rate of +1.5% is 1.5 percentage points higher than Pierce County (+0.0%).","Fife, WA's change in female labor force participation rate of +1.5% is 1.5 percentage points higher than United States (+0.1%), is 1.4 percentage points higher than Washington (+0.1%), is 1.3 percentage points higher than Seattle MSA (+0.2%), is 1.1 percentage points higher than Puget Sound Region (+0.5%), and is 0.9 percentage points higher than Puyallup Reservation (+0.6%).",N/A,N/A,"Fife, WA experienced a +1.5% change in female labor force participation rate between 2023 and 2024, which was 1.5 percentage points higher than Pierce County (+0.0%) and the United States (+0.1%), and also exceeded Washington (+0.1%), Seattle MSA (+0.2%), Puget Sound Region (+0.5%), and Puyallup Reservation (+0.6%).",Math Context: Focus value: +1.5%; Pierce County: +0.0% (diff: +1.5 pp); United States: +0.1% (diff: +1.5 pp); Washington: +0.1% (diff: +1.4 pp); Seattle MSA: +0.2% (diff: +1.3 pp); Puget Sound Region: +0.5% (diff: +1.1 pp); Puyallup Reservation: +0.6% (diff: +0.9 pp)
Workforce,"Fife, WA's workforce profile in 2024 reveals a mixed landscape. Educational attainment for the 25+ population with a bachelor's degree or more is 27.9%, notably lower than Pierce County (30.9%) and significantly below the Seattle MSA (47.2%), with a slight decline of -0.2% from 2023. Conversely, Fife, WA exhibits strong labor force participation at 76.1%, which is 9.8 percentage points higher than Pierce County and 12.6 percentage points above the United States average. This rate increased by +0.3%, outperforming all regional benchmarks. Female labor force participation is particularly high at 72.1%, 11.4 percentage points above Pierce County, and saw a substantial +1.5% increase. However, the percentage of workers working from home is lower at 11.2% compared to Pierce County (13.9%) and Seattle MSA (24.0%), and self-employment is also lower at 2.8% compared to the United States (6.0%).","Fife, WA presents a distinct profile with a younger, more diverse population (median age 31.3, black population +3.5%) and strong labor force participation (76.1%, female 72.1%). However, the city faces significant housing affordability challenges, marked by a high overcrowding rate of 9.1% and 52.5% of renter households being cost-burdened. Owner-occupied units are low at 43.8%, while median listing prices surged by +$102,750, resulting in a low housing affordability index of 58. Median household income ($90,532) is lower than Pierce County, and female earnings are decreasing, contributing to higher poverty (11.2%) and SNAP usage (13.6%).",2024,2024,ACS_Series,"{""Label"": ""Calc-LFPR-M""}",Male labor force participation rate,Percentage,Male labor force participation rate in the geography in the current year,"In 2024, Fife, WA recorded a male labor force participation rate of 80.3%.","Fife, WA's male labor force participation rate of 80.3% is 8.5 percentage points higher than Pierce County (71.8%).","Fife, WA's male labor force participation rate of 80.3% is 12.2 percentage points higher than United States (68.2%), is 10.6 percentage points higher than Washington (69.7%), is 6.8 percentage points higher than Puget Sound Region (73.6%), is 6.4 percentage points higher than Puyallup Reservation (74.0%), and is 6.2 percentage points higher than Seattle MSA (74.2%).",N/A,N/A,"Fife, WA recorded a male labor force participation rate of 80.3% in 2024, which is 8.5 percentage points higher than Pierce County and significantly above the United States rate of 68.2%.",Math Context: Focus value: 80.3%; Pierce County: 71.8% (diff: +8.5 pp); United States: 68.2% (diff: +12.2 pp); Washington: 69.7% (diff: +10.6 pp); Puget Sound Region: 73.6% (diff: +6.8 pp); Puyallup Reservation: 74.0% (diff: +6.4 pp); Seattle MSA: 74.2% (diff: +6.2 pp)
Workforce,"Fife, WA's workforce profile in 2024 reveals a mixed landscape. Educational attainment for the 25+ population with a bachelor's degree or more is 27.9%, notably lower than Pierce County (30.9%) and significantly below the Seattle MSA (47.2%), with a slight decline of -0.2% from 2023. Conversely, Fife, WA exhibits strong labor force participation at 76.1%, which is 9.8 percentage points higher than Pierce County and 12.6 percentage points above the United States average. This rate increased by +0.3%, outperforming all regional benchmarks. Female labor force participation is particularly high at 72.1%, 11.4 percentage points above Pierce County, and saw a substantial +1.5% increase. However, the percentage of workers working from home is lower at 11.2% compared to Pierce County (13.9%) and Seattle MSA (24.0%), and self-employment is also lower at 2.8% compared to the United States (6.0%).","Fife, WA presents a distinct profile with a younger, more diverse population (median age 31.3, black population +3.5%) and strong labor force participation (76.1%, female 72.1%). However, the city faces significant housing affordability challenges, marked by a high overcrowding rate of 9.1% and 52.5% of renter households being cost-burdened. Owner-occupied units are low at 43.8%, while median listing prices surged by +$102,750, resulting in a low housing affordability index of 58. Median household income ($90,532) is lower than Pierce County, and female earnings are decreasing, contributing to higher poverty (11.2%) and SNAP usage (13.6%).",2023,2024,ACS_Series,"{""Label"": ""Calc-LFPR-M""}",Change in male labor force participation rate,Percentage,Change in male labor force participation rate in the geography from the previous to current year,"Between 2023 and 2024, Fife, WA experienced a change in male labor force participation rate of -0.9%.","Fife, WA's change in male labor force participation rate of -0.9% is 0.6 percentage points lower than Pierce County (-0.4%).","Fife, WA's change in male labor force participation rate of -0.9% is 0.2 percentage points lower than Puget Sound Region (-0.7%), is 0.3 percentage points lower than Puyallup Reservation (-0.6%), is 0.5 percentage points lower than Seattle MSA (-0.4%), is 0.5 percentage points lower than Washington (-0.4%), and is 0.8 percentage points lower than United States (-0.2%).",N/A,N/A,"Fife, WA experienced a -0.9% change in male labor force participation rate between 2023 and 2024, which was 0.6 percentage points lower than Pierce County (-0.4%) and 0.8 percentage points lower than the United States (-0.2%).",Math Context: Focus value: -0.9%; Pierce County: -0.4% (diff: -0.6 pp); Puget Sound Region: -0.7% (diff: -0.2 pp); Puyallup Reservation: -0.6% (diff: -0.3 pp); Seattle MSA: -0.4% (diff: -0.5 pp); Washington: -0.4% (diff: -0.5 pp); United States: -0.2% (diff: -0.8 pp)
Workforce,"Fife, WA's workforce profile in 2024 reveals a mixed landscape. Educational attainment for the 25+ population with a bachelor's degree or more is 27.9%, notably lower than Pierce County (30.9%) and significantly below the Seattle MSA (47.2%), with a slight decline of -0.2% from 2023. Conversely, Fife, WA exhibits strong labor force participation at 76.1%, which is 9.8 percentage points higher than Pierce County and 12.6 percentage points above the United States average. This rate increased by +0.3%, outperforming all regional benchmarks. Female labor force participation is particularly high at 72.1%, 11.4 percentage points above Pierce County, and saw a substantial +1.5% increase. However, the percentage of workers working from home is lower at 11.2% compared to Pierce County (13.9%) and Seattle MSA (24.0%), and self-employment is also lower at 2.8% compared to the United States (6.0%).","Fife, WA presents a distinct profile with a younger, more diverse population (median age 31.3, black population +3.5%) and strong labor force participation (76.1%, female 72.1%). However, the city faces significant housing affordability challenges, marked by a high overcrowding rate of 9.1% and 52.5% of renter households being cost-burdened. Owner-occupied units are low at 43.8%, while median listing prices surged by +$102,750, resulting in a low housing affordability index of 58. Median household income ($90,532) is lower than Pierce County, and female earnings are decreasing, contributing to higher poverty (11.2%) and SNAP usage (13.6%).",2024,2024,ACS_Series,"{""Label"": ""Calc-Worked from home""}",Percent of workers working from home,Percentage,Percent of workers working from home in the geography in the current year,"In 2024, Fife, WA recorded a of workers working from home of 11.2%.","Fife, WA's of workers working from home of 11.2% is 2.7 percentage points lower than Pierce County (13.9%).","Fife, WA's of workers working from home of 11.2% is 3.7 percentage points lower than Puyallup Reservation (14.9%), is 3.9 percentage points lower than United States (15.1%), is 8.6 percentage points lower than Washington (19.8%), is 9.8 percentage points lower than Puget Sound Region (21.0%), and is 12.9 percentage points lower than Seattle MSA (24.0%).",N/A,N/A,"Fife, WA recorded 11.2% of workers working from home in 2024, which is 2.7 percentage points lower than Pierce County (13.9%) and significantly lower than the Seattle MSA (24.0%) by 12.9 percentage points.",Math Context: Focus value: 11.2%; Pierce County: 13.9% (diff: -2.7 pp); Puyallup Reservation: 14.9% (diff: -3.7 pp); United States: 15.1% (diff: -3.9 pp); Washington: 19.8% (diff: -8.6 pp); Puget Sound Region: 21.0% (diff: -9.8 pp); Seattle MSA: 24.0% (diff: -12.9 pp)
Workforce,"Fife, WA's workforce profile in 2024 reveals a mixed landscape. Educational attainment for the 25+ population with a bachelor's degree or more is 27.9%, notably lower than Pierce County (30.9%) and significantly below the Seattle MSA (47.2%), with a slight decline of -0.2% from 2023. Conversely, Fife, WA exhibits strong labor force participation at 76.1%, which is 9.8 percentage points higher than Pierce County and 12.6 percentage points above the United States average. This rate increased by +0.3%, outperforming all regional benchmarks. Female labor force participation is particularly high at 72.1%, 11.4 percentage points above Pierce County, and saw a substantial +1.5% increase. However, the percentage of workers working from home is lower at 11.2% compared to Pierce County (13.9%) and Seattle MSA (24.0%), and self-employment is also lower at 2.8% compared to the United States (6.0%).","Fife, WA presents a distinct profile with a younger, more diverse population (median age 31.3, black population +3.5%) and strong labor force participation (76.1%, female 72.1%). However, the city faces significant housing affordability challenges, marked by a high overcrowding rate of 9.1% and 52.5% of renter households being cost-burdened. Owner-occupied units are low at 43.8%, while median listing prices surged by +$102,750, resulting in a low housing affordability index of 58. Median household income ($90,532) is lower than Pierce County, and female earnings are decreasing, contributing to higher poverty (11.2%) and SNAP usage (13.6%).",2023,2024,ACS_Series,"{""Label"": ""Calc-Worked from home""}",Change in percent of workers working from home,Percentage,Change in percent of workers working from home in the geography from the previous to current year,"Between 2023 and 2024, Fife, WA experienced a change in of workers working from home of +0.9%.","Fife, WA's change in of workers working from home of +0.9% is 0.7 percentage points lower than Pierce County (+1.6%).","Fife, WA's change in of workers working from home of +0.9% is 0.4 percentage points higher than Puget Sound Region (+0.5%), is 0.5 percentage points lower than Puyallup Reservation (+1.4%), is 0.7 percentage points lower than United States (+1.6%), is 1.1 percentage points lower than Washington (+2.1%), and is 1.5 percentage points lower than Seattle MSA (+2.5%).",N/A,N/A,"Fife, WA experienced a +0.9% change in workers working from home between 2023 and 2024, which is 0.7 percentage points lower than Pierce County (+1.6%) and 1.5 percentage points lower than Seattle MSA (+2.5%), but 0.4 percentage points higher than Puget Sound Region (+0.5%).",Math Context: Focus value: +0.9%; Pierce County: +1.6% (diff: -0.7 pp); Puget Sound Region: +0.5% (diff: +0.4 pp); Puyallup Reservation: +1.4% (diff: -0.5 pp); United States: +1.6% (diff: -0.7 pp); Washington: +2.1% (diff: -1.1 pp); Seattle MSA: +2.5% (diff: -1.5 pp)
Workforce,"Fife, WA's workforce profile in 2024 reveals a mixed landscape. Educational attainment for the 25+ population with a bachelor's degree or more is 27.9%, notably lower than Pierce County (30.9%) and significantly below the Seattle MSA (47.2%), with a slight decline of -0.2% from 2023. Conversely, Fife, WA exhibits strong labor force participation at 76.1%, which is 9.8 percentage points higher than Pierce County and 12.6 percentage points above the United States average. This rate increased by +0.3%, outperforming all regional benchmarks. Female labor force participation is particularly high at 72.1%, 11.4 percentage points above Pierce County, and saw a substantial +1.5% increase. However, the percentage of workers working from home is lower at 11.2% compared to Pierce County (13.9%) and Seattle MSA (24.0%), and self-employment is also lower at 2.8% compared to the United States (6.0%).","Fife, WA presents a distinct profile with a younger, more diverse population (median age 31.3, black population +3.5%) and strong labor force participation (76.1%, female 72.1%). However, the city faces significant housing affordability challenges, marked by a high overcrowding rate of 9.1% and 52.5% of renter households being cost-burdened. Owner-occupied units are low at 43.8%, while median listing prices surged by +$102,750, resulting in a low housing affordability index of 58. Median household income ($90,532) is lower than Pierce County, and female earnings are decreasing, contributing to higher poverty (11.2%) and SNAP usage (13.6%).",2024,2024,ACS_Series,"{""Label"": ""Calc-Self-Emp""}",Percent of workers who are self-employed,Percentage,Percent of workers who are self-employed in the geography in the current year,"In 2024, Fife, WA recorded a of workers who are self-employed of 2.8%.","Fife, WA's of workers who are self-employed of 2.8% is 1.6 percentage points lower than Pierce County (4.4%).","Fife, WA's of workers who are self-employed of 2.8% is 1.2 percentage points lower than Puyallup Reservation (4.0%), is 2.4 percentage points lower than Puget Sound Region (5.2%), is 2.4 percentage points lower than Seattle MSA (5.2%), is 2.7 percentage points lower than Washington (5.5%), and is 3.2 percentage points lower than United States (6.0%).",N/A,N/A,"Fife, WA recorded a self-employment rate of 2.8% in 2024, which is 1.6 percentage points lower than Pierce County (4.4%) and 3.2 percentage points below the United States average of 6.0%.",Math Context: Focus value: 2.8%; Pierce County: 4.4% (diff: -1.6 pp); Puyallup Reservation: 4.0% (diff: -1.2 pp); Puget Sound Region: 5.2% (diff: -2.4 pp); Seattle MSA: 5.2% (diff: -2.4 pp); Washington: 5.5% (diff: -2.7 pp); United States: 6.0% (diff: -3.2 pp)
Workforce,"Fife, WA's workforce profile in 2024 reveals a mixed landscape. Educational attainment for the 25+ population with a bachelor's degree or more is 27.9%, notably lower than Pierce County (30.9%) and significantly below the Seattle MSA (47.2%), with a slight decline of -0.2% from 2023. Conversely, Fife, WA exhibits strong labor force participation at 76.1%, which is 9.8 percentage points higher than Pierce County and 12.6 percentage points above the United States average. This rate increased by +0.3%, outperforming all regional benchmarks. Female labor force participation is particularly high at 72.1%, 11.4 percentage points above Pierce County, and saw a substantial +1.5% increase. However, the percentage of workers working from home is lower at 11.2% compared to Pierce County (13.9%) and Seattle MSA (24.0%), and self-employment is also lower at 2.8% compared to the United States (6.0%).","Fife, WA presents a distinct profile with a younger, more diverse population (median age 31.3, black population +3.5%) and strong labor force participation (76.1%, female 72.1%). However, the city faces significant housing affordability challenges, marked by a high overcrowding rate of 9.1% and 52.5% of renter households being cost-burdened. Owner-occupied units are low at 43.8%, while median listing prices surged by +$102,750, resulting in a low housing affordability index of 58. Median household income ($90,532) is lower than Pierce County, and female earnings are decreasing, contributing to higher poverty (11.2%) and SNAP usage (13.6%).",2023,2024,ACS_Series,"{""Label"": ""Calc-Self-Emp""}",Change in percent of workers who are self-employed,Percentage,Change in percent of workers who are self-employed in the geography from the previous to current year,"Between 2023 and 2024, Fife, WA experienced a change in of workers who are self-employed of +0.3%.","Fife, WA's change in of workers who are self-employed of +0.3% is 0.3 percentage points higher than Pierce County (-0.0%).","Fife, WA's change in of workers who are self-employed of +0.3% is 0.5 percentage points higher than Puyallup Reservation (-0.2%), is 0.4 percentage points higher than Puget Sound Region (-0.1%), is 0.3 percentage points higher than Washington (-0.1%), is 0.3 percentage points higher than Seattle MSA (-0.1%), and is 0.2 percentage points higher than United States (+0.0%).",N/A,N/A,"Fife, WA experienced a +0.3% change in the percentage of workers who are self-employed between 2023 and 2024, which was 0.3 percentage points higher than Pierce County (-0.0%) and 0.5 percentage points higher than Puyallup Reservation (-0.2%).",Math Context: Focus value: +0.3%; Pierce County: -0.0% (diff: +0.3 pp); Puyallup Reservation: -0.2% (diff: +0.5 pp); Puget Sound Region: -0.1% (diff: +0.4 pp); Washington: -0.1% (diff: +0.3 pp); Seattle MSA: -0.1% (diff: +0.3 pp); United States: +0.0% (diff: +0.2 pp)
Housing Values,"Fife, WA faces considerable housing affordability challenges, with 52.5% of renter households and a significantly higher 36.1% of owner households classified as cost-burdened in 2024. The owner cost burden in Fife is 9.5 percentage points above Pierce County and increased by +2.8% between 2023 and 2024, substantially exceeding the +0.5% increase in both Pierce County and the United States. While Fife's median owner-occupied housing value ($543,100) and median monthly rent ($1,889) are elevated compared to the United States, they remain below the Seattle MSA. Notably, Fife's median listing price experienced a substantial CPI-adjusted increase of +$102,750 between 2025 and 2026, sharply contrasting with declines in other regions. Estimated mortgage payments also rose by +$396.9, while benchmarks decreased. Consequently, Fife's housing affordability index stands at 58, 21 points lower than the United States, and decreased by 8 points, contrary to regional improvements.","Fife, WA presents a distinct profile with a younger, more diverse population (median age 31.3, black population +3.5%) and strong labor force participation (76.1%, female 72.1%). However, the city faces significant housing affordability challenges, marked by a high overcrowding rate of 9.1% and 52.5% of renter households being cost-burdened. Owner-occupied units are low at 43.8%, while median listing prices surged by +$102,750, resulting in a low housing affordability index of 58. Median household income ($90,532) is lower than Pierce County, and female earnings are decreasing, contributing to higher poverty (11.2%) and SNAP usage (13.6%).",2024,2024,ACS_Series,"{""Label"": ""Calc-Cost Burden Renters""}",Percent of renter households that are cost-burdened,Percentage,Percent of renter households that are cost-burdened in the geography in the current year,"In 2024, Fife, WA recorded a of renter households that are cost-burdened of 52.5%.","Fife, WA's of renter households that are cost-burdened of 52.5% is 0.6 percentage points lower than Pierce County (53.0%).","Fife, WA's of renter households that are cost-burdened of 52.5% is 3.4 percentage points higher than Seattle MSA (49.0%), is 2.5 percentage points higher than Washington (49.9%), is 2.5 percentage points higher than Puget Sound Region (50.0%), is 1.3 percentage points higher than United States (51.1%), and is 0.7 percentage points higher than Puyallup Reservation (51.8%).",N/A,N/A,"Fife, WA recorded 52.5% of renter households as cost-burdened in 2024, which is 0.6 percentage points lower than Pierce County (53.0%) but notably higher than Seattle MSA (49.0%) by 3.4 percentage points and the United States (51.1%) by 1.3 percentage points.",Math Context: Focus value: 52.5%; Pierce County: 53.0% (diff: -0.6 pp); Seattle MSA: 49.0% (diff: +3.4 pp); Washington: 49.9% (diff: +2.5 pp); Puget Sound Region: 50.0% (diff: +2.5 pp); United States: 51.1% (diff: +1.3 pp); Puyallup Reservation: 51.8% (diff: +0.7 pp)
Housing Values,"Fife, WA faces considerable housing affordability challenges, with 52.5% of renter households and a significantly higher 36.1% of owner households classified as cost-burdened in 2024. The owner cost burden in Fife is 9.5 percentage points above Pierce County and increased by +2.8% between 2023 and 2024, substantially exceeding the +0.5% increase in both Pierce County and the United States. While Fife's median owner-occupied housing value ($543,100) and median monthly rent ($1,889) are elevated compared to the United States, they remain below the Seattle MSA. Notably, Fife's median listing price experienced a substantial CPI-adjusted increase of +$102,750 between 2025 and 2026, sharply contrasting with declines in other regions. Estimated mortgage payments also rose by +$396.9, while benchmarks decreased. Consequently, Fife's housing affordability index stands at 58, 21 points lower than the United States, and decreased by 8 points, contrary to regional improvements.","Fife, WA presents a distinct profile with a younger, more diverse population (median age 31.3, black population +3.5%) and strong labor force participation (76.1%, female 72.1%). However, the city faces significant housing affordability challenges, marked by a high overcrowding rate of 9.1% and 52.5% of renter households being cost-burdened. Owner-occupied units are low at 43.8%, while median listing prices surged by +$102,750, resulting in a low housing affordability index of 58. Median household income ($90,532) is lower than Pierce County, and female earnings are decreasing, contributing to higher poverty (11.2%) and SNAP usage (13.6%).",2023,2024,ACS_Series,"{""Label"": ""Calc-Cost Burden Renters""}",Change in percent of renter households that are cost-burdened,Percentage,Change in percent of renter households that are cost-burdened in the geography from the previous to current year,"Between 2023 and 2024, Fife, WA experienced a change in of renter households that are cost-burdened of +0.2%.","Fife, WA's change in of renter households that are cost-burdened of +0.2% is 0.6 percentage points lower than Pierce County (+0.8%).","Fife, WA's change in of renter households that are cost-burdened of +0.2% is 0.2 percentage points lower than Puyallup Reservation (+0.5%), is 0.3 percentage points lower than Seattle MSA (+0.5%), is 0.4 percentage points lower than Washington (+0.6%), is 0.5 percentage points lower than United States (+0.8%), and is 0.6 percentage points lower than Puget Sound Region (+0.8%).",N/A,N/A,"Fife, WA experienced a +0.2% change in renter households that are cost-burdened between 2023 and 2024, which was 0.6 percentage points lower than both Pierce County and the Puget Sound Region (both at +0.8%), and 0.5 percentage points lower than the United States (also at +0.8%).",Math Context: Focus value: +0.2%; Pierce County: +0.8% (diff: -0.6 pp); Puyallup Reservation: +0.5% (diff: -0.2 pp); Seattle MSA: +0.5% (diff: -0.3 pp); Washington: +0.6% (diff: -0.4 pp); United States: +0.8% (diff: -0.5 pp); Puget Sound Region: +0.8% (diff: -0.6 pp)
Housing Values,"Fife, WA faces considerable housing affordability challenges, with 52.5% of renter households and a significantly higher 36.1% of owner households classified as cost-burdened in 2024. The owner cost burden in Fife is 9.5 percentage points above Pierce County and increased by +2.8% between 2023 and 2024, substantially exceeding the +0.5% increase in both Pierce County and the United States. While Fife's median owner-occupied housing value ($543,100) and median monthly rent ($1,889) are elevated compared to the United States, they remain below the Seattle MSA. Notably, Fife's median listing price experienced a substantial CPI-adjusted increase of +$102,750 between 2025 and 2026, sharply contrasting with declines in other regions. Estimated mortgage payments also rose by +$396.9, while benchmarks decreased. Consequently, Fife's housing affordability index stands at 58, 21 points lower than the United States, and decreased by 8 points, contrary to regional improvements.","Fife, WA presents a distinct profile with a younger, more diverse population (median age 31.3, black population +3.5%) and strong labor force participation (76.1%, female 72.1%). However, the city faces significant housing affordability challenges, marked by a high overcrowding rate of 9.1% and 52.5% of renter households being cost-burdened. Owner-occupied units are low at 43.8%, while median listing prices surged by +$102,750, resulting in a low housing affordability index of 58. Median household income ($90,532) is lower than Pierce County, and female earnings are decreasing, contributing to higher poverty (11.2%) and SNAP usage (13.6%).",2024,2024,ACS_Series,"{""Label"": ""Calc-Cost Burden Owners""}",Percent of owner households that are cost-burdened,Percentage,Percent of owner households that are cost-burdened in the geography in the current year,"In 2024, Fife, WA recorded a of owner households that are cost-burdened of 36.1%.","Fife, WA's of owner households that are cost-burdened of 36.1% is 9.5 percentage points higher than Pierce County (26.6%).","Fife, WA's of owner households that are cost-burdened of 36.1% is 13.4 percentage points higher than United States (22.7%), is 11.8 percentage points higher than Washington (24.3%), is 10.8 percentage points higher than Seattle MSA (25.3%), is 10.7 percentage points higher than Puget Sound Region (25.4%), and is 6.2 percentage points higher than Puyallup Reservation (29.9%).",N/A,N/A,"Fife, WA recorded 36.1% of owner households as cost-burdened in 2024, which is 9.5 percentage points higher than Pierce County (26.6%) and significantly exceeds all listed benchmarks, most notably the United States (22.7%) by 13.4 percentage points.",Math Context: Focus value: 36.1%; Pierce County: 26.6% (diff: +9.5 pp); United States: 22.7% (diff: +13.4 pp); Washington: 24.3% (diff: +11.8 pp); Seattle MSA: 25.3% (diff: +10.8 pp); Puget Sound Region: 25.4% (diff: +10.7 pp); Puyallup Reservation: 29.9% (diff: +6.2 pp)
Housing Values,"Fife, WA faces considerable housing affordability challenges, with 52.5% of renter households and a significantly higher 36.1% of owner households classified as cost-burdened in 2024. The owner cost burden in Fife is 9.5 percentage points above Pierce County and increased by +2.8% between 2023 and 2024, substantially exceeding the +0.5% increase in both Pierce County and the United States. While Fife's median owner-occupied housing value ($543,100) and median monthly rent ($1,889) are elevated compared to the United States, they remain below the Seattle MSA. Notably, Fife's median listing price experienced a substantial CPI-adjusted increase of +$102,750 between 2025 and 2026, sharply contrasting with declines in other regions. Estimated mortgage payments also rose by +$396.9, while benchmarks decreased. Consequently, Fife's housing affordability index stands at 58, 21 points lower than the United States, and decreased by 8 points, contrary to regional improvements.","Fife, WA presents a distinct profile with a younger, more diverse population (median age 31.3, black population +3.5%) and strong labor force participation (76.1%, female 72.1%). However, the city faces significant housing affordability challenges, marked by a high overcrowding rate of 9.1% and 52.5% of renter households being cost-burdened. Owner-occupied units are low at 43.8%, while median listing prices surged by +$102,750, resulting in a low housing affordability index of 58. Median household income ($90,532) is lower than Pierce County, and female earnings are decreasing, contributing to higher poverty (11.2%) and SNAP usage (13.6%).",2023,2024,ACS_Series,"{""Label"": ""Calc-Cost Burden Owners""}",Change in percent of owner households that are cost-burdened,Percentage,Change in percent of owner households that are cost-burdened in the geography from the previous to current year,"Between 2023 and 2024, Fife, WA experienced a change in of owner households that are cost-burdened of +2.8%.","Fife, WA's change in of owner households that are cost-burdened of +2.8% is 2.3 percentage points higher than Pierce County (+0.5%).","Fife, WA's change in of owner households that are cost-burdened of +2.8% is 2.9 percentage points higher than Puget Sound Region (-0.1%), is 2.6 percentage points higher than Seattle MSA (+0.2%), is 2.5 percentage points higher than Washington (+0.3%), is 2.3 percentage points higher than United States (+0.5%), and is 0.0 percentage points higher than Puyallup Reservation (+2.8%).",N/A,N/A,"Fife, WA experienced a +2.8% increase in cost-burdened owner households between 2023 and 2024, which was 2.3 percentage points higher than both Pierce County and the United States (both at +0.5%), and 2.9 percentage points higher than the Puget Sound Region (-0.1%).",Math Context: Focus value: +2.8%; Pierce County: +0.5% (diff: +2.3 pp); Puget Sound Region: -0.1% (diff: +2.9 pp); Seattle MSA: +0.2% (diff: +2.6 pp); Washington: +0.3% (diff: +2.5 pp); United States: +0.5% (diff: +2.3 pp); Puyallup Reservation: +2.8% (diff: +0.0 pp)
Housing Values,"Fife, WA faces considerable housing affordability challenges, with 52.5% of renter households and a significantly higher 36.1% of owner households classified as cost-burdened in 2024. The owner cost burden in Fife is 9.5 percentage points above Pierce County and increased by +2.8% between 2023 and 2024, substantially exceeding the +0.5% increase in both Pierce County and the United States. While Fife's median owner-occupied housing value ($543,100) and median monthly rent ($1,889) are elevated compared to the United States, they remain below the Seattle MSA. Notably, Fife's median listing price experienced a substantial CPI-adjusted increase of +$102,750 between 2025 and 2026, sharply contrasting with declines in other regions. Estimated mortgage payments also rose by +$396.9, while benchmarks decreased. Consequently, Fife's housing affordability index stands at 58, 21 points lower than the United States, and decreased by 8 points, contrary to regional improvements.","Fife, WA presents a distinct profile with a younger, more diverse population (median age 31.3, black population +3.5%) and strong labor force participation (76.1%, female 72.1%). However, the city faces significant housing affordability challenges, marked by a high overcrowding rate of 9.1% and 52.5% of renter households being cost-burdened. Owner-occupied units are low at 43.8%, while median listing prices surged by +$102,750, resulting in a low housing affordability index of 58. Median household income ($90,532) is lower than Pierce County, and female earnings are decreasing, contributing to higher poverty (11.2%) and SNAP usage (13.6%).",April 2026,April 2026,HAI-CPI Table,"{""Calc-Median Value of Owned Units"", ""CPI""}",Median value of owner-occupied housing units,Numeric,Median value of owner-occupied housing units in the geography in the current month,"In 2026, Fife, WA recorded a median value of owner-occupied housing units of 543,100.","Fife, WA's median value of owner-occupied housing units of 543,100 is larger than Pierce County (526,600).","Fife, WA's median value of owner-occupied housing units of 543,100 is larger than United States (332,700), is smaller than Washington (564,600), is smaller than Seattle MSA (717,500), and is smaller than Puget Sound Region (730,850).",N/A,N/A,"Fife, WA recorded a median value of owner-occupied housing units of 543,100 in 2026, which was higher than Pierce County (526,600) and significantly above the United States (332,700), yet remained below Washington (564,600), Seattle MSA (717,500), and the Puget Sound Region (730,850).","Math Context: Focus value: 543,100; Pierce County: 526,600 (diff: +16,500); United States: 332,700 (diff: +210,400); Washington: 564,600 (diff: -21,500); Seattle MSA: 717,500 (diff: -174,400); Puget Sound Region: 730,850 (diff: -187,750)"
Housing Values,"Fife, WA faces considerable housing affordability challenges, with 52.5% of renter households and a significantly higher 36.1% of owner households classified as cost-burdened in 2024. The owner cost burden in Fife is 9.5 percentage points above Pierce County and increased by +2.8% between 2023 and 2024, substantially exceeding the +0.5% increase in both Pierce County and the United States. While Fife's median owner-occupied housing value ($543,100) and median monthly rent ($1,889) are elevated compared to the United States, they remain below the Seattle MSA. Notably, Fife's median listing price experienced a substantial CPI-adjusted increase of +$102,750 between 2025 and 2026, sharply contrasting with declines in other regions. Estimated mortgage payments also rose by +$396.9, while benchmarks decreased. Consequently, Fife's housing affordability index stands at 58, 21 points lower than the United States, and decreased by 8 points, contrary to regional improvements.","Fife, WA presents a distinct profile with a younger, more diverse population (median age 31.3, black population +3.5%) and strong labor force participation (76.1%, female 72.1%). However, the city faces significant housing affordability challenges, marked by a high overcrowding rate of 9.1% and 52.5% of renter households being cost-burdened. Owner-occupied units are low at 43.8%, while median listing prices surged by +$102,750, resulting in a low housing affordability index of 58. Median household income ($90,532) is lower than Pierce County, and female earnings are decreasing, contributing to higher poverty (11.2%) and SNAP usage (13.6%).",April 2025,April 2026,HAI-CPI Table,"{""Calc-Median Value of Owned Units"", ""CPI""}","Change in median value of owner-occupied housing units, adjusted by the CPI",Numeric,"Change in median value of owner-occupied housing units, adjusted by the CPI, from the previous month to current","Between 2025 and 2026, Fife, WA experienced a change in median value of owner-occupied housing units, adjusted by the cpi of 0.","Fife, WA's change in median value of owner-occupied housing units, adjusted by the cpi of 0 is identical to Pierce County.","Fife, WA's change in median value of owner-occupied housing units, adjusted by the cpi of 0 is identical to United States, is identical to Seattle MSA, is identical to Puget Sound Region, and is identical to Washington.",N/A,N/A,"Fife, WA's median value of owner-occupied housing units, adjusted by the CPI, remained unchanged at 0 between 2025 and 2026, a figure identical to that of Pierce County, the United States, Seattle MSA, the Puget Sound Region, and Washington.",Math Context: Focus value: 0; Pierce County: 0 (diff: -0); United States: 0 (diff: -0); Seattle MSA: 0 (diff: -0); Puget Sound Region: 0 (diff: -0); Washington: 0 (diff: -0)
Housing Values,"Fife, WA faces considerable housing affordability challenges, with 52.5% of renter households and a significantly higher 36.1% of owner households classified as cost-burdened in 2024. The owner cost burden in Fife is 9.5 percentage points above Pierce County and increased by +2.8% between 2023 and 2024, substantially exceeding the +0.5% increase in both Pierce County and the United States. While Fife's median owner-occupied housing value ($543,100) and median monthly rent ($1,889) are elevated compared to the United States, they remain below the Seattle MSA. Notably, Fife's median listing price experienced a substantial CPI-adjusted increase of +$102,750 between 2025 and 2026, sharply contrasting with declines in other regions. Estimated mortgage payments also rose by +$396.9, while benchmarks decreased. Consequently, Fife's housing affordability index stands at 58, 21 points lower than the United States, and decreased by 8 points, contrary to regional improvements.","Fife, WA presents a distinct profile with a younger, more diverse population (median age 31.3, black population +3.5%) and strong labor force participation (76.1%, female 72.1%). However, the city faces significant housing affordability challenges, marked by a high overcrowding rate of 9.1% and 52.5% of renter households being cost-burdened. Owner-occupied units are low at 43.8%, while median listing prices surged by +$102,750, resulting in a low housing affordability index of 58. Median household income ($90,532) is lower than Pierce County, and female earnings are decreasing, contributing to higher poverty (11.2%) and SNAP usage (13.6%).",April 2026,April 2026,HAI-CPI Table,"{""Calc-Median Monthly Rent"", ""CPI""}",Median monthly rent,Numeric,Median monthly rent among rent-paying housing units in the geography in the current month,"In 2026, Fife, WA recorded a median monthly rent of 1,889.","Fife, WA's median monthly rent of 1,889 is larger than Pierce County (1,806).","Fife, WA's median monthly rent of 1,889 is larger than United States (1,413), is larger than Washington (1,760), is smaller than Seattle MSA (2,000), and is smaller than Puget Sound Region (2,006).",N/A,N/A,"Fife, WA's median monthly rent in 2026 was $1,889, which was higher than Pierce County ($1,806), the United States ($1,413), and Washington ($1,760), but lower than the Seattle MSA ($2,000) and Puget Sound Region ($2,006).","Math Context: Focus value: 1,889; Pierce County: 1,806 (diff: +83); United States: 1,413 (diff: +476); Washington: 1,760 (diff: +129); Seattle MSA: 2,000 (diff: -111); Puget Sound Region: 2,006 (diff: -117)"
Housing Values,"Fife, WA faces considerable housing affordability challenges, with 52.5% of renter households and a significantly higher 36.1% of owner households classified as cost-burdened in 2024. The owner cost burden in Fife is 9.5 percentage points above Pierce County and increased by +2.8% between 2023 and 2024, substantially exceeding the +0.5% increase in both Pierce County and the United States. While Fife's median owner-occupied housing value ($543,100) and median monthly rent ($1,889) are elevated compared to the United States, they remain below the Seattle MSA. Notably, Fife's median listing price experienced a substantial CPI-adjusted increase of +$102,750 between 2025 and 2026, sharply contrasting with declines in other regions. Estimated mortgage payments also rose by +$396.9, while benchmarks decreased. Consequently, Fife's housing affordability index stands at 58, 21 points lower than the United States, and decreased by 8 points, contrary to regional improvements.","Fife, WA presents a distinct profile with a younger, more diverse population (median age 31.3, black population +3.5%) and strong labor force participation (76.1%, female 72.1%). However, the city faces significant housing affordability challenges, marked by a high overcrowding rate of 9.1% and 52.5% of renter households being cost-burdened. Owner-occupied units are low at 43.8%, while median listing prices surged by +$102,750, resulting in a low housing affordability index of 58. Median household income ($90,532) is lower than Pierce County, and female earnings are decreasing, contributing to higher poverty (11.2%) and SNAP usage (13.6%).",April 2025,April 2026,HAI-CPI Table,"{""Calc-Median Monthly Rent"", ""CPI""}","12-month change in median monthly rent, adjusted by the CPI",Numeric,"12-month change in median monthly rent, adjusted by the CPI, from the same month of the previous year to current","Between 2025 and 2026, Fife, WA experienced a 12-month change in median monthly rent, adjusted by the cpi of 0.","Fife, WA's 12-month change in median monthly rent, adjusted by the cpi of 0 is identical to Pierce County.","Fife, WA's 12-month change in median monthly rent, adjusted by the cpi of 0 is identical to Washington, is identical to Seattle MSA, is identical to Puget Sound Region, and is identical to United States.",N/A,N/A,"Fife, WA experienced a 0% 12-month change in median monthly rent, adjusted by the CPI, between 2025 and 2026, which was identical to Pierce County, Washington, Seattle MSA, Puget Sound Region, and the United States.",Math Context: Focus value: 0; Pierce County: 0 (diff: -0); Washington: 0 (diff: -0); Seattle MSA: 0 (diff: -0); Puget Sound Region: 0 (diff: -0); United States: 0 (diff: -0)
Housing Values,"Fife, WA faces considerable housing affordability challenges, with 52.5% of renter households and a significantly higher 36.1% of owner households classified as cost-burdened in 2024. The owner cost burden in Fife is 9.5 percentage points above Pierce County and increased by +2.8% between 2023 and 2024, substantially exceeding the +0.5% increase in both Pierce County and the United States. While Fife's median owner-occupied housing value ($543,100) and median monthly rent ($1,889) are elevated compared to the United States, they remain below the Seattle MSA. Notably, Fife's median listing price experienced a substantial CPI-adjusted increase of +$102,750 between 2025 and 2026, sharply contrasting with declines in other regions. Estimated mortgage payments also rose by +$396.9, while benchmarks decreased. Consequently, Fife's housing affordability index stands at 58, 21 points lower than the United States, and decreased by 8 points, contrary to regional improvements.","Fife, WA presents a distinct profile with a younger, more diverse population (median age 31.3, black population +3.5%) and strong labor force participation (76.1%, female 72.1%). However, the city faces significant housing affordability challenges, marked by a high overcrowding rate of 9.1% and 52.5% of renter households being cost-burdened. Owner-occupied units are low at 43.8%, while median listing prices surged by +$102,750, resulting in a low housing affordability index of 58. Median household income ($90,532) is lower than Pierce County, and female earnings are decreasing, contributing to higher poverty (11.2%) and SNAP usage (13.6%).",April 2026,April 2026,HAI-CPI Table,"{""Median Listing Price"", ""CPI""}",Median listing price,Numeric,Median listing price in the geography in the current month,"In 2026, Fife, WA recorded a median listing price of 651,500.","Fife, WA's median listing price of 651,500 is larger than Pierce County (649,450).","Fife, WA's median listing price of 651,500 is larger than United States (425,000), is larger than Washington (648,500), is smaller than Seattle MSA (776,232), and is smaller than Puget Sound Region (780,758).",N/A,N/A,"Fife, WA recorded a median listing price of $651,500 in 2026, exceeding Pierce County ($649,450), Washington ($648,500), and significantly surpassing the United States ($425,000), yet remaining notably below the Seattle MSA ($776,232) and Puget Sound Region ($780,758).","Math Context: Focus value: 651,500; Pierce County: 649,450 (diff: +2,050); United States: 425,000 (diff: +226,500); Washington: 648,500 (diff: +3,000); Seattle MSA: 776,232 (diff: -124,732); Puget Sound Region: 780,758 (diff: -129,258)"
Housing Values,"Fife, WA faces considerable housing affordability challenges, with 52.5% of renter households and a significantly higher 36.1% of owner households classified as cost-burdened in 2024. The owner cost burden in Fife is 9.5 percentage points above Pierce County and increased by +2.8% between 2023 and 2024, substantially exceeding the +0.5% increase in both Pierce County and the United States. While Fife's median owner-occupied housing value ($543,100) and median monthly rent ($1,889) are elevated compared to the United States, they remain below the Seattle MSA. Notably, Fife's median listing price experienced a substantial CPI-adjusted increase of +$102,750 between 2025 and 2026, sharply contrasting with declines in other regions. Estimated mortgage payments also rose by +$396.9, while benchmarks decreased. Consequently, Fife's housing affordability index stands at 58, 21 points lower than the United States, and decreased by 8 points, contrary to regional improvements.","Fife, WA presents a distinct profile with a younger, more diverse population (median age 31.3, black population +3.5%) and strong labor force participation (76.1%, female 72.1%). However, the city faces significant housing affordability challenges, marked by a high overcrowding rate of 9.1% and 52.5% of renter households being cost-burdened. Owner-occupied units are low at 43.8%, while median listing prices surged by +$102,750, resulting in a low housing affordability index of 58. Median household income ($90,532) is lower than Pierce County, and female earnings are decreasing, contributing to higher poverty (11.2%) and SNAP usage (13.6%).",April 2025,April 2026,HAI-CPI Table,"{""Median Listing Price"", ""CPI""}","12-month change in median listing price, adjusted by the CPI",Numeric,"12-month change in median listing price, adjusted by the CPI, from the same month of the previous year to current","Between 2025 and 2026, Fife, WA experienced a 12-month change in median listing price, adjusted by the cpi of +102,750.","Fife, WA's 12-month change in median listing price, adjusted by the cpi of +102,750 represents a larger change compared to Pierce County (-520).","Fife, WA's 12-month change in median listing price, adjusted by the cpi of +102,750 represents a larger change compared to United States (-6,250), represents a larger change compared to Puget Sound Region (-6,038), represents a larger change compared to Seattle MSA (-5,993), and represents a larger change compared to Washington (-1,500).",N/A,N/A,"Fife, WA experienced a 12-month change in median listing price, adjusted by the CPI, of +102,750 between 2025 and 2026, significantly outperforming Pierce County (-520), United States (-6,250), Puget Sound Region (-6,038), Seattle MSA (-5,993), and Washington (-1,500).","Math Context: Focus value: +102,750; Pierce County: -520 (diff: ++103,270); United States: -6,250 (diff: ++109,000); Puget Sound Region: -6,038 (diff: ++108,788); Seattle MSA: -5,993 (diff: ++108,743); Washington: -1,500 (diff: ++104,250)"
Housing Values,"Fife, WA faces considerable housing affordability challenges, with 52.5% of renter households and a significantly higher 36.1% of owner households classified as cost-burdened in 2024. The owner cost burden in Fife is 9.5 percentage points above Pierce County and increased by +2.8% between 2023 and 2024, substantially exceeding the +0.5% increase in both Pierce County and the United States. While Fife's median owner-occupied housing value ($543,100) and median monthly rent ($1,889) are elevated compared to the United States, they remain below the Seattle MSA. Notably, Fife's median listing price experienced a substantial CPI-adjusted increase of +$102,750 between 2025 and 2026, sharply contrasting with declines in other regions. Estimated mortgage payments also rose by +$396.9, while benchmarks decreased. Consequently, Fife's housing affordability index stands at 58, 21 points lower than the United States, and decreased by 8 points, contrary to regional improvements.","Fife, WA presents a distinct profile with a younger, more diverse population (median age 31.3, black population +3.5%) and strong labor force participation (76.1%, female 72.1%). However, the city faces significant housing affordability challenges, marked by a high overcrowding rate of 9.1% and 52.5% of renter households being cost-burdened. Owner-occupied units are low at 43.8%, while median listing prices surged by +$102,750, resulting in a low housing affordability index of 58. Median household income ($90,532) is lower than Pierce County, and female earnings are decreasing, contributing to higher poverty (11.2%) and SNAP usage (13.6%).",April 2026,April 2026,HAI-CPI Table,"{""Median Listing Price"", ""CPI"", ""Calc-Median Value of Owned Units""}",Compare Median List Price to Median Value,Ordinal,Largest value of housing units between the median value of owned units and the median list price in the geography in the current month,"In 2026, Fife, WA's primary compare median list price to median value was Median Listing Price (651,500).","Fife, WA and Pierce County both share Median Listing Price as their primary compare median list price to median value, with Fife, WA at 651,500 and Pierce County at 649,450.","while Fife, WA's primary compare median list price to median value is Median Listing Price (651,500), Puyallup Reservation is primarily driven by Calc-Median Value of Owned Units (583,800). Fife, WA and United States both share Median Listing Price as their primary compare median list price to median value, with Fife, WA at 651,500 and United States at 425,000. Fife, WA and Washington both share Median Listing Price as their primary compare median list price to median value, with Fife, WA at 651,500 and Washington at 648,500. Fife, WA and Seattle MSA both share Median Listing Price as their primary compare median list price to median value, with Fife, WA at 651,500 and Seattle MSA at 776,232. Fife, WA and Puget Sound Region both share Median Listing Price as their primary compare median list price to median value, with Fife, WA at 651,500 and Puget Sound Region at 780,758.",N/A,N/A,"Fife, WA's 2026 Median Listing Price of 651,500 is slightly above Pierce County and Washington, significantly exceeding the United States (425,000) and Puyallup Reservation (583,800), yet remains notably lower than Seattle MSA (776,232) and Puget Sound Region (780,758).","Math Context: Focus value: 651,500; Pierce County: 649,450 (diff: +2,050); Puyallup Reservation: 583,800 (diff: +67,700); United States: 425,000 (diff: +226,500); Washington: 648,500 (diff: +3,000); Seattle MSA: 776,232 (diff: -124,732); Puget Sound Region: 780,758 (diff: -129,258)"
Housing Values,"Fife, WA faces considerable housing affordability challenges, with 52.5% of renter households and a significantly higher 36.1% of owner households classified as cost-burdened in 2024. The owner cost burden in Fife is 9.5 percentage points above Pierce County and increased by +2.8% between 2023 and 2024, substantially exceeding the +0.5% increase in both Pierce County and the United States. While Fife's median owner-occupied housing value ($543,100) and median monthly rent ($1,889) are elevated compared to the United States, they remain below the Seattle MSA. Notably, Fife's median listing price experienced a substantial CPI-adjusted increase of +$102,750 between 2025 and 2026, sharply contrasting with declines in other regions. Estimated mortgage payments also rose by +$396.9, while benchmarks decreased. Consequently, Fife's housing affordability index stands at 58, 21 points lower than the United States, and decreased by 8 points, contrary to regional improvements.","Fife, WA presents a distinct profile with a younger, more diverse population (median age 31.3, black population +3.5%) and strong labor force participation (76.1%, female 72.1%). However, the city faces significant housing affordability challenges, marked by a high overcrowding rate of 9.1% and 52.5% of renter households being cost-burdened. Owner-occupied units are low at 43.8%, while median listing prices surged by +$102,750, resulting in a low housing affordability index of 58. Median household income ($90,532) is lower than Pierce County, and female earnings are decreasing, contributing to higher poverty (11.2%) and SNAP usage (13.6%).",April 2025,April 2026,HAI-CPI Table,"{""Median Listing Price"", ""CPI"", ""Calc-Median Value of Owned Units""}",12-month change in comparison of Median List Price to Median Value,Numeric,12-month change in the value of housing units comparison between the median value of owned units and the median list price from the same month in the previous year to current,"Between 2025 and 2026, Fife, WA experienced a 12-month change in comparison of median list price to median value of +102,750.","Fife, WA's 12-month change in comparison of median list price to median value of +102,750 represents a larger change compared to Pierce County (-520).","Fife, WA's 12-month change in comparison of median list price to median value of +102,750 represents a larger change compared to United States (-6,250), represents a larger change compared to Puget Sound Region (-6,038), represents a larger change compared to Seattle MSA (-5,993), and represents a larger change compared to Washington (-1,500).",N/A,N/A,"Fife, WA experienced a 12-month change in comparison of median list price to median value of +102,750 between 2025 and 2026, significantly surpassing the negative changes seen across Pierce County (-520), Washington (-1,500), the Puget Sound Region (-6,038), Seattle MSA (-5,993), and the United States (-6,250).","Math Context: Focus value: +102,750; Pierce County: -520 (diff: ++103,270); United States: -6,250 (diff: ++109,000); Puget Sound Region: -6,038 (diff: ++108,788); Seattle MSA: -5,993 (diff: ++108,743); Washington: -1,500 (diff: ++104,250)"
Housing Values,"Fife, WA faces considerable housing affordability challenges, with 52.5% of renter households and a significantly higher 36.1% of owner households classified as cost-burdened in 2024. The owner cost burden in Fife is 9.5 percentage points above Pierce County and increased by +2.8% between 2023 and 2024, substantially exceeding the +0.5% increase in both Pierce County and the United States. While Fife's median owner-occupied housing value ($543,100) and median monthly rent ($1,889) are elevated compared to the United States, they remain below the Seattle MSA. Notably, Fife's median listing price experienced a substantial CPI-adjusted increase of +$102,750 between 2025 and 2026, sharply contrasting with declines in other regions. Estimated mortgage payments also rose by +$396.9, while benchmarks decreased. Consequently, Fife's housing affordability index stands at 58, 21 points lower than the United States, and decreased by 8 points, contrary to regional improvements.","Fife, WA presents a distinct profile with a younger, more diverse population (median age 31.3, black population +3.5%) and strong labor force participation (76.1%, female 72.1%). However, the city faces significant housing affordability challenges, marked by a high overcrowding rate of 9.1% and 52.5% of renter households being cost-burdened. Owner-occupied units are low at 43.8%, while median listing prices surged by +$102,750, resulting in a low housing affordability index of 58. Median household income ($90,532) is lower than Pierce County, and female earnings are decreasing, contributing to higher poverty (11.2%) and SNAP usage (13.6%).",April 2026,April 2026,HAI-CPI Table-MortgageRates,"{""Median Listing Price"", ""CPI"", ""Monthly Avg 30yr""}",Estimated mortgage payment,Numeric,"Estimated mortgage payment in the geography in the current year, calculated with a 20% down payment at a 30-year term","In 2026, Fife, WA recorded a estimated mortgage payment of 3237.0.","Fife, WA's estimated mortgage payment of 3237.0 is higher than Pierce County (3226.8).","Fife, WA's estimated mortgage payment of 3237.0 is higher than United States (2111.6), is higher than Washington (3222.1), is higher than Seattle MSA (3856.7), and is higher than Puget Sound Region (3879.2).",N/A,N/A,"Fife, WA recorded an estimated mortgage payment of $3,237.0 in 2026, which was higher than Pierce County ($3,226.8) and Washington ($3,222.1), and significantly higher than the United States ($2,111.6), yet notably lower than the Seattle MSA ($3,856.7) and the Puget Sound Region ($3,879.2).",Math Context: Focus value: 3237.0; Pierce County: 3226.8 (diff: +10.2); United States: 2111.6 (diff: +1125.4); Washington: 3222.1 (diff: +14.9); Seattle MSA: 3856.7 (diff: -619.7); Puget Sound Region: 3879.2 (diff: -642.2)
Housing Values,"Fife, WA faces considerable housing affordability challenges, with 52.5% of renter households and a significantly higher 36.1% of owner households classified as cost-burdened in 2024. The owner cost burden in Fife is 9.5 percentage points above Pierce County and increased by +2.8% between 2023 and 2024, substantially exceeding the +0.5% increase in both Pierce County and the United States. While Fife's median owner-occupied housing value ($543,100) and median monthly rent ($1,889) are elevated compared to the United States, they remain below the Seattle MSA. Notably, Fife's median listing price experienced a substantial CPI-adjusted increase of +$102,750 between 2025 and 2026, sharply contrasting with declines in other regions. Estimated mortgage payments also rose by +$396.9, while benchmarks decreased. Consequently, Fife's housing affordability index stands at 58, 21 points lower than the United States, and decreased by 8 points, contrary to regional improvements.","Fife, WA presents a distinct profile with a younger, more diverse population (median age 31.3, black population +3.5%) and strong labor force participation (76.1%, female 72.1%). However, the city faces significant housing affordability challenges, marked by a high overcrowding rate of 9.1% and 52.5% of renter households being cost-burdened. Owner-occupied units are low at 43.8%, while median listing prices surged by +$102,750, resulting in a low housing affordability index of 58. Median household income ($90,532) is lower than Pierce County, and female earnings are decreasing, contributing to higher poverty (11.2%) and SNAP usage (13.6%).",April 2025,April 2026,HAI-CPI Table-MortgageRates,"{""Median Listing Price"", ""CPI"", ""Monthly Avg 30yr""}","12-month change in estimated mortgage payment, adjusted by the CPI",Numeric,"12-month change in the estimated mortgage payment, adjusted by the CPI, from the same month in the previous year to current","Between 2025 and 2026, Fife, WA experienced a 12-month change in estimated mortgage payment, adjusted by the cpi of +396.9.","Fife, WA's 12-month change in estimated mortgage payment, adjusted by the cpi of +396.9 represents a larger change compared to Pierce County (-137.1).","Fife, WA's 12-month change in estimated mortgage payment, adjusted by the cpi of +396.9 represents a larger change compared to Puget Sound Region (-192.9), represents a larger change compared to Seattle MSA (-191.7), represents a larger change compared to Washington (-142.0), and represents a larger change compared to United States (-120.3).",N/A,N/A,"Fife, WA experienced a 12-month change in estimated mortgage payment, adjusted by the CPI, of +396.9 between 2025 and 2026, a substantial increase that significantly exceeded the decreases observed in Pierce County, the Puget Sound Region, Seattle MSA, Washington, and the United States.",Math Context: Focus value: +396.9; Pierce County: -137.1 (diff: ++534.0); Puget Sound Region: -192.9 (diff: ++589.8); Seattle MSA: -191.7 (diff: ++588.6); Washington: -142.0 (diff: ++538.9); United States: -120.3 (diff: ++517.2)
Housing Values,"Fife, WA faces considerable housing affordability challenges, with 52.5% of renter households and a significantly higher 36.1% of owner households classified as cost-burdened in 2024. The owner cost burden in Fife is 9.5 percentage points above Pierce County and increased by +2.8% between 2023 and 2024, substantially exceeding the +0.5% increase in both Pierce County and the United States. While Fife's median owner-occupied housing value ($543,100) and median monthly rent ($1,889) are elevated compared to the United States, they remain below the Seattle MSA. Notably, Fife's median listing price experienced a substantial CPI-adjusted increase of +$102,750 between 2025 and 2026, sharply contrasting with declines in other regions. Estimated mortgage payments also rose by +$396.9, while benchmarks decreased. Consequently, Fife's housing affordability index stands at 58, 21 points lower than the United States, and decreased by 8 points, contrary to regional improvements.","Fife, WA presents a distinct profile with a younger, more diverse population (median age 31.3, black population +3.5%) and strong labor force participation (76.1%, female 72.1%). However, the city faces significant housing affordability challenges, marked by a high overcrowding rate of 9.1% and 52.5% of renter households being cost-burdened. Owner-occupied units are low at 43.8%, while median listing prices surged by +$102,750, resulting in a low housing affordability index of 58. Median household income ($90,532) is lower than Pierce County, and female earnings are decreasing, contributing to higher poverty (11.2%) and SNAP usage (13.6%).",April 2026,April 2026,HAI-CPI Table-MortgageRates,"{""Median Listing Price"", ""CPI"", ""Monthly Avg 30yr"", ""Calc-Median Monthly Rent""}",Compare estimated mortgage payment to median monthly rent,Ordinal,Largest value between the estimated mortgage payment and the median monthly rent in the geography in the current month,"In 2026, Fife, WA's primary compare estimated mortgage payment to median monthly rent was Estimated mortgage payment (3237.0).","Fife, WA and Pierce County both share Estimated mortgage payment as their primary compare estimated mortgage payment to median monthly rent, with Fife, WA at 3237.0 and Pierce County at 3226.8.","Fife, WA and United States both share Estimated mortgage payment as their primary compare estimated mortgage payment to median monthly rent, with Fife, WA at 3237.0 and United States at 2111.6. Fife, WA and Washington both share Estimated mortgage payment as their primary compare estimated mortgage payment to median monthly rent, with Fife, WA at 3237.0 and Washington at 3222.1. Fife, WA and Seattle MSA both share Estimated mortgage payment as their primary compare estimated mortgage payment to median monthly rent, with Fife, WA at 3237.0 and Seattle MSA at 3856.7. Fife, WA and Puget Sound Region both share Estimated mortgage payment as their primary compare estimated mortgage payment to median monthly rent, with Fife, WA at 3237.0 and Puget Sound Region at 3879.2.",N/A,N/A,"Fife, WA's estimated mortgage payment was $3,237.0 in 2026, significantly higher than the United States ($2,111.6) but notably lower than the Seattle MSA ($3,856.7) and Puget Sound Region ($3,879.2).",Math Context: Focus value: 3237.0; Pierce County: 3226.8 (diff: +10.2); United States: 2111.6 (diff: +1125.4); Washington: 3222.1 (diff: +14.9); Seattle MSA: 3856.7 (diff: -619.7); Puget Sound Region: 3879.2 (diff: -642.2)
Housing Values,"Fife, WA faces considerable housing affordability challenges, with 52.5% of renter households and a significantly higher 36.1% of owner households classified as cost-burdened in 2024. The owner cost burden in Fife is 9.5 percentage points above Pierce County and increased by +2.8% between 2023 and 2024, substantially exceeding the +0.5% increase in both Pierce County and the United States. While Fife's median owner-occupied housing value ($543,100) and median monthly rent ($1,889) are elevated compared to the United States, they remain below the Seattle MSA. Notably, Fife's median listing price experienced a substantial CPI-adjusted increase of +$102,750 between 2025 and 2026, sharply contrasting with declines in other regions. Estimated mortgage payments also rose by +$396.9, while benchmarks decreased. Consequently, Fife's housing affordability index stands at 58, 21 points lower than the United States, and decreased by 8 points, contrary to regional improvements.","Fife, WA presents a distinct profile with a younger, more diverse population (median age 31.3, black population +3.5%) and strong labor force participation (76.1%, female 72.1%). However, the city faces significant housing affordability challenges, marked by a high overcrowding rate of 9.1% and 52.5% of renter households being cost-burdened. Owner-occupied units are low at 43.8%, while median listing prices surged by +$102,750, resulting in a low housing affordability index of 58. Median household income ($90,532) is lower than Pierce County, and female earnings are decreasing, contributing to higher poverty (11.2%) and SNAP usage (13.6%).",April 2025,April 2026,HAI-CPI Table-MortgageRates,"{""Median Listing Price"", ""CPI"", ""Monthly Avg 30yr"", ""Calc-Median Monthly Rent""}",12-month change in comparison of estimated mortgage payment to median monthly rent,Numeric,12-month change in the comparison between the estimated mortgage payment and the median monthly rent from the same month in the previous year to current,"Between 2025 and 2026, Fife, WA experienced a 12-month change in comparison of estimated mortgage payment to median monthly rent of +396.9.","Fife, WA's 12-month change in comparison of estimated mortgage payment to median monthly rent of +396.9 represents a larger change compared to Pierce County (-137.1).","Fife, WA's 12-month change in comparison of estimated mortgage payment to median monthly rent of +396.9 represents a larger change compared to Puget Sound Region (-192.9), represents a larger change compared to Seattle MSA (-191.7), represents a larger change compared to Washington (-142.0), and represents a larger change compared to United States (-120.3).",N/A,N/A,"Fife, WA experienced a 12-month change in comparison of estimated mortgage payment to median monthly rent of +396.9 between 2025 and 2026, a figure substantially higher than Pierce County (-137.1), Puget Sound Region (-192.9), Seattle MSA (-191.7), Washington (-142.0), and the United States (-120.3).",Math Context: Focus value: +396.9; Pierce County: -137.1 (diff: ++534.0); Puget Sound Region: -192.9 (diff: ++589.8); Seattle MSA: -191.7 (diff: ++588.6); Washington: -142.0 (diff: ++538.9); United States: -120.3 (diff: ++517.2)
Housing Values,"Fife, WA faces considerable housing affordability challenges, with 52.5% of renter households and a significantly higher 36.1% of owner households classified as cost-burdened in 2024. The owner cost burden in Fife is 9.5 percentage points above Pierce County and increased by +2.8% between 2023 and 2024, substantially exceeding the +0.5% increase in both Pierce County and the United States. While Fife's median owner-occupied housing value ($543,100) and median monthly rent ($1,889) are elevated compared to the United States, they remain below the Seattle MSA. Notably, Fife's median listing price experienced a substantial CPI-adjusted increase of +$102,750 between 2025 and 2026, sharply contrasting with declines in other regions. Estimated mortgage payments also rose by +$396.9, while benchmarks decreased. Consequently, Fife's housing affordability index stands at 58, 21 points lower than the United States, and decreased by 8 points, contrary to regional improvements.","Fife, WA presents a distinct profile with a younger, more diverse population (median age 31.3, black population +3.5%) and strong labor force participation (76.1%, female 72.1%). However, the city faces significant housing affordability challenges, marked by a high overcrowding rate of 9.1% and 52.5% of renter households being cost-burdened. Owner-occupied units are low at 43.8%, while median listing prices surged by +$102,750, resulting in a low housing affordability index of 58. Median household income ($90,532) is lower than Pierce County, and female earnings are decreasing, contributing to higher poverty (11.2%) and SNAP usage (13.6%).",April 2026,April 2026,HAI-CPI Table-MortgageRates,"{""Median Listing Price"", ""CPI"", ""Monthly Avg 30yr"", ""Calc-Median HH Income""}",Housing Affordability Index,Numeric,Housing affordability index compares the median income to the median list price under standard mortgage assumptions,"In 2026, Fife, WA recorded a housing affordability index of 58.","Fife, WA's housing affordability index of 58 is smaller than Pierce County (64).","Fife, WA's housing affordability index of 58 is smaller than Puget Sound Region (62), is smaller than Seattle MSA (62), is smaller than Washington (63), and is smaller than United States (80).",N/A,N/A,"Fife, WA recorded a housing affordability index of 58 in 2026, which is 6 points lower than Pierce County (64), several points below the Puget Sound Region, Seattle MSA, and Washington (all in the low 60s), and significantly lower than the United States (80) by 21 points.",Math Context: Focus value: 58; Pierce County: 64 (diff: -6); Puget Sound Region: 62 (diff: -4); Seattle MSA: 62 (diff: -4); Washington: 63 (diff: -5); United States: 80 (diff: -21)
Housing Values,"Fife, WA faces considerable housing affordability challenges, with 52.5% of renter households and a significantly higher 36.1% of owner households classified as cost-burdened in 2024. The owner cost burden in Fife is 9.5 percentage points above Pierce County and increased by +2.8% between 2023 and 2024, substantially exceeding the +0.5% increase in both Pierce County and the United States. While Fife's median owner-occupied housing value ($543,100) and median monthly rent ($1,889) are elevated compared to the United States, they remain below the Seattle MSA. Notably, Fife's median listing price experienced a substantial CPI-adjusted increase of +$102,750 between 2025 and 2026, sharply contrasting with declines in other regions. Estimated mortgage payments also rose by +$396.9, while benchmarks decreased. Consequently, Fife's housing affordability index stands at 58, 21 points lower than the United States, and decreased by 8 points, contrary to regional improvements.","Fife, WA presents a distinct profile with a younger, more diverse population (median age 31.3, black population +3.5%) and strong labor force participation (76.1%, female 72.1%). However, the city faces significant housing affordability challenges, marked by a high overcrowding rate of 9.1% and 52.5% of renter households being cost-burdened. Owner-occupied units are low at 43.8%, while median listing prices surged by +$102,750, resulting in a low housing affordability index of 58. Median household income ($90,532) is lower than Pierce County, and female earnings are decreasing, contributing to higher poverty (11.2%) and SNAP usage (13.6%).",April 2025,April 2026,HAI-CPI Table-MortgageRates,"{""Median Listing Price"", ""CPI"", ""Monthly Avg 30yr"", ""Calc-Median HH Income""}",12-month change in Housing Affordability Index,Numeric,12-month change in the housing affordability index from the same month in the previous year to current,"Between 2025 and 2026, Fife, WA experienced a 12-month change in housing affordability index of -8.","Fife, WA's 12-month change in housing affordability index of -8 represents a smaller change compared to Pierce County (+3).","Fife, WA's 12-month change in housing affordability index of -8 represents a smaller change compared to Washington (+3), represents a smaller change compared to Puget Sound Region (+3), represents a smaller change compared to Seattle MSA (+3), and represents a smaller change compared to United States (+4).",N/A,N/A,"Fife, WA experienced a 12-month change in housing affordability index of -8 between 2025 and 2026, which was a smaller change compared to Pierce County (+3), Washington (+3), Puget Sound Region (+3), Seattle MSA (+3), and the United States (+4).",Math Context: Focus value: -8; Pierce County: +3 (diff: -+11); Washington: +3 (diff: -+11); Puget Sound Region: +3 (diff: -+11); Seattle MSA: +3 (diff: -+11); United States: +4 (diff: -+12)
Housing Stock,"Fife, WA exhibits a distinct housing stock profile, marked by a high overcrowding rate of 9.1%, significantly exceeding Pierce County and the United States (both 3.4%), despite a stable -0.0% change. Owner-occupied units stand at 43.8%, notably below Pierce County (61.5%) and the United States (58.6%), reflecting a -0.4% decrease. Conversely, renter-occupied units are high at 50.7%, surpassing Puyallup Reservation (30.5%) and the United States (31.3%), with a -0.1% change. The vacancy rate is 5.5%, increasing by +0.5%, which contrasts with decreases observed in Pierce County (-0.2%) and other regions. Fife's housing stock is predominantly multi-family (49.2%), differing from the single-family dominance in Pierce County (70.4%) and the United States (67.5%). The largest age category is 1990-2009 at 44.0%, with the most significant change in 1970-1989 units (+2.7%).","Fife, WA presents a distinct profile with a younger, more diverse population (median age 31.3, black population +3.5%) and strong labor force participation (76.1%, female 72.1%). However, the city faces significant housing affordability challenges, marked by a high overcrowding rate of 9.1% and 52.5% of renter households being cost-burdened. Owner-occupied units are low at 43.8%, while median listing prices surged by +$102,750, resulting in a low housing affordability index of 58. Median household income ($90,532) is lower than Pierce County, and female earnings are decreasing, contributing to higher poverty (11.2%) and SNAP usage (13.6%).",2024,2024,ACS_Series,"{""Label"": ""Calc-High Occupants per Room"", ""Label"": ""Calc-Mid Occupants per Room""}",Percent of housing units that are overcrowded,Percentage,Percent of housing units that are overcrowded (more than one occupant per room) in the geography in the current year,"In 2024, Fife, WA recorded a of housing units that are overcrowded of 9.1%.","Fife, WA's of housing units that are overcrowded of 9.1% is 5.7 percentage points higher than Pierce County (3.4%).","Fife, WA's of housing units that are overcrowded of 9.1% is 5.6 percentage points higher than United States (3.4%), is 5.5 percentage points higher than Washington (3.5%), is 5.4 percentage points higher than Puget Sound Region (3.7%), is 5.3 percentage points higher than Seattle MSA (3.7%), and is 4.0 percentage points higher than Puyallup Reservation (5.1%).",N/A,N/A,"Fife, WA recorded a percent of housing units that are overcrowded of 9.1% in 2024, which is notably higher than Pierce County (3.4%), the United States (3.4%), and other regional benchmarks, with differences ranging from 4.0 to 5.7 percentage points.",Math Context: Focus value: 9.1%; Pierce County: 3.4% (diff: +5.7 pp); United States: 3.4% (diff: +5.6 pp); Washington: 3.5% (diff: +5.5 pp); Puget Sound Region: 3.7% (diff: +5.4 pp); Seattle MSA: 3.7% (diff: +5.3 pp); Puyallup Reservation: 5.1% (diff: +4.0 pp)
Housing Stock,"Fife, WA exhibits a distinct housing stock profile, marked by a high overcrowding rate of 9.1%, significantly exceeding Pierce County and the United States (both 3.4%), despite a stable -0.0% change. Owner-occupied units stand at 43.8%, notably below Pierce County (61.5%) and the United States (58.6%), reflecting a -0.4% decrease. Conversely, renter-occupied units are high at 50.7%, surpassing Puyallup Reservation (30.5%) and the United States (31.3%), with a -0.1% change. The vacancy rate is 5.5%, increasing by +0.5%, which contrasts with decreases observed in Pierce County (-0.2%) and other regions. Fife's housing stock is predominantly multi-family (49.2%), differing from the single-family dominance in Pierce County (70.4%) and the United States (67.5%). The largest age category is 1990-2009 at 44.0%, with the most significant change in 1970-1989 units (+2.7%).","Fife, WA presents a distinct profile with a younger, more diverse population (median age 31.3, black population +3.5%) and strong labor force participation (76.1%, female 72.1%). However, the city faces significant housing affordability challenges, marked by a high overcrowding rate of 9.1% and 52.5% of renter households being cost-burdened. Owner-occupied units are low at 43.8%, while median listing prices surged by +$102,750, resulting in a low housing affordability index of 58. Median household income ($90,532) is lower than Pierce County, and female earnings are decreasing, contributing to higher poverty (11.2%) and SNAP usage (13.6%).",2023,2024,ACS_Series,"{""Label"": ""Calc-High Occupants per Room"", ""Label"": ""Calc-Mid Occupants per Room""}",Change in percent of housing units that are overcrowded,Percentage,Change in percent of housing units that are overcrowded from the previous year to current,"Between 2023 and 2024, Fife, WA experienced a change in of housing units that are overcrowded of -0.0%.","Fife, WA's change in of housing units that are overcrowded of -0.0% is 0.1 percentage points lower than Pierce County (+0.1%).","Fife, WA's change in of housing units that are overcrowded of -0.0% is 0.1 percentage points lower than Washington (+0.0%), is 0.1 percentage points lower than United States (+0.0%), is 0.1 percentage points lower than Seattle MSA (+0.1%), is 0.1 percentage points lower than Puget Sound Region (+0.1%), and is 0.1 percentage points lower than Puyallup Reservation (+0.1%).",N/A,N/A,"Fife, WA experienced a -0.0% change in housing units that are overcrowded between 2023 and 2024, which was 0.1 percentage points lower than Pierce County, Washington, United States, Seattle MSA, Puget Sound Region, and Puyallup Reservation, all of which saw changes between +0.0% and +0.1%.",Math Context: Focus value: -0.0%; Pierce County: +0.1% (diff: -0.1 pp); Washington: +0.0% (diff: -0.1 pp); United States: +0.0% (diff: -0.1 pp); Seattle MSA: +0.1% (diff: -0.1 pp); Puget Sound Region: +0.1% (diff: -0.1 pp); Puyallup Reservation: +0.1% (diff: -0.1 pp)
Housing Stock,"Fife, WA exhibits a distinct housing stock profile, marked by a high overcrowding rate of 9.1%, significantly exceeding Pierce County and the United States (both 3.4%), despite a stable -0.0% change. Owner-occupied units stand at 43.8%, notably below Pierce County (61.5%) and the United States (58.6%), reflecting a -0.4% decrease. Conversely, renter-occupied units are high at 50.7%, surpassing Puyallup Reservation (30.5%) and the United States (31.3%), with a -0.1% change. The vacancy rate is 5.5%, increasing by +0.5%, which contrasts with decreases observed in Pierce County (-0.2%) and other regions. Fife's housing stock is predominantly multi-family (49.2%), differing from the single-family dominance in Pierce County (70.4%) and the United States (67.5%). The largest age category is 1990-2009 at 44.0%, with the most significant change in 1970-1989 units (+2.7%).","Fife, WA presents a distinct profile with a younger, more diverse population (median age 31.3, black population +3.5%) and strong labor force participation (76.1%, female 72.1%). However, the city faces significant housing affordability challenges, marked by a high overcrowding rate of 9.1% and 52.5% of renter households being cost-burdened. Owner-occupied units are low at 43.8%, while median listing prices surged by +$102,750, resulting in a low housing affordability index of 58. Median household income ($90,532) is lower than Pierce County, and female earnings are decreasing, contributing to higher poverty (11.2%) and SNAP usage (13.6%).",2024,2024,ACS_Series,"{""Label"": ""Calc-Occupied owned units""}",Percent of housing units that are owner occupied,Percentage,Percent of housing units that are occupied by owners in the geography in the current year,"In 2024, Fife, WA recorded a of housing units that are owner occupied of 43.8%.","Fife, WA's of housing units that are owner occupied of 43.8% is 17.7 percentage points lower than Pierce County (61.5%).","Fife, WA's of housing units that are owner occupied of 43.8% is 12.7 percentage points lower than Puget Sound Region (56.5%), is 12.8 percentage points lower than Seattle MSA (56.6%), is 14.8 percentage points lower than United States (58.6%), is 15.3 percentage points lower than Washington (59.1%), and is 21.7 percentage points lower than Puyallup Reservation (65.4%).",N/A,N/A,"Fife, WA recorded an owner-occupied housing unit rate of 43.8% in 2024, which is 17.7 percentage points lower than Pierce County (61.5%) and notably below the United States (58.6%) and Washington (59.1%) averages, with the largest disparity being 21.7 percentage points lower than Puyallup Reservation (65.4%).",Math Context: Focus value: 43.8%; Pierce County: 61.5% (diff: -17.7 pp); Puget Sound Region: 56.5% (diff: -12.7 pp); Seattle MSA: 56.6% (diff: -12.8 pp); United States: 58.6% (diff: -14.8 pp); Washington: 59.1% (diff: -15.3 pp); Puyallup Reservation: 65.4% (diff: -21.7 pp)
Housing Stock,"Fife, WA exhibits a distinct housing stock profile, marked by a high overcrowding rate of 9.1%, significantly exceeding Pierce County and the United States (both 3.4%), despite a stable -0.0% change. Owner-occupied units stand at 43.8%, notably below Pierce County (61.5%) and the United States (58.6%), reflecting a -0.4% decrease. Conversely, renter-occupied units are high at 50.7%, surpassing Puyallup Reservation (30.5%) and the United States (31.3%), with a -0.1% change. The vacancy rate is 5.5%, increasing by +0.5%, which contrasts with decreases observed in Pierce County (-0.2%) and other regions. Fife's housing stock is predominantly multi-family (49.2%), differing from the single-family dominance in Pierce County (70.4%) and the United States (67.5%). The largest age category is 1990-2009 at 44.0%, with the most significant change in 1970-1989 units (+2.7%).","Fife, WA presents a distinct profile with a younger, more diverse population (median age 31.3, black population +3.5%) and strong labor force participation (76.1%, female 72.1%). However, the city faces significant housing affordability challenges, marked by a high overcrowding rate of 9.1% and 52.5% of renter households being cost-burdened. Owner-occupied units are low at 43.8%, while median listing prices surged by +$102,750, resulting in a low housing affordability index of 58. Median household income ($90,532) is lower than Pierce County, and female earnings are decreasing, contributing to higher poverty (11.2%) and SNAP usage (13.6%).",2023,2024,ACS_Series,"{""Label"": ""Calc-Occupied owned units""}",Change in percent of housing units that are owner occupied,Percentage,Change in percent of housing units that are occupied by owners from the previous year to current,"Between 2023 and 2024, Fife, WA experienced a change in of housing units that are owner occupied of -0.4%.","Fife, WA's change in of housing units that are owner occupied of -0.4% is 0.5 percentage points lower than Pierce County (+0.1%).","Fife, WA's change in of housing units that are owner occupied of -0.4% is 0.3 percentage points higher than Puget Sound Region (-0.7%), is 0.0 percentage points lower than Seattle MSA (-0.4%), is 0.4 percentage points lower than Washington (-0.0%), is 0.6 percentage points lower than Puyallup Reservation (+0.2%), and is 0.7 percentage points lower than United States (+0.3%).",N/A,N/A,"Fife, WA experienced a -0.4% change in owner-occupied housing units between 2023 and 2024, which was 0.5 percentage points lower than Pierce County (+0.1%) and 0.7 percentage points lower than the United States (+0.3%), but 0.3 percentage points higher than the Puget Sound Region (-0.7%) and identical to the Seattle MSA (-0.4%).",Math Context: Focus value: -0.4%; Pierce County: +0.1% (diff: -0.5 pp); Puget Sound Region: -0.7% (diff: +0.3 pp); Seattle MSA: -0.4% (diff: -0.0 pp); Washington: -0.0% (diff: -0.4 pp); Puyallup Reservation: +0.2% (diff: -0.6 pp); United States: +0.3% (diff: -0.7 pp)
Housing Stock,"Fife, WA exhibits a distinct housing stock profile, marked by a high overcrowding rate of 9.1%, significantly exceeding Pierce County and the United States (both 3.4%), despite a stable -0.0% change. Owner-occupied units stand at 43.8%, notably below Pierce County (61.5%) and the United States (58.6%), reflecting a -0.4% decrease. Conversely, renter-occupied units are high at 50.7%, surpassing Puyallup Reservation (30.5%) and the United States (31.3%), with a -0.1% change. The vacancy rate is 5.5%, increasing by +0.5%, which contrasts with decreases observed in Pierce County (-0.2%) and other regions. Fife's housing stock is predominantly multi-family (49.2%), differing from the single-family dominance in Pierce County (70.4%) and the United States (67.5%). The largest age category is 1990-2009 at 44.0%, with the most significant change in 1970-1989 units (+2.7%).","Fife, WA presents a distinct profile with a younger, more diverse population (median age 31.3, black population +3.5%) and strong labor force participation (76.1%, female 72.1%). However, the city faces significant housing affordability challenges, marked by a high overcrowding rate of 9.1% and 52.5% of renter households being cost-burdened. Owner-occupied units are low at 43.8%, while median listing prices surged by +$102,750, resulting in a low housing affordability index of 58. Median household income ($90,532) is lower than Pierce County, and female earnings are decreasing, contributing to higher poverty (11.2%) and SNAP usage (13.6%).",2024,2024,ACS_Series,"{""Label"": ""Calc-Occupied rented units""}",Percent of housing units that are renter occupied,Percentage,Percent of housing units that are occupied by renters in the geography in the current year,"In 2024, Fife, WA recorded a of housing units that are renter occupied of 50.7%.","Fife, WA's of housing units that are renter occupied of 50.7% is 17.2 percentage points higher than Pierce County (33.5%).","Fife, WA's of housing units that are renter occupied of 50.7% is 20.2 percentage points higher than Puyallup Reservation (30.5%), is 19.4 percentage points higher than United States (31.3%), is 17.2 percentage points higher than Washington (33.6%), is 13.0 percentage points higher than Seattle MSA (37.8%), and is 12.8 percentage points higher than Puget Sound Region (37.9%).",N/A,N/A,"Fife, WA recorded 50.7% of housing units as renter occupied in 2024, which is 20.2 percentage points higher than Puyallup Reservation (30.5%) and significantly above the United States (31.3%), Pierce County (33.5%), and Washington (33.6%).",Math Context: Focus value: 50.7%; Pierce County: 33.5% (diff: +17.2 pp); Puyallup Reservation: 30.5% (diff: +20.2 pp); United States: 31.3% (diff: +19.4 pp); Washington: 33.6% (diff: +17.2 pp); Seattle MSA: 37.8% (diff: +13.0 pp); Puget Sound Region: 37.9% (diff: +12.8 pp)
Housing Stock,"Fife, WA exhibits a distinct housing stock profile, marked by a high overcrowding rate of 9.1%, significantly exceeding Pierce County and the United States (both 3.4%), despite a stable -0.0% change. Owner-occupied units stand at 43.8%, notably below Pierce County (61.5%) and the United States (58.6%), reflecting a -0.4% decrease. Conversely, renter-occupied units are high at 50.7%, surpassing Puyallup Reservation (30.5%) and the United States (31.3%), with a -0.1% change. The vacancy rate is 5.5%, increasing by +0.5%, which contrasts with decreases observed in Pierce County (-0.2%) and other regions. Fife's housing stock is predominantly multi-family (49.2%), differing from the single-family dominance in Pierce County (70.4%) and the United States (67.5%). The largest age category is 1990-2009 at 44.0%, with the most significant change in 1970-1989 units (+2.7%).","Fife, WA presents a distinct profile with a younger, more diverse population (median age 31.3, black population +3.5%) and strong labor force participation (76.1%, female 72.1%). However, the city faces significant housing affordability challenges, marked by a high overcrowding rate of 9.1% and 52.5% of renter households being cost-burdened. Owner-occupied units are low at 43.8%, while median listing prices surged by +$102,750, resulting in a low housing affordability index of 58. Median household income ($90,532) is lower than Pierce County, and female earnings are decreasing, contributing to higher poverty (11.2%) and SNAP usage (13.6%).",2023,2024,ACS_Series,"{""Label"": ""Calc-Occupied rented units""}",Change in percent of housing units that are renter occupied,Percentage,Change in percent of housing units that are occupied by renters from the previous year to current,"Between 2023 and 2024, Fife, WA experienced a change in of housing units that are renter occupied of -0.1%.","Fife, WA's change in of housing units that are renter occupied of -0.1% is 0.3 percentage points lower than Pierce County (+0.1%).","Fife, WA's change in of housing units that are renter occupied of -0.1% is 0.0 percentage points lower than Puyallup Reservation (-0.1%), is 0.1 percentage points lower than United States (-0.0%), is 0.3 percentage points lower than Washington (+0.1%), is 0.6 percentage points lower than Seattle MSA (+0.4%), and is 1.2 percentage points lower than Puget Sound Region (+1.1%).",N/A,N/A,"Fife, WA experienced a -0.1% change in renter-occupied housing units between 2023 and 2024, which was 0.3 percentage points lower than Pierce County (+0.1%), matched Puyallup Reservation (-0.1%), and was notably lower than the Seattle MSA (+0.4%) by 0.6 percentage points and the Puget Sound Region (+1.1%) by 1.2 percentage points.",Math Context: Focus value: -0.1%; Pierce County: +0.1% (diff: -0.3 pp); Puyallup Reservation: -0.1% (diff: -0.0 pp); United States: -0.0% (diff: -0.1 pp); Washington: +0.1% (diff: -0.3 pp); Seattle MSA: +0.4% (diff: -0.6 pp); Puget Sound Region: +1.1% (diff: -1.2 pp)
Housing Stock,"Fife, WA exhibits a distinct housing stock profile, marked by a high overcrowding rate of 9.1%, significantly exceeding Pierce County and the United States (both 3.4%), despite a stable -0.0% change. Owner-occupied units stand at 43.8%, notably below Pierce County (61.5%) and the United States (58.6%), reflecting a -0.4% decrease. Conversely, renter-occupied units are high at 50.7%, surpassing Puyallup Reservation (30.5%) and the United States (31.3%), with a -0.1% change. The vacancy rate is 5.5%, increasing by +0.5%, which contrasts with decreases observed in Pierce County (-0.2%) and other regions. Fife's housing stock is predominantly multi-family (49.2%), differing from the single-family dominance in Pierce County (70.4%) and the United States (67.5%). The largest age category is 1990-2009 at 44.0%, with the most significant change in 1970-1989 units (+2.7%).","Fife, WA presents a distinct profile with a younger, more diverse population (median age 31.3, black population +3.5%) and strong labor force participation (76.1%, female 72.1%). However, the city faces significant housing affordability challenges, marked by a high overcrowding rate of 9.1% and 52.5% of renter households being cost-burdened. Owner-occupied units are low at 43.8%, while median listing prices surged by +$102,750, resulting in a low housing affordability index of 58. Median household income ($90,532) is lower than Pierce County, and female earnings are decreasing, contributing to higher poverty (11.2%) and SNAP usage (13.6%).",2024,2024,ACS_Series,"{""Label"": ""Calc-Vacant housing units""}",Percent of housing units that are vacant,Percentage,Percent of housing units that are vacant in the geography in the current year,"In 2024, Fife, WA recorded a of housing units that are vacant of 5.5%.","Fife, WA's of housing units that are vacant of 5.5% is 0.5 percentage points higher than Pierce County (5.0%).","Fife, WA's of housing units that are vacant of 5.5% is 1.4 percentage points higher than Puyallup Reservation (4.1%), is 0.1 percentage points lower than Puget Sound Region (5.6%), is 0.1 percentage points lower than Seattle MSA (5.6%), is 1.8 percentage points lower than Washington (7.3%), and is 4.6 percentage points lower than United States (10.1%).",N/A,N/A,"Fife, WA recorded a housing unit vacancy rate of 5.5% in 2024, which is 0.5 percentage points higher than Pierce County (5.0%) and 1.4 percentage points higher than Puyallup Reservation (4.1%), yet 0.1 percentage points lower than both the Puget Sound Region and Seattle MSA (5.6% each), and notably below the Washington state average of 7.3% and the United States average of 10.1%.",Math Context: Focus value: 5.5%; Pierce County: 5.0% (diff: +0.5 pp); Puyallup Reservation: 4.1% (diff: +1.4 pp); Puget Sound Region: 5.6% (diff: -0.1 pp); Seattle MSA: 5.6% (diff: -0.1 pp); Washington: 7.3% (diff: -1.8 pp); United States: 10.1% (diff: -4.6 pp)
Housing Stock,"Fife, WA exhibits a distinct housing stock profile, marked by a high overcrowding rate of 9.1%, significantly exceeding Pierce County and the United States (both 3.4%), despite a stable -0.0% change. Owner-occupied units stand at 43.8%, notably below Pierce County (61.5%) and the United States (58.6%), reflecting a -0.4% decrease. Conversely, renter-occupied units are high at 50.7%, surpassing Puyallup Reservation (30.5%) and the United States (31.3%), with a -0.1% change. The vacancy rate is 5.5%, increasing by +0.5%, which contrasts with decreases observed in Pierce County (-0.2%) and other regions. Fife's housing stock is predominantly multi-family (49.2%), differing from the single-family dominance in Pierce County (70.4%) and the United States (67.5%). The largest age category is 1990-2009 at 44.0%, with the most significant change in 1970-1989 units (+2.7%).","Fife, WA presents a distinct profile with a younger, more diverse population (median age 31.3, black population +3.5%) and strong labor force participation (76.1%, female 72.1%). However, the city faces significant housing affordability challenges, marked by a high overcrowding rate of 9.1% and 52.5% of renter households being cost-burdened. Owner-occupied units are low at 43.8%, while median listing prices surged by +$102,750, resulting in a low housing affordability index of 58. Median household income ($90,532) is lower than Pierce County, and female earnings are decreasing, contributing to higher poverty (11.2%) and SNAP usage (13.6%).",2023,2024,ACS_Series,"{""Label"": ""Calc-Vacant housing units""}",Change in percent of housing units that are vacant,Percentage,Change in percent of housing units that are vacant from the previous year to current,"Between 2023 and 2024, Fife, WA experienced a change in of housing units that are vacant of +0.5%.","Fife, WA's change in of housing units that are vacant of +0.5% is 0.8 percentage points higher than Pierce County (-0.2%).","Fife, WA's change in of housing units that are vacant of +0.5% is 0.9 percentage points higher than Puget Sound Region (-0.4%), is 0.9 percentage points higher than United States (-0.3%), is 0.6 percentage points higher than Washington (-0.1%), is 0.6 percentage points higher than Puyallup Reservation (-0.1%), and is 0.6 percentage points higher than Seattle MSA (-0.1%).",N/A,N/A,"Fife, WA experienced a +0.5% change in vacant housing units between 2023 and 2024, which is 0.8 percentage points higher than Pierce County (-0.2%) and notably higher than the decreases observed across the Puget Sound Region, United States, Washington, Puyallup Reservation, and Seattle MSA, with differences ranging from 0.6 to 0.9 percentage points.",Math Context: Focus value: +0.5%; Pierce County: -0.2% (diff: +0.8 pp); Puget Sound Region: -0.4% (diff: +0.9 pp); United States: -0.3% (diff: +0.9 pp); Washington: -0.1% (diff: +0.6 pp); Puyallup Reservation: -0.1% (diff: +0.6 pp); Seattle MSA: -0.1% (diff: +0.6 pp)
Housing Stock,"Fife, WA exhibits a distinct housing stock profile, marked by a high overcrowding rate of 9.1%, significantly exceeding Pierce County and the United States (both 3.4%), despite a stable -0.0% change. Owner-occupied units stand at 43.8%, notably below Pierce County (61.5%) and the United States (58.6%), reflecting a -0.4% decrease. Conversely, renter-occupied units are high at 50.7%, surpassing Puyallup Reservation (30.5%) and the United States (31.3%), with a -0.1% change. The vacancy rate is 5.5%, increasing by +0.5%, which contrasts with decreases observed in Pierce County (-0.2%) and other regions. Fife's housing stock is predominantly multi-family (49.2%), differing from the single-family dominance in Pierce County (70.4%) and the United States (67.5%). The largest age category is 1990-2009 at 44.0%, with the most significant change in 1970-1989 units (+2.7%).","Fife, WA presents a distinct profile with a younger, more diverse population (median age 31.3, black population +3.5%) and strong labor force participation (76.1%, female 72.1%). However, the city faces significant housing affordability challenges, marked by a high overcrowding rate of 9.1% and 52.5% of renter households being cost-burdened. Owner-occupied units are low at 43.8%, while median listing prices surged by +$102,750, resulting in a low housing affordability index of 58. Median household income ($90,532) is lower than Pierce County, and female earnings are decreasing, contributing to higher poverty (11.2%) and SNAP usage (13.6%).",2024,2024,ACS_Series,"{""Label"": ""Calc-Built 1949 or earlier"", ""Label"": ""Calc-Built 1950 - 1969"", ""Label"": ""Calc-Built 1970 - 1989"", ""Label"": ""Calc-Built 1990 - 2009"", ""Label"": ""Calc-Built 2010 or later""}",Largest housing age category,Ordinal,Largest percent of housing units by age category in the geography in the current year,"In 2024, Fife, WA's primary largest housing age category was Calc-Built 1990 - 2009 (44.0%).","Fife, WA and Pierce County both share Calc-Built 1990 - 2009 as their primary largest housing age category, with Fife, WA at 44.0% and Pierce County at 31.6%.","Fife, WA and Washington both share Calc-Built 1990 - 2009 as their primary largest housing age category, with Fife, WA at 44.0% and Washington at 29.8%. While Fife, WA's primary largest housing age category is Calc-Built 1990 - 2009 (44.0%), United States is primarily driven by Calc-Built 1970 - 1989 (27.1%). Fife, WA and Seattle MSA both share Calc-Built 1990 - 2009 as their primary largest housing age category, with Fife, WA at 44.0% and Seattle MSA at 28.3%. Fife, WA and Puget Sound Region both share Calc-Built 1990 - 2009 as their primary largest housing age category, with Fife, WA at 44.0% and Puget Sound Region at 28.0%. Fife, WA and Puyallup Reservation both share Calc-Built 1990 - 2009 as their primary largest housing age category, with Fife, WA at 44.0% and Puyallup Reservation at 35.9%.",N/A,N/A,"Fife, WA's largest housing age category in 2024 was calc-built 1990 - 2009 at 44.0%, a significantly higher proportion than its primary share in Pierce County (31.6%) and the Puget Sound Region (28.0%), and contrasting with the United States' largest category of calc-built 1970 - 1989 (27.1%).",Math Context: Focus value: 44.0%; Pierce County: 31.6% (diff: +12.4%); Washington: 29.8% (diff: +14.1%); United States: 27.1% (diff: +16.9%); Seattle MSA: 28.3% (diff: +15.7%); Puget Sound Region: 28.0% (diff: +16.0%); Puyallup Reservation: 35.9% (diff: +8.0%)
Housing Stock,"Fife, WA exhibits a distinct housing stock profile, marked by a high overcrowding rate of 9.1%, significantly exceeding Pierce County and the United States (both 3.4%), despite a stable -0.0% change. Owner-occupied units stand at 43.8%, notably below Pierce County (61.5%) and the United States (58.6%), reflecting a -0.4% decrease. Conversely, renter-occupied units are high at 50.7%, surpassing Puyallup Reservation (30.5%) and the United States (31.3%), with a -0.1% change. The vacancy rate is 5.5%, increasing by +0.5%, which contrasts with decreases observed in Pierce County (-0.2%) and other regions. Fife's housing stock is predominantly multi-family (49.2%), differing from the single-family dominance in Pierce County (70.4%) and the United States (67.5%). The largest age category is 1990-2009 at 44.0%, with the most significant change in 1970-1989 units (+2.7%).","Fife, WA presents a distinct profile with a younger, more diverse population (median age 31.3, black population +3.5%) and strong labor force participation (76.1%, female 72.1%). However, the city faces significant housing affordability challenges, marked by a high overcrowding rate of 9.1% and 52.5% of renter households being cost-burdened. Owner-occupied units are low at 43.8%, while median listing prices surged by +$102,750, resulting in a low housing affordability index of 58. Median household income ($90,532) is lower than Pierce County, and female earnings are decreasing, contributing to higher poverty (11.2%) and SNAP usage (13.6%).",2023,2024,ACS_Series,"{""Label"": ""Calc-Built 1949 or earlier"", ""Label"": ""Calc-Built 1950 - 1969"", ""Label"": ""Calc-Built 1970 - 1989"", ""Label"": ""Calc-Built 1990 - 2009"", ""Label"": ""Calc-Built 2010 or later""}",Largest change in housing age category,Percentage,Largest change in percent of housing units by age category from the previous year to current,"In 2024, Fife, WA's primary largest change in housing age category was Calc-Built 1970 - 1989 (+2.7%).","while Fife, WA's primary largest change in housing age category is Calc-Built 1970 - 1989 (+2.7%), Pierce County is primarily driven by Calc-Built 2010 or later (+1.5%).","while Fife, WA's primary largest change in housing age category is Calc-Built 1970 - 1989 (+2.7%), Puget Sound Region is primarily driven by Calc-Built 2010 or later (+1.7%). While Fife, WA's primary largest change in housing age category is Calc-Built 1970 - 1989 (+2.7%), Puyallup Reservation is primarily driven by Calc-Built 1950 - 1969 (-1.7%). While Fife, WA's primary largest change in housing age category is Calc-Built 1970 - 1989 (+2.7%), Washington is primarily driven by Calc-Built 2010 or later (+1.5%). While Fife, WA's primary largest change in housing age category is Calc-Built 1970 - 1989 (+2.7%), Seattle MSA is primarily driven by Calc-Built 2010 or later (+1.6%). While Fife, WA's primary largest change in housing age category is Calc-Built 1970 - 1989 (+2.7%), United States is primarily driven by Calc-Built 2010 or later (+1.3%).",N/A,N/A,"Fife, WA's largest change in housing age category in 2024 was calc-built 1970 - 1989 (+2.7%), contrasting with the primary growth in calc-built 2010 or later seen across Pierce County, Puget Sound Region, Washington, Seattle MSA, and the United States, and notably different from Puyallup Reservation's primary change of calc-built 1950 - 1969 (-1.7%).",Math Context: Focus value: +2.7%; Pierce County: +1.5% (diff: +1.2 pp); Puget Sound Region: +1.7% (diff: +1.0 pp); Puyallup Reservation: -1.7% (diff: +4.4 pp); Washington: +1.5% (diff: +1.2 pp); Seattle MSA: +1.6% (diff: +1.1 pp); United States: +1.3% (diff: +1.4 pp)
Housing Stock,"Fife, WA exhibits a distinct housing stock profile, marked by a high overcrowding rate of 9.1%, significantly exceeding Pierce County and the United States (both 3.4%), despite a stable -0.0% change. Owner-occupied units stand at 43.8%, notably below Pierce County (61.5%) and the United States (58.6%), reflecting a -0.4% decrease. Conversely, renter-occupied units are high at 50.7%, surpassing Puyallup Reservation (30.5%) and the United States (31.3%), with a -0.1% change. The vacancy rate is 5.5%, increasing by +0.5%, which contrasts with decreases observed in Pierce County (-0.2%) and other regions. Fife's housing stock is predominantly multi-family (49.2%), differing from the single-family dominance in Pierce County (70.4%) and the United States (67.5%). The largest age category is 1990-2009 at 44.0%, with the most significant change in 1970-1989 units (+2.7%).","Fife, WA presents a distinct profile with a younger, more diverse population (median age 31.3, black population +3.5%) and strong labor force participation (76.1%, female 72.1%). However, the city faces significant housing affordability challenges, marked by a high overcrowding rate of 9.1% and 52.5% of renter households being cost-burdened. Owner-occupied units are low at 43.8%, while median listing prices surged by +$102,750, resulting in a low housing affordability index of 58. Median household income ($90,532) is lower than Pierce County, and female earnings are decreasing, contributing to higher poverty (11.2%) and SNAP usage (13.6%).",2024,2024,ACS_Series,"{""Label"": ""Calc-Multi-family housing"", ""Label"": ""Calc-Single-family housing"", ""Label"": ""Calc-Mobile housing""}",Largest housing type,Ordinal,Largest percent of housing type in the geography in the current year,"In 2024, Fife, WA's primary largest housing type was Calc-Multi-family housing (49.2%).","while Fife, WA's primary largest housing type is Calc-Multi-family housing (49.2%), Pierce County is primarily driven by Calc-Single-family housing (70.4%).","while Fife, WA's primary largest housing type is Calc-Multi-family housing (49.2%), Puyallup Reservation is primarily driven by Calc-Single-family housing (74.5%). While Fife, WA's primary largest housing type is Calc-Multi-family housing (49.2%), Puget Sound Region is primarily driven by Calc-Single-family housing (61.4%). While Fife, WA's primary largest housing type is Calc-Multi-family housing (49.2%), Seattle MSA is primarily driven by Calc-Single-family housing (61.3%). While Fife, WA's primary largest housing type is Calc-Multi-family housing (49.2%), Washington is primarily driven by Calc-Single-family housing (66.3%). While Fife, WA's primary largest housing type is Calc-Multi-family housing (49.2%), United States is primarily driven by Calc-Single-family housing (67.5%).",N/A,N/A,"Fife, WA's largest housing type in 2024 was calc-multi-family housing (49.2%), notably differing from Pierce County (70.4%) and the United States (67.5%), which are primarily driven by calc-single-family housing.",Math Context: Focus value: 49.2%; Pierce County: 70.4% (diff: -21.2%); Puyallup Reservation: 74.5% (diff: -25.3%); Puget Sound Region: 61.4% (diff: -12.2%); Seattle MSA: 61.3% (diff: -12.1%); Washington: 66.3% (diff: -17.1%); United States: 67.5% (diff: -18.3%)
Housing Stock,"Fife, WA exhibits a distinct housing stock profile, marked by a high overcrowding rate of 9.1%, significantly exceeding Pierce County and the United States (both 3.4%), despite a stable -0.0% change. Owner-occupied units stand at 43.8%, notably below Pierce County (61.5%) and the United States (58.6%), reflecting a -0.4% decrease. Conversely, renter-occupied units are high at 50.7%, surpassing Puyallup Reservation (30.5%) and the United States (31.3%), with a -0.1% change. The vacancy rate is 5.5%, increasing by +0.5%, which contrasts with decreases observed in Pierce County (-0.2%) and other regions. Fife's housing stock is predominantly multi-family (49.2%), differing from the single-family dominance in Pierce County (70.4%) and the United States (67.5%). The largest age category is 1990-2009 at 44.0%, with the most significant change in 1970-1989 units (+2.7%).","Fife, WA presents a distinct profile with a younger, more diverse population (median age 31.3, black population +3.5%) and strong labor force participation (76.1%, female 72.1%). However, the city faces significant housing affordability challenges, marked by a high overcrowding rate of 9.1% and 52.5% of renter households being cost-burdened. Owner-occupied units are low at 43.8%, while median listing prices surged by +$102,750, resulting in a low housing affordability index of 58. Median household income ($90,532) is lower than Pierce County, and female earnings are decreasing, contributing to higher poverty (11.2%) and SNAP usage (13.6%).",2023,2024,ACS_Series,"{""Label"": ""Calc-Multi-family housing"", ""Label"": ""Calc-Single-family housing"", ""Label"": ""Calc-Mobile housing""}",Largest change in housing type,Percentage,Largest change in percent of housing type from the previous year to current,"In 2024, Fife, WA's primary largest change in housing type was Calc-Mobile housing (+0.5%).","while Fife, WA's primary largest change in housing type is Calc-Mobile housing (+0.5%), Pierce County is primarily driven by Calc-Single-family housing (-0.5%).","while Fife, WA's primary largest change in housing type is Calc-Mobile housing (+0.5%), United States is primarily driven by Calc-Multi-family housing (+0.1%). While Fife, WA's primary largest change in housing type is Calc-Mobile housing (+0.5%), Washington is primarily driven by Calc-Multi-family housing (+0.5%). While Fife, WA's primary largest change in housing type is Calc-Mobile housing (+0.5%), Puyallup Reservation is primarily driven by Calc-Single-family housing (-0.5%). While Fife, WA's primary largest change in housing type is Calc-Mobile housing (+0.5%), Puget Sound Region is primarily driven by Calc-Multi-family housing (+1.0%). While Fife, WA's primary largest change in housing type is Calc-Mobile housing (+0.5%), Seattle MSA is primarily driven by Calc-Multi-family housing (+0.7%).",N/A,N/A,"Fife, WA's largest change in housing type in 2024 was calc-mobile housing (+0.5%), contrasting with the 0.5% decrease in calc-single-family housing observed in both Pierce County and Puyallup Reservation, and differing from the calc-multi-family housing growth seen in Washington (+0.5%) and the Puget Sound Region (+1.0%).",Math Context: Focus value: +0.5%; Pierce County: -0.5% (diff: +0.9 pp); United States: +0.1% (diff: +0.3 pp); Washington: +0.5% (diff: -0.0 pp); Puyallup Reservation: -0.5% (diff: +1.0 pp); Puget Sound Region: +1.0% (diff: -0.5 pp); Seattle MSA: +0.7% (diff: -0.2 pp)
