Year,Geography Level,NAME,FIPS,Value Type,Source,Dataset,Values,Role
2021,Metropolitan Statistical Area,Houston MSA,26420,DEATHS,Census-CBSA,PEP_Vintage_2025,-55362.0,Peer
1989,Region,WFSRCA Region,48021-48031-48053-48055-48149-48209-48287-48299-48491,RESIDUAL,Moodys-County,Moodys,121.45107808277837,Peer
2013,National,US,00,NPOPCHG,Census-County-State-US,PEP_Vintage_2020,2182285.0,Benchmark
2021,Metropolitan Statistical Area,Dallas MSA,19100,NATURALCHG,Census-CBSA,PEP_Vintage_2025,34817.0,Peer
1985,Metropolitan Statistical Area,Houston MSA,26420,INTERNATIONALMIG,Moodys-CBSA,Moodys,-60202.961225719744,Peer
1983,Metropolitan Statistical Area,Dallas MSA,19100,POPESTIMATE,Moodys-CBSA,Moodys,3340544.189501452,Peer
2011,Metropolitan Statistical Area,San Antonio MSA,41700,BIRTHS,Census-CBSA,PEP_Vintage_2020,31253.0,Peer
2015,State,Texas,48,NETMIG,Census-County-State-US,PEP_Vintage_2020,289448.0,Benchmark
1991,Metropolitan Statistical Area,Dallas MSA,19100,INTERNATIONALMIG,Moodys-CBSA,Moodys,32047.48727542481,Peer
2004,Metropolitan Statistical Area,Dallas MSA,19100,POPESTIMATE,Moodys-CBSA,Moodys,5613420.0,Peer
2023,Metropolitan Statistical Area,San Antonio MSA,41700,RESIDUAL,Census-CBSA,PEP_Vintage_2025,188.0,Peer
1993,Metropolitan Statistical Area,San Antonio MSA,41700,DOMESTICMIG,Moodys-CBSA,Moodys,10003.213049369975,Peer
2017,County or Equivalent,Travis County,48453,DOMESTICMIG,Census-County-State-US,PEP_Vintage_2020,5091.0,Focus
1992,Region,WFSRCA Region,48021-48031-48053-48055-48149-48209-48287-48299-48491,RESIDUAL,Moodys-County,Moodys,129.6366014896579,Peer
2019,Metropolitan Statistical Area,San Antonio MSA,41700,NATURALCHG,Census-CBSA,PEP_Vintage_2020,13734.0,Peer
2022,County or Equivalent,Travis County,48453,RDOMESTICMIG,Census-County-State-US,PEP_Vintage_2025,1.794215639,Focus
2013,Metropolitan Statistical Area,Austin MSA,12420,NETMIG,Census-CBSA,PEP_Vintage_2020,31916.0,Broad
1997,Metropolitan Statistical Area,Dallas MSA,19100,INTERNATIONALMIG,Moodys-CBSA,Moodys,49915.00762260878,Peer
1984,Metropolitan Statistical Area,San Antonio MSA,41700,INTERNATIONALMIG,Moodys-CBSA,Moodys,761.8383318104002,Peer
2017,County or Equivalent,Travis County,48453,POPESTIMATE,Census-County-State-US,PEP_Vintage_2020,1227373.0,Focus
2016,Region,WFSRCA Region,48021-48031-48053-48055-48149-48209-48287-48299-48491,NETMIG,Census-County-State-US,PEP_Vintage_2020,29843.0,Peer
2017,Metropolitan Statistical Area,San Antonio MSA,41700,RDEATH,Census-CBSA,PEP_Vintage_2020,65.81991193,Peer
1986,Metropolitan Statistical Area,Dallas MSA,19100,RESIDUAL,Moodys-CBSA,Moodys,1331.9860912727513,Peer
1989,Metropolitan Statistical Area,San Antonio MSA,41700,POPESTIMATE,Moodys-CBSA,Moodys,1401281.4239189047,Peer
1981,Metropolitan Statistical Area,Austin MSA,12420,DEATHS,Moodys-CBSA,Moodys,-3622.7064793265345,Broad
2001,Metropolitan Statistical Area,Austin MSA,12420,RESIDUAL,Moodys-CBSA,Moodys,-626.9999999999998,Broad
2021,State,Texas,48,RNETMIG,Census-County-State-US,PEP_Vintage_2025,8.2584138323,Benchmark
2025,Metropolitan Statistical Area,Houston MSA,26420,GQESTIMATES,Census-CBSA,PEP_Vintage_2025,89516.0,Peer
2015,State,Texas,48,RDOMESTICMIG,Census-County-State-US,PEP_Vintage_2020,6.3265796796,Benchmark
1999,Metropolitan Statistical Area,Dallas MSA,19100,DEATHS,Moodys-CBSA,Moodys,-30304.245833140034,Peer
1986,Metropolitan Statistical Area,Houston MSA,26420,BIRTHS,Moodys-CBSA,Moodys,69695.15140024143,Peer
2013,Metropolitan Statistical Area,Dallas MSA,19100,NPOPCHG,Census-CBSA,PEP_Vintage_2020,109285.0,Peer
2023,Metropolitan Statistical Area,Dallas MSA,19100,NPOPCHG,Census-CBSA,PEP_Vintage_2025,191488.0,Peer
2022,Region,WFSRCA Region,48021-48031-48053-48055-48149-48209-48287-48299-48491,RDEATH,Census-County-State-US,PEP_Vintage_2025,101.486308227,Peer
1997,State,Texas,48,RESIDUAL,Moodys-State,Moodys,7046.000000000004,Benchmark
1984,National,US,00,NATURALCHG,Moodys-US,Moodys,1580985.8059623141,Benchmark
2010,Metropolitan Statistical Area,Houston MSA,26420,CENSUS,Census-CBSA,PEP_Vintage_2020,5946800.0,Peer
2002,Region,WFSRCA Region,48021-48031-48053-48055-48149-48209-48287-48299-48491,NATURALCHG,Moodys-County,Moodys,5405.249685746789,Peer
2014,State,Texas,48,POPESTIMATE,Census-County-State-US,PEP_Vintage_2020,26963092.0,Benchmark
1985,Metropolitan Statistical Area,Dallas MSA,19100,POPESTIMATE,Moodys-CBSA,Moodys,3596181.707063684,Peer
2021,Metropolitan Statistical Area,Austin MSA,12420,DOMESTICMIG,Census-CBSA,PEP_Vintage_2025,44254.0,Broad
2023,County or Equivalent,Travis County,48453,NATURALCHG,Census-County-State-US,PEP_Vintage_2025,9559.0,Focus
1990,State,Texas,48,NATURALCHG,Moodys-State,Moodys,183960.6159280541,Benchmark
1995,County or Equivalent,Travis County,48453,INTERNATIONALMIG,Moodys-County,Moodys,10418.431695305311,Focus
1988,State,Texas,48,POPESTIMATE,Moodys-State,Moodys,16667019.531249994,Benchmark
2017,Region,WFSRCA Region,48021-48031-48053-48055-48149-48209-48287-48299-48491,RNATURALCHG,Census-County-State-US,PEP_Vintage_2020,9.0137750152,Peer
2025,Metropolitan Statistical Area,Dallas MSA,19100,RDOMESTICMIG,Census-CBSA,PEP_Vintage_2025,216.53758439400002,Peer
2012,County or Equivalent,Travis County,48453,RBIRTH,Census-County-State-US,PEP_Vintage_2020,14.431709735,Focus
1997,County or Equivalent,Travis County,48453,INTERNATIONALMIG,Moodys-County,Moodys,10358.82134811465,Focus
1993,Region,WFSRCA Region,48021-48031-48053-48055-48149-48209-48287-48299-48491,NATURALCHG,Moodys-County,Moodys,2519.559773695747,Peer
2021,Metropolitan Statistical Area,Austin MSA,12420,RDOMESTICMIG,Census-CBSA,PEP_Vintage_2025,147.413281072,Broad
1996,Metropolitan Statistical Area,San Antonio MSA,41700,POPESTIMATE,Moodys-CBSA,Moodys,1599427.000854527,Peer
2013,Metropolitan Statistical Area,Austin MSA,12420,BIRTHS,Census-CBSA,PEP_Vintage_2020,25351.0,Broad
2010,Metropolitan Statistical Area,Houston MSA,26420,GQESTIMATES,Census-CBSA,PEP_Vintage_2020,78041.0,Peer
2019,National,US,00,RDEATH,Census-County-State-US,PEP_Vintage_2020,8.6917594859,Benchmark
1995,County or Equivalent,Travis County,48453,NATURALCHG,Moodys-County,Moodys,7528.030006310247,Focus
2011,Region,WFSRCA Region,48021-48031-48053-48055-48149-48209-48287-48299-48491,RNETMIG,Census-County-State-US,PEP_Vintage_2020,77.9126749832,Peer
2006,County or Equivalent,Travis County,48453,INTERNATIONALMIG,Moodys-County,Moodys,6777.8796680552105,Focus
2003,National,US,00,BIRTHS,Moodys-US,Moodys,4050425.3414235706,Benchmark
2022,County or Equivalent,Travis County,48453,INTERNATIONALMIG,Census-County-State-US,PEP_Vintage_2025,15376.0,Focus
2007,Region,WFSRCA Region,48021-48031-48053-48055-48149-48209-48287-48299-48491,DOMESTICMIG,Moodys-County,Moodys,26000.057296024796,Peer
1987,Metropolitan Statistical Area,Austin MSA,12420,DEATHS,Moodys-CBSA,Moodys,-4413.283577435356,Broad
1988,Metropolitan Statistical Area,Dallas MSA,19100,DOMESTICMIG,Moodys-CBSA,Moodys,-17772.753735420043,Peer
2020,Metropolitan Statistical Area,Austin MSA,12420,GQESTIMATES,Census-CBSA,PEP_Vintage_2025,50330.0,Broad
1985,National,US,00,DEATHS,Moodys-US,Moodys,-2069124.2852979929,Benchmark
2014,National,US,00,NPOPCHG,Census-County-State-US,PEP_Vintage_2020,2326382.0,Benchmark
1993,Metropolitan Statistical Area,San Antonio MSA,41700,DEATHS,Moodys-CBSA,Moodys,-10999.257273873487,Peer
2003,Metropolitan Statistical Area,Dallas MSA,19100,INTERNATIONALMIG,Moodys-CBSA,Moodys,35173.291576623866,Peer
2021,Metropolitan Statistical Area,Houston MSA,26420,DOMESTICMIG,Census-CBSA,PEP_Vintage_2025,26259.0,Peer
2025,Metropolitan Statistical Area,Austin MSA,12420,DEATHS,Census-CBSA,PEP_Vintage_2025,-13692.0,Broad
2004,Region,WFSRCA Region,48021-48031-48053-48055-48149-48209-48287-48299-48491,NATURALCHG,Moodys-County,Moodys,5332.542367131345,Peer
1993,Metropolitan Statistical Area,Austin MSA,12420,POPESTIMATE,Moodys-CBSA,Moodys,949787.9734055095,Broad
2005,Metropolitan Statistical Area,Austin MSA,12420,INTERNATIONALMIG,Moodys-CBSA,Moodys,7238.375599233198,Broad
1992,Metropolitan Statistical Area,Dallas MSA,19100,BIRTHS,Moodys-CBSA,Moodys,75917.69793990732,Peer
2013,Metropolitan Statistical Area,Houston MSA,26420,INTERNATIONALMIG,Census-CBSA,PEP_Vintage_2020,31697.0,Peer
2012,National,US,00,RNATURALCHG,Census-County-State-US,PEP_Vintage_2020,4.5900373383,Benchmark
1985,Metropolitan Statistical Area,Austin MSA,12420,RESIDUAL,Moodys-CBSA,Moodys,270.76850828858676,Broad
1984,Metropolitan Statistical Area,Dallas MSA,19100,DOMESTICMIG,Moodys-CBSA,Moodys,31506.884776924315,Peer
2014,Metropolitan Statistical Area,Houston MSA,26420,INTERNATIONALMIG,Census-CBSA,PEP_Vintage_2020,42699.0,Peer
2022,Region,WFSRCA Region,48021-48031-48053-48055-48149-48209-48287-48299-48491,POPESTIMATE,Census-County-State-US,PEP_Vintage_2025,1229368.0,Peer
2017,Metropolitan Statistical Area,San Antonio MSA,41700,DEATHS,Census-CBSA,PEP_Vintage_2020,-17426.0,Peer
2003,County or Equivalent,Travis County,48453,RESIDUAL,Moodys-County,Moodys,-953.999999999999,Focus
2023,National,US,00,POPESTIMATE,Census-County-State-US,PEP_Vintage_2025,336755052.0,Benchmark
2022,State,Texas,48,GQESTIMATES,Census-County-State-US,PEP_Vintage_2025,610002.0,Benchmark
2002,Region,WFSRCA Region,48021-48031-48053-48055-48149-48209-48287-48299-48491,POPESTIMATE,Moodys-County,Moodys,602202.9999999999,Peer
1982,Metropolitan Statistical Area,Austin MSA,12420,INTERNATIONALMIG,Moodys-CBSA,Moodys,-47755.21542833264,Broad
2014,Region,WFSRCA Region,48021-48031-48053-48055-48149-48209-48287-48299-48491,RBIRTH,Census-County-State-US,PEP_Vintage_2020,99.5521831831,Peer
2018,State,Texas,48,RNATURALCHG,Census-County-State-US,PEP_Vintage_2020,6.2959904763,Benchmark
2020,Region,WFSRCA Region,48021-48031-48053-48055-48149-48209-48287-48299-48491,NETMIG,Census-County-State-US,PEP_Vintage_2025,10743.0,Peer
2022,Metropolitan Statistical Area,Dallas MSA,19100,RNATURALCHG,Census-CBSA,PEP_Vintage_2025,42.453755289,Peer
1990,Metropolitan Statistical Area,Houston MSA,26420,DEATHS,Moodys-CBSA,Moodys,-23419.72364084145,Peer
1992,Metropolitan Statistical Area,Houston MSA,26420,INTERNATIONALMIG,Moodys-CBSA,Moodys,33906.4831917178,Peer
1991,Metropolitan Statistical Area,Houston MSA,26420,NATURALCHG,Moodys-CBSA,Moodys,50172.96946702889,Peer
2001,Metropolitan Statistical Area,Houston MSA,26420,DOMESTICMIG,Moodys-CBSA,Moodys,-3827.154644952403,Peer
1981,Region,WFSRCA Region,48021-48031-48053-48055-48149-48209-48287-48299-48491,POPESTIMATE,Moodys-County,Moodys,240627.68010791027,Peer
1988,Metropolitan Statistical Area,Dallas MSA,19100,RESIDUAL,Moodys-CBSA,Moodys,1377.3889920105419,Peer
2013,Metropolitan Statistical Area,Austin MSA,12420,RDEATH,Census-CBSA,PEP_Vintage_2020,29.8835673712,Broad
2017,Metropolitan Statistical Area,Austin MSA,12420,BIRTHS,Census-CBSA,PEP_Vintage_2020,26071.0,Broad
1988,Metropolitan Statistical Area,San Antonio MSA,41700,NATURALCHG,Moodys-CBSA,Moodys,15595.699311066124,Peer
1995,Metropolitan Statistical Area,Austin MSA,12420,DOMESTICMIG,Moodys-CBSA,Moodys,20068.82962299357,Broad
2018,Metropolitan Statistical Area,Austin MSA,12420,RESIDUAL,Census-CBSA,PEP_Vintage_2020,153.0,Broad
1981,Metropolitan Statistical Area,Austin MSA,12420,NATURALCHG,Moodys-CBSA,Moodys,6472.109668874858,Broad
2013,Metropolitan Statistical Area,Houston MSA,26420,NATURALCHG,Census-CBSA,PEP_Vintage_2020,57289.0,Peer
2019,State,Texas,48,POPESTIMATE,Census-County-State-US,PEP_Vintage_2020,28986794.0,Benchmark
1991,National,US,00,NATURALCHG,Moodys-US,Moodys,2001053.809052832,Benchmark
1995,Metropolitan Statistical Area,San Antonio MSA,41700,NATURALCHG,Moodys-CBSA,Moodys,15602.223617127018,Peer
2007,Metropolitan Statistical Area,Dallas MSA,19100,DOMESTICMIG,Moodys-CBSA,Moodys,31900.287105528125,Peer
2003,Metropolitan Statistical Area,Austin MSA,12420,RESIDUAL,Moodys-CBSA,Moodys,-799.9999999999992,Broad
1999,Metropolitan Statistical Area,Austin MSA,12420,RESIDUAL,Moodys-CBSA,Moodys,430.4302389224158,Broad
2012,County or Equivalent,Travis County,48453,INTERNATIONALMIG,Census-County-State-US,PEP_Vintage_2020,5004.0,Focus
2023,Metropolitan Statistical Area,Austin MSA,12420,DOMESTICMIG,Census-CBSA,PEP_Vintage_2025,21984.0,Broad
2022,Metropolitan Statistical Area,Dallas MSA,19100,NPOPCHG,Census-CBSA,PEP_Vintage_2025,194808.0,Peer
1991,Metropolitan Statistical Area,Dallas MSA,19100,RESIDUAL,Moodys-CBSA,Moodys,1466.7717499267512,Peer
2018,Place,Austin City,4805000,POPESTIMATE,Census-Place,PEP_Vintage_2020,962800.0,Peer
1988,State,Texas,48,RESIDUAL,Moodys-State,Moodys,5948.999999999998,Benchmark
2002,Metropolitan Statistical Area,Austin MSA,12420,INTERNATIONALMIG,Moodys-CBSA,Moodys,8157.750111095424,Broad
2022,Metropolitan Statistical Area,San Antonio MSA,41700,GQESTIMATES,Census-CBSA,PEP_Vintage_2025,47907.0,Peer
2019,National,US,00,NATURALCHG,Census-County-State-US,PEP_Vintage_2020,923115.0,Benchmark
1995,Metropolitan Statistical Area,Dallas MSA,19100,DOMESTICMIG,Moodys-CBSA,Moodys,10893.275789403357,Peer
2011,Metropolitan Statistical Area,San Antonio MSA,41700,RDEATH,Census-CBSA,PEP_Vintage_2020,64.9328975183,Peer
2008,Metropolitan Statistical Area,Austin MSA,12420,INTERNATIONALMIG,Moodys-CBSA,Moodys,7081.640067937147,Broad
2018,Metropolitan Statistical Area,Houston MSA,26420,NATURALCHG,Census-CBSA,PEP_Vintage_2020,53992.0,Peer
2005,National,US,00,DOMESTICMIG,Moodys-US,Moodys,1127.7186677064597,Benchmark
2001,Metropolitan Statistical Area,San Antonio MSA,41700,RESIDUAL,Moodys-CBSA,Moodys,-1706.9999999999995,Peer
2017,Metropolitan Statistical Area,San Antonio MSA,41700,POPESTIMATE,Census-CBSA,PEP_Vintage_2020,2471603.0,Peer
2018,Metropolitan Statistical Area,San Antonio MSA,41700,INTERNATIONALMIG,Census-CBSA,PEP_Vintage_2020,3015.0,Peer
1983,Metropolitan Statistical Area,Austin MSA,12420,DEATHS,Moodys-CBSA,Moodys,-3944.5719037823746,Broad
1993,National,US,00,INTERNATIONALMIG,Moodys-US,Moodys,1516243.275857784,Benchmark
2020,Metropolitan Statistical Area,San Antonio MSA,41700,NETMIG,Census-CBSA,PEP_Vintage_2025,7542.0,Peer
2004,State,Texas,48,RESIDUAL,Moodys-State,Moodys,554.9999999999792,Benchmark
2003,Metropolitan Statistical Area,Dallas MSA,19100,DOMESTICMIG,Moodys-CBSA,Moodys,-13159.426131314314,Peer
2011,National,US,00,RBIRTH,Census-County-State-US,PEP_Vintage_2020,12.798895192,Benchmark
2021,Metropolitan Statistical Area,Dallas MSA,19100,POPESTIMATE,Census-CBSA,PEP_Vintage_2025,7777844.0,Peer
2010,Metropolitan Statistical Area,Houston MSA,26420,NATURALCHG,Census-CBSA,PEP_Vintage_2020,56168.0,Peer
2004,County or Equivalent,Travis County,48453,DEATHS,Moodys-County,Moodys,-4063.340791305902,Focus
2011,Metropolitan Statistical Area,Houston MSA,26420,INTERNATIONALMIG,Census-CBSA,PEP_Vintage_2020,26021.0,Peer
2012,Region,WFSRCA Region,48021-48031-48053-48055-48149-48209-48287-48299-48491,NPOPCHG,Census-County-State-US,PEP_Vintage_2020,19191.0,Peer
1984,Region,WFSRCA Region,48021-48031-48053-48055-48149-48209-48287-48299-48491,POPESTIMATE,Moodys-County,Moodys,280855.5723285668,Peer
2012,National,US,00,RESIDUAL,Census-County-State-US,PEP_Vintage_2020,0.0,Benchmark
1996,Metropolitan Statistical Area,Houston MSA,26420,INTERNATIONALMIG,Moodys-CBSA,Moodys,37319.14980000458,Peer
1990,County or Equivalent,Travis County,48453,NATURALCHG,Moodys-County,Moodys,7106.856570468299,Focus
1981,Metropolitan Statistical Area,Dallas MSA,19100,INTERNATIONALMIG,Moodys-CBSA,Moodys,-16074.39295486798,Peer
2016,Metropolitan Statistical Area,Austin MSA,12420,RNATURALCHG,Census-CBSA,PEP_Vintage_2020,33.6903193133,Broad
2010,Metropolitan Statistical Area,San Antonio MSA,41700,NATURALCHG,Census-CBSA,PEP_Vintage_2020,15552.0,Peer
2016,Metropolitan Statistical Area,San Antonio MSA,41700,GQESTIMATES,Census-CBSA,PEP_Vintage_2020,49514.0,Peer
2021,County or Equivalent,Travis County,48453,NATURALCHG,Census-County-State-US,PEP_Vintage_2025,7781.0,Focus
1993,Metropolitan Statistical Area,San Antonio MSA,41700,POPESTIMATE,Moodys-CBSA,Moodys,1498268.9392888092,Peer
2013,State,Texas,48,GQESTIMATES,Census-County-State-US,PEP_Vintage_2020,591216.0,Benchmark
2011,Metropolitan Statistical Area,Houston MSA,26420,DEATHS,Census-CBSA,PEP_Vintage_2020,-33068.0,Peer
2025,Metropolitan Statistical Area,San Antonio MSA,41700,RESIDUAL,Census-CBSA,PEP_Vintage_2025,72.0,Peer
1995,State,Texas,48,BIRTHS,Moodys-State,Moodys,326906.28831876157,Benchmark
2020,Region,WFSRCA Region,48021-48031-48053-48055-48149-48209-48287-48299-48491,DOMESTICMIG,Census-County-State-US,PEP_Vintage_2025,42784.0,Peer
1992,County or Equivalent,Travis County,48453,BIRTHS,Moodys-County,Moodys,10718.313643094727,Focus
2006,Metropolitan Statistical Area,Houston MSA,26420,BIRTHS,Moodys-CBSA,Moodys,91770.59312467132,Peer
1996,Metropolitan Statistical Area,Austin MSA,12420,NATURALCHG,Moodys-CBSA,Moodys,11227.386229980919,Broad
2012,State,Texas,48,RINTERNATIONALMIG,Census-County-State-US,PEP_Vintage_2020,3.2800547709,Benchmark
2022,Metropolitan Statistical Area,Dallas MSA,19100,GQESTIMATES,Census-CBSA,PEP_Vintage_2025,92298.0,Peer
2023,State,Texas,48,RESIDUAL,Census-County-State-US,PEP_Vintage_2025,2205.0,Benchmark
1998,State,Texas,48,RESIDUAL,Moodys-State,Moodys,7195.000000000013,Benchmark
1982,Metropolitan Statistical Area,Dallas MSA,19100,POPESTIMATE,Moodys-CBSA,Moodys,3231256.6431223582,Peer
2012,State,Texas,48,RNETMIG,Census-County-State-US,PEP_Vintage_2020,8.7547900986,Benchmark
1990,Region,WFSRCA Region,48021-48031-48053-48055-48149-48209-48287-48299-48491,POPESTIMATE,Moodys-County,Moodys,344015.02209972584,Peer
2024,Metropolitan Statistical Area,Austin MSA,12420,INTERNATIONALMIG,Census-CBSA,PEP_Vintage_2025,36003.0,Broad
2005,National,US,00,RESIDUAL,Moodys-US,Moodys,70757.2343746011,Benchmark
2019,County or Equivalent,Travis County,48453,POPESTIMATE,Census-County-State-US,PEP_Vintage_2020,1273567.0,Focus
2025,Region,WFSRCA Region,48021-48031-48053-48055-48149-48209-48287-48299-48491,NATURALCHG,Census-County-State-US,PEP_Vintage_2025,6930.0,Peer
1984,Metropolitan Statistical Area,Austin MSA,12420,INTERNATIONALMIG,Moodys-CBSA,Moodys,6763.206372692611,Broad
1991,Metropolitan Statistical Area,San Antonio MSA,41700,RESIDUAL,Moodys-CBSA,Moodys,511.86974445428064,Peer
2008,Metropolitan Statistical Area,Houston MSA,26420,DOMESTICMIG,Moodys-CBSA,Moodys,41650.004647869064,Peer
1981,Metropolitan Statistical Area,San Antonio MSA,41700,NATURALCHG,Moodys-CBSA,Moodys,12731.173282730899,Peer
1999,Metropolitan Statistical Area,Austin MSA,12420,DEATHS,Moodys-CBSA,Moodys,-5835.0747524614635,Broad
1985,National,US,00,NATURALCHG,Moodys-US,Moodys,1662611.6353321262,Benchmark
2013,Metropolitan Statistical Area,San Antonio MSA,41700,RNATURALCHG,Census-CBSA,PEP_Vintage_2020,23.8485725673,Peer
1995,Metropolitan Statistical Area,Dallas MSA,19100,DEATHS,Moodys-CBSA,Moodys,-28581.546193971302,Peer
2015,Region,WFSRCA Region,48021-48031-48053-48055-48149-48209-48287-48299-48491,RDEATH,Census-County-State-US,PEP_Vintage_2020,87.1604343841,Peer
2018,Metropolitan Statistical Area,Austin MSA,12420,RINTERNATIONALMIG,Census-CBSA,PEP_Vintage_2020,7.1596431601,Broad
1985,Metropolitan Statistical Area,Austin MSA,12420,NATURALCHG,Moodys-CBSA,Moodys,9826.68996221028,Broad
2000,County or Equivalent,Travis County,48453,DOMESTICMIG,Moodys-County,Moodys,14984.899479648477,Focus
2004,County or Equivalent,Travis County,48453,BIRTHS,Moodys-County,Moodys,14861.349398926232,Focus
2001,State,Texas,48,BIRTHS,Moodys-State,Moodys,364860.45424819656,Benchmark
2016,Metropolitan Statistical Area,Dallas MSA,19100,DOMESTICMIG,Census-CBSA,PEP_Vintage_2020,61552.0,Peer
2014,Metropolitan Statistical Area,Houston MSA,26420,NETMIG,Census-CBSA,PEP_Vintage_2020,110007.0,Peer
2010,Region,WFSRCA Region,48021-48031-48053-48055-48149-48209-48287-48299-48491,INTERNATIONALMIG,Census-County-State-US,PEP_Vintage_2020,832.0,Peer
2014,National,US,00,RNATURALCHG,Census-County-State-US,PEP_Vintage_2020,4.3526049478,Benchmark
2001,Metropolitan Statistical Area,Austin MSA,12420,BIRTHS,Moodys-CBSA,Moodys,22036.660926764856,Broad
2013,Metropolitan Statistical Area,Dallas MSA,19100,RDOMESTICMIG,Census-CBSA,PEP_Vintage_2020,76.8017039505,Peer
2022,Region,WFSRCA Region,48021-48031-48053-48055-48149-48209-48287-48299-48491,NATURALCHG,Census-County-State-US,PEP_Vintage_2025,5421.0,Peer
2023,County or Equivalent,Travis County,48453,RBIRTH,Census-County-State-US,PEP_Vintage_2025,12.13938991,Focus
1989,Metropolitan Statistical Area,Austin MSA,12420,INTERNATIONALMIG,Moodys-CBSA,Moodys,3144.863203119701,Broad
1992,Place,Austin City,4805000,POPESTIMATE,Census-Place,PEP City and Town Postcensal Tables: 1990-2000,524608.0,Peer
2017,Metropolitan Statistical Area,Austin MSA,12420,DOMESTICMIG,Census-CBSA,PEP_Vintage_2020,29596.0,Broad
1993,Metropolitan Statistical Area,Dallas MSA,19100,INTERNATIONALMIG,Moodys-CBSA,Moodys,41077.663518161695,Peer
2023,Metropolitan Statistical Area,Dallas MSA,19100,RDEATH,Census-CBSA,PEP_Vintage_2025,83.92136387,Peer
2005,County or Equivalent,Travis County,48453,INTERNATIONALMIG,Moodys-County,Moodys,6213.146929267376,Focus
1985,Metropolitan Statistical Area,Dallas MSA,19100,NATURALCHG,Moodys-CBSA,Moodys,43793.923465453474,Peer
1993,Metropolitan Statistical Area,Houston MSA,26420,DEATHS,Moodys-CBSA,Moodys,-24856.04094381296,Peer
2013,Metropolitan Statistical Area,Houston MSA,26420,RBIRTH,Census-CBSA,PEP_Vintage_2020,129.95889869,Peer
1991,Metropolitan Statistical Area,San Antonio MSA,41700,INTERNATIONALMIG,Moodys-CBSA,Moodys,4654.930202374297,Peer
1984,County or Equivalent,Travis County,48453,DOMESTICMIG,Moodys-County,Moodys,6616.088299197147,Focus
1998,Metropolitan Statistical Area,Houston MSA,26420,BIRTHS,Moodys-CBSA,Moodys,80284.84048424679,Peer
1992,Metropolitan Statistical Area,Austin MSA,12420,INTERNATIONALMIG,Moodys-CBSA,Moodys,7835.230792388341,Broad
1999,Place,"Fountain, CO",0827865,POPESTIMATE,Census-Place,PEP City and Town Postcensal Tables: 1990-2000,13443.0,Peer
2015,Metropolitan Statistical Area,San Antonio MSA,41700,RESIDUAL,Census-CBSA,PEP_Vintage_2020,170.0,Peer
2015,State,Texas,48,DEATHS,Census-County-State-US,PEP_Vintage_2020,-187833.0,Benchmark
2017,State,Texas,48,DEATHS,Census-County-State-US,PEP_Vintage_2020,-194127.0,Benchmark
2021,County or Equivalent,Travis County,48453,RINTERNATIONALMIG,Census-County-State-US,PEP_Vintage_2025,1.994815322,Focus
1987,Region,WFSRCA Region,48021-48031-48053-48055-48149-48209-48287-48299-48491,POPESTIMATE,Moodys-County,Moodys,332613.6957311271,Peer
1997,Metropolitan Statistical Area,Houston MSA,26420,DOMESTICMIG,Moodys-CBSA,Moodys,2296.6070811752325,Peer
1987,County or Equivalent,Travis County,48453,RESIDUAL,Moodys-County,Moodys,197.080237805849,Focus
1984,Metropolitan Statistical Area,Dallas MSA,19100,RESIDUAL,Moodys-CBSA,Moodys,1233.7142694129798,Peer
2005,Metropolitan Statistical Area,Houston MSA,26420,BIRTHS,Moodys-CBSA,Moodys,89319.1142109163,Peer
2025,Metropolitan Statistical Area,Houston MSA,26420,RDEATH,Census-CBSA,PEP_Vintage_2025,77.442801826,Peer
1998,Region,WFSRCA Region,48021-48031-48053-48055-48149-48209-48287-48299-48491,RESIDUAL,Moodys-County,Moodys,173.6859453997547,Peer
2016,State,Texas,48,INTERNATIONALMIG,Census-County-State-US,PEP_Vintage_2020,110382.0,Benchmark
2003,National,US,00,NATURALCHG,Moodys-US,Moodys,1628939.5608129846,Benchmark
2010,Metropolitan Statistical Area,Dallas MSA,19100,POPESTIMATE,Census-CBSA,PEP_Vintage_2020,6392097.0,Peer
2008,Metropolitan Statistical Area,Austin MSA,12420,POPESTIMATE,Moodys-CBSA,Moodys,1633869.9999999995,Broad
2018,County or Equivalent,Travis County,48453,RNETMIG,Census-County-State-US,PEP_Vintage_2020,7.8470016564,Focus
2009,Metropolitan Statistical Area,San Antonio MSA,41700,POPESTIMATE,Moodys-CBSA,Moodys,2105672.0,Peer
2015,Metropolitan Statistical Area,Austin MSA,12420,RNETMIG,Census-CBSA,PEP_Vintage_2020,125.243980737,Broad
1986,Metropolitan Statistical Area,Austin MSA,12420,DOMESTICMIG,Moodys-CBSA,Moodys,14042.621791287966,Broad
2018,National,US,00,DOMESTICMIG,Census-County-State-US,PEP_Vintage_2020,0.0,Benchmark
1993,County or Equivalent,Travis County,48453,RESIDUAL,Moodys-County,Moodys,231.74882253442462,Focus
2025,Region,WFSRCA Region,48021-48031-48053-48055-48149-48209-48287-48299-48491,POPESTIMATE,Census-County-State-US,PEP_Vintage_2025,1369412.0,Peer
1993,Region,WFSRCA Region,48021-48031-48053-48055-48149-48209-48287-48299-48491,RESIDUAL,Moodys-County,Moodys,134.99506518626544,Peer
2012,Metropolitan Statistical Area,San Antonio MSA,41700,RBIRTH,Census-CBSA,PEP_Vintage_2020,91.9066755227,Peer
2017,County or Equivalent,Travis County,48453,RBIRTH,Census-County-State-US,PEP_Vintage_2020,12.75858215,Focus
1993,Metropolitan Statistical Area,Houston MSA,26420,INTERNATIONALMIG,Moodys-CBSA,Moodys,38434.25445971449,Peer
2003,Region,WFSRCA Region,48021-48031-48053-48055-48149-48209-48287-48299-48491,DOMESTICMIG,Moodys-County,Moodys,15194.208040101366,Peer
2001,State,Texas,48,NATURALCHG,Moodys-State,Moodys,212055.02448306052,Benchmark
2024,Metropolitan Statistical Area,Dallas MSA,19100,NATURALCHG,Census-CBSA,PEP_Vintage_2025,50489.0,Peer
2002,National,US,00,DOMESTICMIG,Moodys-US,Moodys,532.475044210131,Benchmark
1993,County or Equivalent,Travis County,48453,POPESTIMATE,Moodys-County,Moodys,649225.9818943137,Focus
1986,Metropolitan Statistical Area,Austin MSA,12420,INTERNATIONALMIG,Moodys-CBSA,Moodys,9721.010540472233,Broad
2017,Metropolitan Statistical Area,Dallas MSA,19100,POPESTIMATE,Census-CBSA,PEP_Vintage_2020,7337707.0,Peer
1990,Metropolitan Statistical Area,San Antonio MSA,41700,DEATHS,Moodys-CBSA,Moodys,-10066.614734304878,Peer
2013,Place,Austin City,4805000,POPESTIMATE,Census-Place,PEP_Vintage_2020,875241.0,Peer
1999,State,Texas,48,DEATHS,Moodys-State,Moodys,-146921.66304051026,Benchmark
2014,Region,WFSRCA Region,48021-48031-48053-48055-48149-48209-48287-48299-48491,DOMESTICMIG,Census-County-State-US,PEP_Vintage_2020,22020.0,Peer
2014,Metropolitan Statistical Area,Austin MSA,12420,NATURALCHG,Census-CBSA,PEP_Vintage_2020,16948.0,Broad
2011,Metropolitan Statistical Area,Houston MSA,26420,RBIRTH,Census-CBSA,PEP_Vintage_2020,132.5325742342,Peer
1996,Metropolitan Statistical Area,Dallas MSA,19100,INTERNATIONALMIG,Moodys-CBSA,Moodys,46192.89841752596,Peer
2001,Metropolitan Statistical Area,San Antonio MSA,41700,INTERNATIONALMIG,Moodys-CBSA,Moodys,3882.253013144334,Peer
2001,State,Texas,48,DOMESTICMIG,Moodys-State,Moodys,40516.99999998671,Benchmark
2016,National,US,00,NPOPCHG,Census-County-State-US,PEP_Vintage_2020,2332761.0,Benchmark
2019,County or Equivalent,Travis County,48453,RESIDUAL,Census-County-State-US,PEP_Vintage_2020,89.0,Focus
1991,State,Texas,48,POPESTIMATE,Moodys-State,Moodys,17398005.85937501,Benchmark
2023,Metropolitan Statistical Area,San Antonio MSA,41700,DOMESTICMIG,Census-CBSA,PEP_Vintage_2025,30030.0,Peer
2012,Region,WFSRCA Region,48021-48031-48053-48055-48149-48209-48287-48299-48491,RDOMESTICMIG,Census-County-State-US,PEP_Vintage_2020,50.9018665559,Peer
1999,National,US,00,BIRTHS,Moodys-US,Moodys,4030833.1121064387,Benchmark
1983,State,Texas,48,POPESTIMATE,Moodys-State,Moodys,15751679.687500013,Benchmark
1986,Metropolitan Statistical Area,San Antonio MSA,41700,DOMESTICMIG,Moodys-CBSA,Moodys,11757.459594821641,Peer
2022,Region,WFSRCA Region,48021-48031-48053-48055-48149-48209-48287-48299-48491,RDOMESTICMIG,Census-County-State-US,PEP_Vintage_2025,251.99585368,Peer
1984,County or Equivalent,Travis County,48453,DEATHS,Moodys-County,Moodys,-2695.3574704699695,Focus
2016,County or Equivalent,Travis County,48453,BIRTHS,Census-County-State-US,PEP_Vintage_2020,16301.0,Focus
2017,Metropolitan Statistical Area,Dallas MSA,19100,GQESTIMATES,Census-CBSA,PEP_Vintage_2020,82785.0,Peer
2020,County or Equivalent,Travis County,48453,NPOPCHG,Census-County-State-US,PEP_Vintage_2025,6415.0,Focus
1994,Region,WFSRCA Region,48021-48031-48053-48055-48149-48209-48287-48299-48491,RESIDUAL,Moodys-County,Moodys,141.99951477365886,Peer
2013,Metropolitan Statistical Area,San Antonio MSA,41700,RDEATH,Census-CBSA,PEP_Vintage_2020,66.0559738868,Peer
1998,State,Texas,48,DOMESTICMIG,Moodys-State,Moodys,63932.16994151332,Benchmark
1986,County or Equivalent,Travis County,48453,RESIDUAL,Moodys-County,Moodys,195.38491778678406,Focus
2021,National,US,00,DOMESTICMIG,Census-County-State-US,PEP_Vintage_2025,0.0,Benchmark
1981,State,Texas,48,INTERNATIONALMIG,Moodys-State,Moodys,34195.0948072266,Benchmark
2014,Metropolitan Statistical Area,Houston MSA,26420,POPESTIMATE,Census-CBSA,PEP_Vintage_2020,6526441.0,Peer
2009,Metropolitan Statistical Area,Houston MSA,26420,POPESTIMATE,Moodys-CBSA,Moodys,5852194.0,Peer
2017,Region,WFSRCA Region,48021-48031-48053-48055-48149-48209-48287-48299-48491,RDEATH,Census-County-State-US,PEP_Vintage_2020,88.1013882158,Peer
2022,Metropolitan Statistical Area,Houston MSA,26420,DEATHS,Census-CBSA,PEP_Vintage_2025,-54389.0,Peer
2014,State,Texas,48,RNATURALCHG,Census-County-State-US,PEP_Vintage_2020,7.9926668428,Benchmark
2018,State,Texas,48,RESIDUAL,Census-County-State-US,PEP_Vintage_2020,594.0,Benchmark
2000,Metropolitan Statistical Area,Dallas MSA,19100,BIRTHS,Moodys-CBSA,Moodys,89363.2998293549,Peer
2002,National,US,00,NATURALCHG,Moodys-US,Moodys,1576059.3551461643,Benchmark
2007,Region,WFSRCA Region,48021-48031-48053-48055-48149-48209-48287-48299-48491,INTERNATIONALMIG,Moodys-County,Moodys,1173.3085835680051,Peer
1982,State,Texas,48,BIRTHS,Moodys-State,Moodys,290668.97848933545,Benchmark
2012,Metropolitan Statistical Area,San Antonio MSA,41700,RNATURALCHG,Census-CBSA,PEP_Vintage_2020,30.2318776061,Peer
1989,Metropolitan Statistical Area,Houston MSA,26420,BIRTHS,Moodys-CBSA,Moodys,68491.89909206498,Peer
2012,Metropolitan Statistical Area,Austin MSA,12420,GQESTIMATES,Census-CBSA,PEP_Vintage_2020,41121.0,Broad
1992,Metropolitan Statistical Area,San Antonio MSA,41700,RESIDUAL,Moodys-CBSA,Moodys,523.034124556428,Peer
2013,Metropolitan Statistical Area,Houston MSA,26420,NETMIG,Census-CBSA,PEP_Vintage_2020,86294.0,Peer
1989,Metropolitan Statistical Area,Houston MSA,26420,POPESTIMATE,Moodys-CBSA,Moodys,3686217.0881696003,Peer
2023,County or Equivalent,Travis County,48453,NPOPCHG,Census-County-State-US,PEP_Vintage_2025,17294.0,Focus
2017,Metropolitan Statistical Area,Dallas MSA,19100,NPOPCHG,Census-CBSA,PEP_Vintage_2020,142232.0,Peer
2013,National,US,00,RNETMIG,Census-County-State-US,PEP_Vintage_2020,2.6978163801,Benchmark
2021,National,US,00,RBIRTH,Census-County-State-US,PEP_Vintage_2025,10.801797082,Benchmark
2006,Metropolitan Statistical Area,Austin MSA,12420,INTERNATIONALMIG,Moodys-CBSA,Moodys,8171.6026105388755,Broad
2022,County or Equivalent,Travis County,48453,RESIDUAL,Census-County-State-US,PEP_Vintage_2025,17.0,Focus
1997,Metropolitan Statistical Area,San Antonio MSA,41700,INTERNATIONALMIG,Moodys-CBSA,Moodys,-511.9374796812067,Peer
2019,Metropolitan Statistical Area,Austin MSA,12420,RINTERNATIONALMIG,Census-CBSA,PEP_Vintage_2020,6.2959960274,Broad
1992,State,Texas,48,RESIDUAL,Moodys-State,Moodys,6338.999999999997,Benchmark
2015,Metropolitan Statistical Area,San Antonio MSA,41700,POPESTIMATE,Census-CBSA,PEP_Vintage_2020,2379357.0,Peer
1984,Metropolitan Statistical Area,Austin MSA,12420,NATURALCHG,Moodys-CBSA,Moodys,8504.062820927493,Broad
1993,Metropolitan Statistical Area,Houston MSA,26420,BIRTHS,Moodys-CBSA,Moodys,76007.65887298773,Peer
1989,State,Texas,48,BIRTHS,Moodys-State,Moodys,304144.0563473745,Benchmark
2023,Region,WFSRCA Region,48021-48031-48053-48055-48149-48209-48287-48299-48491,DEATHS,Census-County-State-US,PEP_Vintage_2025,-8594.0,Peer
2016,National,US,00,DEATHS,Census-County-State-US,PEP_Vintage_2020,-2703215.0,Benchmark
1991,Region,WFSRCA Region,48021-48031-48053-48055-48149-48209-48287-48299-48491,DOMESTICMIG,Moodys-County,Moodys,5205.372313540441,Peer
2022,County or Equivalent,Travis County,48453,POPESTIMATE,Census-County-State-US,PEP_Vintage_2025,1335984.0,Focus
2017,Metropolitan Statistical Area,San Antonio MSA,41700,GQESTIMATES,Census-CBSA,PEP_Vintage_2020,50095.0,Peer
1981,National,US,00,RESIDUAL,Moodys-US,Moodys,65260.61378073723,Benchmark
1991,Metropolitan Statistical Area,San Antonio MSA,41700,DEATHS,Moodys-CBSA,Moodys,-10161.487011934785,Peer
2021,Metropolitan Statistical Area,San Antonio MSA,41700,RINTERNATIONALMIG,Census-CBSA,PEP_Vintage_2025,2.553266324,Peer
2012,State,Texas,48,GQESTIMATES,Census-County-State-US,PEP_Vintage_2020,593059.0,Benchmark
1983,Region,WFSRCA Region,48021-48031-48053-48055-48149-48209-48287-48299-48491,INTERNATIONALMIG,Moodys-County,Moodys,-16340.210471685601,Peer
2003,Metropolitan Statistical Area,Houston MSA,26420,NATURALCHG,Moodys-CBSA,Moodys,57918.564826398084,Peer
2014,Metropolitan Statistical Area,San Antonio MSA,41700,GQESTIMATES,Census-CBSA,PEP_Vintage_2020,50157.0,Peer
1996,Metropolitan Statistical Area,Austin MSA,12420,POPESTIMATE,Moodys-CBSA,Moodys,1073036.941298231,Broad
2010,Metropolitan Statistical Area,Houston MSA,26420,DEATHS,Census-CBSA,PEP_Vintage_2020,-33368.0,Peer
2023,Region,WFSRCA Region,48021-48031-48053-48055-48149-48209-48287-48299-48491,RNETMIG,Census-County-State-US,PEP_Vintage_2025,290.65262708,Peer
1995,County or Equivalent,Travis County,48453,BIRTHS,Moodys-County,Moodys,11087.658693284515,Focus
2011,National,US,00,RINTERNATIONALMIG,Census-County-State-US,PEP_Vintage_2020,2.5617052415,Benchmark
2007,Metropolitan Statistical Area,Austin MSA,12420,RESIDUAL,Moodys-CBSA,Moodys,444.00000000000017,Broad
1996,State,Texas,48,POPESTIMATE,Moodys-State,Moodys,19340341.796874985,Benchmark
2014,County or Equivalent,Travis County,48453,NPOPCHG,Census-County-State-US,PEP_Vintage_2020,30065.0,Focus
2025,Metropolitan Statistical Area,San Antonio MSA,41700,RNATURALCHG,Census-CBSA,PEP_Vintage_2025,5.829439643,Peer
1991,County or Equivalent,Travis County,48453,NATURALCHG,Moodys-County,Moodys,7326.792481052995,Focus
1998,Metropolitan Statistical Area,Houston MSA,26420,DEATHS,Moodys-CBSA,Moodys,-27684.09972190205,Peer
2010,Metropolitan Statistical Area,San Antonio MSA,41700,NETMIG,Census-CBSA,PEP_Vintage_2020,6308.0,Peer
1993,Metropolitan Statistical Area,Austin MSA,12420,NATURALCHG,Moodys-CBSA,Moodys,9984.122764974856,Broad
2013,Metropolitan Statistical Area,San Antonio MSA,41700,DEATHS,Census-CBSA,PEP_Vintage_2020,-15984.0,Peer
1989,National,US,00,RESIDUAL,Moodys-US,Moodys,69204.55838209152,Benchmark
1996,Metropolitan Statistical Area,Austin MSA,12420,DOMESTICMIG,Moodys-CBSA,Moodys,19887.733772131796,Broad
2025,Metropolitan Statistical Area,San Antonio MSA,41700,INTERNATIONALMIG,Census-CBSA,PEP_Vintage_2025,8553.0,Peer
1998,Metropolitan Statistical Area,Dallas MSA,19100,NATURALCHG,Moodys-CBSA,Moodys,54482.6883101121,Peer
2004,Metropolitan Statistical Area,Dallas MSA,19100,BIRTHS,Moodys-CBSA,Moodys,96898.0029965145,Peer
2019,Metropolitan Statistical Area,Houston MSA,26420,BIRTHS,Census-CBSA,PEP_Vintage_2020,95206.0,Peer
2019,National,US,00,RNETMIG,Census-County-State-US,PEP_Vintage_2020,1.7358566599,Benchmark
1981,State,Texas,48,BIRTHS,Moodys-State,Moodys,269553.2248809153,Benchmark
2014,State,Texas,48,NETMIG,Census-County-State-US,PEP_Vintage_2020,266604.0,Benchmark
2022,State,Texas,48,RBIRTH,Census-County-State-US,PEP_Vintage_2025,12.859328745,Benchmark
2022,Region,WFSRCA Region,48021-48031-48053-48055-48149-48209-48287-48299-48491,DEATHS,Census-County-State-US,PEP_Vintage_2025,-8900.0,Peer
1999,Metropolitan Statistical Area,Houston MSA,26420,POPESTIMATE,Moodys-CBSA,Moodys,4644526.114293583,Peer
1997,Metropolitan Statistical Area,San Antonio MSA,41700,NATURALCHG,Moodys-CBSA,Moodys,15681.204590695634,Peer
2020,Metropolitan Statistical Area,Dallas MSA,19100,GQESTIMATES,Census-CBSA,PEP_Vintage_2025,88337.0,Peer
2022,Metropolitan Statistical Area,Dallas MSA,19100,DEATHS,Census-CBSA,PEP_Vintage_2025,-58688.0,Peer
1987,National,US,00,INTERNATIONALMIG,Moodys-US,Moodys,410507.09400927153,Benchmark
2018,Region,WFSRCA Region,48021-48031-48053-48055-48149-48209-48287-48299-48491,BIRTHS,Census-County-State-US,PEP_Vintage_2020,12090.0,Peer
2016,County or Equivalent,Travis County,48453,INTERNATIONALMIG,Census-County-State-US,PEP_Vintage_2020,6623.0,Focus
2016,Metropolitan Statistical Area,Austin MSA,12420,BIRTHS,Census-CBSA,PEP_Vintage_2020,26939.0,Broad
2019,County or Equivalent,Travis County,48453,BIRTHS,Census-County-State-US,PEP_Vintage_2020,15093.0,Focus
2014,National,US,00,RINTERNATIONALMIG,Census-County-State-US,PEP_Vintage_2020,2.9809773838,Benchmark
2002,State,Texas,48,BIRTHS,Moodys-State,Moodys,367684.9774365815,Benchmark
2009,Metropolitan Statistical Area,Dallas MSA,19100,INTERNATIONALMIG,Moodys-CBSA,Moodys,35205.82871778879,Peer
2017,Metropolitan Statistical Area,Houston MSA,26420,RDEATH,Census-CBSA,PEP_Vintage_2020,75.6271609594,Peer
2012,Metropolitan Statistical Area,Houston MSA,26420,RDOMESTICMIG,Census-CBSA,PEP_Vintage_2020,68.5196630468,Peer
2017,State,Texas,48,NPOPCHG,Census-County-State-US,PEP_Vintage_2020,376960.0,Benchmark
1992,Metropolitan Statistical Area,Dallas MSA,19100,NATURALCHG,Moodys-CBSA,Moodys,49427.68859301088,Peer
1995,Region,WFSRCA Region,48021-48031-48053-48055-48149-48209-48287-48299-48491,DOMESTICMIG,Moodys-County,Moodys,16997.987375667937,Peer
2025,Metropolitan Statistical Area,San Antonio MSA,41700,NPOPCHG,Census-CBSA,PEP_Vintage_2025,38402.0,Peer
2023,Metropolitan Statistical Area,Austin MSA,12420,INTERNATIONALMIG,Census-CBSA,PEP_Vintage_2025,25338.0,Broad
2004,Region,WFSRCA Region,48021-48031-48053-48055-48149-48209-48287-48299-48491,RESIDUAL,Moodys-County,Moodys,-920.9999999999843,Peer
1988,Metropolitan Statistical Area,Austin MSA,12420,DEATHS,Moodys-CBSA,Moodys,-4481.436117236802,Broad
2015,Metropolitan Statistical Area,Austin MSA,12420,RESIDUAL,Census-CBSA,PEP_Vintage_2020,526.0,Broad
2018,State,Texas,48,POPESTIMATE,Census-County-State-US,PEP_Vintage_2020,28624564.0,Benchmark
1990,National,US,00,INTERNATIONALMIG,Moodys-US,Moodys,785716.6446294492,Benchmark
2000,Metropolitan Statistical Area,Dallas MSA,19100,NATURALCHG,Moodys-CBSA,Moodys,58366.90058778571,Peer
2001,Metropolitan Statistical Area,Houston MSA,26420,NATURALCHG,Moodys-CBSA,Moodys,53986.70520703006,Peer
2014,County or Equivalent,Travis County,48453,RDOMESTICMIG,Census-County-State-US,PEP_Vintage_2020,10.685097353,Focus
2023,Metropolitan Statistical Area,Houston MSA,26420,DOMESTICMIG,Census-CBSA,PEP_Vintage_2025,40015.0,Peer
2021,Metropolitan Statistical Area,Dallas MSA,19100,RNATURALCHG,Census-CBSA,PEP_Vintage_2025,32.339382275,Peer
2017,National,US,00,RDEATH,Census-County-State-US,PEP_Vintage_2020,8.6028673615,Benchmark
1996,County or Equivalent,Travis County,48453,POPESTIMATE,Moodys-County,Moodys,717193.955549654,Focus
1982,National,US,00,NATURALCHG,Moodys-US,Moodys,1697666.5951932117,Benchmark
2011,Metropolitan Statistical Area,Houston MSA,26420,RESIDUAL,Census-CBSA,PEP_Vintage_2020,-12.0,Peer
2003,Metropolitan Statistical Area,San Antonio MSA,41700,DOMESTICMIG,Moodys-CBSA,Moodys,17797.53386870705,Peer
2014,Metropolitan Statistical Area,Austin MSA,12420,RDOMESTICMIG,Census-CBSA,PEP_Vintage_2020,102.91853543879999,Broad
2010,National,US,00,CENSUS,Census-County-State-US,PEP_Vintage_2020,308745538.0,Benchmark
2016,State,Texas,48,RESIDUAL,Census-County-State-US,PEP_Vintage_2020,392.0,Benchmark
2013,State,Texas,48,RBIRTH,Census-County-State-US,PEP_Vintage_2020,14.627034144,Benchmark
1997,County or Equivalent,Travis County,48453,POPESTIMATE,Moodys-County,Moodys,736586.96084493,Focus
2015,County or Equivalent,Travis County,48453,NATURALCHG,Census-County-State-US,PEP_Vintage_2020,11055.0,Focus
1996,Region,WFSRCA Region,48021-48031-48053-48055-48149-48209-48287-48299-48491,NATURALCHG,Moodys-County,Moodys,3422.9129877793102,Peer
1986,National,US,00,BIRTHS,Moodys-US,Moodys,3766145.724914937,Benchmark
1996,National,US,00,INTERNATIONALMIG,Moodys-US,Moodys,1452261.8926512545,Benchmark
2010,Metropolitan Statistical Area,Austin MSA,12420,BIRTHS,Census-CBSA,PEP_Vintage_2020,24620.0,Broad
2005,Metropolitan Statistical Area,Dallas MSA,19100,DEATHS,Moodys-CBSA,Moodys,-32744.129291177025,Peer
1985,Region,WFSRCA Region,48021-48031-48053-48055-48149-48209-48287-48299-48491,NATURALCHG,Moodys-County,Moodys,2462.0527885420656,Peer
1987,Metropolitan Statistical Area,Dallas MSA,19100,DEATHS,Moodys-CBSA,Moodys,-24639.752397508673,Peer
1997,Metropolitan Statistical Area,Dallas MSA,19100,RESIDUAL,Moodys-CBSA,Moodys,1700.8838714230899,Peer
1996,County or Equivalent,Travis County,48453,INTERNATIONALMIG,Moodys-County,Moodys,9683.800272752846,Focus
1995,Metropolitan Statistical Area,San Antonio MSA,41700,DEATHS,Moodys-CBSA,Moodys,-11413.542154708874,Peer
1990,National,US,00,DOMESTICMIG,Moodys-US,Moodys,929.4303824616591,Benchmark
2013,National,US,00,POPESTIMATE,Census-County-State-US,PEP_Vintage_2020,316059947.0,Benchmark
2016,National,US,00,DOMESTICMIG,Census-County-State-US,PEP_Vintage_2020,0.0,Benchmark
1984,State,Texas,48,POPESTIMATE,Moodys-State,Moodys,16007089.843750011,Benchmark
2019,Metropolitan Statistical Area,San Antonio MSA,41700,RNATURALCHG,Census-CBSA,PEP_Vintage_2020,19.2042603373,Peer
1992,Region,WFSRCA Region,48021-48031-48053-48055-48149-48209-48287-48299-48491,INTERNATIONALMIG,Moodys-County,Moodys,423.87630456972977,Peer
2023,National,US,00,GQESTIMATES,Census-County-State-US,PEP_Vintage_2025,8341542.0,Benchmark
2019,Metropolitan Statistical Area,Houston MSA,26420,RBIRTH,Census-CBSA,PEP_Vintage_2020,124.5138161818,Peer
2011,Region,WFSRCA Region,48021-48031-48053-48055-48149-48209-48287-48299-48491,NPOPCHG,Census-County-State-US,PEP_Vintage_2020,22311.0,Peer
1984,County or Equivalent,Travis County,48453,RESIDUAL,Moodys-County,Moodys,178.27260503377013,Focus
2014,State,Texas,48,NATURALCHG,Census-County-State-US,PEP_Vintage_2020,213575.0,Benchmark
2022,Metropolitan Statistical Area,San Antonio MSA,41700,NATURALCHG,Census-CBSA,PEP_Vintage_2025,8271.0,Peer
2008,Metropolitan Statistical Area,Houston MSA,26420,RESIDUAL,Moodys-CBSA,Moodys,-10.99999999999983,Peer
1993,Metropolitan Statistical Area,Austin MSA,12420,RESIDUAL,Moodys-CBSA,Moodys,339.0379476986426,Broad
2024,National,US,00,RINTERNATIONALMIG,Census-County-State-US,PEP_Vintage_2025,8.0810705439,Benchmark
2024,National,US,00,DEATHS,Census-County-State-US,PEP_Vintage_2025,-3093940.0,Benchmark
2006,Metropolitan Statistical Area,Dallas MSA,19100,BIRTHS,Moodys-CBSA,Moodys,99367.00319885837,Peer
2024,County or Equivalent,Travis County,48453,RDOMESTICMIG,Census-County-State-US,PEP_Vintage_2025,-9.686243562,Focus
1998,Metropolitan Statistical Area,Austin MSA,12420,BIRTHS,Moodys-CBSA,Moodys,18450.032402342007,Broad
2023,Metropolitan Statistical Area,Houston MSA,26420,GQESTIMATES,Census-CBSA,PEP_Vintage_2025,89221.0,Peer
2023,Metropolitan Statistical Area,Dallas MSA,19100,RBIRTH,Census-CBSA,PEP_Vintage_2025,139.32469655,Peer
1982,County or Equivalent,Travis County,48453,POPESTIMATE,Moodys-County,Moodys,449812.20288600423,Focus
1983,Metropolitan Statistical Area,Houston MSA,26420,DEATHS,Moodys-CBSA,Moodys,-20890.693881691303,Peer
2009,State,Texas,48,NATURALCHG,Moodys-State,Moodys,245897.55587335385,Benchmark
1998,Region,WFSRCA Region,48021-48031-48053-48055-48149-48209-48287-48299-48491,NATURALCHG,Moodys-County,Moodys,3866.835756701953,Peer
2013,National,US,00,NETMIG,Census-County-State-US,PEP_Vintage_2020,849728.0,Benchmark
2014,County or Equivalent,Travis County,48453,NETMIG,Census-County-State-US,PEP_Vintage_2020,18566.0,Focus
2016,Region,WFSRCA Region,48021-48031-48053-48055-48149-48209-48287-48299-48491,RDEATH,Census-County-State-US,PEP_Vintage_2020,87.8281105663,Peer
2013,Region,WFSRCA Region,48021-48031-48053-48055-48149-48209-48287-48299-48491,DOMESTICMIG,Census-County-State-US,PEP_Vintage_2020,17101.0,Peer
2014,Metropolitan Statistical Area,San Antonio MSA,41700,NATURALCHG,Census-CBSA,PEP_Vintage_2020,16894.0,Peer
2006,Metropolitan Statistical Area,San Antonio MSA,41700,DEATHS,Moodys-CBSA,Moodys,-13560.441330833632,Peer
1996,State,Texas,48,BIRTHS,Moodys-State,Moodys,332080.87316177576,Benchmark
2004,Metropolitan Statistical Area,San Antonio MSA,41700,DEATHS,Moodys-CBSA,Moodys,-13300.714448083792,Peer
2012,Metropolitan Statistical Area,Dallas MSA,19100,POPESTIMATE,Census-CBSA,PEP_Vintage_2020,6644519.0,Peer
2007,County or Equivalent,Travis County,48453,INTERNATIONALMIG,Moodys-County,Moodys,5807.269907292383,Focus
2019,Metropolitan Statistical Area,Houston MSA,26420,RNATURALCHG,Census-CBSA,PEP_Vintage_2020,48.393377094,Peer
2015,Region,WFSRCA Region,48021-48031-48053-48055-48149-48209-48287-48299-48491,RINTERNATIONALMIG,Census-County-State-US,PEP_Vintage_2020,7.5445832238,Peer
2024,National,US,00,GQESTIMATES,Census-County-State-US,PEP_Vintage_2025,8433491.0,Benchmark
2001,National,US,00,DOMESTICMIG,Moodys-US,Moodys,309.02600157744064,Benchmark
1993,County or Equivalent,Travis County,48453,DEATHS,Moodys-County,Moodys,-3368.087384234646,Focus
2007,Region,WFSRCA Region,48021-48031-48053-48055-48149-48209-48287-48299-48491,DEATHS,Moodys-County,Moodys,-4261.2978854503435,Peer
1992,Metropolitan Statistical Area,Austin MSA,12420,NATURALCHG,Moodys-CBSA,Moodys,10175.483519356378,Broad
2013,Metropolitan Statistical Area,Houston MSA,26420,RESIDUAL,Census-CBSA,PEP_Vintage_2020,709.0,Peer
2016,County or Equivalent,Travis County,48453,POPESTIMATE,Census-County-State-US,PEP_Vintage_2020,1206283.0,Focus
1999,Place,Austin City,4805000,POPESTIMATE,Census-Place,PEP City and Town Postcensal Tables: 1990-2000,591439.0,Peer
2012,County or Equivalent,Travis County,48453,DOMESTICMIG,Census-County-State-US,PEP_Vintage_2020,18560.0,Focus
1998,National,US,00,RESIDUAL,Moodys-US,Moodys,77117.15782518628,Benchmark
1988,State,Texas,48,DEATHS,Moodys-State,Moodys,-122565.00597232945,Benchmark
1990,Place,Austin City,4805000,POPESTIMATE,Census-Place,PEP City and Town Postcensal Tables: 1990-2000,499354.0,Peer
2012,Metropolitan Statistical Area,Houston MSA,26420,RINTERNATIONALMIG,Census-CBSA,PEP_Vintage_2020,19.371422373599998,Peer
1997,National,US,00,DEATHS,Moodys-US,Moodys,-2364615.7360230675,Benchmark
2016,Metropolitan Statistical Area,Dallas MSA,19100,POPESTIMATE,Census-CBSA,PEP_Vintage_2020,7195475.0,Peer
2021,Region,WFSRCA Region,48021-48031-48053-48055-48149-48209-48287-48299-48491,RESIDUAL,Census-County-State-US,PEP_Vintage_2025,-2558.0,Peer
2013,Metropolitan Statistical Area,Austin MSA,12420,INTERNATIONALMIG,Census-CBSA,PEP_Vintage_2020,6104.0,Broad
2017,Metropolitan Statistical Area,Austin MSA,12420,NPOPCHG,Census-CBSA,PEP_Vintage_2020,53191.0,Broad
1994,Metropolitan Statistical Area,San Antonio MSA,41700,DOMESTICMIG,Moodys-CBSA,Moodys,6956.99582207797,Peer
1994,National,US,00,NATURALCHG,Moodys-US,Moodys,1706565.9716413347,Benchmark
1998,Region,WFSRCA Region,48021-48031-48053-48055-48149-48209-48287-48299-48491,POPESTIMATE,Moodys-County,Moodys,486599.0093233284,Peer
1999,Metropolitan Statistical Area,Austin MSA,12420,INTERNATIONALMIG,Moodys-CBSA,Moodys,13130.09894979523,Broad
2002,Metropolitan Statistical Area,Austin MSA,12420,DOMESTICMIG,Moodys-CBSA,Moodys,3036.140383670734,Broad
2008,Metropolitan Statistical Area,San Antonio MSA,41700,BIRTHS,Moodys-CBSA,Moodys,33553.146742799574,Peer
2004,State,Texas,48,BIRTHS,Moodys-State,Moodys,380274.2912815715,Benchmark
2013,Metropolitan Statistical Area,Dallas MSA,19100,RESIDUAL,Census-CBSA,PEP_Vintage_2020,-5.0,Peer
2015,Metropolitan Statistical Area,Austin MSA,12420,NETMIG,Census-CBSA,PEP_Vintage_2020,42134.0,Broad
2015,County or Equivalent,Travis County,48453,RNETMIG,Census-County-State-US,PEP_Vintage_2020,14.036101653,Focus
2025,Metropolitan Statistical Area,San Antonio MSA,41700,RDEATH,Census-CBSA,PEP_Vintage_2025,73.839906584,Peer
1993,Metropolitan Statistical Area,Dallas MSA,19100,DEATHS,Moodys-CBSA,Moodys,-27424.988766399154,Peer
2021,County or Equivalent,Travis County,48453,BIRTHS,Census-County-State-US,PEP_Vintage_2025,15121.0,Focus
2022,Metropolitan Statistical Area,San Antonio MSA,41700,RINTERNATIONALMIG,Census-CBSA,PEP_Vintage_2025,13.409064811,Peer
2006,State,Texas,48,INTERNATIONALMIG,Moodys-State,Moodys,117589.41581677932,Benchmark
2016,Metropolitan Statistical Area,San Antonio MSA,41700,DOMESTICMIG,Census-CBSA,PEP_Vintage_2020,24192.0,Peer
2015,Metropolitan Statistical Area,Dallas MSA,19100,DOMESTICMIG,Census-CBSA,PEP_Vintage_2020,60142.0,Peer
1999,National,US,00,RESIDUAL,Moodys-US,Moodys,78149.494677087,Benchmark
2007,Metropolitan Statistical Area,San Antonio MSA,41700,BIRTHS,Moodys-CBSA,Moodys,32437.781156307195,Peer
2002,County or Equivalent,Travis County,48453,BIRTHS,Moodys-County,Moodys,14472.420178963497,Focus
2003,Metropolitan Statistical Area,Houston MSA,26420,DEATHS,Moodys-CBSA,Moodys,-29941.34583904028,Peer
1984,Metropolitan Statistical Area,Houston MSA,26420,NATURALCHG,Moodys-CBSA,Moodys,48660.07551042834,Peer
2019,Region,WFSRCA Region,48021-48031-48053-48055-48149-48209-48287-48299-48491,RINTERNATIONALMIG,Census-County-State-US,PEP_Vintage_2020,2.8781431228,Peer
1991,Metropolitan Statistical Area,Houston MSA,26420,DOMESTICMIG,Moodys-CBSA,Moodys,30761.263984546476,Peer
2021,Metropolitan Statistical Area,Dallas MSA,19100,NPOPCHG,Census-CBSA,PEP_Vintage_2025,110428.0,Peer
1989,County or Equivalent,Travis County,48453,RESIDUAL,Moodys-County,Moodys,201.81428176207433,Focus
1999,County or Equivalent,Travis County,48453,RESIDUAL,Moodys-County,Moodys,281.4452344524491,Focus
2025,State,Texas,48,GQESTIMATES,Census-County-State-US,PEP_Vintage_2025,632356.0,Benchmark
1985,State,Texas,48,DEATHS,Moodys-State,Moodys,-118182.00365069561,Benchmark
2017,State,Texas,48,NETMIG,Census-County-State-US,PEP_Vintage_2020,181021.0,Benchmark
2012,County or Equivalent,Travis County,48453,RDEATH,Census-County-State-US,PEP_Vintage_2020,4.3723188392,Focus
1996,Metropolitan Statistical Area,Austin MSA,12420,RESIDUAL,Moodys-CBSA,Moodys,382.9908531905335,Broad
2010,Metropolitan Statistical Area,San Antonio MSA,41700,NPOPCHG,Census-CBSA,PEP_Vintage_2020,10496.0,Peer
2009,State,Texas,48,POPESTIMATE,Moodys-State,Moodys,24801761.0,Benchmark
2020,Metropolitan Statistical Area,San Antonio MSA,41700,NATURALCHG,Census-CBSA,PEP_Vintage_2025,10796.0,Peer
2021,State,Texas,48,NATURALCHG,Census-County-State-US,PEP_Vintage_2025,94381.0,Benchmark
2015,Metropolitan Statistical Area,Austin MSA,12420,GQESTIMATES,Census-CBSA,PEP_Vintage_2020,41530.0,Broad
1992,County or Equivalent,Travis County,48453,DEATHS,Moodys-County,Moodys,-3059.5964025003736,Focus
1994,Metropolitan Statistical Area,Austin MSA,12420,DEATHS,Moodys-CBSA,Moodys,-5625.6600751815195,Broad
1996,Metropolitan Statistical Area,Dallas MSA,19100,DOMESTICMIG,Moodys-CBSA,Moodys,28844.111657304446,Peer
2020,Metropolitan Statistical Area,Austin MSA,12420,NATURALCHG,Census-CBSA,PEP_Vintage_2025,12376.0,Broad
2013,State,Texas,48,NETMIG,Census-County-State-US,PEP_Vintage_2020,187189.0,Benchmark
2020,National,US,00,GQESTIMATESBASE,Census-County-State-US,PEP_Vintage_2025,8305481.0,Benchmark
2011,Region,WFSRCA Region,48021-48031-48053-48055-48149-48209-48287-48299-48491,DEATHS,Census-County-State-US,PEP_Vintage_2020,-4979.0,Peer
2012,State,Texas,48,RBIRTH,Census-County-State-US,PEP_Vintage_2020,14.618586828,Benchmark
2014,Region,WFSRCA Region,48021-48031-48053-48055-48149-48209-48287-48299-48491,INTERNATIONALMIG,Census-County-State-US,PEP_Vintage_2020,1649.0,Peer
2015,State,Texas,48,RINTERNATIONALMIG,Census-County-State-US,PEP_Vintage_2020,4.3087085608,Benchmark
2013,Metropolitan Statistical Area,Houston MSA,26420,GQESTIMATES,Census-CBSA,PEP_Vintage_2020,79814.0,Peer
1981,Metropolitan Statistical Area,Dallas MSA,19100,NATURALCHG,Moodys-CBSA,Moodys,33201.40947404989,Peer
2021,County or Equivalent,Travis County,48453,DOMESTICMIG,Census-County-State-US,PEP_Vintage_2025,1431.0,Focus
2015,Metropolitan Statistical Area,Austin MSA,12420,BIRTHS,Census-CBSA,PEP_Vintage_2020,26840.0,Broad
2024,Metropolitan Statistical Area,Dallas MSA,19100,BIRTHS,Census-CBSA,PEP_Vintage_2025,103573.0,Peer
1998,Region,WFSRCA Region,48021-48031-48053-48055-48149-48209-48287-48299-48491,DOMESTICMIG,Moodys-County,Moodys,16619.272234656702,Peer
2008,National,US,00,POPESTIMATE,Moodys-US,Moodys,304167710.0,Benchmark
2016,State,Texas,48,BIRTHS,Census-County-State-US,PEP_Vintage_2020,402564.0,Benchmark
2010,State,Texas,48,INTERNATIONALMIG,Census-County-State-US,PEP_Vintage_2020,59632.0,Benchmark
2025,Region,WFSRCA Region,48021-48031-48053-48055-48149-48209-48287-48299-48491,RDOMESTICMIG,Census-County-State-US,PEP_Vintage_2025,156.025576517,Peer
2004,Metropolitan Statistical Area,San Antonio MSA,41700,RESIDUAL,Moodys-CBSA,Moodys,-1835.999999999969,Peer
2020,County or Equivalent,Travis County,48453,NATURALCHG,Census-County-State-US,PEP_Vintage_2025,7716.0,Focus
2011,State,Texas,48,NATURALCHG,Census-County-State-US,PEP_Vintage_2020,213569.0,Benchmark
1991,Metropolitan Statistical Area,Houston MSA,26420,DEATHS,Moodys-CBSA,Moodys,-23670.004787679172,Peer
1999,Region,WFSRCA Region,48021-48031-48053-48055-48149-48209-48287-48299-48491,NATURALCHG,Moodys-County,Moodys,3961.4130545639127,Peer
2018,National,US,00,NPOPCHG,Census-County-State-US,PEP_Vintage_2020,1716071.0,Benchmark
2018,State,Texas,48,NETMIG,Census-County-State-US,PEP_Vintage_2020,153776.0,Benchmark
2014,Metropolitan Statistical Area,San Antonio MSA,41700,RNETMIG,Census-CBSA,PEP_Vintage_2020,149.4360766318,Peer
1983,Metropolitan Statistical Area,Houston MSA,26420,DOMESTICMIG,Moodys-CBSA,Moodys,27127.945086976848,Peer
2003,Region,WFSRCA Region,48021-48031-48053-48055-48149-48209-48287-48299-48491,BIRTHS,Moodys-County,Moodys,9336.029832638447,Peer
1999,Metropolitan Statistical Area,Dallas MSA,19100,NATURALCHG,Moodys-CBSA,Moodys,54431.5414354179,Peer
2008,Region,WFSRCA Region,48021-48031-48053-48055-48149-48209-48287-48299-48491,RESIDUAL,Moodys-County,Moodys,384.00000000000057,Peer
2011,State,Texas,48,RESIDUAL,Census-County-State-US,PEP_Vintage_2020,361.0,Benchmark
2024,Region,WFSRCA Region,48021-48031-48053-48055-48149-48209-48287-48299-48491,NATURALCHG,Census-County-State-US,PEP_Vintage_2025,6947.0,Peer
1997,Metropolitan Statistical Area,San Antonio MSA,41700,POPESTIMATE,Moodys-CBSA,Moodys,1628675.9566829586,Peer
2025,Metropolitan Statistical Area,Austin MSA,12420,DOMESTICMIG,Census-CBSA,PEP_Vintage_2025,19860.0,Broad
2020,County or Equivalent,Travis County,48453,DOMESTICMIG,Census-County-State-US,PEP_Vintage_2025,18100.0,Focus
2025,National,US,00,RINTERNATIONALMIG,Census-County-State-US,PEP_Vintage_2025,3.7026195511,Benchmark
2012,Metropolitan Statistical Area,Dallas MSA,19100,RBIRTH,Census-CBSA,PEP_Vintage_2020,142.01980664,Peer
2017,Metropolitan Statistical Area,Houston MSA,26420,NETMIG,Census-CBSA,PEP_Vintage_2020,33786.0,Peer
2022,National,US,00,RNETMIG,Census-County-State-US,PEP_Vintage_2025,5.0206301198,Benchmark
1991,State,Texas,48,NATURALCHG,Moodys-State,Moodys,192828.3135971034,Benchmark
2016,County or Equivalent,Travis County,48453,RBIRTH,Census-County-State-US,PEP_Vintage_2020,13.662234954,Focus
1986,Metropolitan Statistical Area,Dallas MSA,19100,DOMESTICMIG,Moodys-CBSA,Moodys,16768.674611057264,Peer
2025,Metropolitan Statistical Area,Houston MSA,26420,RESIDUAL,Census-CBSA,PEP_Vintage_2025,-493.0,Peer
2018,County or Equivalent,Travis County,48453,POPESTIMATE,Census-County-State-US,PEP_Vintage_2020,1246693.0,Focus
2021,County or Equivalent,Travis County,48453,RNATURALCHG,Census-County-State-US,PEP_Vintage_2025,5.972165457,Focus
1992,Metropolitan Statistical Area,Houston MSA,26420,NATURALCHG,Moodys-CBSA,Moodys,51421.80691548821,Peer
2020,Metropolitan Statistical Area,San Antonio MSA,41700,INTERNATIONALMIG,Census-CBSA,PEP_Vintage_2025,492.0,Peer
1989,Metropolitan Statistical Area,Houston MSA,26420,RESIDUAL,Moodys-CBSA,Moodys,1315.758796979574,Peer
2010,Metropolitan Statistical Area,Austin MSA,12420,RESIDUAL,Census-CBSA,PEP_Vintage_2020,466.0,Broad
2004,Place,"Fountain, CO",0827865,POPESTIMATE,Census-Place,PEP City and Town Intercensal Datasets: 2000-2010,19566.0,Peer
1981,National,US,00,DOMESTICMIG,Moodys-US,Moodys,956.731624373826,Benchmark
1993,Region,WFSRCA Region,48021-48031-48053-48055-48149-48209-48287-48299-48491,INTERNATIONALMIG,Moodys-County,Moodys,997.4238113210389,Peer
2019,Region,WFSRCA Region,48021-48031-48053-48055-48149-48209-48287-48299-48491,RESIDUAL,Census-County-State-US,PEP_Vintage_2020,-46.0,Peer
2006,National,US,00,NATURALCHG,Moodys-US,Moodys,1759450.7472363154,Benchmark
1989,National,US,00,INTERNATIONALMIG,Moodys-US,Moodys,465167.06434286863,Benchmark
2019,Metropolitan Statistical Area,San Antonio MSA,41700,INTERNATIONALMIG,Census-CBSA,PEP_Vintage_2020,2300.0,Peer
1987,Metropolitan Statistical Area,Austin MSA,12420,RESIDUAL,Moodys-CBSA,Moodys,288.1914088938774,Broad
1994,Metropolitan Statistical Area,Austin MSA,12420,DOMESTICMIG,Moodys-CBSA,Moodys,20520.0273489184,Broad
2020,Metropolitan Statistical Area,Dallas MSA,19100,BIRTHS,Census-CBSA,PEP_Vintage_2025,91468.0,Peer
2020,National,US,00,GQESTIMATES,Census-County-State-US,PEP_Vintage_2025,8169006.0,Benchmark
1993,Metropolitan Statistical Area,Houston MSA,26420,RESIDUAL,Moodys-CBSA,Moodys,1461.1577950742562,Peer
2014,County or Equivalent,Travis County,48453,BIRTHS,Census-County-State-US,PEP_Vintage_2020,15986.0,Focus
1997,Metropolitan Statistical Area,Houston MSA,26420,BIRTHS,Moodys-CBSA,Moodys,78025.44313815954,Peer
1983,Region,WFSRCA Region,48021-48031-48053-48055-48149-48209-48287-48299-48491,DOMESTICMIG,Moodys-County,Moodys,26604.634931089182,Peer
1988,National,US,00,NATURALCHG,Moodys-US,Moodys,1685572.1873659748,Benchmark
2011,Region,WFSRCA Region,48021-48031-48053-48055-48149-48209-48287-48299-48491,RESIDUAL,Census-County-State-US,PEP_Vintage_2020,103.0,Peer
2017,Metropolitan Statistical Area,Austin MSA,12420,RDEATH,Census-CBSA,PEP_Vintage_2020,31.8383881987,Broad
2005,Metropolitan Statistical Area,Austin MSA,12420,NATURALCHG,Moodys-CBSA,Moodys,16851.605087052172,Broad
1991,Region,WFSRCA Region,48021-48031-48053-48055-48149-48209-48287-48299-48491,POPESTIMATE,Moodys-County,Moodys,352312.0151352871,Peer
2016,Metropolitan Statistical Area,San Antonio MSA,41700,NPOPCHG,Census-CBSA,PEP_Vintage_2020,46694.0,Peer
1984,Metropolitan Statistical Area,San Antonio MSA,41700,DEATHS,Moodys-CBSA,Moodys,-9234.913048278846,Peer
2001,Metropolitan Statistical Area,Austin MSA,12420,POPESTIMATE,Moodys-CBSA,Moodys,1321316.0,Broad
1987,Region,WFSRCA Region,48021-48031-48053-48055-48149-48209-48287-48299-48491,BIRTHS,Moodys-County,Moodys,5450.846243592865,Peer
2020,State,Texas,48,GQESTIMATESBASE,Census-County-State-US,PEP_Vintage_2025,610003.0,Benchmark
2020,Metropolitan Statistical Area,Houston MSA,26420,POPESTIMATE,Census-CBSA,PEP_Vintage_2025,7169284.0,Peer
2020,Region,WFSRCA Region,48021-48031-48053-48055-48149-48209-48287-48299-48491,RESIDUAL,Census-County-State-US,PEP_Vintage_2025,-890.0,Peer
2006,State,Texas,48,NATURALCHG,Moodys-State,Moodys,235928.58418322253,Benchmark
2018,Metropolitan Statistical Area,Houston MSA,26420,NPOPCHG,Census-CBSA,PEP_Vintage_2020,76527.0,Peer
2021,Metropolitan Statistical Area,Houston MSA,26420,RESIDUAL,Census-CBSA,PEP_Vintage_2025,-168.0,Peer
2004,National,US,00,DEATHS,Moodys-US,Moodys,-2448203.9914875594,Benchmark
1986,Metropolitan Statistical Area,Austin MSA,12420,POPESTIMATE,Moodys-CBSA,Moodys,793116.8965166619,Broad
2019,State,Texas,48,RDOMESTICMIG,Census-County-State-US,PEP_Vintage_2020,4.2148286107,Benchmark
2001,Region,WFSRCA Region,48021-48031-48053-48055-48149-48209-48287-48299-48491,INTERNATIONALMIG,Moodys-County,Moodys,1130.6147514576721,Peer
2020,Metropolitan Statistical Area,San Antonio MSA,41700,RESIDUAL,Census-CBSA,PEP_Vintage_2025,142.0,Peer
1994,Metropolitan Statistical Area,Houston MSA,26420,NATURALCHG,Moodys-CBSA,Moodys,49161.870216784155,Peer
1984,Metropolitan Statistical Area,Austin MSA,12420,POPESTIMATE,Moodys-CBSA,Moodys,707647.3924595778,Broad
2006,Region,WFSRCA Region,48021-48031-48053-48055-48149-48209-48287-48299-48491,BIRTHS,Moodys-County,Moodys,10119.100131108655,Peer
2012,National,US,00,NPOPCHG,Census-County-State-US,PEP_Vintage_2020,2294181.0,Benchmark
2008,Metropolitan Statistical Area,Dallas MSA,19100,NATURALCHG,Moodys-CBSA,Moodys,67801.67650216195,Peer
2011,Metropolitan Statistical Area,San Antonio MSA,41700,RESIDUAL,Census-CBSA,PEP_Vintage_2020,85.0,Peer
1997,Region,WFSRCA Region,48021-48031-48053-48055-48149-48209-48287-48299-48491,RESIDUAL,Moodys-County,Moodys,165.78964847948026,Peer
2011,Metropolitan Statistical Area,Dallas MSA,19100,GQESTIMATES,Census-CBSA,PEP_Vintage_2020,78601.0,Peer
2009,Metropolitan Statistical Area,Austin MSA,12420,POPESTIMATE,Moodys-CBSA,Moodys,1682338.0,Broad
2023,County or Equivalent,Travis County,48453,NETMIG,Census-County-State-US,PEP_Vintage_2025,7978.0,Focus
2013,County or Equivalent,Travis County,48453,NATURALCHG,Census-County-State-US,PEP_Vintage_2020,10706.0,Focus
2025,Region,WFSRCA Region,48021-48031-48053-48055-48149-48209-48287-48299-48491,DEATHS,Census-County-State-US,PEP_Vintage_2025,-8627.0,Peer
2005,Metropolitan Statistical Area,Austin MSA,12420,DEATHS,Moodys-CBSA,Moodys,-6666.9045641786415,Broad
1984,County or Equivalent,Travis County,48453,POPESTIMATE,Moodys-County,Moodys,499409.451427182,Focus
2021,Region,WFSRCA Region,48021-48031-48053-48055-48149-48209-48287-48299-48491,NETMIG,Census-County-State-US,PEP_Vintage_2025,47941.0,Peer
2003,Metropolitan Statistical Area,Dallas MSA,19100,RESIDUAL,Moodys-CBSA,Moodys,4943.9999999999945,Peer
2011,National,US,00,NPOPCHG,Census-County-State-US,PEP_Vintage_2020,2256338.0,Benchmark
2023,Metropolitan Statistical Area,Dallas MSA,19100,GQESTIMATES,Census-CBSA,PEP_Vintage_2025,92154.0,Peer
2012,Region,WFSRCA Region,48021-48031-48053-48055-48149-48209-48287-48299-48491,GQESTIMATES,Census-County-State-US,PEP_Vintage_2020,20318.0,Peer
2003,State,Texas,48,DOMESTICMIG,Moodys-State,Moodys,29693.999999997326,Benchmark
2011,Region,WFSRCA Region,48021-48031-48053-48055-48149-48209-48287-48299-48491,INTERNATIONALMIG,Census-County-State-US,PEP_Vintage_2020,918.0,Peer
2021,Metropolitan Statistical Area,San Antonio MSA,41700,INTERNATIONALMIG,Census-CBSA,PEP_Vintage_2025,1870.0,Peer
1987,State,Texas,48,POPESTIMATE,Moodys-State,Moodys,16621789.062499996,Benchmark
2011,Metropolitan Statistical Area,San Antonio MSA,41700,DEATHS,Census-CBSA,PEP_Vintage_2020,-14853.0,Peer
2011,National,US,00,DOMESTICMIG,Census-County-State-US,PEP_Vintage_2020,0.0,Benchmark
2011,Metropolitan Statistical Area,San Antonio MSA,41700,RINTERNATIONALMIG,Census-CBSA,PEP_Vintage_2020,5.4610238287,Peer
2021,Metropolitan Statistical Area,Austin MSA,12420,NATURALCHG,Census-CBSA,PEP_Vintage_2025,12838.0,Broad
2012,Metropolitan Statistical Area,Houston MSA,26420,GQESTIMATES,Census-CBSA,PEP_Vintage_2020,79030.0,Peer
2021,Region,WFSRCA Region,48021-48031-48053-48055-48149-48209-48287-48299-48491,NATURALCHG,Census-County-State-US,PEP_Vintage_2025,4470.0,Peer
2023,Metropolitan Statistical Area,Dallas MSA,19100,RNETMIG,Census-CBSA,PEP_Vintage_2025,395.427345897,Peer
2014,Region,WFSRCA Region,48021-48031-48053-48055-48149-48209-48287-48299-48491,RINTERNATIONALMIG,Census-County-State-US,PEP_Vintage_2020,7.517589942200001,Peer
2008,Metropolitan Statistical Area,San Antonio MSA,41700,INTERNATIONALMIG,Moodys-CBSA,Moodys,4428.30500348078,Peer
1987,Metropolitan Statistical Area,Austin MSA,12420,INTERNATIONALMIG,Moodys-CBSA,Moodys,13182.391485844695,Broad
2013,Metropolitan Statistical Area,San Antonio MSA,41700,BIRTHS,Census-CBSA,PEP_Vintage_2020,31618.0,Peer
2000,State,Texas,48,POPESTIMATE,Moodys-State,Moodys,20944498.999999996,Benchmark
2024,Region,WFSRCA Region,48021-48031-48053-48055-48149-48209-48287-48299-48491,NETMIG,Census-County-State-US,PEP_Vintage_2025,42022.0,Peer
1984,Metropolitan Statistical Area,Dallas MSA,19100,BIRTHS,Moodys-CBSA,Moodys,62109.92608225654,Peer
1997,Metropolitan Statistical Area,Houston MSA,26420,RESIDUAL,Moodys-CBSA,Moodys,1580.2920919058356,Peer
1982,Metropolitan Statistical Area,Austin MSA,12420,BIRTHS,Moodys-CBSA,Moodys,10946.907180466835,Broad
2000,Place,"Fountain, CO",0827865,POPESTIMATE,Census-Place,PEP City and Town Intercensal Datasets: 2000-2010,15511.0,Peer
2000,Metropolitan Statistical Area,Dallas MSA,19100,POPESTIMATE,Moodys-CBSA,Moodys,5187121.999999998,Peer
2021,Metropolitan Statistical Area,Houston MSA,26420,NETMIG,Census-CBSA,PEP_Vintage_2025,44009.0,Peer
1985,State,Texas,48,DOMESTICMIG,Moodys-State,Moodys,63491.093933442855,Benchmark
1985,National,US,00,POPESTIMATE,Moodys-US,Moodys,237969068.7003573,Benchmark
1987,Metropolitan Statistical Area,Houston MSA,26420,BIRTHS,Moodys-CBSA,Moodys,67439.21369488665,Peer
2010,Metropolitan Statistical Area,Austin MSA,12420,DEATHS,Census-CBSA,PEP_Vintage_2020,-7884.0,Broad
2022,National,US,00,GQESTIMATES,Census-County-State-US,PEP_Vintage_2025,8187501.0,Benchmark
2007,Place,Austin City,4805000,POPESTIMATE,Census-Place,PEP City and Town Intercensal Datasets: 2000-2010,749641.0,Peer
1984,Metropolitan Statistical Area,Houston MSA,26420,RESIDUAL,Moodys-CBSA,Moodys,1298.22145110429,Peer
2019,Region,WFSRCA Region,48021-48031-48053-48055-48149-48209-48287-48299-48491,RBIRTH,Census-County-State-US,PEP_Vintage_2020,95.0799009447,Peer
2020,State,Texas,48,NETMIG,Census-County-State-US,PEP_Vintage_2025,54457.0,Benchmark
2023,Metropolitan Statistical Area,Austin MSA,12420,NETMIG,Census-CBSA,PEP_Vintage_2025,47322.0,Broad
1997,Place,"Fountain, CO",0827865,POPESTIMATE,Census-Place,PEP City and Town Postcensal Tables: 1990-2000,13245.0,Peer
2014,Region,WFSRCA Region,48021-48031-48053-48055-48149-48209-48287-48299-48491,NPOPCHG,Census-County-State-US,PEP_Vintage_2020,30033.0,Peer
2013,National,US,00,BIRTHS,Census-County-State-US,PEP_Vintage_2020,3940576.0,Benchmark
2011,Metropolitan Statistical Area,Austin MSA,12420,NATURALCHG,Census-CBSA,PEP_Vintage_2020,16905.0,Broad
2011,Metropolitan Statistical Area,Houston MSA,26420,DOMESTICMIG,Census-CBSA,PEP_Vintage_2020,23925.0,Peer
2012,Metropolitan Statistical Area,Dallas MSA,19100,GQESTIMATES,Census-CBSA,PEP_Vintage_2020,80376.0,Peer
2017,Metropolitan Statistical Area,Dallas MSA,19100,RDEATH,Census-CBSA,PEP_Vintage_2020,81.0141511695,Peer
1983,State,Texas,48,DOMESTICMIG,Moodys-State,Moodys,146657.36711848542,Benchmark
2023,Region,WFSRCA Region,48021-48031-48053-48055-48149-48209-48287-48299-48491,INTERNATIONALMIG,Census-County-State-US,PEP_Vintage_2025,7396.0,Peer
2018,National,US,00,RNETMIG,Census-County-State-US,PEP_Vintage_2020,2.2083276242,Benchmark
2021,National,US,00,RDOMESTICMIG,Census-County-State-US,PEP_Vintage_2025,0.0,Benchmark
2009,County or Equivalent,Travis County,48453,DOMESTICMIG,Moodys-County,Moodys,8320.261368275978,Focus
2022,Region,WFSRCA Region,48021-48031-48053-48055-48149-48209-48287-48299-48491,NPOPCHG,Census-County-State-US,PEP_Vintage_2025,51638.0,Peer
2018,National,US,00,RBIRTH,Census-County-State-US,PEP_Vintage_2020,11.76598281,Benchmark
2009,Metropolitan Statistical Area,Dallas MSA,19100,BIRTHS,Moodys-CBSA,Moodys,102896.53123317866,Peer
2006,Metropolitan Statistical Area,Houston MSA,26420,NATURALCHG,Moodys-CBSA,Moodys,61499.08914957022,Peer
2012,Region,WFSRCA Region,48021-48031-48053-48055-48149-48209-48287-48299-48491,DOMESTICMIG,Census-County-State-US,PEP_Vintage_2020,12191.0,Peer
2011,Metropolitan Statistical Area,San Antonio MSA,41700,RBIRTH,Census-CBSA,PEP_Vintage_2020,93.13178998,Peer
1992,State,Texas,48,BIRTHS,Moodys-State,Moodys,323109.04751941597,Benchmark
2014,Metropolitan Statistical Area,San Antonio MSA,41700,POPESTIMATE,Census-CBSA,PEP_Vintage_2020,2328984.0,Peer
2012,Metropolitan Statistical Area,Dallas MSA,19100,RINTERNATIONALMIG,Census-CBSA,PEP_Vintage_2020,18.5691032994,Peer
2001,Region,WFSRCA Region,48021-48031-48053-48055-48149-48209-48287-48299-48491,DEATHS,Moodys-County,Moodys,-3650.1105912751623,Peer
2006,Metropolitan Statistical Area,Austin MSA,12420,NATURALCHG,Moodys-CBSA,Moodys,17072.967561422847,Broad
2022,Metropolitan Statistical Area,Houston MSA,26420,RNATURALCHG,Census-CBSA,PEP_Vintage_2025,27.299142183,Peer
2015,Metropolitan Statistical Area,Houston MSA,26420,GQESTIMATES,Census-CBSA,PEP_Vintage_2020,81791.0,Peer
1983,Region,WFSRCA Region,48021-48031-48053-48055-48149-48209-48287-48299-48491,BIRTHS,Moodys-County,Moodys,4204.618328860624,Peer
2014,County or Equivalent,Travis County,48453,DOMESTICMIG,Census-County-State-US,PEP_Vintage_2020,12153.0,Focus
2000,Metropolitan Statistical Area,Austin MSA,12420,DEATHS,Moodys-CBSA,Moodys,-6153.44599907305,Broad
2009,Metropolitan Statistical Area,Dallas MSA,19100,DEATHS,Moodys-CBSA,Moodys,-35111.5347429135,Peer
1995,Metropolitan Statistical Area,Houston MSA,26420,DEATHS,Moodys-CBSA,Moodys,-25972.708272101412,Peer
2013,Metropolitan Statistical Area,Houston MSA,26420,NPOPCHG,Census-CBSA,PEP_Vintage_2020,144292.0,Peer
2016,Metropolitan Statistical Area,San Antonio MSA,41700,DEATHS,Census-CBSA,PEP_Vintage_2020,-16780.0,Peer
2013,County or Equivalent,Travis County,48453,INTERNATIONALMIG,Census-County-State-US,PEP_Vintage_2020,4974.0,Focus
2022,Metropolitan Statistical Area,Dallas MSA,19100,RNETMIG,Census-CBSA,PEP_Vintage_2025,416.681850815,Peer
1996,Metropolitan Statistical Area,Austin MSA,12420,DEATHS,Moodys-CBSA,Moodys,-5750.922594901364,Broad
1997,Metropolitan Statistical Area,Houston MSA,26420,DEATHS,Moodys-CBSA,Moodys,-26886.218191340726,Peer
2012,Metropolitan Statistical Area,Austin MSA,12420,INTERNATIONALMIG,Census-CBSA,PEP_Vintage_2020,6115.0,Broad
2022,Metropolitan Statistical Area,Houston MSA,26420,INTERNATIONALMIG,Census-CBSA,PEP_Vintage_2025,80791.0,Peer
2021,Metropolitan Statistical Area,Houston MSA,26420,RDEATH,Census-CBSA,PEP_Vintage_2025,94.523755036,Peer
1987,Metropolitan Statistical Area,San Antonio MSA,41700,DOMESTICMIG,Moodys-CBSA,Moodys,7146.907598589219,Peer
2013,Metropolitan Statistical Area,Houston MSA,26420,RINTERNATIONALMIG,Census-CBSA,PEP_Vintage_2020,19.9070136997,Peer
2024,Metropolitan Statistical Area,San Antonio MSA,41700,RINTERNATIONALMIG,Census-CBSA,PEP_Vintage_2025,26.678040554,Peer
2023,Metropolitan Statistical Area,San Antonio MSA,41700,NATURALCHG,Census-CBSA,PEP_Vintage_2025,11793.0,Peer
2025,Region,WFSRCA Region,48021-48031-48053-48055-48149-48209-48287-48299-48491,DOMESTICMIG,Census-County-State-US,PEP_Vintage_2025,28142.0,Peer
2023,National,US,00,NETMIG,Census-County-State-US,PEP_Vintage_2025,2264137.0,Benchmark
1981,Metropolitan Statistical Area,Austin MSA,12420,BIRTHS,Moodys-CBSA,Moodys,10094.816148201391,Broad
2024,State,Texas,48,RNETMIG,Census-County-State-US,PEP_Vintage_2025,14.214908405,Benchmark
2021,Metropolitan Statistical Area,Austin MSA,12420,RNETMIG,Census-CBSA,PEP_Vintage_2025,151.988909224,Broad
2018,Metropolitan Statistical Area,Austin MSA,12420,INTERNATIONALMIG,Census-CBSA,PEP_Vintage_2020,5649.0,Broad
2011,County or Equivalent,Travis County,48453,NETMIG,Census-County-State-US,PEP_Vintage_2020,20143.0,Focus
1985,Metropolitan Statistical Area,Austin MSA,12420,BIRTHS,Moodys-CBSA,Moodys,14086.008235375934,Broad
1991,Metropolitan Statistical Area,San Antonio MSA,41700,POPESTIMATE,Moodys-CBSA,Moodys,1434060.034340155,Peer
2010,Metropolitan Statistical Area,San Antonio MSA,41700,GQESTIMATES,Census-CBSA,PEP_Vintage_2020,49140.0,Peer
2024,Metropolitan Statistical Area,Austin MSA,12420,RDEATH,Census-CBSA,PEP_Vintage_2025,31.279732849,Broad
2000,Metropolitan Statistical Area,Austin MSA,12420,BIRTHS,Moodys-CBSA,Moodys,20264.893233170962,Broad
2008,Region,WFSRCA Region,48021-48031-48053-48055-48149-48209-48287-48299-48491,DOMESTICMIG,Moodys-County,Moodys,23256.979009687184,Peer
2016,State,Texas,48,NATURALCHG,Census-County-State-US,PEP_Vintage_2020,213780.0,Benchmark
2022,Region,WFSRCA Region,48021-48031-48053-48055-48149-48209-48287-48299-48491,RINTERNATIONALMIG,Census-County-State-US,PEP_Vintage_2025,23.064532016,Peer
2021,Metropolitan Statistical Area,San Antonio MSA,41700,NETMIG,Census-CBSA,PEP_Vintage_2025,30214.0,Peer
2011,State,Texas,48,NETMIG,Census-County-State-US,PEP_Vintage_2020,189677.0,Benchmark
2025,Metropolitan Statistical Area,Houston MSA,26420,RNATURALCHG,Census-CBSA,PEP_Vintage_2025,43.580575359,Peer
1989,County or Equivalent,Travis County,48453,DOMESTICMIG,Moodys-County,Moodys,-2748.4699206744963,Focus
2013,Metropolitan Statistical Area,Dallas MSA,19100,RNETMIG,Census-CBSA,PEP_Vintage_2020,94.1235740046,Peer
2018,State,Texas,48,DOMESTICMIG,Census-County-State-US,PEP_Vintage_2020,84638.0,Benchmark
1987,Metropolitan Statistical Area,San Antonio MSA,41700,INTERNATIONALMIG,Moodys-CBSA,Moodys,7440.530074401374,Peer
2021,Metropolitan Statistical Area,San Antonio MSA,41700,POPESTIMATE,Census-CBSA,PEP_Vintage_2025,2605822.0,Peer
1989,County or Equivalent,Travis County,48453,NATURALCHG,Moodys-County,Moodys,7088.6529844200795,Focus
2011,Metropolitan Statistical Area,Houston MSA,26420,RNATURALCHG,Census-CBSA,PEP_Vintage_2020,61.302222560800004,Peer
1998,Metropolitan Statistical Area,San Antonio MSA,41700,INTERNATIONALMIG,Moodys-CBSA,Moodys,6448.690047682294,Peer
1989,National,US,00,POPESTIMATE,Moodys-US,Moodys,246869927.581625,Benchmark
1981,Metropolitan Statistical Area,Dallas MSA,19100,BIRTHS,Moodys-CBSA,Moodys,54161.2671090075,Peer
1988,Metropolitan Statistical Area,Dallas MSA,19100,POPESTIMATE,Moodys-CBSA,Moodys,3858962.721796678,Peer
2020,National,US,00,BIRTHS,Census-County-State-US,PEP_Vintage_2025,3576492.0,Benchmark
2001,Metropolitan Statistical Area,Austin MSA,12420,INTERNATIONALMIG,Moodys-CBSA,Moodys,8439.6001541744,Broad
2008,County or Equivalent,Travis County,48453,NATURALCHG,Moodys-County,Moodys,11740.31899959101,Focus
2015,Metropolitan Statistical Area,San Antonio MSA,41700,DEATHS,Census-CBSA,PEP_Vintage_2020,-16871.0,Peer
2014,Metropolitan Statistical Area,San Antonio MSA,41700,NETMIG,Census-CBSA,PEP_Vintage_2020,31561.0,Peer
2021,Region,WFSRCA Region,48021-48031-48053-48055-48149-48209-48287-48299-48491,INTERNATIONALMIG,Census-County-State-US,PEP_Vintage_2025,989.0,Peer
2022,State,Texas,48,NETMIG,Census-County-State-US,PEP_Vintage_2025,417211.0,Benchmark
2019,County or Equivalent,Travis County,48453,RNETMIG,Census-County-State-US,PEP_Vintage_2020,14.315983272,Focus
1983,Metropolitan Statistical Area,Dallas MSA,19100,INTERNATIONALMIG,Moodys-CBSA,Moodys,20431.332793702586,Peer
1994,State,Texas,48,POPESTIMATE,Moodys-State,Moodys,18564062.5,Benchmark
1993,State,Texas,48,POPESTIMATE,Moodys-State,Moodys,18161611.32812499,Benchmark
1990,Metropolitan Statistical Area,Austin MSA,12420,RESIDUAL,Moodys-CBSA,Moodys,304.0645765667646,Broad
2024,Region,WFSRCA Region,48021-48031-48053-48055-48149-48209-48287-48299-48491,RINTERNATIONALMIG,Census-County-State-US,PEP_Vintage_2025,49.231772498,Peer
2022,Metropolitan Statistical Area,Austin MSA,12420,RNETMIG,Census-CBSA,PEP_Vintage_2025,147.18476737,Broad
1981,Metropolitan Statistical Area,Dallas MSA,19100,POPESTIMATE,Moodys-CBSA,Moodys,3118844.8317861245,Peer
2021,Region,WFSRCA Region,48021-48031-48053-48055-48149-48209-48287-48299-48491,DEATHS,Census-County-State-US,PEP_Vintage_2025,-8524.0,Peer
2006,Region,WFSRCA Region,48021-48031-48053-48055-48149-48209-48287-48299-48491,DOMESTICMIG,Moodys-County,Moodys,22803.97049624857,Peer
2019,State,Texas,48,DOMESTICMIG,Census-County-State-US,PEP_Vintage_2020,121411.0,Benchmark
1981,Metropolitan Statistical Area,Houston MSA,26420,DOMESTICMIG,Moodys-CBSA,Moodys,36233.90412431109,Peer
1985,Metropolitan Statistical Area,Dallas MSA,19100,INTERNATIONALMIG,Moodys-CBSA,Moodys,67734.5700402273,Peer
2025,County or Equivalent,Travis County,48453,INTERNATIONALMIG,Census-County-State-US,PEP_Vintage_2025,11928.0,Focus
2015,Metropolitan Statistical Area,Houston MSA,26420,RESIDUAL,Census-CBSA,PEP_Vintage_2020,358.0,Peer
1987,Region,WFSRCA Region,48021-48031-48053-48055-48149-48209-48287-48299-48491,INTERNATIONALMIG,Moodys-County,Moodys,9251.96647195618,Peer
1998,Metropolitan Statistical Area,Austin MSA,12420,RESIDUAL,Moodys-CBSA,Moodys,412.4707066935134,Broad
1996,National,US,00,DOMESTICMIG,Moodys-US,Moodys,1237.2367637644843,Benchmark
2024,Metropolitan Statistical Area,San Antonio MSA,41700,RNETMIG,Census-CBSA,PEP_Vintage_2025,165.40872903,Peer
2019,Region,WFSRCA Region,48021-48031-48053-48055-48149-48209-48287-48299-48491,NETMIG,Census-County-State-US,PEP_Vintage_2020,30750.0,Peer
2017,Metropolitan Statistical Area,San Antonio MSA,41700,RINTERNATIONALMIG,Census-CBSA,PEP_Vintage_2020,5.7799989224,Peer
2013,Metropolitan Statistical Area,Austin MSA,12420,POPESTIMATE,Census-CBSA,PEP_Vintage_2020,1883749.0,Broad
2022,Metropolitan Statistical Area,Austin MSA,12420,NPOPCHG,Census-CBSA,PEP_Vintage_2025,75279.0,Broad
2014,National,US,00,NETMIG,Census-County-State-US,PEP_Vintage_2020,945635.0,Benchmark
2017,National,US,00,POPESTIMATE,Census-County-State-US,PEP_Vintage_2020,325122128.0,Benchmark
2011,Metropolitan Statistical Area,Dallas MSA,19100,NATURALCHG,Census-CBSA,PEP_Vintage_2020,58535.0,Peer
2014,County or Equivalent,Travis County,48453,INTERNATIONALMIG,Census-County-State-US,PEP_Vintage_2020,6413.0,Focus
2017,Metropolitan Statistical Area,Houston MSA,26420,DEATHS,Census-CBSA,PEP_Vintage_2020,-40036.0,Peer
1989,Region,WFSRCA Region,48021-48031-48053-48055-48149-48209-48287-48299-48491,DOMESTICMIG,Moodys-County,Moodys,4607.5855234269775,Peer
2019,Metropolitan Statistical Area,Dallas MSA,19100,BIRTHS,Census-CBSA,PEP_Vintage_2020,97160.0,Peer
1992,Region,WFSRCA Region,48021-48031-48053-48055-48149-48209-48287-48299-48491,BIRTHS,Moodys-County,Moodys,5198.160637403442,Peer
2003,Metropolitan Statistical Area,Austin MSA,12420,DEATHS,Moodys-CBSA,Moodys,-6568.864447327329,Broad
2015,National,US,00,BIRTHS,Census-County-State-US,PEP_Vintage_2020,3992376.0,Benchmark
2016,Metropolitan Statistical Area,Austin MSA,12420,NATURALCHG,Census-CBSA,PEP_Vintage_2020,16875.0,Broad
2023,Metropolitan Statistical Area,Austin MSA,12420,DEATHS,Census-CBSA,PEP_Vintage_2025,-13593.0,Broad
2024,Region,WFSRCA Region,48021-48031-48053-48055-48149-48209-48287-48299-48491,POPESTIMATE,Census-County-State-US,PEP_Vintage_2025,1328939.0,Peer
2004,Region,WFSRCA Region,48021-48031-48053-48055-48149-48209-48287-48299-48491,DOMESTICMIG,Moodys-County,Moodys,15571.366267737814,Peer
1992,National,US,00,INTERNATIONALMIG,Moodys-US,Moodys,1525643.0787899608,Benchmark
2012,State,Texas,48,RESIDUAL,Census-County-State-US,PEP_Vintage_2020,3258.0,Benchmark
2016,State,Texas,48,RBIRTH,Census-County-State-US,PEP_Vintage_2020,14.537563652,Benchmark
2001,Metropolitan Statistical Area,Dallas MSA,19100,POPESTIMATE,Moodys-CBSA,Moodys,5326971.0,Peer
2017,Metropolitan Statistical Area,Austin MSA,12420,NETMIG,Census-CBSA,PEP_Vintage_2020,37420.0,Broad
2017,National,US,00,RBIRTH,Census-County-State-US,PEP_Vintage_2020,12.003025953,Benchmark
1990,Metropolitan Statistical Area,Dallas MSA,19100,INTERNATIONALMIG,Moodys-CBSA,Moodys,32594.323525886513,Peer
1997,Region,WFSRCA Region,48021-48031-48053-48055-48149-48209-48287-48299-48491,BIRTHS,Moodys-County,Moodys,7088.030034745415,Peer
1997,State,Texas,48,POPESTIMATE,Moodys-State,Moodys,19740316.406250015,Benchmark
2024,Metropolitan Statistical Area,San Antonio MSA,41700,RNATURALCHG,Census-CBSA,PEP_Vintage_2025,7.367749272,Peer
2025,Metropolitan Statistical Area,San Antonio MSA,41700,NETMIG,Census-CBSA,PEP_Vintage_2025,27316.0,Peer
2025,Metropolitan Statistical Area,Houston MSA,26420,DOMESTICMIG,Census-CBSA,PEP_Vintage_2025,7308.0,Peer
2024,County or Equivalent,Travis County,48453,NPOPCHG,Census-County-State-US,PEP_Vintage_2025,21643.0,Focus
2004,Metropolitan Statistical Area,Dallas MSA,19100,INTERNATIONALMIG,Moodys-CBSA,Moodys,34535.52303577283,Peer
2019,State,Texas,48,DEATHS,Census-County-State-US,PEP_Vintage_2020,-203427.0,Benchmark
1991,National,US,00,RESIDUAL,Moodys-US,Moodys,70206.19655240575,Benchmark
1986,National,US,00,INTERNATIONALMIG,Moodys-US,Moodys,467043.04361814394,Benchmark
2019,Metropolitan Statistical Area,Houston MSA,26420,NATURALCHG,Census-CBSA,PEP_Vintage_2020,51210.0,Peer
1995,Metropolitan Statistical Area,Houston MSA,26420,BIRTHS,Moodys-CBSA,Moodys,74496.60530842544,Peer
2024,National,US,00,NPOPCHG,Census-County-State-US,PEP_Vintage_2025,3248745.0,Benchmark
2015,Metropolitan Statistical Area,Houston MSA,26420,INTERNATIONALMIG,Census-CBSA,PEP_Vintage_2020,46297.0,Peer
2000,Metropolitan Statistical Area,San Antonio MSA,41700,NATURALCHG,Moodys-CBSA,Moodys,16135.84726852693,Peer
1997,Metropolitan Statistical Area,Austin MSA,12420,RESIDUAL,Moodys-CBSA,Moodys,396.64844623834756,Broad
2023,County or Equivalent,Travis County,48453,RNETMIG,Census-County-State-US,PEP_Vintage_2025,5.93322629,Focus
2000,Metropolitan Statistical Area,San Antonio MSA,41700,DEATHS,Moodys-CBSA,Moodys,-12404.390784476664,Peer
2004,Metropolitan Statistical Area,Houston MSA,26420,INTERNATIONALMIG,Moodys-CBSA,Moodys,30845.31522400379,Peer
2017,Metropolitan Statistical Area,San Antonio MSA,41700,RBIRTH,Census-CBSA,PEP_Vintage_2020,92.2867983959,Peer
2022,Metropolitan Statistical Area,Austin MSA,12420,BIRTHS,Census-CBSA,PEP_Vintage_2025,29299.0,Broad
2002,Metropolitan Statistical Area,Austin MSA,12420,POPESTIMATE,Moodys-CBSA,Moodys,1347821.9999999998,Broad
2003,National,US,00,DEATHS,Moodys-US,Moodys,-2421485.7806105856,Benchmark
2005,State,Texas,48,DEATHS,Moodys-State,Moodys,-154985.12810762067,Benchmark
2017,Metropolitan Statistical Area,Austin MSA,12420,RDOMESTICMIG,Census-CBSA,PEP_Vintage_2020,111.80727648749999,Broad
2006,County or Equivalent,Travis County,48453,POPESTIMATE,Moodys-County,Moodys,925151.0000000007,Focus
2012,Region,WFSRCA Region,48021-48031-48053-48055-48149-48209-48287-48299-48491,NETMIG,Census-County-State-US,PEP_Vintage_2020,13358.0,Peer
2007,National,US,00,DEATHS,Moodys-US,Moodys,-2423018.929105199,Benchmark
2018,National,US,00,RINTERNATIONALMIG,Census-County-State-US,PEP_Vintage_2020,2.2083276242,Benchmark
1990,Metropolitan Statistical Area,San Antonio MSA,41700,POPESTIMATE,Moodys-CBSA,Moodys,1410902.0998087153,Peer
1993,Metropolitan Statistical Area,San Antonio MSA,41700,RESIDUAL,Moodys-CBSA,Moodys,534.824656134305,Peer
2022,Metropolitan Statistical Area,Houston MSA,26420,NETMIG,Census-CBSA,PEP_Vintage_2025,118440.0,Peer
2014,County or Equivalent,Travis County,48453,RBIRTH,Census-County-State-US,PEP_Vintage_2020,14.055127647,Focus
2024,County or Equivalent,Travis County,48453,INTERNATIONALMIG,Census-County-State-US,PEP_Vintage_2025,25478.0,Focus
2021,National,US,00,GQESTIMATES,Census-County-State-US,PEP_Vintage_2025,7879040.0,Benchmark
2018,County or Equivalent,Travis County,48453,RINTERNATIONALMIG,Census-County-State-US,PEP_Vintage_2020,3.5269875581,Focus
2020,Metropolitan Statistical Area,Austin MSA,12420,POPESTIMATE,Census-CBSA,PEP_Vintage_2025,2300172.0,Broad
2008,Place,Austin City,4805000,POPESTIMATE,Census-Place,PEP City and Town Intercensal Datasets: 2000-2010,764945.0,Peer
1987,State,Texas,48,DOMESTICMIG,Moodys-State,Moodys,-125464.73884018879,Benchmark
1999,State,Texas,48,RESIDUAL,Moodys-State,Moodys,7337.999999999996,Benchmark
2014,Metropolitan Statistical Area,Austin MSA,12420,NPOPCHG,Census-CBSA,PEP_Vintage_2020,59268.0,Broad
2022,Region,WFSRCA Region,48021-48031-48053-48055-48149-48209-48287-48299-48491,RBIRTH,Census-County-State-US,PEP_Vintage_2025,97.256041023,Peer
2025,Metropolitan Statistical Area,Austin MSA,12420,RDOMESTICMIG,Census-CBSA,PEP_Vintage_2025,94.47384583499999,Broad
2021,Metropolitan Statistical Area,San Antonio MSA,41700,GQESTIMATES,Census-CBSA,PEP_Vintage_2025,47223.0,Peer
2014,Metropolitan Statistical Area,Dallas MSA,19100,RINTERNATIONALMIG,Census-CBSA,PEP_Vintage_2020,25.4059267709,Peer
2024,County or Equivalent,Travis County,48453,RINTERNATIONALMIG,Census-County-State-US,PEP_Vintage_2025,18.67752316,Focus
2017,Metropolitan Statistical Area,Dallas MSA,19100,NATURALCHG,Census-CBSA,PEP_Vintage_2020,55054.0,Peer
1987,National,US,00,DOMESTICMIG,Moodys-US,Moodys,1171.807184332567,Benchmark
2018,Region,WFSRCA Region,48021-48031-48053-48055-48149-48209-48287-48299-48491,POPESTIMATE,Census-County-State-US,PEP_Vintage_2020,1043205.0,Peer
1996,County or Equivalent,Travis County,48453,DEATHS,Moodys-County,Moodys,-3725.434025513473,Focus
1994,National,US,00,INTERNATIONALMIG,Moodys-US,Moodys,1427678.418995827,Benchmark
2015,Metropolitan Statistical Area,San Antonio MSA,41700,NETMIG,Census-CBSA,PEP_Vintage_2020,33193.0,Peer
2009,Metropolitan Statistical Area,Houston MSA,26420,INTERNATIONALMIG,Moodys-CBSA,Moodys,31381.87775365147,Peer
2020,Metropolitan Statistical Area,Austin MSA,12420,DOMESTICMIG,Census-CBSA,PEP_Vintage_2025,58012.0,Broad
2024,County or Equivalent,Travis County,48453,RBIRTH,Census-County-State-US,PEP_Vintage_2025,11.88256429,Focus
2017,Metropolitan Statistical Area,Houston MSA,26420,INTERNATIONALMIG,Census-CBSA,PEP_Vintage_2020,42730.0,Peer
1982,National,US,00,POPESTIMATE,Moodys-US,Moodys,231707032.6752755,Benchmark
1981,Metropolitan Statistical Area,Houston MSA,26420,POPESTIMATE,Moodys-CBSA,Moodys,3321095.508186694,Peer
2017,Metropolitan Statistical Area,Houston MSA,26420,RINTERNATIONALMIG,Census-CBSA,PEP_Vintage_2020,23.5534295243,Peer
1990,National,US,00,RESIDUAL,Moodys-US,Moodys,69430.41142882011,Benchmark
2019,Metropolitan Statistical Area,Houston MSA,26420,GQESTIMATES,Census-CBSA,PEP_Vintage_2020,80441.0,Peer
2025,Metropolitan Statistical Area,Austin MSA,12420,RINTERNATIONALMIG,Census-CBSA,PEP_Vintage_2025,19.288425936,Broad
1991,Metropolitan Statistical Area,San Antonio MSA,41700,BIRTHS,Moodys-CBSA,Moodys,25410.330807682843,Peer
2018,Metropolitan Statistical Area,Austin MSA,12420,NPOPCHG,Census-CBSA,PEP_Vintage_2020,50806.0,Broad
2003,Metropolitan Statistical Area,San Antonio MSA,41700,DEATHS,Moodys-CBSA,Moodys,-13115.42621156149,Peer
1998,State,Texas,48,DEATHS,Moodys-State,Moodys,-145921.91748182764,Benchmark
2023,Metropolitan Statistical Area,San Antonio MSA,41700,NPOPCHG,Census-CBSA,PEP_Vintage_2025,57946.0,Peer
2010,National,US,00,DOMESTICMIG,Census-County-State-US,PEP_Vintage_2020,0.0,Benchmark
1986,Region,WFSRCA Region,48021-48031-48053-48055-48149-48209-48287-48299-48491,INTERNATIONALMIG,Moodys-County,Moodys,4005.8074564117987,Peer
2012,Region,WFSRCA Region,48021-48031-48053-48055-48149-48209-48287-48299-48491,BIRTHS,Census-County-State-US,PEP_Vintage_2020,10377.0,Peer
2013,Metropolitan Statistical Area,San Antonio MSA,41700,NATURALCHG,Census-CBSA,PEP_Vintage_2020,15634.0,Peer
2010,County or Equivalent,Travis County,48453,INTERNATIONALMIG,Census-County-State-US,PEP_Vintage_2020,3808.0,Focus
2015,Metropolitan Statistical Area,Houston MSA,26420,RNATURALCHG,Census-CBSA,PEP_Vintage_2020,58.2137280881,Peer
2001,Region,WFSRCA Region,48021-48031-48053-48055-48149-48209-48287-48299-48491,NATURALCHG,Moodys-County,Moodys,5192.468474991756,Peer
2024,Metropolitan Statistical Area,San Antonio MSA,41700,POPESTIMATE,Census-CBSA,PEP_Vintage_2025,2774738.0,Peer
2015,County or Equivalent,Travis County,48453,RDEATH,Census-County-State-US,PEP_Vintage_2020,4.573802078,Focus
1995,Region,WFSRCA Region,48021-48031-48053-48055-48149-48209-48287-48299-48491,POPESTIMATE,Moodys-County,Moodys,419704.0242549088,Peer
2006,Metropolitan Statistical Area,San Antonio MSA,41700,BIRTHS,Moodys-CBSA,Moodys,31432.270826268606,Peer
2024,Metropolitan Statistical Area,San Antonio MSA,41700,NETMIG,Census-CBSA,PEP_Vintage_2025,43595.0,Peer
2025,National,US,00,DEATHS,Census-County-State-US,PEP_Vintage_2025,-3101603.0,Benchmark
2014,Region,WFSRCA Region,48021-48031-48053-48055-48149-48209-48287-48299-48491,RNETMIG,Census-County-State-US,PEP_Vintage_2020,145.0608082048,Peer
2009,Metropolitan Statistical Area,Houston MSA,26420,DEATHS,Moodys-CBSA,Moodys,-33031.864293253704,Peer
2017,Metropolitan Statistical Area,Austin MSA,12420,RBIRTH,Census-CBSA,PEP_Vintage_2020,62.701166061,Broad
1991,National,US,00,POPESTIMATE,Moodys-US,Moodys,253029866.57355678,Benchmark
1990,State,Texas,48,RESIDUAL,Moodys-State,Moodys,6088.000000000002,Benchmark
2016,State,Texas,48,NETMIG,Census-County-State-US,PEP_Vintage_2020,231361.0,Benchmark
1992,Metropolitan Statistical Area,Dallas MSA,19100,INTERNATIONALMIG,Moodys-CBSA,Moodys,33607.14297077352,Peer
1995,National,US,00,NATURALCHG,Moodys-US,Moodys,1664159.9327166022,Benchmark
2023,Metropolitan Statistical Area,Dallas MSA,19100,NETMIG,Census-CBSA,PEP_Vintage_2025,139587.0,Peer
2023,National,US,00,DEATHS,Census-County-State-US,PEP_Vintage_2025,-3154285.0,Benchmark
2017,County or Equivalent,Travis County,48453,INTERNATIONALMIG,Census-County-State-US,PEP_Vintage_2020,6016.0,Focus
2022,Region,WFSRCA Region,48021-48031-48053-48055-48149-48209-48287-48299-48491,DOMESTICMIG,Census-County-State-US,PEP_Vintage_2025,38144.0,Peer
2005,Metropolitan Statistical Area,Houston MSA,26420,INTERNATIONALMIG,Moodys-CBSA,Moodys,31828.474295279197,Peer
2007,National,US,00,RESIDUAL,Moodys-US,Moodys,237600.44429097945,Benchmark
2018,County or Equivalent,Travis County,48453,RNATURALCHG,Census-County-State-US,PEP_Vintage_2020,7.716851531,Focus
2009,Region,WFSRCA Region,48021-48031-48053-48055-48149-48209-48287-48299-48491,BIRTHS,Moodys-County,Moodys,11738.702420999216,Peer
2011,State,Texas,48,RINTERNATIONALMIG,Census-County-State-US,PEP_Vintage_2020,2.7160357433,Benchmark
2008,County or Equivalent,Travis County,48453,DOMESTICMIG,Moodys-County,Moodys,7680.137601003347,Focus
2002,State,Texas,48,INTERNATIONALMIG,Moodys-State,Moodys,107114.11551855209,Benchmark
2009,National,US,00,POPESTIMATE,Moodys-US,Moodys,306846102.0,Benchmark
2018,Metropolitan Statistical Area,Austin MSA,12420,BIRTHS,Census-CBSA,PEP_Vintage_2020,26193.0,Broad
2011,State,Texas,48,RDEATH,Census-County-State-US,PEP_Vintage_2020,6.6083940895,Benchmark
2007,National,US,00,NATURALCHG,Moodys-US,Moodys,1877628.3630545232,Benchmark
2017,Metropolitan Statistical Area,Austin MSA,12420,DEATHS,Census-CBSA,PEP_Vintage_2020,-10502.0,Broad
2015,County or Equivalent,Travis County,48453,RINTERNATIONALMIG,Census-County-State-US,PEP_Vintage_2020,6.1738610727,Focus
2017,Place,Austin City,4805000,POPESTIMATE,Census-Place,PEP_Vintage_2020,951610.0,Peer
1994,Metropolitan Statistical Area,Houston MSA,26420,DEATHS,Moodys-CBSA,Moodys,-26221.365588284967,Peer
2017,National,US,00,RNETMIG,Census-County-State-US,PEP_Vintage_2020,2.9262602591,Benchmark
2011,County or Equivalent,Travis County,48453,RNATURALCHG,Census-County-State-US,PEP_Vintage_2020,10.489212994,Focus
2015,Region,WFSRCA Region,48021-48031-48053-48055-48149-48209-48287-48299-48491,BIRTHS,Census-County-State-US,PEP_Vintage_2020,11691.0,Peer
2016,County or Equivalent,Travis County,48453,NETMIG,Census-County-State-US,PEP_Vintage_2020,15229.0,Focus
1997,Metropolitan Statistical Area,Austin MSA,12420,DEATHS,Moodys-CBSA,Moodys,-5710.861397563565,Broad
2012,National,US,00,INTERNATIONALMIG,Census-County-State-US,PEP_Vintage_2020,858736.0,Benchmark
2010,Metropolitan Statistical Area,San Antonio MSA,41700,DOMESTICMIG,Census-CBSA,PEP_Vintage_2020,21452.0,Peer
2011,Metropolitan Statistical Area,San Antonio MSA,41700,GQESTIMATES,Census-CBSA,PEP_Vintage_2020,49077.0,Peer
2010,Metropolitan Statistical Area,Houston MSA,26420,NETMIG,Census-CBSA,PEP_Vintage_2020,12681.0,Peer
2014,Region,WFSRCA Region,48021-48031-48053-48055-48149-48209-48287-48299-48491,GQESTIMATES,Census-County-State-US,PEP_Vintage_2020,21166.0,Peer
2016,County or Equivalent,Travis County,48453,GQESTIMATES,Census-County-State-US,PEP_Vintage_2020,22661.0,Focus
1999,Region,WFSRCA Region,48021-48031-48053-48055-48149-48209-48287-48299-48491,POPESTIMATE,Moodys-County,Moodys,512410.01302499935,Peer
1988,Metropolitan Statistical Area,Dallas MSA,19100,DEATHS,Moodys-CBSA,Moodys,-25161.723551702995,Peer
2019,National,US,00,BIRTHS,Census-County-State-US,PEP_Vintage_2020,3770397.0,Benchmark
2012,Metropolitan Statistical Area,San Antonio MSA,41700,BIRTHS,Census-CBSA,PEP_Vintage_2020,30979.0,Peer
2021,Metropolitan Statistical Area,Dallas MSA,19100,RNETMIG,Census-CBSA,PEP_Vintage_2025,396.534673193,Peer
2000,National,US,00,POPESTIMATE,Moodys-US,Moodys,282229308.0,Benchmark
1993,Metropolitan Statistical Area,Dallas MSA,19100,POPESTIMATE,Moodys-CBSA,Moodys,4284856.837712391,Peer
1983,Region,WFSRCA Region,48021-48031-48053-48055-48149-48209-48287-48299-48491,NATURALCHG,Moodys-County,Moodys,1953.1548754330352,Peer
2007,Metropolitan Statistical Area,Houston MSA,26420,NATURALCHG,Moodys-CBSA,Moodys,64073.585635718766,Peer
2015,Metropolitan Statistical Area,Austin MSA,12420,NPOPCHG,Census-CBSA,PEP_Vintage_2020,59797.0,Broad
2016,Metropolitan Statistical Area,San Antonio MSA,41700,NATURALCHG,Census-CBSA,PEP_Vintage_2020,16964.0,Peer
2000,National,US,00,INTERNATIONALMIG,Moodys-US,Moodys,1415600.0274481117,Benchmark
2013,Metropolitan Statistical Area,Austin MSA,12420,RESIDUAL,Census-CBSA,PEP_Vintage_2020,659.0,Broad
2000,Metropolitan Statistical Area,Dallas MSA,19100,DOMESTICMIG,Moodys-CBSA,Moodys,33325.42722566149,Peer
1997,Region,WFSRCA Region,48021-48031-48053-48055-48149-48209-48287-48299-48491,NATURALCHG,Moodys-County,Moodys,3831.380956328483,Peer
2013,Metropolitan Statistical Area,San Antonio MSA,41700,POPESTIMATE,Census-CBSA,PEP_Vintage_2020,2280116.0,Peer
2014,Metropolitan Statistical Area,Houston MSA,26420,GQESTIMATES,Census-CBSA,PEP_Vintage_2020,81796.0,Peer
2025,State,Texas,48,NPOPCHG,Census-County-State-US,PEP_Vintage_2025,391243.0,Benchmark
1982,Region,WFSRCA Region,48021-48031-48053-48055-48149-48209-48287-48299-48491,BIRTHS,Moodys-County,Moodys,3918.2100537419583,Peer
2000,Metropolitan Statistical Area,Houston MSA,26420,NATURALCHG,Moodys-CBSA,Moodys,53792.70992729009,Peer
2024,State,Texas,48,BIRTHS,Census-County-State-US,PEP_Vintage_2025,387626.0,Benchmark
2006,Place,"Fountain, CO",0827865,POPESTIMATE,Census-Place,PEP City and Town Intercensal Datasets: 2000-2010,21757.0,Peer
2024,Region,WFSRCA Region,48021-48031-48053-48055-48149-48209-48287-48299-48491,RBIRTH,Census-County-State-US,PEP_Vintage_2025,103.006545632,Peer
1988,Metropolitan Statistical Area,Dallas MSA,19100,NATURALCHG,Moodys-CBSA,Moodys,48049.10012129087,Peer
2015,Metropolitan Statistical Area,San Antonio MSA,41700,RBIRTH,Census-CBSA,PEP_Vintage_2020,96.05162338,Peer
2017,Metropolitan Statistical Area,San Antonio MSA,41700,RDOMESTICMIG,Census-CBSA,PEP_Vintage_2020,186.461707912,Peer
2004,National,US,00,POPESTIMATE,Moodys-US,Moodys,292875059.0,Benchmark
2014,Metropolitan Statistical Area,Dallas MSA,19100,DOMESTICMIG,Census-CBSA,PEP_Vintage_2020,47714.0,Peer
2005,Metropolitan Statistical Area,Dallas MSA,19100,INTERNATIONALMIG,Moodys-CBSA,Moodys,35554.03727338922,Peer
2013,County or Equivalent,Travis County,48453,RNATURALCHG,Census-County-State-US,PEP_Vintage_2020,9.6482437421,Focus
2005,Metropolitan Statistical Area,San Antonio MSA,41700,POPESTIMATE,Moodys-CBSA,Moodys,1896328.000000001,Peer
2013,Region,WFSRCA Region,48021-48031-48053-48055-48149-48209-48287-48299-48491,RESIDUAL,Census-County-State-US,PEP_Vintage_2020,386.0,Peer
2024,State,Texas,48,POPESTIMATE,Census-County-State-US,PEP_Vintage_2025,31318578.0,Benchmark
2003,Metropolitan Statistical Area,Austin MSA,12420,POPESTIMATE,Moodys-CBSA,Moodys,1376029.9999999995,Broad
1989,National,US,00,DEATHS,Moodys-US,Moodys,-2162242.5203783186,Benchmark
2013,State,Texas,48,RDEATH,Census-County-State-US,PEP_Vintage_2020,6.7971157166,Benchmark
2018,Metropolitan Statistical Area,Austin MSA,12420,RNATURALCHG,Census-CBSA,PEP_Vintage_2020,30.2822344537,Broad
2022,Metropolitan Statistical Area,San Antonio MSA,41700,RNETMIG,Census-CBSA,PEP_Vintage_2025,237.98620184,Peer
2002,Metropolitan Statistical Area,Houston MSA,26420,RESIDUAL,Moodys-CBSA,Moodys,10587.999999999995,Peer
1983,Metropolitan Statistical Area,Austin MSA,12420,RESIDUAL,Moodys-CBSA,Moodys,238.5714850095597,Broad
2008,State,Texas,48,BIRTHS,Moodys-State,Moodys,407178.082120663,Benchmark
2019,County or Equivalent,Travis County,48453,RINTERNATIONALMIG,Census-County-State-US,PEP_Vintage_2020,3.4369469817,Focus
2023,Metropolitan Statistical Area,San Antonio MSA,41700,GQESTIMATES,Census-CBSA,PEP_Vintage_2025,48656.0,Peer
2012,National,US,00,NETMIG,Census-County-State-US,PEP_Vintage_2020,858736.0,Benchmark
2014,Place,Austin City,4805000,POPESTIMATE,Census-Place,PEP_Vintage_2020,901463.0,Peer
2016,Metropolitan Statistical Area,Dallas MSA,19100,RBIRTH,Census-CBSA,PEP_Vintage_2020,143.058735789,Peer
2003,Metropolitan Statistical Area,Houston MSA,26420,DOMESTICMIG,Moodys-CBSA,Moodys,-879.6280006281968,Peer
2007,National,US,00,POPESTIMATE,Moodys-US,Moodys,301304768.0,Benchmark
2020,Region,WFSRCA Region,48021-48031-48053-48055-48149-48209-48287-48299-48491,GQESTIMATESBASE,Census-County-State-US,PEP_Vintage_2025,19078.0,Peer
2013,Metropolitan Statistical Area,Dallas MSA,19100,NATURALCHG,Census-CBSA,PEP_Vintage_2020,56279.0,Peer
2025,State,Texas,48,RESIDUAL,Census-County-State-US,PEP_Vintage_2025,-1242.0,Benchmark
2024,State,Texas,48,INTERNATIONALMIG,Census-County-State-US,PEP_Vintage_2025,354864.0,Benchmark
2018,County or Equivalent,Travis County,48453,RDOMESTICMIG,Census-County-State-US,PEP_Vintage_2020,4.3200140982,Focus
2015,Region,WFSRCA Region,48021-48031-48053-48055-48149-48209-48287-48299-48491,GQESTIMATES,Census-County-State-US,PEP_Vintage_2020,21087.0,Peer
1983,Metropolitan Statistical Area,San Antonio MSA,41700,BIRTHS,Moodys-CBSA,Moodys,23660.790901154644,Peer
2014,Metropolitan Statistical Area,Houston MSA,26420,RBIRTH,Census-CBSA,PEP_Vintage_2020,132.143625647,Peer
1992,Region,WFSRCA Region,48021-48031-48053-48055-48149-48209-48287-48299-48491,NATURALCHG,Moodys-County,Moodys,2399.147963860455,Peer
1985,Metropolitan Statistical Area,Austin MSA,12420,POPESTIMATE,Moodys-CBSA,Moodys,758502.832639985,Broad
1982,State,Texas,48,POPESTIMATE,Moodys-State,Moodys,15331419.921874981,Benchmark
2013,Metropolitan Statistical Area,Dallas MSA,19100,RINTERNATIONALMIG,Census-CBSA,PEP_Vintage_2020,17.3218700555,Peer
2016,Metropolitan Statistical Area,Dallas MSA,19100,NATURALCHG,Census-CBSA,PEP_Vintage_2020,58084.0,Peer
2015,County or Equivalent,Travis County,48453,BIRTHS,Census-County-State-US,PEP_Vintage_2020,16389.0,Focus
1999,Metropolitan Statistical Area,Austin MSA,12420,BIRTHS,Moodys-CBSA,Moodys,18621.87463806683,Broad
2019,Metropolitan Statistical Area,Austin MSA,12420,RDEATH,Census-CBSA,PEP_Vintage_2020,32.2472929713,Broad
1982,State,Texas,48,INTERNATIONALMIG,Moodys-State,Moodys,70531.15024028512,Benchmark
1983,National,US,00,DEATHS,Moodys-US,Moodys,-1998986.0058050284,Benchmark
2020,County or Equivalent,Travis County,48453,POPESTIMATE,Census-County-State-US,PEP_Vintage_2025,1296572.0,Focus
2014,Place,"Fountain, CO",0827865,POPESTIMATE,Census-Place,PEP_Vintage_2020,28249.0,Peer
1982,Metropolitan Statistical Area,Dallas MSA,19100,INTERNATIONALMIG,Moodys-CBSA,Moodys,-24572.34699070944,Peer
1995,Metropolitan Statistical Area,Austin MSA,12420,BIRTHS,Moodys-CBSA,Moodys,16095.57773204935,Broad
2012,Metropolitan Statistical Area,Dallas MSA,19100,DOMESTICMIG,Census-CBSA,PEP_Vintage_2020,53322.0,Peer
1999,Region,WFSRCA Region,48021-48031-48053-48055-48149-48209-48287-48299-48491,BIRTHS,Moodys-County,Moodys,7309.070555860608,Peer
2015,State,Texas,48,POPESTIMATE,Census-County-State-US,PEP_Vintage_2020,27468531.0,Benchmark
2024,Metropolitan Statistical Area,Austin MSA,12420,NETMIG,Census-CBSA,PEP_Vintage_2025,51343.0,Broad
2018,Region,WFSRCA Region,48021-48031-48053-48055-48149-48209-48287-48299-48491,GQESTIMATES,Census-County-State-US,PEP_Vintage_2020,19735.0,Peer
2023,Metropolitan Statistical Area,San Antonio MSA,41700,INTERNATIONALMIG,Census-CBSA,PEP_Vintage_2025,15935.0,Peer
2017,National,US,00,RINTERNATIONALMIG,Census-County-State-US,PEP_Vintage_2020,2.9262602591,Benchmark
2022,Metropolitan Statistical Area,Houston MSA,26420,NPOPCHG,Census-CBSA,PEP_Vintage_2025,158241.0,Peer
2022,State,Texas,48,RDOMESTICMIG,Census-County-State-US,PEP_Vintage_2025,7.3324687203,Benchmark
2014,Metropolitan Statistical Area,Dallas MSA,19100,GQESTIMATES,Census-CBSA,PEP_Vintage_2020,79128.0,Peer
1985,County or Equivalent,Travis County,48453,NATURALCHG,Moodys-County,Moodys,7410.590635909086,Focus
2021,Metropolitan Statistical Area,Dallas MSA,19100,RBIRTH,Census-CBSA,PEP_Vintage_2025,130.14157471,Peer
1995,State,Texas,48,POPESTIMATE,Moodys-State,Moodys,18958751.95312499,Benchmark
2015,State,Texas,48,RESIDUAL,Census-County-State-US,PEP_Vintage_2020,1556.0,Benchmark
1997,Metropolitan Statistical Area,Dallas MSA,19100,NATURALCHG,Moodys-CBSA,Moodys,52587.048902354625,Peer
2025,Metropolitan Statistical Area,Houston MSA,26420,RNETMIG,Census-CBSA,PEP_Vintage_2025,218.274953175,Peer
1985,Metropolitan Statistical Area,San Antonio MSA,41700,RESIDUAL,Moodys-CBSA,Moodys,470.2916419581339,Peer
1987,Metropolitan Statistical Area,Houston MSA,26420,POPESTIMATE,Moodys-CBSA,Moodys,3641271.867929432,Peer
1999,Metropolitan Statistical Area,Houston MSA,26420,NATURALCHG,Moodys-CBSA,Moodys,52814.688670430696,Peer
2006,County or Equivalent,Travis County,48453,DOMESTICMIG,Moodys-County,Moodys,16594.390830862667,Focus
2014,Region,WFSRCA Region,48021-48031-48053-48055-48149-48209-48287-48299-48491,RESIDUAL,Census-County-State-US,PEP_Vintage_2020,644.0,Peer
2015,Metropolitan Statistical Area,Dallas MSA,19100,RNATURALCHG,Census-CBSA,PEP_Vintage_2020,65.0689292472,Peer
2010,National,US,00,NETMIG,Census-County-State-US,PEP_Vintage_2020,179893.0,Benchmark
2022,Place,"Fountain, CO",0827865,POPESTIMATE,Census-Place,PEP_Vintage_2024,28958.0,Peer
2009,Region,WFSRCA Region,48021-48031-48053-48055-48149-48209-48287-48299-48491,RESIDUAL,Moodys-County,Moodys,421.99999999999983,Peer
2008,Metropolitan Statistical Area,Dallas MSA,19100,BIRTHS,Moodys-CBSA,Moodys,102374.98534656069,Peer
2009,Metropolitan Statistical Area,Dallas MSA,19100,RESIDUAL,Moodys-CBSA,Moodys,233.99999999999986,Peer
2021,State,Texas,48,RESIDUAL,Census-County-State-US,PEP_Vintage_2025,-2445.0,Benchmark
1998,Place,"Fountain, CO",0827865,POPESTIMATE,Census-Place,PEP City and Town Postcensal Tables: 1990-2000,13478.0,Peer
1990,Metropolitan Statistical Area,San Antonio MSA,41700,NATURALCHG,Moodys-CBSA,Moodys,14911.738014219374,Peer
1984,State,Texas,48,INTERNATIONALMIG,Moodys-State,Moodys,-7886.750351182339,Benchmark
2022,County or Equivalent,Travis County,48453,BIRTHS,Census-County-State-US,PEP_Vintage_2025,16247.0,Focus
1994,Metropolitan Statistical Area,Dallas MSA,19100,INTERNATIONALMIG,Moodys-CBSA,Moodys,37107.253265386826,Peer
1986,State,Texas,48,BIRTHS,Moodys-State,Moodys,308414.0335539958,Benchmark
1981,Metropolitan Statistical Area,San Antonio MSA,41700,BIRTHS,Moodys-CBSA,Moodys,21196.37207876388,Peer
2012,State,Texas,48,NATURALCHG,Census-County-State-US,PEP_Vintage_2020,208917.0,Benchmark
2018,State,Texas,48,NPOPCHG,Census-County-State-US,PEP_Vintage_2020,333540.0,Benchmark
2022,Region,WFSRCA Region,48021-48031-48053-48055-48149-48209-48287-48299-48491,RESIDUAL,Census-County-State-US,PEP_Vintage_2025,2390.0,Peer
2010,State,Texas,48,GQESTIMATESBASE,Census-County-State-US,PEP_Vintage_2020,581678.0,Benchmark
2018,Metropolitan Statistical Area,Houston MSA,26420,GQESTIMATES,Census-CBSA,PEP_Vintage_2020,82266.0,Peer
2023,Region,WFSRCA Region,48021-48031-48053-48055-48149-48209-48287-48299-48491,DOMESTICMIG,Census-County-State-US,PEP_Vintage_2025,35605.0,Peer
2023,Metropolitan Statistical Area,Austin MSA,12420,RNETMIG,Census-CBSA,PEP_Vintage_2025,156.51677841,Broad
2010,National,US,00,RESIDUAL,Census-County-State-US,PEP_Vintage_2020,0.0,Benchmark
1982,Region,WFSRCA Region,48021-48031-48053-48055-48149-48209-48287-48299-48491,NATURALCHG,Moodys-County,Moodys,1719.4547971911431,Peer
2011,Metropolitan Statistical Area,San Antonio MSA,41700,POPESTIMATE,Census-CBSA,PEP_Vintage_2020,2193950.0,Peer
1988,Metropolitan Statistical Area,Austin MSA,12420,INTERNATIONALMIG,Moodys-CBSA,Moodys,9961.992151437229,Broad
2022,County or Equivalent,Travis County,48453,NETMIG,Census-County-State-US,PEP_Vintage_2025,17749.0,Focus
2007,State,Texas,48,DOMESTICMIG,Moodys-State,Moodys,129965.99999998612,Benchmark
2011,State,Texas,48,RNATURALCHG,Census-County-State-US,PEP_Vintage_2020,8.3937869022,Benchmark
1981,State,Texas,48,DEATHS,Moodys-State,Moodys,-106232.62288664652,Benchmark
1989,Metropolitan Statistical Area,Houston MSA,26420,NATURALCHG,Moodys-CBSA,Moodys,45282.115967052494,Peer
2019,Metropolitan Statistical Area,Dallas MSA,19100,RNATURALCHG,Census-CBSA,PEP_Vintage_2020,51.119118795700004,Peer
1998,National,US,00,BIRTHS,Moodys-US,Moodys,3987196.418773892,Benchmark
2010,Place,"Fountain, CO",0827865,POPESTIMATE,Census-Place,PEP_Vintage_2020,26106.0,Peer
1985,Metropolitan Statistical Area,San Antonio MSA,41700,DOMESTICMIG,Moodys-CBSA,Moodys,13309.835024279408,Peer
2012,State,Texas,48,RDOMESTICMIG,Census-County-State-US,PEP_Vintage_2020,5.4747353277,Benchmark
2015,Metropolitan Statistical Area,San Antonio MSA,41700,RNATURALCHG,Census-CBSA,PEP_Vintage_2020,28.3660456661,Peer
1994,Place,"Fountain, CO",0827865,POPESTIMATE,Census-Place,PEP City and Town Postcensal Tables: 1990-2000,12141.0,Peer
2018,Metropolitan Statistical Area,Austin MSA,12420,POPESTIMATE,Census-CBSA,PEP_Vintage_2020,2166805.0,Broad
1990,Region,WFSRCA Region,48021-48031-48053-48055-48149-48209-48287-48299-48491,INTERNATIONALMIG,Moodys-County,Moodys,-7644.745360515424,Peer
1994,Metropolitan Statistical Area,Dallas MSA,19100,NATURALCHG,Moodys-CBSA,Moodys,47484.809002574286,Peer
1981,Metropolitan Statistical Area,San Antonio MSA,41700,POPESTIMATE,Moodys-CBSA,Moodys,1187115.3929756135,Peer
2013,County or Equivalent,Travis County,48453,RNETMIG,Census-County-State-US,PEP_Vintage_2020,13.018730534,Focus
2009,National,US,00,INTERNATIONALMIG,Moodys-US,Moodys,902193.6815080423,Benchmark
2007,State,Texas,48,INTERNATIONALMIG,Moodys-State,Moodys,93044.63470027037,Benchmark
2005,County or Equivalent,Travis County,48453,DEATHS,Moodys-County,Moodys,-3987.8479905449703,Focus
2018,Metropolitan Statistical Area,Houston MSA,26420,RDEATH,Census-CBSA,PEP_Vintage_2020,76.8994521581,Peer
2015,National,US,00,RINTERNATIONALMIG,Census-County-State-US,PEP_Vintage_2020,3.3173931993,Benchmark
2020,National,US,00,DOMESTICMIG,Census-County-State-US,PEP_Vintage_2025,0.0,Benchmark
2017,State,Texas,48,RDEATH,Census-County-State-US,PEP_Vintage_2020,6.9078087735,Benchmark
2017,Metropolitan Statistical Area,Houston MSA,26420,RBIRTH,Census-CBSA,PEP_Vintage_2020,127.61401961199999,Peer
2020,County or Equivalent,Travis County,48453,BIRTHS,Census-County-State-US,PEP_Vintage_2025,14516.0,Focus
1998,Region,WFSRCA Region,48021-48031-48053-48055-48149-48209-48287-48299-48491,BIRTHS,Moodys-County,Moodys,7188.1916732682275,Peer
2020,Metropolitan Statistical Area,Dallas MSA,19100,POPESTIMATE,Census-CBSA,PEP_Vintage_2025,7667416.0,Peer
1985,Region,WFSRCA Region,48021-48031-48053-48055-48149-48209-48287-48299-48491,DOMESTICMIG,Moodys-County,Moodys,17343.79325421817,Peer
2004,National,US,00,DOMESTICMIG,Moodys-US,Moodys,966.5706684521235,Benchmark
2007,Metropolitan Statistical Area,Austin MSA,12420,POPESTIMATE,Moodys-CBSA,Moodys,1577856.0000000002,Broad
2024,Region,WFSRCA Region,48021-48031-48053-48055-48149-48209-48287-48299-48491,RESIDUAL,Census-County-State-US,PEP_Vintage_2025,309.0,Peer
2021,Metropolitan Statistical Area,Houston MSA,26420,GQESTIMATES,Census-CBSA,PEP_Vintage_2025,85028.0,Peer
2013,Metropolitan Statistical Area,Dallas MSA,19100,RNATURALCHG,Census-CBSA,PEP_Vintage_2020,65.5009129149,Peer
2011,County or Equivalent,Travis County,48453,RDOMESTICMIG,Census-County-State-US,PEP_Vintage_2020,15.096168646,Focus
2007,Metropolitan Statistical Area,Austin MSA,12420,DOMESTICMIG,Moodys-CBSA,Moodys,36946.02604842612,Broad
1987,State,Texas,48,DEATHS,Moodys-State,Moodys,-118991.02776410784,Benchmark
2021,State,Texas,48,RDOMESTICMIG,Census-County-State-US,PEP_Vintage_2025,6.779733989,Benchmark
1982,State,Texas,48,RESIDUAL,Moodys-State,Moodys,5472.999999999997,Benchmark
2004,Place,Austin City,4805000,POPESTIMATE,Census-Place,PEP City and Town Intercensal Datasets: 2000-2010,696973.0,Peer
2012,Metropolitan Statistical Area,Houston MSA,26420,DOMESTICMIG,Census-CBSA,PEP_Vintage_2020,39229.0,Peer
1992,National,US,00,DEATHS,Moodys-US,Moodys,-2193256.592709297,Benchmark
2022,Region,WFSRCA Region,48021-48031-48053-48055-48149-48209-48287-48299-48491,BIRTHS,Census-County-State-US,PEP_Vintage_2025,14321.0,Peer
2021,Metropolitan Statistical Area,Dallas MSA,19100,RDEATH,Census-CBSA,PEP_Vintage_2025,97.802192441,Peer
2003,County or Equivalent,Travis County,48453,DEATHS,Moodys-County,Moodys,-3943.4119516338583,Focus
2014,Metropolitan Statistical Area,San Antonio MSA,41700,RINTERNATIONALMIG,Census-CBSA,PEP_Vintage_2020,8.2549404038,Peer
2025,Region,WFSRCA Region,48021-48031-48053-48055-48149-48209-48287-48299-48491,RNETMIG,Census-County-State-US,PEP_Vintage_2025,168.812539405,Peer
2009,National,US,00,DOMESTICMIG,Moodys-US,Moodys,639.7573917076552,Benchmark
2020,Metropolitan Statistical Area,San Antonio MSA,41700,DOMESTICMIG,Census-CBSA,PEP_Vintage_2025,29676.0,Peer
2017,County or Equivalent,Travis County,48453,RNATURALCHG,Census-County-State-US,PEP_Vintage_2020,8.1507000168,Focus
2010,Region,WFSRCA Region,48021-48031-48053-48055-48149-48209-48287-48299-48491,POPESTIMATE,Census-County-State-US,PEP_Vintage_2020,810858.0,Peer
1994,Metropolitan Statistical Area,San Antonio MSA,41700,BIRTHS,Moodys-CBSA,Moodys,26690.46830741512,Peer
2019,Metropolitan Statistical Area,Dallas MSA,19100,NATURALCHG,Census-CBSA,PEP_Vintage_2020,49393.0,Peer
2021,National,US,00,POPESTIMATE,Census-County-State-US,PEP_Vintage_2025,332100166.0,Benchmark
2011,County or Equivalent,Travis County,48453,POPESTIMATE,Census-County-State-US,PEP_Vintage_2020,1061662.0,Focus
1994,Place,Austin City,4805000,POPESTIMATE,Census-Place,PEP City and Town Postcensal Tables: 1990-2000,547083.0,Peer
2013,Metropolitan Statistical Area,San Antonio MSA,41700,INTERNATIONALMIG,Census-CBSA,PEP_Vintage_2020,4972.0,Peer
1997,County or Equivalent,Travis County,48453,DOMESTICMIG,Moodys-County,Moodys,237.23600754236784,Focus
2013,Metropolitan Statistical Area,Dallas MSA,19100,NETMIG,Census-CBSA,PEP_Vintage_2020,53011.0,Peer
2016,Region,WFSRCA Region,48021-48031-48053-48055-48149-48209-48287-48299-48491,NPOPCHG,Census-County-State-US,PEP_Vintage_2020,35792.0,Peer
2014,Metropolitan Statistical Area,Dallas MSA,19100,DEATHS,Census-CBSA,PEP_Vintage_2020,-40309.0,Peer
1991,Metropolitan Statistical Area,Austin MSA,12420,NATURALCHG,Moodys-CBSA,Moodys,9978.799342926523,Broad
2006,Metropolitan Statistical Area,Austin MSA,12420,DOMESTICMIG,Moodys-CBSA,Moodys,37745.429828038854,Broad
1989,Metropolitan Statistical Area,Dallas MSA,19100,BIRTHS,Moodys-CBSA,Moodys,73240.88408313916,Peer
1990,National,US,00,BIRTHS,Moodys-US,Moodys,4091785.5091165276,Benchmark
2019,Metropolitan Statistical Area,San Antonio MSA,41700,RESIDUAL,Census-CBSA,PEP_Vintage_2020,50.0,Peer
1981,County or Equivalent,Travis County,48453,NATURALCHG,Moodys-County,Moodys,5005.397689873537,Focus
2021,Metropolitan Statistical Area,Austin MSA,12420,RINTERNATIONALMIG,Census-CBSA,PEP_Vintage_2025,4.575628158,Broad
2015,County or Equivalent,Travis County,48453,INTERNATIONALMIG,Census-County-State-US,PEP_Vintage_2020,7200.0,Focus
2013,Metropolitan Statistical Area,Houston MSA,26420,RDEATH,Census-CBSA,PEP_Vintage_2020,74.29560479450001,Peer
2016,State,Texas,48,RDEATH,Census-County-State-US,PEP_Vintage_2020,6.8174486948,Benchmark
2015,National,US,00,DOMESTICMIG,Census-County-State-US,PEP_Vintage_2020,0.0,Benchmark
2011,Metropolitan Statistical Area,Houston MSA,26420,BIRTHS,Census-CBSA,PEP_Vintage_2020,92266.0,Peer
2013,Metropolitan Statistical Area,Austin MSA,12420,RNATURALCHG,Census-CBSA,PEP_Vintage_2020,33.7234770284,Broad
2023,State,Texas,48,NATURALCHG,Census-County-State-US,PEP_Vintage_2025,158683.0,Benchmark
2007,National,US,00,DOMESTICMIG,Moodys-US,Moodys,969.5864905746121,Benchmark
2014,Metropolitan Statistical Area,Houston MSA,26420,NATURALCHG,Census-CBSA,PEP_Vintage_2020,60941.0,Peer
1984,Region,WFSRCA Region,48021-48031-48053-48055-48149-48209-48287-48299-48491,INTERNATIONALMIG,Moodys-County,Moodys,-5766.581043481882,Peer
2011,Metropolitan Statistical Area,San Antonio MSA,41700,INTERNATIONALMIG,Census-CBSA,PEP_Vintage_2020,4103.0,Peer
2015,State,Texas,48,RNETMIG,Census-County-State-US,PEP_Vintage_2020,10.63528824,Benchmark
2008,Metropolitan Statistical Area,Austin MSA,12420,NATURALCHG,Moodys-CBSA,Moodys,18789.8864862056,Broad
2023,Metropolitan Statistical Area,Houston MSA,26420,NPOPCHG,Census-CBSA,PEP_Vintage_2025,181361.0,Peer
2025,State,Texas,48,RBIRTH,Census-County-State-US,PEP_Vintage_2025,12.381815378,Benchmark
2013,Region,WFSRCA Region,48021-48031-48053-48055-48149-48209-48287-48299-48491,NETMIG,Census-County-State-US,PEP_Vintage_2020,18255.0,Peer
2011,National,US,00,RDEATH,Census-County-State-US,PEP_Vintage_2020,8.0927653768,Benchmark
2005,Metropolitan Statistical Area,Houston MSA,26420,NATURALCHG,Moodys-CBSA,Moodys,59479.105306850775,Peer
2007,Metropolitan Statistical Area,San Antonio MSA,41700,DEATHS,Moodys-CBSA,Moodys,-13788.423832257782,Peer
2025,County or Equivalent,Travis County,48453,DOMESTICMIG,Census-County-State-US,PEP_Vintage_2025,-6590.0,Focus
2013,Metropolitan Statistical Area,Houston MSA,26420,RNETMIG,Census-CBSA,PEP_Vintage_2020,119.5271339034,Peer
2009,State,Texas,48,BIRTHS,Moodys-State,Moodys,409711.76250020566,Benchmark
2013,Metropolitan Statistical Area,San Antonio MSA,41700,RESIDUAL,Census-CBSA,PEP_Vintage_2020,345.0,Peer
1984,Region,WFSRCA Region,48021-48031-48053-48055-48149-48209-48287-48299-48491,RESIDUAL,Moodys-County,Moodys,100.25612125317275,Peer
2022,Metropolitan Statistical Area,Houston MSA,26420,RBIRTH,Census-CBSA,PEP_Vintage_2025,123.65271292999999,Peer
2025,Metropolitan Statistical Area,Dallas MSA,19100,NETMIG,Census-CBSA,PEP_Vintage_2025,73641.0,Peer
2012,County or Equivalent,Travis County,48453,RINTERNATIONALMIG,Census-County-State-US,PEP_Vintage_2020,4.6363813248,Focus
1997,National,US,00,BIRTHS,Moodys-US,Moodys,3963766.670412294,Benchmark
2012,Region,WFSRCA Region,48021-48031-48053-48055-48149-48209-48287-48299-48491,RNATURALCHG,Census-County-State-US,PEP_Vintage_2020,17.044097933000003,Peer
1989,State,Texas,48,DOMESTICMIG,Moodys-State,Moodys,-56561.03799589503,Benchmark
2018,Metropolitan Statistical Area,Dallas MSA,19100,RINTERNATIONALMIG,Census-CBSA,PEP_Vintage_2020,16.3752450024,Peer
1986,County or Equivalent,Travis County,48453,POPESTIMATE,Moodys-County,Moodys,547418.5406348017,Focus
2020,State,Texas,48,NPOPCHG,Census-County-State-US,PEP_Vintage_2025,88397.0,Benchmark
2017,Metropolitan Statistical Area,Houston MSA,26420,POPESTIMATE,Census-CBSA,PEP_Vintage_2020,6927145.0,Peer
2024,Region,WFSRCA Region,48021-48031-48053-48055-48149-48209-48287-48299-48491,RNATURALCHG,Census-County-State-US,PEP_Vintage_2025,10.144597717,Peer
2021,Metropolitan Statistical Area,Dallas MSA,19100,NETMIG,Census-CBSA,PEP_Vintage_2025,78420.0,Peer
2022,Metropolitan Statistical Area,Dallas MSA,19100,BIRTHS,Census-CBSA,PEP_Vintage_2025,101624.0,Peer
2012,National,US,00,POPESTIMATE,Census-County-State-US,PEP_Vintage_2020,313877662.0,Benchmark
2024,Metropolitan Statistical Area,Austin MSA,12420,RNATURALCHG,Census-CBSA,PEP_Vintage_2025,31.251899809,Broad
1987,State,Texas,48,BIRTHS,Moodys-State,Moodys,304636.0687724218,Benchmark
2020,National,US,00,NATURALCHG,Census-County-State-US,PEP_Vintage_2025,168396.0,Benchmark
1982,Metropolitan Statistical Area,San Antonio MSA,41700,POPESTIMATE,Moodys-CBSA,Moodys,1222136.2622014205,Peer
1990,County or Equivalent,Travis County,48453,POPESTIMATE,Moodys-County,Moodys,581024.0179243963,Focus
2016,Metropolitan Statistical Area,Houston MSA,26420,INTERNATIONALMIG,Census-CBSA,PEP_Vintage_2020,44426.0,Peer
2011,Metropolitan Statistical Area,San Antonio MSA,41700,RDOMESTICMIG,Census-CBSA,PEP_Vintage_2020,92.3567501851,Peer
2021,Region,WFSRCA Region,48021-48031-48053-48055-48149-48209-48287-48299-48491,RBIRTH,Census-County-State-US,PEP_Vintage_2025,95.526002513,Peer
2002,State,Texas,48,NATURALCHG,Moodys-State,Moodys,212430.88448144923,Benchmark
2012,Metropolitan Statistical Area,San Antonio MSA,41700,NATURALCHG,Census-CBSA,PEP_Vintage_2020,16154.0,Peer
2018,National,US,00,NATURALCHG,Census-County-State-US,PEP_Vintage_2020,996200.0,Benchmark
2022,Metropolitan Statistical Area,Houston MSA,26420,RDOMESTICMIG,Census-CBSA,PEP_Vintage_2025,234.049525467,Peer
2025,Metropolitan Statistical Area,Dallas MSA,19100,RINTERNATIONALMIG,Census-CBSA,PEP_Vintage_2025,34.904993333,Peer
2019,Metropolitan Statistical Area,San Antonio MSA,41700,POPESTIMATE,Census-CBSA,PEP_Vintage_2020,2550147.0,Peer
1981,County or Equivalent,Travis County,48453,RESIDUAL,Moodys-County,Moodys,153.65378029268146,Focus
2014,Region,WFSRCA Region,48021-48031-48053-48055-48149-48209-48287-48299-48491,POPESTIMATE,Census-County-State-US,PEP_Vintage_2020,906411.0,Peer
2025,Metropolitan Statistical Area,San Antonio MSA,41700,NATURALCHG,Census-CBSA,PEP_Vintage_2025,11014.0,Peer
1990,Metropolitan Statistical Area,Dallas MSA,19100,RESIDUAL,Moodys-CBSA,Moodys,1431.1056569833856,Peer
2003,Region,WFSRCA Region,48021-48031-48053-48055-48149-48209-48287-48299-48491,POPESTIMATE,Moodys-County,Moodys,623883.9999999998,Peer
2002,National,US,00,DEATHS,Moodys-US,Moodys,-2429080.9438479412,Benchmark
2014,Metropolitan Statistical Area,Dallas MSA,19100,RESIDUAL,Census-CBSA,PEP_Vintage_2020,160.0,Peer
2011,Region,WFSRCA Region,48021-48031-48053-48055-48149-48209-48287-48299-48491,RINTERNATIONALMIG,Census-County-State-US,PEP_Vintage_2020,5.8756750681,Peer
2017,Metropolitan Statistical Area,Houston MSA,26420,GQESTIMATES,Census-CBSA,PEP_Vintage_2020,82856.0,Peer
1985,Region,WFSRCA Region,48021-48031-48053-48055-48149-48209-48287-48299-48491,INTERNATIONALMIG,Moodys-County,Moodys,2285.532253766957,Peer
2011,Metropolitan Statistical Area,Dallas MSA,19100,POPESTIMATE,Census-CBSA,PEP_Vintage_2020,6510550.0,Peer
1996,National,US,00,BIRTHS,Moodys-US,Moodys,3943589.8888344406,Benchmark
1989,State,Texas,48,RESIDUAL,Moodys-State,Moodys,5998.999999999996,Benchmark
1994,Metropolitan Statistical Area,Dallas MSA,19100,RESIDUAL,Moodys-CBSA,Moodys,1566.2267928498777,Peer
2024,State,Texas,48,DOMESTICMIG,Census-County-State-US,PEP_Vintage_2025,86067.0,Benchmark
1991,State,Texas,48,BIRTHS,Moodys-State,Moodys,317040.6583186345,Benchmark
2001,Metropolitan Statistical Area,Dallas MSA,19100,RESIDUAL,Moodys-CBSA,Moodys,3276.9999999999986,Peer
1987,National,US,00,BIRTHS,Moodys-US,Moodys,3782889.7718070187,Benchmark
2023,National,US,00,INTERNATIONALMIG,Census-County-State-US,PEP_Vintage_2025,2264137.0,Benchmark
1995,Metropolitan Statistical Area,Dallas MSA,19100,INTERNATIONALMIG,Moodys-CBSA,Moodys,47123.28519954613,Peer
2016,Metropolitan Statistical Area,Houston MSA,26420,POPESTIMATE,Census-CBSA,PEP_Vintage_2020,6834058.0,Peer
1989,Metropolitan Statistical Area,Austin MSA,12420,DEATHS,Moodys-CBSA,Moodys,-4602.355748465983,Broad
2012,County or Equivalent,Travis County,48453,RNETMIG,Census-County-State-US,PEP_Vintage_2020,21.83287161,Focus
2015,Place,Austin City,4805000,POPESTIMATE,Census-Place,PEP_Vintage_2020,921452.0,Peer
2016,Metropolitan Statistical Area,Houston MSA,26420,RBIRTH,Census-CBSA,PEP_Vintage_2020,133.051758966,Peer
2018,Region,WFSRCA Region,48021-48031-48053-48055-48149-48209-48287-48299-48491,RESIDUAL,Census-County-State-US,PEP_Vintage_2020,89.0,Peer
2013,Metropolitan Statistical Area,Austin MSA,12420,RINTERNATIONALMIG,Census-CBSA,PEP_Vintage_2020,7.1629369146,Broad
2016,County or Equivalent,Travis County,48453,RDOMESTICMIG,Census-County-State-US,PEP_Vintage_2020,7.2128822782,Focus
2018,Metropolitan Statistical Area,Dallas MSA,19100,DOMESTICMIG,Census-CBSA,PEP_Vintage_2020,45394.0,Peer
2012,County or Equivalent,Travis County,48453,RDOMESTICMIG,Census-County-State-US,PEP_Vintage_2020,17.196490285,Focus
2020,County or Equivalent,Travis County,48453,INTERNATIONALMIG,Census-County-State-US,PEP_Vintage_2025,576.0,Focus
2012,Metropolitan Statistical Area,Dallas MSA,19100,BIRTHS,Census-CBSA,PEP_Vintage_2020,95063.0,Peer
2021,Metropolitan Statistical Area,Austin MSA,12420,NPOPCHG,Census-CBSA,PEP_Vintage_2025,59141.0,Broad
2023,Place,Austin City,4805000,POPESTIMATE,Census-Place,PEP_Vintage_2024,989583.0,Peer
1991,Region,WFSRCA Region,48021-48031-48053-48055-48149-48209-48287-48299-48491,INTERNATIONALMIG,Moodys-County,Moodys,367.9833676959096,Peer
2018,Metropolitan Statistical Area,Dallas MSA,19100,RDOMESTICMIG,Census-CBSA,PEP_Vintage_2020,241.3275256744,Peer
1981,Metropolitan Statistical Area,Houston MSA,26420,BIRTHS,Moodys-CBSA,Moodys,64233.77350348208,Peer
2017,National,US,00,RNATURALCHG,Census-County-State-US,PEP_Vintage_2020,3.4001585911,Benchmark
2022,Metropolitan Statistical Area,Dallas MSA,19100,POPESTIMATE,Census-CBSA,PEP_Vintage_2025,7972652.0,Peer
2018,Metropolitan Statistical Area,Dallas MSA,19100,RDEATH,Census-CBSA,PEP_Vintage_2020,80.3651119952,Peer
2013,County or Equivalent,Travis County,48453,BIRTHS,Census-County-State-US,PEP_Vintage_2020,15839.0,Focus
2015,Metropolitan Statistical Area,Dallas MSA,19100,RNETMIG,Census-CBSA,PEP_Vintage_2020,200.7421676705,Peer
2024,Metropolitan Statistical Area,San Antonio MSA,41700,DOMESTICMIG,Census-CBSA,PEP_Vintage_2025,19236.0,Peer
2020,Metropolitan Statistical Area,Austin MSA,12420,RESIDUAL,Census-CBSA,PEP_Vintage_2025,-1007.0,Broad
2022,Place,Austin City,4805000,POPESTIMATE,Census-Place,PEP_Vintage_2024,979214.0,Peer
2011,Metropolitan Statistical Area,Dallas MSA,19100,DEATHS,Census-CBSA,PEP_Vintage_2020,-37163.0,Peer
1982,County or Equivalent,Travis County,48453,NATURALCHG,Moodys-County,Moodys,5488.955531725513,Focus
2024,Metropolitan Statistical Area,San Antonio MSA,41700,NATURALCHG,Census-CBSA,PEP_Vintage_2025,11258.0,Peer
1981,National,US,00,POPESTIMATE,Moodys-US,Moodys,229507768.19637826,Benchmark
2018,Metropolitan Statistical Area,San Antonio MSA,41700,DOMESTICMIG,Census-CBSA,PEP_Vintage_2020,23466.0,Peer
2011,Metropolitan Statistical Area,Austin MSA,12420,BIRTHS,Census-CBSA,PEP_Vintage_2020,25235.0,Broad
1998,Metropolitan Statistical Area,Dallas MSA,19100,INTERNATIONALMIG,Moodys-CBSA,Moodys,47723.71212935163,Peer
2025,Metropolitan Statistical Area,Austin MSA,12420,INTERNATIONALMIG,Census-CBSA,PEP_Vintage_2025,17457.0,Broad
1995,Metropolitan Statistical Area,San Antonio MSA,41700,DOMESTICMIG,Moodys-CBSA,Moodys,9748.874543330083,Peer
2025,Metropolitan Statistical Area,Austin MSA,12420,RBIRTH,Census-CBSA,PEP_Vintage_2025,60.56011069,Broad
2018,Metropolitan Statistical Area,San Antonio MSA,41700,GQESTIMATES,Census-CBSA,PEP_Vintage_2020,50260.0,Peer
2021,Metropolitan Statistical Area,Dallas MSA,19100,RESIDUAL,Census-CBSA,PEP_Vintage_2025,-2809.0,Peer
1991,Metropolitan Statistical Area,Dallas MSA,19100,DOMESTICMIG,Moodys-CBSA,Moodys,16523.093628507282,Peer
1989,Metropolitan Statistical Area,Austin MSA,12420,POPESTIMATE,Moodys-CBSA,Moodys,831840.49647684,Broad
2000,Region,WFSRCA Region,48021-48031-48053-48055-48149-48209-48287-48299-48491,INTERNATIONALMIG,Moodys-County,Moodys,1668.6603697988025,Peer
2020,Metropolitan Statistical Area,Houston MSA,26420,RESIDUAL,Census-CBSA,PEP_Vintage_2025,1037.0,Peer
2003,State,Texas,48,INTERNATIONALMIG,Moodys-State,Moodys,81817.45594373744,Benchmark
1996,National,US,00,RESIDUAL,Moodys-US,Moodys,75245.05436184461,Benchmark
2015,National,US,00,NATURALCHG,Census-County-State-US,PEP_Vintage_2020,1292550.0,Benchmark
1982,County or Equivalent,Travis County,48453,BIRTHS,Moodys-County,Moodys,7998.968349442441,Focus
2009,State,Texas,48,INTERNATIONALMIG,Moodys-State,Moodys,102465.44412664382,Benchmark
1994,Metropolitan Statistical Area,Dallas MSA,19100,DOMESTICMIG,Moodys-CBSA,Moodys,17082.07691524741,Peer
1987,Metropolitan Statistical Area,Houston MSA,26420,NATURALCHG,Moodys-CBSA,Moodys,45972.474768120446,Peer
2025,Metropolitan Statistical Area,San Antonio MSA,41700,DOMESTICMIG,Census-CBSA,PEP_Vintage_2025,18763.0,Peer
2021,State,Texas,48,DEATHS,Census-County-State-US,PEP_Vintage_2025,-269979.0,Benchmark
2016,National,US,00,RDEATH,Census-County-State-US,PEP_Vintage_2020,8.3975454097,Benchmark
2018,Metropolitan Statistical Area,Austin MSA,12420,GQESTIMATES,Census-CBSA,PEP_Vintage_2020,40532.0,Broad
2010,State,Texas,48,RESIDUAL,Census-County-State-US,PEP_Vintage_2020,1198.0,Benchmark
2017,Metropolitan Statistical Area,San Antonio MSA,41700,DOMESTICMIG,Census-CBSA,PEP_Vintage_2020,25416.0,Peer
2007,Region,WFSRCA Region,48021-48031-48053-48055-48149-48209-48287-48299-48491,BIRTHS,Moodys-County,Moodys,10599.932005857067,Peer
2007,National,US,00,BIRTHS,Moodys-US,Moodys,4300647.292159722,Benchmark
2012,Metropolitan Statistical Area,San Antonio MSA,41700,RINTERNATIONALMIG,Census-CBSA,PEP_Vintage_2020,7.8632304264999995,Peer
2014,National,US,00,RDEATH,Census-County-State-US,PEP_Vintage_2020,8.1407933112,Benchmark
2012,State,Texas,48,DEATHS,Census-County-State-US,PEP_Vintage_2020,-169190.0,Benchmark
1992,County or Equivalent,Travis County,48453,NATURALCHG,Moodys-County,Moodys,7658.717240594353,Focus
1987,Metropolitan Statistical Area,Austin MSA,12420,POPESTIMATE,Moodys-CBSA,Moodys,807392.0121791193,Broad
2008,Metropolitan Statistical Area,Austin MSA,12420,BIRTHS,Moodys-CBSA,Moodys,26302.182766251713,Broad
2018,State,Texas,48,NATURALCHG,Census-County-State-US,PEP_Vintage_2020,179170.0,Benchmark
1987,Metropolitan Statistical Area,Austin MSA,12420,NATURALCHG,Moodys-CBSA,Moodys,10491.498785468071,Broad
2014,County or Equivalent,Travis County,48453,NATURALCHG,Census-County-State-US,PEP_Vintage_2020,11044.0,Focus
2009,Metropolitan Statistical Area,Dallas MSA,19100,DOMESTICMIG,Moodys-CBSA,Moodys,26489.17479194873,Peer
2022,Metropolitan Statistical Area,Austin MSA,12420,DOMESTICMIG,Census-CBSA,PEP_Vintage_2025,37180.0,Broad
2002,Region,WFSRCA Region,48021-48031-48053-48055-48149-48209-48287-48299-48491,RESIDUAL,Moodys-County,Moodys,-161.99999999999994,Peer
2008,Metropolitan Statistical Area,Dallas MSA,19100,DOMESTICMIG,Moodys-CBSA,Moodys,25108.535497074303,Peer
1995,National,US,00,DOMESTICMIG,Moodys-US,Moodys,1615.6027170571015,Benchmark
2020,Region,WFSRCA Region,48021-48031-48053-48055-48149-48209-48287-48299-48491,DEATHS,Census-County-State-US,PEP_Vintage_2025,-7784.0,Peer
1997,Metropolitan Statistical Area,Austin MSA,12420,POPESTIMATE,Moodys-CBSA,Moodys,1111263.9555481728,Broad
2019,County or Equivalent,Travis County,48453,RDOMESTICMIG,Census-County-State-US,PEP_Vintage_2020,10.87903629,Focus
2019,County or Equivalent,Travis County,48453,RNATURALCHG,Census-County-State-US,PEP_Vintage_2020,6.9397601835,Focus
2025,County or Equivalent,Travis County,48453,BIRTHS,Census-County-State-US,PEP_Vintage_2025,16196.0,Focus
1981,Region,WFSRCA Region,48021-48031-48053-48055-48149-48209-48287-48299-48491,DOMESTICMIG,Moodys-County,Moodys,33154.98004278873,Peer
2017,Region,WFSRCA Region,48021-48031-48053-48055-48149-48209-48287-48299-48491,GQESTIMATES,Census-County-State-US,PEP_Vintage_2020,20091.0,Peer
2023,Region,WFSRCA Region,48021-48031-48053-48055-48149-48209-48287-48299-48491,NPOPCHG,Census-County-State-US,PEP_Vintage_2025,50293.0,Peer
1987,State,Texas,48,INTERNATIONALMIG,Moodys-State,Moodys,-5433.614668126115,Benchmark
2011,State,Texas,48,RBIRTH,Census-County-State-US,PEP_Vintage_2020,15.002180992,Benchmark
2012,Metropolitan Statistical Area,Dallas MSA,19100,INTERNATIONALMIG,Census-CBSA,PEP_Vintage_2020,22130.0,Peer
2018,Metropolitan Statistical Area,Austin MSA,12420,DOMESTICMIG,Census-CBSA,PEP_Vintage_2020,29771.0,Broad
2016,Region,WFSRCA Region,48021-48031-48053-48055-48149-48209-48287-48299-48491,RBIRTH,Census-County-State-US,PEP_Vintage_2020,103.8652803881,Peer
2009,Metropolitan Statistical Area,Austin MSA,12420,BIRTHS,Moodys-CBSA,Moodys,26394.541330303335,Broad
2016,State,Texas,48,POPESTIMATE,Census-County-State-US,PEP_Vintage_2020,27914064.0,Benchmark
2013,Place,"Fountain, CO",0827865,POPESTIMATE,Census-Place,PEP_Vintage_2020,27809.0,Peer
2011,National,US,00,NETMIG,Census-County-State-US,PEP_Vintage_2020,795295.0,Benchmark
2008,National,US,00,DEATHS,Moodys-US,Moodys,-2437101.68846344,Benchmark
2012,Region,WFSRCA Region,48021-48031-48053-48055-48149-48209-48287-48299-48491,RDEATH,Census-County-State-US,PEP_Vintage_2020,78.9248944058,Peer
2024,Metropolitan Statistical Area,San Antonio MSA,41700,INTERNATIONALMIG,Census-CBSA,PEP_Vintage_2025,24359.0,Peer
2020,Metropolitan Statistical Area,San Antonio MSA,41700,NPOPCHG,Census-CBSA,PEP_Vintage_2025,10383.0,Peer
2011,Metropolitan Statistical Area,Houston MSA,26420,RINTERNATIONALMIG,Census-CBSA,PEP_Vintage_2020,18.6473103368,Peer
1997,State,Texas,48,INTERNATIONALMIG,Moodys-State,Moodys,154537.00798378247,Benchmark
2013,Metropolitan Statistical Area,Dallas MSA,19100,BIRTHS,Census-CBSA,PEP_Vintage_2020,95690.0,Peer
2017,Metropolitan Statistical Area,Dallas MSA,19100,RESIDUAL,Census-CBSA,PEP_Vintage_2020,30.0,Peer
2002,State,Texas,48,DOMESTICMIG,Moodys-State,Moodys,45693.99999999374,Benchmark
1989,Metropolitan Statistical Area,San Antonio MSA,41700,NATURALCHG,Moodys-CBSA,Moodys,15046.61310539649,Peer
2018,Metropolitan Statistical Area,Houston MSA,26420,RNATURALCHG,Census-CBSA,PEP_Vintage_2020,47.8643589251,Peer
2016,Metropolitan Statistical Area,Dallas MSA,19100,RESIDUAL,Census-CBSA,PEP_Vintage_2020,101.0,Peer
2010,Metropolitan Statistical Area,Austin MSA,12420,CENSUS,Census-CBSA,PEP_Vintage_2020,1716289.0,Broad
2004,Metropolitan Statistical Area,Austin MSA,12420,NATURALCHG,Moodys-CBSA,Moodys,16221.829684204355,Broad
2025,National,US,00,DOMESTICMIG,Census-County-State-US,PEP_Vintage_2025,0.0,Benchmark
2000,Metropolitan Statistical Area,San Antonio MSA,41700,DOMESTICMIG,Moodys-CBSA,Moodys,7788.512674771567,Peer
2013,Region,WFSRCA Region,48021-48031-48053-48055-48149-48209-48287-48299-48491,RDEATH,Census-County-State-US,PEP_Vintage_2020,84.8638673773,Peer
2000,National,US,00,DOMESTICMIG,Moodys-US,Moodys,746.1364178609392,Benchmark
2024,Metropolitan Statistical Area,Austin MSA,12420,RNETMIG,Census-CBSA,PEP_Vintage_2025,154.72030204499998,Broad
2020,State,Texas,48,INTERNATIONALMIG,Census-County-State-US,PEP_Vintage_2025,7820.0,Benchmark
2024,Metropolitan Statistical Area,Houston MSA,26420,RBIRTH,Census-CBSA,PEP_Vintage_2025,123.57834504,Peer
2025,Metropolitan Statistical Area,Houston MSA,26420,NATURALCHG,Census-CBSA,PEP_Vintage_2025,48002.0,Peer
2011,County or Equivalent,Travis County,48453,BIRTHS,Census-County-State-US,PEP_Vintage_2020,15639.0,Focus
2019,National,US,00,RESIDUAL,Census-County-State-US,PEP_Vintage_2020,0.0,Benchmark
2002,Metropolitan Statistical Area,Dallas MSA,19100,INTERNATIONALMIG,Moodys-CBSA,Moodys,40419.58117523052,Peer
2013,Metropolitan Statistical Area,Austin MSA,12420,NPOPCHG,Census-CBSA,PEP_Vintage_2020,48888.0,Broad
1996,County or Equivalent,Travis County,48453,NATURALCHG,Moodys-County,Moodys,7814.931416675497,Focus
2013,Metropolitan Statistical Area,Dallas MSA,19100,POPESTIMATE,Census-CBSA,PEP_Vintage_2020,6753804.0,Peer
1996,National,US,00,DEATHS,Moodys-US,Moodys,-2354817.4961091685,Benchmark
2022,National,US,00,RBIRTH,Census-County-State-US,PEP_Vintage_2025,11.050591516,Benchmark
2014,Metropolitan Statistical Area,Austin MSA,12420,RNATURALCHG,Census-CBSA,PEP_Vintage_2020,34.1273879094,Broad
1992,Metropolitan Statistical Area,Houston MSA,26420,DEATHS,Moodys-CBSA,Moodys,-24508.968712760245,Peer
2025,National,US,00,INTERNATIONALMIG,Census-County-State-US,PEP_Vintage_2025,1262202.0,Benchmark
1989,Metropolitan Statistical Area,San Antonio MSA,41700,INTERNATIONALMIG,Moodys-CBSA,Moodys,-18168.516411218214,Peer
2006,Metropolitan Statistical Area,Dallas MSA,19100,DOMESTICMIG,Moodys-CBSA,Moodys,55503.65846251375,Peer
1986,Metropolitan Statistical Area,Houston MSA,26420,NATURALCHG,Moodys-CBSA,Moodys,48247.29367870964,Peer
2015,Metropolitan Statistical Area,Houston MSA,26420,BIRTHS,Census-CBSA,PEP_Vintage_2020,100966.0,Peer
2005,State,Texas,48,BIRTHS,Moodys-State,Moodys,383687.00401119346,Benchmark
2017,State,Texas,48,RINTERNATIONALMIG,Census-County-State-US,PEP_Vintage_2020,3.4237113907,Benchmark
2014,County or Equivalent,Travis County,48453,RNATURALCHG,Census-County-State-US,PEP_Vintage_2020,9.7100481502,Focus
2024,Metropolitan Statistical Area,Dallas MSA,19100,RNATURALCHG,Census-CBSA,PEP_Vintage_2025,55.707583242,Peer
2019,Metropolitan Statistical Area,Austin MSA,12420,POPESTIMATE,Census-CBSA,PEP_Vintage_2020,2228106.0,Broad
1995,County or Equivalent,Travis County,48453,RESIDUAL,Moodys-County,Moodys,248.52445738679108,Focus
2016,Metropolitan Statistical Area,Houston MSA,26420,NATURALCHG,Census-CBSA,PEP_Vintage_2020,63835.0,Peer
2016,National,US,00,RNETMIG,Census-County-State-US,PEP_Vintage_2020,3.3084784672,Benchmark
2000,Metropolitan Statistical Area,San Antonio MSA,41700,RESIDUAL,Moodys-CBSA,Moodys,613.9436626295047,Peer
2007,Metropolitan Statistical Area,Dallas MSA,19100,POPESTIMATE,Moodys-CBSA,Moodys,6025041.000000001,Peer
2018,Region,WFSRCA Region,48021-48031-48053-48055-48149-48209-48287-48299-48491,NATURALCHG,Census-County-State-US,PEP_Vintage_2020,5308.0,Peer
2013,Region,WFSRCA Region,48021-48031-48053-48055-48149-48209-48287-48299-48491,RNETMIG,Census-County-State-US,PEP_Vintage_2020,112.1704874488,Peer
2015,Metropolitan Statistical Area,Austin MSA,12420,POPESTIMATE,Census-CBSA,PEP_Vintage_2020,2002814.0,Broad
1994,Metropolitan Statistical Area,Houston MSA,26420,INTERNATIONALMIG,Moodys-CBSA,Moodys,32102.571775728724,Peer
2018,National,US,00,INTERNATIONALMIG,Census-County-State-US,PEP_Vintage_2020,719871.0,Benchmark
1999,Metropolitan Statistical Area,San Antonio MSA,41700,NATURALCHG,Moodys-CBSA,Moodys,16245.366279070946,Peer
2007,Metropolitan Statistical Area,San Antonio MSA,41700,RESIDUAL,Moodys-CBSA,Moodys,80.00000000000003,Peer
2006,Metropolitan Statistical Area,Austin MSA,12420,BIRTHS,Moodys-CBSA,Moodys,24269.78616138464,Broad
1989,Region,WFSRCA Region,48021-48031-48053-48055-48149-48209-48287-48299-48491,INTERNATIONALMIG,Moodys-County,Moodys,-2842.090225916768,Peer
2023,Region,WFSRCA Region,48021-48031-48053-48055-48149-48209-48287-48299-48491,RDOMESTICMIG,Census-County-State-US,PEP_Vintage_2025,262.18425975,Peer
2013,State,Texas,48,NPOPCHG,Census-County-State-US,PEP_Vintage_2020,395526.0,Benchmark
1990,State,Texas,48,BIRTHS,Moodys-State,Moodys,307789.8773348945,Benchmark
1990,County or Equivalent,Travis County,48453,RESIDUAL,Moodys-County,Moodys,207.3825908213088,Focus
1982,Metropolitan Statistical Area,Houston MSA,26420,RESIDUAL,Moodys-CBSA,Moodys,1255.5789158729756,Peer
2014,Metropolitan Statistical Area,Dallas MSA,19100,RBIRTH,Census-CBSA,PEP_Vintage_2020,144.124657022,Peer
2019,Metropolitan Statistical Area,Austin MSA,12420,RNATURALCHG,Census-CBSA,PEP_Vintage_2020,27.909264744399998,Broad
1985,Metropolitan Statistical Area,Houston MSA,26420,BIRTHS,Moodys-CBSA,Moodys,70798.95456322054,Peer
2011,Metropolitan Statistical Area,Houston MSA,26420,POPESTIMATE,Census-CBSA,PEP_Vintage_2020,6082797.0,Peer
2024,Metropolitan Statistical Area,Dallas MSA,19100,NPOPCHG,Census-CBSA,PEP_Vintage_2025,189460.0,Peer
1982,Region,WFSRCA Region,48021-48031-48053-48055-48149-48209-48287-48299-48491,DOMESTICMIG,Moodys-County,Moodys,47047.53973687018,Peer
2019,National,US,00,NETMIG,Census-County-State-US,PEP_Vintage_2020,568639.0,Benchmark
2005,Metropolitan Statistical Area,Austin MSA,12420,BIRTHS,Moodys-CBSA,Moodys,23518.509651230812,Broad
2019,Metropolitan Statistical Area,Dallas MSA,19100,POPESTIMATE,Census-CBSA,PEP_Vintage_2020,7574390.0,Peer
1982,Metropolitan Statistical Area,Austin MSA,12420,DOMESTICMIG,Moodys-CBSA,Moodys,67896.59121188463,Broad
2022,Metropolitan Statistical Area,Houston MSA,26420,BIRTHS,Census-CBSA,PEP_Vintage_2025,95131.0,Peer
2021,Metropolitan Statistical Area,Austin MSA,12420,RBIRTH,Census-CBSA,PEP_Vintage_2025,59.61236,Broad
2010,Metropolitan Statistical Area,Houston MSA,26420,DOMESTICMIG,Census-CBSA,PEP_Vintage_2020,28552.0,Peer
2007,County or Equivalent,Travis County,48453,DEATHS,Moodys-County,Moodys,-4244.922351402578,Focus
2001,National,US,00,NATURALCHG,Moodys-US,Moodys,1627563.0426885562,Benchmark
2016,Metropolitan Statistical Area,Houston MSA,26420,RDOMESTICMIG,Census-CBSA,PEP_Vintage_2020,152.7240254099,Peer
2025,National,US,00,GQESTIMATES,Census-County-State-US,PEP_Vintage_2025,8439257.0,Benchmark
1999,State,Texas,48,POPESTIMATE,Moodys-State,Moodys,20558220.703125,Benchmark
2016,Metropolitan Statistical Area,Austin MSA,12420,INTERNATIONALMIG,Census-CBSA,PEP_Vintage_2020,8576.0,Broad
1999,Region,WFSRCA Region,48021-48031-48053-48055-48149-48209-48287-48299-48491,DEATHS,Moodys-County,Moodys,-3347.657501296695,Peer
2024,Metropolitan Statistical Area,Dallas MSA,19100,GQESTIMATES,Census-CBSA,PEP_Vintage_2025,92271.0,Peer
1983,Metropolitan Statistical Area,Dallas MSA,19100,DOMESTICMIG,Moodys-CBSA,Moodys,49627.33742731942,Peer
1999,County or Equivalent,Travis County,48453,POPESTIMATE,Moodys-County,Moodys,788500.0334854465,Focus
2011,County or Equivalent,Travis County,48453,INTERNATIONALMIG,Census-County-State-US,PEP_Vintage_2020,4352.0,Focus
1986,County or Equivalent,Travis County,48453,NATURALCHG,Moodys-County,Moodys,7774.454227824377,Focus
2025,County or Equivalent,Travis County,48453,NETMIG,Census-County-State-US,PEP_Vintage_2025,5338.0,Focus
2020,National,US,00,NETMIG,Census-County-State-US,PEP_Vintage_2025,19892.0,Benchmark
2019,Metropolitan Statistical Area,San Antonio MSA,41700,NPOPCHG,Census-CBSA,PEP_Vintage_2020,37621.0,Peer
2014,National,US,00,DOMESTICMIG,Census-County-State-US,PEP_Vintage_2020,0.0,Benchmark
2017,Metropolitan Statistical Area,Houston MSA,26420,NPOPCHG,Census-CBSA,PEP_Vintage_2020,93087.0,Peer
2011,Metropolitan Statistical Area,Houston MSA,26420,NETMIG,Census-CBSA,PEP_Vintage_2020,49946.0,Peer
2014,Metropolitan Statistical Area,San Antonio MSA,41700,DOMESTICMIG,Census-CBSA,PEP_Vintage_2020,25311.0,Peer
2019,County or Equivalent,Travis County,48453,NPOPCHG,Census-County-State-US,PEP_Vintage_2020,26874.0,Focus
1993,Place,"Fountain, CO",0827865,POPESTIMATE,Census-Place,PEP City and Town Postcensal Tables: 1990-2000,11821.0,Peer
2011,National,US,00,RNETMIG,Census-County-State-US,PEP_Vintage_2020,2.5617052415,Benchmark
1994,Metropolitan Statistical Area,San Antonio MSA,41700,NATURALCHG,Moodys-CBSA,Moodys,15121.32527767791,Peer
1986,County or Equivalent,Travis County,48453,DOMESTICMIG,Moodys-County,Moodys,2493.186603740935,Focus
1993,County or Equivalent,Travis County,48453,NATURALCHG,Moodys-County,Moodys,7326.5135492607715,Focus
2000,Metropolitan Statistical Area,San Antonio MSA,41700,INTERNATIONALMIG,Moodys-CBSA,Moodys,6455.635332356777,Peer
2025,Metropolitan Statistical Area,Dallas MSA,19100,DOMESTICMIG,Census-CBSA,PEP_Vintage_2025,18197.0,Peer
2004,Region,WFSRCA Region,48021-48031-48053-48055-48149-48209-48287-48299-48491,DEATHS,Moodys-County,Moodys,-4132.502191805209,Peer
1990,Metropolitan Statistical Area,Houston MSA,26420,BIRTHS,Moodys-CBSA,Moodys,70617.00707766606,Peer
2012,County or Equivalent,Travis County,48453,NATURALCHG,Census-County-State-US,PEP_Vintage_2020,10857.0,Focus
2015,Metropolitan Statistical Area,Dallas MSA,19100,DEATHS,Census-CBSA,PEP_Vintage_2020,-41823.0,Peer
1994,State,Texas,48,DEATHS,Moodys-State,Moodys,-138559.46291788458,Benchmark
2019,Metropolitan Statistical Area,Dallas MSA,19100,RDEATH,Census-CBSA,PEP_Vintage_2020,82.552699947,Peer
2013,National,US,00,RDOMESTICMIG,Census-County-State-US,PEP_Vintage_2020,0.0,Benchmark
1982,Metropolitan Statistical Area,Austin MSA,12420,NATURALCHG,Moodys-CBSA,Moodys,7136.995021764269,Broad
1992,Metropolitan Statistical Area,Houston MSA,26420,BIRTHS,Moodys-CBSA,Moodys,75930.77562824846,Peer
2003,Metropolitan Statistical Area,Dallas MSA,19100,NATURALCHG,Moodys-CBSA,Moodys,64608.13455468927,Peer
1983,Metropolitan Statistical Area,San Antonio MSA,41700,DEATHS,Moodys-CBSA,Moodys,-8940.695761640043,Peer
1984,Metropolitan Statistical Area,San Antonio MSA,41700,POPESTIMATE,Moodys-CBSA,Moodys,1283927.4948545457,Peer
2020,Metropolitan Statistical Area,Dallas MSA,19100,INTERNATIONALMIG,Census-CBSA,PEP_Vintage_2025,2896.0,Peer
2023,Metropolitan Statistical Area,Austin MSA,12420,NATURALCHG,Census-CBSA,PEP_Vintage_2025,16450.0,Broad
2003,Region,WFSRCA Region,48021-48031-48053-48055-48149-48209-48287-48299-48491,NATURALCHG,Moodys-County,Moodys,5467.835467637543,Peer
1981,Metropolitan Statistical Area,Houston MSA,26420,INTERNATIONALMIG,Moodys-CBSA,Moodys,55341.163462974626,Peer
2016,Region,WFSRCA Region,48021-48031-48053-48055-48149-48209-48287-48299-48491,GQESTIMATES,Census-County-State-US,PEP_Vintage_2020,20952.0,Peer
1993,National,US,00,NATURALCHG,Moodys-US,Moodys,1816163.2996129473,Benchmark
2003,County or Equivalent,Travis County,48453,DOMESTICMIG,Moodys-County,Moodys,-7440.467212026394,Focus
1992,Metropolitan Statistical Area,San Antonio MSA,41700,NATURALCHG,Moodys-CBSA,Moodys,15331.004629944453,Peer
2002,Metropolitan Statistical Area,Dallas MSA,19100,NATURALCHG,Moodys-CBSA,Moodys,62138.561528414684,Peer
2000,Place,Austin City,4805000,POPESTIMATE,Census-Place,PEP City and Town Intercensal Datasets: 2000-2010,675775.0,Peer
1999,Metropolitan Statistical Area,Austin MSA,12420,POPESTIMATE,Moodys-CBSA,Moodys,1205898.0442989704,Broad
2016,Metropolitan Statistical Area,Austin MSA,12420,DEATHS,Census-CBSA,PEP_Vintage_2020,-10064.0,Broad
2003,Metropolitan Statistical Area,Dallas MSA,19100,BIRTHS,Moodys-CBSA,Moodys,96395.89121295749,Peer
2013,County or Equivalent,Travis County,48453,DEATHS,Census-County-State-US,PEP_Vintage_2020,-5133.0,Focus
2016,County or Equivalent,Travis County,48453,RESIDUAL,Census-County-State-US,PEP_Vintage_2020,90.0,Focus
2010,National,US,00,BIRTHS,Census-County-State-US,PEP_Vintage_2020,3951344.0,Benchmark
2025,Metropolitan Statistical Area,Dallas MSA,19100,DEATHS,Census-CBSA,PEP_Vintage_2025,-53559.0,Peer
2012,Metropolitan Statistical Area,Austin MSA,12420,BIRTHS,Census-CBSA,PEP_Vintage_2020,24832.0,Broad
2013,State,Texas,48,POPESTIMATE,Census-County-State-US,PEP_Vintage_2020,26479646.0,Benchmark
2021,County or Equivalent,Travis County,48453,DEATHS,Census-County-State-US,PEP_Vintage_2025,-7340.0,Focus
2021,Region,WFSRCA Region,48021-48031-48053-48055-48149-48209-48287-48299-48491,BIRTHS,Census-County-State-US,PEP_Vintage_2025,12994.0,Peer
2000,County or Equivalent,Travis County,48453,RESIDUAL,Moodys-County,Moodys,292.5836226495558,Focus
2000,County or Equivalent,Travis County,48453,BIRTHS,Moodys-County,Moodys,13456.221109769069,Focus
2022,Region,WFSRCA Region,48021-48031-48053-48055-48149-48209-48287-48299-48491,NETMIG,Census-County-State-US,PEP_Vintage_2025,43827.0,Peer
2024,Metropolitan Statistical Area,Dallas MSA,19100,DEATHS,Census-CBSA,PEP_Vintage_2025,-53084.0,Peer
2024,County or Equivalent,Travis County,48453,NATURALCHG,Census-County-State-US,PEP_Vintage_2025,9375.0,Focus
2004,Region,WFSRCA Region,48021-48031-48053-48055-48149-48209-48287-48299-48491,INTERNATIONALMIG,Moodys-County,Moodys,1232.0913651310643,Peer
1992,Metropolitan Statistical Area,Austin MSA,12420,DEATHS,Moodys-CBSA,Moodys,-4853.499938163361,Broad
1990,Metropolitan Statistical Area,Houston MSA,26420,INTERNATIONALMIG,Moodys-CBSA,Moodys,53289.2944899727,Peer
2008,National,US,00,DOMESTICMIG,Moodys-US,Moodys,-8.019963504447333,Benchmark
2005,Metropolitan Statistical Area,Houston MSA,26420,RESIDUAL,Moodys-CBSA,Moodys,11396.999999999962,Peer
2004,Metropolitan Statistical Area,San Antonio MSA,41700,NATURALCHG,Moodys-CBSA,Moodys,17021.66979540886,Peer
1986,Region,WFSRCA Region,48021-48031-48053-48055-48149-48209-48287-48299-48491,DOMESTICMIG,Moodys-County,Moodys,12796.670203422185,Peer
2024,State,Texas,48,RBIRTH,Census-County-State-US,PEP_Vintage_2025,12.49644068,Benchmark
1984,Metropolitan Statistical Area,San Antonio MSA,41700,NATURALCHG,Moodys-CBSA,Moodys,14711.333005871134,Peer
2019,County or Equivalent,Travis County,48453,RBIRTH,Census-County-State-US,PEP_Vintage_2020,11.977335672,Focus
2010,Metropolitan Statistical Area,Houston MSA,26420,POPESTIMATE,Census-CBSA,PEP_Vintage_2020,5973665.0,Peer
2020,Metropolitan Statistical Area,Houston MSA,26420,NETMIG,Census-CBSA,PEP_Vintage_2025,8138.0,Peer
2022,Metropolitan Statistical Area,San Antonio MSA,41700,BIRTHS,Census-CBSA,PEP_Vintage_2025,32208.0,Peer
2022,County or Equivalent,Travis County,48453,NATURALCHG,Census-County-State-US,PEP_Vintage_2025,9035.0,Focus
2015,Metropolitan Statistical Area,Dallas MSA,19100,NETMIG,Census-CBSA,PEP_Vintage_2020,94754.0,Peer
1990,Metropolitan Statistical Area,Houston MSA,26420,POPESTIMATE,Moodys-CBSA,Moodys,3792007.199178616,Peer
1998,Metropolitan Statistical Area,Houston MSA,26420,INTERNATIONALMIG,Moodys-CBSA,Moodys,36619.80702193499,Peer
1999,Metropolitan Statistical Area,San Antonio MSA,41700,BIRTHS,Moodys-CBSA,Moodys,28530.70557176603,Peer
2020,Region,WFSRCA Region,48021-48031-48053-48055-48149-48209-48287-48299-48491,BIRTHS,Census-County-State-US,PEP_Vintage_2025,11992.0,Peer
2018,Region,WFSRCA Region,48021-48031-48053-48055-48149-48209-48287-48299-48491,DEATHS,Census-County-State-US,PEP_Vintage_2020,-6782.0,Peer
2010,Metropolitan Statistical Area,Houston MSA,26420,GQESTIMATESBASE,Census-CBSA,PEP_Vintage_2020,77986.0,Peer
2014,Metropolitan Statistical Area,Houston MSA,26420,RDEATH,Census-CBSA,PEP_Vintage_2020,73.1191552502,Peer
2025,Metropolitan Statistical Area,Houston MSA,26420,BIRTHS,Census-CBSA,PEP_Vintage_2025,97033.0,Peer
2022,Metropolitan Statistical Area,Houston MSA,26420,RDEATH,Census-CBSA,PEP_Vintage_2025,96.35357075099999,Peer
2010,Region,WFSRCA Region,48021-48031-48053-48055-48149-48209-48287-48299-48491,DOMESTICMIG,Census-County-State-US,PEP_Vintage_2020,13344.0,Peer
2011,County or Equivalent,Travis County,48453,NATURALCHG,Census-County-State-US,PEP_Vintage_2020,10972.0,Focus
2019,Region,WFSRCA Region,48021-48031-48053-48055-48149-48209-48287-48299-48491,INTERNATIONALMIG,Census-County-State-US,PEP_Vintage_2020,1106.0,Peer
2019,Metropolitan Statistical Area,San Antonio MSA,41700,RNETMIG,Census-CBSA,PEP_Vintage_2020,167.1659657854,Peer
2025,Metropolitan Statistical Area,San Antonio MSA,41700,DEATHS,Census-CBSA,PEP_Vintage_2025,-21592.0,Peer
1991,County or Equivalent,Travis County,48453,DEATHS,Moodys-County,Moodys,-3005.9061111075353,Focus
1981,Region,WFSRCA Region,48021-48031-48053-48055-48149-48209-48287-48299-48491,BIRTHS,Moodys-County,Moodys,3567.684489094613,Peer
1999,State,Texas,48,NATURALCHG,Moodys-State,Moodys,204749.54015736017,Benchmark
2008,National,US,00,RESIDUAL,Moodys-US,Moodys,86722.89847788695,Benchmark
2024,State,Texas,48,RDEATH,Census-County-State-US,PEP_Vintage_2025,7.4232131768,Benchmark
2025,County or Equivalent,Travis County,48453,RINTERNATIONALMIG,Census-County-State-US,PEP_Vintage_2025,8.629124525,Focus
2015,Metropolitan Statistical Area,Houston MSA,26420,RDOMESTICMIG,Census-CBSA,PEP_Vintage_2020,166.5111163348,Peer
2020,National,US,00,RESIDUAL,Census-County-State-US,PEP_Vintage_2025,0.0,Benchmark
2024,Metropolitan Statistical Area,Dallas MSA,19100,RINTERNATIONALMIG,Census-CBSA,PEP_Vintage_2025,81.574577675,Peer
1994,National,US,00,POPESTIMATE,Moodys-US,Moodys,263180019.8398121,Benchmark
2002,National,US,00,RESIDUAL,Moodys-US,Moodys,66478.9038055091,Benchmark
2011,Metropolitan Statistical Area,Dallas MSA,19100,BIRTHS,Census-CBSA,PEP_Vintage_2020,95698.0,Peer
2016,State,Texas,48,RNATURALCHG,Census-County-State-US,PEP_Vintage_2020,7.7201149567,Benchmark
2020,Metropolitan Statistical Area,Dallas MSA,19100,DEATHS,Census-CBSA,PEP_Vintage_2025,-51764.0,Peer
1987,Metropolitan Statistical Area,Dallas MSA,19100,DOMESTICMIG,Moodys-CBSA,Moodys,-17315.652889238958,Peer
2000,National,US,00,DEATHS,Moodys-US,Moodys,-2420700.318720722,Benchmark
2014,Metropolitan Statistical Area,Dallas MSA,19100,RNETMIG,Census-CBSA,PEP_Vintage_2020,160.4754647102,Peer
2025,Metropolitan Statistical Area,Houston MSA,26420,RINTERNATIONALMIG,Census-CBSA,PEP_Vintage_2025,37.828228129,Peer
1991,County or Equivalent,Travis County,48453,POPESTIMATE,Moodys-County,Moodys,602113.0047312526,Focus
1985,Metropolitan Statistical Area,Dallas MSA,19100,RESIDUAL,Moodys-CBSA,Moodys,1283.7562556849523,Peer
1998,National,US,00,NATURALCHG,Moodys-US,Moodys,1618764.8696331782,Benchmark
2003,National,US,00,POPESTIMATE,Moodys-US,Moodys,290176611.0,Benchmark
2002,County or Equivalent,Travis County,48453,DEATHS,Moodys-County,Moodys,-3998.4982943726627,Focus
2016,National,US,00,POPESTIMATE,Census-County-State-US,PEP_Vintage_2020,323071755.0,Benchmark
2022,County or Equivalent,Travis County,48453,RNATURALCHG,Census-County-State-US,PEP_Vintage_2025,6.831326718,Focus
2024,Metropolitan Statistical Area,Houston MSA,26420,RESIDUAL,Census-CBSA,PEP_Vintage_2025,145.0,Peer
1985,County or Equivalent,Travis County,48453,INTERNATIONALMIG,Moodys-County,Moodys,18048.491583951203,Focus
2019,Metropolitan Statistical Area,Dallas MSA,19100,DOMESTICMIG,Census-CBSA,PEP_Vintage_2020,46542.0,Peer
2015,Region,WFSRCA Region,48021-48031-48053-48055-48149-48209-48287-48299-48491,NATURALCHG,Census-County-State-US,PEP_Vintage_2020,5879.0,Peer
2015,County or Equivalent,Travis County,48453,GQESTIMATES,Census-County-State-US,PEP_Vintage_2020,22781.0,Focus
2017,Metropolitan Statistical Area,Dallas MSA,19100,DEATHS,Census-CBSA,PEP_Vintage_2020,-44479.0,Peer
2015,Region,WFSRCA Region,48021-48031-48053-48055-48149-48209-48287-48299-48491,DEATHS,Census-County-State-US,PEP_Vintage_2020,-5812.0,Peer
2017,Region,WFSRCA Region,48021-48031-48053-48055-48149-48209-48287-48299-48491,DEATHS,Census-County-State-US,PEP_Vintage_2020,-6363.0,Peer
2011,National,US,00,RDOMESTICMIG,Census-County-State-US,PEP_Vintage_2020,0.0,Benchmark
2010,State,Texas,48,CENSUS,Census-County-State-US,PEP_Vintage_2020,25145561.0,Benchmark
2013,National,US,00,RBIRTH,Census-County-State-US,PEP_Vintage_2020,12.511004086,Benchmark
2017,State,Texas,48,BIRTHS,Census-County-State-US,PEP_Vintage_2020,389353.0,Benchmark
2016,Metropolitan Statistical Area,Houston MSA,26420,NETMIG,Census-CBSA,PEP_Vintage_2020,71992.0,Peer
1986,National,US,00,DOMESTICMIG,Moodys-US,Moodys,1106.3432238408477,Benchmark
1987,Metropolitan Statistical Area,Dallas MSA,19100,NATURALCHG,Moodys-CBSA,Moodys,48703.54484082829,Peer
2004,County or Equivalent,Travis County,48453,DOMESTICMIG,Moodys-County,Moodys,-1673.4229139177908,Focus
1988,Metropolitan Statistical Area,San Antonio MSA,41700,RESIDUAL,Moodys-CBSA,Moodys,497.7245933802521,Peer
2024,Metropolitan Statistical Area,Austin MSA,12420,RESIDUAL,Census-CBSA,PEP_Vintage_2025,302.0,Broad
2014,Metropolitan Statistical Area,Austin MSA,12420,DOMESTICMIG,Census-CBSA,PEP_Vintage_2020,33200.0,Broad
2006,Metropolitan Statistical Area,Dallas MSA,19100,POPESTIMATE,Moodys-CBSA,Moodys,5886950.000000005,Peer
1982,Region,WFSRCA Region,48021-48031-48053-48055-48149-48209-48287-48299-48491,INTERNATIONALMIG,Moodys-County,Moodys,-36358.35997483819,Peer
2011,Metropolitan Statistical Area,Austin MSA,12420,RBIRTH,Census-CBSA,PEP_Vintage_2020,66.518736104,Broad
2009,Metropolitan Statistical Area,Austin MSA,12420,INTERNATIONALMIG,Moodys-CBSA,Moodys,7379.342785342131,Broad
2009,Region,WFSRCA Region,48021-48031-48053-48055-48149-48209-48287-48299-48491,DOMESTICMIG,Moodys-County,Moodys,14466.880417809416,Peer
2022,Region,WFSRCA Region,48021-48031-48053-48055-48149-48209-48287-48299-48491,INTERNATIONALMIG,Census-County-State-US,PEP_Vintage_2025,5683.0,Peer
2017,Region,WFSRCA Region,48021-48031-48053-48055-48149-48209-48287-48299-48491,RESIDUAL,Census-County-State-US,PEP_Vintage_2020,141.0,Peer
2013,Region,WFSRCA Region,48021-48031-48053-48055-48149-48209-48287-48299-48491,NPOPCHG,Census-County-State-US,PEP_Vintage_2020,24018.0,Peer
2023,Metropolitan Statistical Area,San Antonio MSA,41700,RNETMIG,Census-CBSA,PEP_Vintage_2025,211.64389887,Peer
2007,Metropolitan Statistical Area,Houston MSA,26420,RESIDUAL,Moodys-CBSA,Moodys,137.00000000000006,Peer
1998,State,Texas,48,INTERNATIONALMIG,Moodys-State,Moodys,142446.70287004978,Benchmark
2024,Metropolitan Statistical Area,Houston MSA,26420,RDOMESTICMIG,Census-CBSA,PEP_Vintage_2025,176.30753982599998,Peer
2014,State,Texas,48,DEATHS,Census-County-State-US,PEP_Vintage_2020,-180742.0,Benchmark
2024,Metropolitan Statistical Area,Houston MSA,26420,DEATHS,Census-CBSA,PEP_Vintage_2025,-48477.0,Peer
1994,State,Texas,48,NATURALCHG,Moodys-State,Moodys,187972.31617346252,Benchmark
1983,Metropolitan Statistical Area,Houston MSA,26420,POPESTIMATE,Moodys-CBSA,Moodys,3619036.142724664,Peer
2010,Metropolitan Statistical Area,Dallas MSA,19100,NPOPCHG,Census-CBSA,PEP_Vintage_2020,25556.0,Peer
2015,Metropolitan Statistical Area,Dallas MSA,19100,NPOPCHG,Census-CBSA,PEP_Vintage_2020,152719.0,Peer
2000,Region,WFSRCA Region,48021-48031-48053-48055-48149-48209-48287-48299-48491,POPESTIMATE,Moodys-County,Moodys,542899.9999999998,Peer
2007,County or Equivalent,Travis County,48453,DOMESTICMIG,Moodys-County,Moodys,12579.002447791307,Focus
2013,National,US,00,RINTERNATIONALMIG,Census-County-State-US,PEP_Vintage_2020,2.6978163801,Benchmark
2021,Region,WFSRCA Region,48021-48031-48053-48055-48149-48209-48287-48299-48491,RNETMIG,Census-County-State-US,PEP_Vintage_2025,309.89073633,Peer
2015,Region,WFSRCA Region,48021-48031-48053-48055-48149-48209-48287-48299-48491,POPESTIMATE,Census-County-State-US,PEP_Vintage_2020,940441.0,Peer
2019,National,US,00,DOMESTICMIG,Census-County-State-US,PEP_Vintage_2020,0.0,Benchmark
2012,Region,WFSRCA Region,48021-48031-48053-48055-48149-48209-48287-48299-48491,RBIRTH,Census-County-State-US,PEP_Vintage_2020,95.9689923405,Peer
1986,Metropolitan Statistical Area,Dallas MSA,19100,INTERNATIONALMIG,Moodys-CBSA,Moodys,70038.65690838949,Peer
1987,State,Texas,48,RESIDUAL,Moodys-State,Moodys,5933.000000000001,Benchmark
1985,County or Equivalent,Travis County,48453,DEATHS,Moodys-County,Moodys,-2807.369377461384,Focus
2022,Metropolitan Statistical Area,Houston MSA,26420,POPESTIMATE,Census-CBSA,PEP_Vintage_2025,7406285.0,Peer
2012,County or Equivalent,Travis County,48453,NETMIG,Census-County-State-US,PEP_Vintage_2020,23564.0,Focus
2011,County or Equivalent,Travis County,48453,NPOPCHG,Census-County-State-US,PEP_Vintage_2020,31270.0,Focus
2017,Metropolitan Statistical Area,Houston MSA,26420,NATURALCHG,Census-CBSA,PEP_Vintage_2020,59073.0,Peer
2024,Metropolitan Statistical Area,Austin MSA,12420,NATURALCHG,Census-CBSA,PEP_Vintage_2025,16695.0,Broad
1989,County or Equivalent,Travis County,48453,POPESTIMATE,Moodys-County,Moodys,565400.9350161933,Focus
2024,County or Equivalent,Travis County,48453,DEATHS,Census-County-State-US,PEP_Vintage_2025,-6834.0,Focus
1994,Metropolitan Statistical Area,Austin MSA,12420,RESIDUAL,Moodys-CBSA,Moodys,352.97322365327125,Broad
2014,State,Texas,48,RNETMIG,Census-County-State-US,PEP_Vintage_2020,9.9771834295,Benchmark
2006,Region,WFSRCA Region,48021-48031-48053-48055-48149-48209-48287-48299-48491,NATURALCHG,Moodys-County,Moodys,5863.348472689637,Peer
1991,Metropolitan Statistical Area,Austin MSA,12420,INTERNATIONALMIG,Moodys-CBSA,Moodys,7334.765085712213,Broad
1985,Region,WFSRCA Region,48021-48031-48053-48055-48149-48209-48287-48299-48491,RESIDUAL,Moodys-County,Moodys,108.18388959225729,Peer
2023,County or Equivalent,Travis County,48453,BIRTHS,Census-County-State-US,PEP_Vintage_2025,16323.0,Focus
2015,Metropolitan Statistical Area,Dallas MSA,19100,BIRTHS,Census-CBSA,PEP_Vintage_2020,99549.0,Peer
1998,Metropolitan Statistical Area,San Antonio MSA,41700,NATURALCHG,Moodys-CBSA,Moodys,15933.370835534828,Peer
2022,Metropolitan Statistical Area,Austin MSA,12420,NETMIG,Census-CBSA,PEP_Vintage_2025,58027.0,Broad
1990,State,Texas,48,POPESTIMATE,Moodys-State,Moodys,17056755.859374985,Benchmark
2007,Metropolitan Statistical Area,San Antonio MSA,41700,POPESTIMATE,Moodys-CBSA,Moodys,2011543.0000000005,Peer
2024,Metropolitan Statistical Area,Houston MSA,26420,RNETMIG,Census-CBSA,PEP_Vintage_2025,256.295183624,Peer
2023,Metropolitan Statistical Area,Houston MSA,26420,RINTERNATIONALMIG,Census-CBSA,PEP_Vintage_2025,55.866425602,Peer
2018,Region,WFSRCA Region,48021-48031-48053-48055-48149-48209-48287-48299-48491,NETMIG,Census-County-State-US,PEP_Vintage_2020,27704.0,Peer
1998,Metropolitan Statistical Area,Dallas MSA,19100,RESIDUAL,Moodys-CBSA,Moodys,1753.5702235723293,Peer
2017,Metropolitan Statistical Area,Dallas MSA,19100,INTERNATIONALMIG,Census-CBSA,PEP_Vintage_2020,30276.0,Peer
2023,National,US,00,RINTERNATIONALMIG,Census-County-State-US,PEP_Vintage_2025,6.7510471049,Benchmark
1983,Metropolitan Statistical Area,Dallas MSA,19100,DEATHS,Moodys-CBSA,Moodys,-22432.435244097163,Peer
2002,County or Equivalent,Travis County,48453,POPESTIMATE,Moodys-County,Moodys,848089.9999999998,Focus
2000,Metropolitan Statistical Area,Austin MSA,12420,DOMESTICMIG,Moodys-CBSA,Moodys,36802.978514797076,Broad
1995,National,US,00,RESIDUAL,Moodys-US,Moodys,74320.5360925766,Benchmark
2023,State,Texas,48,NPOPCHG,Census-County-State-US,PEP_Vintage_2025,601245.0,Benchmark
1992,Place,"Fountain, CO",0827865,POPESTIMATE,Census-Place,PEP City and Town Postcensal Tables: 1990-2000,10295.0,Peer
2002,Metropolitan Statistical Area,Houston MSA,26420,DEATHS,Moodys-CBSA,Moodys,-30305.16165868976,Peer
2014,Metropolitan Statistical Area,Austin MSA,12420,RINTERNATIONALMIG,Census-CBSA,PEP_Vintage_2020,10.6651958639,Broad
2005,Metropolitan Statistical Area,Houston MSA,26420,DOMESTICMIG,Moodys-CBSA,Moodys,-1319.579602127668,Peer
1987,Metropolitan Statistical Area,Dallas MSA,19100,INTERNATIONALMIG,Moodys-CBSA,Moodys,49988.53332201218,Peer
2019,Metropolitan Statistical Area,Dallas MSA,19100,DEATHS,Census-CBSA,PEP_Vintage_2020,-47767.0,Peer
2006,Metropolitan Statistical Area,Austin MSA,12420,POPESTIMATE,Moodys-CBSA,Moodys,1515485.0000000012,Broad
2021,Metropolitan Statistical Area,Dallas MSA,19100,INTERNATIONALMIG,Census-CBSA,PEP_Vintage_2025,14182.0,Peer
2018,Metropolitan Statistical Area,Dallas MSA,19100,RNETMIG,Census-CBSA,PEP_Vintage_2020,257.7027706754,Peer
2018,County or Equivalent,Travis County,48453,NPOPCHG,Census-County-State-US,PEP_Vintage_2020,19320.0,Focus
2010,State,Texas,48,POPESTIMATE,Census-County-State-US,PEP_Vintage_2020,25241897.0,Benchmark
1981,National,US,00,INTERNATIONALMIG,Moodys-US,Moodys,484709.4549561676,Benchmark
2025,County or Equivalent,Travis County,48453,GQESTIMATES,Census-County-State-US,PEP_Vintage_2025,36016.0,Focus
2022,National,US,00,RINTERNATIONALMIG,Census-County-State-US,PEP_Vintage_2025,5.0206301198,Benchmark
2006,Place,Austin City,4805000,POPESTIMATE,Census-Place,PEP City and Town Intercensal Datasets: 2000-2010,730373.0,Peer
1990,County or Equivalent,Travis County,48453,INTERNATIONALMIG,Moodys-County,Moodys,8300.385672056196,Focus
2012,County or Equivalent,Travis County,48453,GQESTIMATES,Census-County-State-US,PEP_Vintage_2020,23251.0,Focus
2019,Place,"Fountain, CO",0827865,POPESTIMATE,Census-Place,PEP_Vintage_2020,30714.0,Peer
2002,National,US,00,BIRTHS,Moodys-US,Moodys,4005140.298994108,Benchmark
1999,Region,WFSRCA Region,48021-48031-48053-48055-48149-48209-48287-48299-48491,DOMESTICMIG,Moodys-County,Moodys,20402.611168346306,Peer
1994,Metropolitan Statistical Area,Dallas MSA,19100,DEATHS,Moodys-CBSA,Moodys,-28561.511422882853,Peer
2011,County or Equivalent,Travis County,48453,RBIRTH,Census-County-State-US,PEP_Vintage_2020,14.950856909,Focus
2015,County or Equivalent,Travis County,48453,RDOMESTICMIG,Census-County-State-US,PEP_Vintage_2020,7.8622405799,Focus
1990,Metropolitan Statistical Area,Houston MSA,26420,NATURALCHG,Moodys-CBSA,Moodys,47197.28343682461,Peer
2023,Metropolitan Statistical Area,Dallas MSA,19100,DOMESTICMIG,Census-CBSA,PEP_Vintage_2025,56525.0,Peer
1988,Region,WFSRCA Region,48021-48031-48053-48055-48149-48209-48287-48299-48491,INTERNATIONALMIG,Moodys-County,Moodys,3529.593290533706,Peer
2009,County or Equivalent,Travis County,48453,RESIDUAL,Moodys-County,Moodys,-107.99999999999996,Focus
1997,Region,WFSRCA Region,48021-48031-48053-48055-48149-48209-48287-48299-48491,DOMESTICMIG,Moodys-County,Moodys,16160.794782350276,Peer
1999,National,US,00,NATURALCHG,Moodys-US,Moodys,1631146.5788629986,Benchmark
2023,County or Equivalent,Travis County,48453,DEATHS,Census-County-State-US,PEP_Vintage_2025,-6764.0,Focus
2020,Metropolitan Statistical Area,Houston MSA,26420,INTERNATIONALMIG,Census-CBSA,PEP_Vintage_2025,2988.0,Peer
2017,Region,WFSRCA Region,48021-48031-48053-48055-48149-48209-48287-48299-48491,NETMIG,Census-County-State-US,PEP_Vintage_2020,28385.0,Peer
2023,Metropolitan Statistical Area,Houston MSA,26420,BIRTHS,Census-CBSA,PEP_Vintage_2025,96627.0,Peer
2002,Metropolitan Statistical Area,Houston MSA,26420,INTERNATIONALMIG,Moodys-CBSA,Moodys,36369.71348374519,Peer
2021,County or Equivalent,Travis County,48453,INTERNATIONALMIG,Census-County-State-US,PEP_Vintage_2025,2599.0,Focus
2019,Metropolitan Statistical Area,Houston MSA,26420,RESIDUAL,Census-CBSA,PEP_Vintage_2020,53.0,Peer
2003,Place,"Fountain, CO",0827865,POPESTIMATE,Census-Place,PEP City and Town Intercensal Datasets: 2000-2010,18561.0,Peer
2024,Place,"Fountain, CO",0827865,POPESTIMATE,Census-Place,PEP_Vintage_2024,29457.0,Peer
1987,Metropolitan Statistical Area,Dallas MSA,19100,POPESTIMATE,Moodys-CBSA,Moodys,3814622.1932735993,Peer
1997,Metropolitan Statistical Area,Dallas MSA,19100,BIRTHS,Moodys-CBSA,Moodys,82143.63773447636,Peer
2015,State,Texas,48,RBIRTH,Census-County-State-US,PEP_Vintage_2020,14.780672625,Benchmark
2013,County or Equivalent,Travis County,48453,NETMIG,Census-County-State-US,PEP_Vintage_2020,14446.0,Focus
1999,County or Equivalent,Travis County,48453,INTERNATIONALMIG,Moodys-County,Moodys,12280.607913312668,Focus
2010,National,US,00,DEATHS,Census-County-State-US,PEP_Vintage_2020,-2394764.0,Benchmark
1990,County or Equivalent,Travis County,48453,DOMESTICMIG,Moodys-County,Moodys,8.458074856687148,Focus
1992,Metropolitan Statistical Area,Houston MSA,26420,DOMESTICMIG,Moodys-CBSA,Moodys,18585.46541279831,Peer
1998,Metropolitan Statistical Area,Houston MSA,26420,DOMESTICMIG,Moodys-CBSA,Moodys,16739.022786095247,Peer
2024,Region,WFSRCA Region,48021-48031-48053-48055-48149-48209-48287-48299-48491,RDEATH,Census-County-State-US,PEP_Vintage_2025,92.86194791700001,Peer
1992,Region,WFSRCA Region,48021-48031-48053-48055-48149-48209-48287-48299-48491,POPESTIMATE,Moodys-County,Moodys,363197.99875801045,Peer
2020,State,Texas,48,GQESTIMATES,Census-County-State-US,PEP_Vintage_2025,609940.0,Benchmark
2016,Metropolitan Statistical Area,Austin MSA,12420,RESIDUAL,Census-CBSA,PEP_Vintage_2020,233.0,Broad
2020,Metropolitan Statistical Area,Dallas MSA,19100,NATURALCHG,Census-CBSA,PEP_Vintage_2025,39704.0,Peer
2023,Region,WFSRCA Region,48021-48031-48053-48055-48149-48209-48287-48299-48491,BIRTHS,Census-County-State-US,PEP_Vintage_2025,15126.0,Peer
2014,State,Texas,48,BIRTHS,Census-County-State-US,PEP_Vintage_2020,394317.0,Benchmark
2011,Region,WFSRCA Region,48021-48031-48053-48055-48149-48209-48287-48299-48491,RNATURALCHG,Census-County-State-US,PEP_Vintage_2020,16.771574847300002,Peer
2012,Metropolitan Statistical Area,Houston MSA,26420,DEATHS,Census-CBSA,PEP_Vintage_2020,-33937.0,Peer
2013,Region,WFSRCA Region,48021-48031-48053-48055-48149-48209-48287-48299-48491,RBIRTH,Census-County-State-US,PEP_Vintage_2020,96.8147775767,Peer
2004,National,US,00,INTERNATIONALMIG,Moodys-US,Moodys,966214.9186542013,Benchmark
1989,Metropolitan Statistical Area,Austin MSA,12420,RESIDUAL,Moodys-CBSA,Moodys,296.91725276731756,Broad
1985,National,US,00,RESIDUAL,Moodys-US,Moodys,67268.80685209131,Benchmark
2025,National,US,00,RNETMIG,Census-County-State-US,PEP_Vintage_2025,3.7026195511,Benchmark
2012,Metropolitan Statistical Area,San Antonio MSA,41700,NPOPCHG,Census-CBSA,PEP_Vintage_2020,43126.0,Peer
2002,County or Equivalent,Travis County,48453,NATURALCHG,Moodys-County,Moodys,10473.921884590834,Focus
2005,County or Equivalent,Travis County,48453,BIRTHS,Moodys-County,Moodys,14829.730836711436,Focus
2010,State,Texas,48,BIRTHS,Census-County-State-US,PEP_Vintage_2020,371192.0,Benchmark
2021,Metropolitan Statistical Area,Houston MSA,26420,RBIRTH,Census-CBSA,PEP_Vintage_2025,115.780378712,Peer
2023,Metropolitan Statistical Area,Austin MSA,12420,RDOMESTICMIG,Census-CBSA,PEP_Vintage_2025,121.662111618,Broad
2010,County or Equivalent,Travis County,48453,GQESTIMATES,Census-County-State-US,PEP_Vintage_2020,23046.0,Focus
2019,Metropolitan Statistical Area,Houston MSA,26420,POPESTIMATE,Census-CBSA,PEP_Vintage_2020,7092267.0,Peer
2017,Metropolitan Statistical Area,San Antonio MSA,41700,BIRTHS,Census-CBSA,PEP_Vintage_2020,33069.0,Peer
2000,State,Texas,48,DEATHS,Moodys-State,Moodys,-148419.30019442405,Benchmark
2013,County or Equivalent,Travis County,48453,GQESTIMATES,Census-County-State-US,PEP_Vintage_2020,22926.0,Focus
2001,State,Texas,48,RESIDUAL,Moodys-State,Moodys,7609.9999999999945,Benchmark
2023,Metropolitan Statistical Area,Dallas MSA,19100,NATURALCHG,Census-CBSA,PEP_Vintage_2025,50747.0,Peer
1982,Metropolitan Statistical Area,San Antonio MSA,41700,RESIDUAL,Moodys-CBSA,Moodys,436.2773831199294,Peer
1990,Metropolitan Statistical Area,San Antonio MSA,41700,DOMESTICMIG,Moodys-CBSA,Moodys,10681.93210093909,Peer
2018,National,US,00,BIRTHS,Census-County-State-US,PEP_Vintage_2020,3835477.0,Benchmark
1995,Metropolitan Statistical Area,San Antonio MSA,41700,RESIDUAL,Moodys-CBSA,Moodys,560.4141179515856,Peer
2011,Metropolitan Statistical Area,Austin MSA,12420,RNETMIG,Census-CBSA,PEP_Vintage_2020,78.1270290799,Broad
2017,County or Equivalent,Travis County,48453,DEATHS,Census-County-State-US,PEP_Vintage_2020,-5607.0,Focus
2018,Metropolitan Statistical Area,Houston MSA,26420,RDOMESTICMIG,Census-CBSA,PEP_Vintage_2020,135.7062669259,Peer
2022,Metropolitan Statistical Area,San Antonio MSA,41700,RESIDUAL,Census-CBSA,PEP_Vintage_2025,741.0,Peer
2000,Region,WFSRCA Region,48021-48031-48053-48055-48149-48209-48287-48299-48491,BIRTHS,Moodys-County,Moodys,8013.096084732282,Peer
1994,Metropolitan Statistical Area,San Antonio MSA,41700,RESIDUAL,Moodys-CBSA,Moodys,547.9477171563339,Peer
2004,Metropolitan Statistical Area,Dallas MSA,19100,DOMESTICMIG,Moodys-CBSA,Moodys,-10201.36687499216,Peer
2023,State,Texas,48,RBIRTH,Census-County-State-US,PEP_Vintage_2025,12.831217927,Benchmark
2006,Metropolitan Statistical Area,Houston MSA,26420,DEATHS,Moodys-CBSA,Moodys,-30271.503975101114,Peer
2002,Metropolitan Statistical Area,San Antonio MSA,41700,RESIDUAL,Moodys-CBSA,Moodys,-1403.9999999999995,Peer
2011,State,Texas,48,NPOPCHG,Census-County-State-US,PEP_Vintage_2020,403607.0,Benchmark
1987,Region,WFSRCA Region,48021-48031-48053-48055-48149-48209-48287-48299-48491,RESIDUAL,Moodys-County,Moodys,118.72350499411098,Peer
1987,Metropolitan Statistical Area,Austin MSA,12420,DOMESTICMIG,Moodys-CBSA,Moodys,-9686.966017749015,Broad
2022,Metropolitan Statistical Area,Austin MSA,12420,RINTERNATIONALMIG,Census-CBSA,PEP_Vintage_2025,27.587311069000002,Broad
1984,Region,WFSRCA Region,48021-48031-48053-48055-48149-48209-48287-48299-48491,DOMESTICMIG,Moodys-County,Moodys,19111.708408910607,Peer
1993,Metropolitan Statistical Area,San Antonio MSA,41700,NATURALCHG,Moodys-CBSA,Moodys,14921.298326171476,Peer
1990,Region,WFSRCA Region,48021-48031-48053-48055-48149-48209-48287-48299-48491,RESIDUAL,Moodys-County,Moodys,122.78791300116993,Peer
2002,Metropolitan Statistical Area,Austin MSA,12420,NATURALCHG,Moodys-CBSA,Moodys,15899.109505233613,Broad
2008,Metropolitan Statistical Area,Houston MSA,26420,BIRTHS,Moodys-CBSA,Moodys,95971.08122400768,Peer
2019,Region,WFSRCA Region,48021-48031-48053-48055-48149-48209-48287-48299-48491,BIRTHS,Census-County-State-US,PEP_Vintage_2020,12168.0,Peer
1989,County or Equivalent,Travis County,48453,INTERNATIONALMIG,Moodys-County,Moodys,3639.169698876324,Focus
2021,State,Texas,48,RDEATH,Census-County-State-US,PEP_Vintage_2025,9.1813092025,Benchmark
1998,Metropolitan Statistical Area,Austin MSA,12420,POPESTIMATE,Moodys-CBSA,Moodys,1155579.0354251668,Broad
2024,National,US,00,RBIRTH,Census-County-State-US,PEP_Vintage_2025,10.663228136,Benchmark
2014,Region,WFSRCA Region,48021-48031-48053-48055-48149-48209-48287-48299-48491,RNATURALCHG,Census-County-State-US,PEP_Vintage_2020,15.0750483343,Peer
2017,Region,WFSRCA Region,48021-48031-48053-48055-48149-48209-48287-48299-48491,NATURALCHG,Census-County-State-US,PEP_Vintage_2020,5345.0,Peer
2013,County or Equivalent,Travis County,48453,RDEATH,Census-County-State-US,PEP_Vintage_2020,4.6258579421,Focus
1998,County or Equivalent,Travis County,48453,DOMESTICMIG,Moodys-County,Moodys,5329.656470871571,Focus
2002,National,US,00,INTERNATIONALMIG,Moodys-US,Moodys,1013682.2660041114,Benchmark
2011,County or Equivalent,Travis County,48453,DOMESTICMIG,Census-County-State-US,PEP_Vintage_2020,15791.0,Focus
2022,National,US,00,NPOPCHG,Census-County-State-US,PEP_Vintage_2025,1896138.0,Benchmark
2016,County or Equivalent,Travis County,48453,DOMESTICMIG,Census-County-State-US,PEP_Vintage_2020,8606.0,Focus
2013,Metropolitan Statistical Area,Houston MSA,26420,DEATHS,Census-CBSA,PEP_Vintage_2020,-36036.0,Peer
2018,Metropolitan Statistical Area,Dallas MSA,19100,BIRTHS,Census-CBSA,PEP_Vintage_2020,98125.0,Peer
2000,Metropolitan Statistical Area,Austin MSA,12420,RESIDUAL,Moodys-CBSA,Moodys,451.51551249805493,Broad
2021,Metropolitan Statistical Area,Houston MSA,26420,BIRTHS,Census-CBSA,PEP_Vintage_2025,90281.0,Peer
2003,County or Equivalent,Travis County,48453,INTERNATIONALMIG,Moodys-County,Moodys,6254.370632474022,Focus
2021,Region,WFSRCA Region,48021-48031-48053-48055-48149-48209-48287-48299-48491,RDOMESTICMIG,Census-County-State-US,PEP_Vintage_2025,306.59247832,Peer
1996,Region,WFSRCA Region,48021-48031-48053-48055-48149-48209-48287-48299-48491,DOMESTICMIG,Moodys-County,Moodys,19033.975024853644,Peer
1996,Region,WFSRCA Region,48021-48031-48053-48055-48149-48209-48287-48299-48491,DEATHS,Moodys-County,Moodys,-3143.525715862842,Peer
1989,Metropolitan Statistical Area,San Antonio MSA,41700,BIRTHS,Moodys-CBSA,Moodys,25130.787808163273,Peer
2021,Metropolitan Statistical Area,Dallas MSA,19100,RDOMESTICMIG,Census-CBSA,PEP_Vintage_2025,385.845962433,Peer
1990,Metropolitan Statistical Area,Dallas MSA,19100,NATURALCHG,Moodys-CBSA,Moodys,48432.77321427134,Peer
1985,County or Equivalent,Travis County,48453,DOMESTICMIG,Moodys-County,Moodys,5448.571745621351,Focus
2021,State,Texas,48,DOMESTICMIG,Census-County-State-US,PEP_Vintage_2025,199360.0,Benchmark
1988,Metropolitan Statistical Area,Houston MSA,26420,INTERNATIONALMIG,Moodys-CBSA,Moodys,-41115.93346330802,Peer
2011,Metropolitan Statistical Area,Houston MSA,26420,GQESTIMATES,Census-CBSA,PEP_Vintage_2020,79412.0,Peer
2016,Metropolitan Statistical Area,Houston MSA,26420,BIRTHS,Census-CBSA,PEP_Vintage_2020,103101.0,Peer
2019,Metropolitan Statistical Area,Austin MSA,12420,RNETMIG,Census-CBSA,PEP_Vintage_2020,103.310059944,Broad
2019,County or Equivalent,Travis County,48453,DOMESTICMIG,Census-County-State-US,PEP_Vintage_2020,13709.0,Focus
2019,Region,WFSRCA Region,48021-48031-48053-48055-48149-48209-48287-48299-48491,RNATURALCHG,Census-County-State-US,PEP_Vintage_2020,8.300295977,Peer
1989,Metropolitan Statistical Area,Dallas MSA,19100,POPESTIMATE,Moodys-CBSA,Moodys,3917841.854478842,Peer
1993,Metropolitan Statistical Area,Dallas MSA,19100,DOMESTICMIG,Moodys-CBSA,Moodys,68.4352921997932,Peer
2006,Metropolitan Statistical Area,Dallas MSA,19100,INTERNATIONALMIG,Moodys-CBSA,Moodys,39152.18656938987,Peer
2006,Region,WFSRCA Region,48021-48031-48053-48055-48149-48209-48287-48299-48491,DEATHS,Moodys-County,Moodys,-4255.751658419019,Peer
2015,Metropolitan Statistical Area,Dallas MSA,19100,RDOMESTICMIG,Census-CBSA,PEP_Vintage_2020,172.74964418689999,Peer
1987,County or Equivalent,Travis County,48453,BIRTHS,Moodys-County,Moodys,10504.484676699483,Focus
2014,Metropolitan Statistical Area,Austin MSA,12420,INTERNATIONALMIG,Census-CBSA,PEP_Vintage_2020,8025.0,Broad
2015,State,Texas,48,RDEATH,Census-County-State-US,PEP_Vintage_2020,6.9016130568,Benchmark
1984,County or Equivalent,Travis County,48453,BIRTHS,Moodys-County,Moodys,9248.560807941083,Focus
2021,Region,WFSRCA Region,48021-48031-48053-48055-48149-48209-48287-48299-48491,RINTERNATIONALMIG,Census-County-State-US,PEP_Vintage_2025,3.2982580109999997,Peer
2014,Metropolitan Statistical Area,Houston MSA,26420,RDOMESTICMIG,Census-CBSA,PEP_Vintage_2020,155.3713652065,Peer
2019,Metropolitan Statistical Area,San Antonio MSA,41700,DEATHS,Census-CBSA,PEP_Vintage_2020,-18579.0,Peer
2001,Metropolitan Statistical Area,San Antonio MSA,41700,BIRTHS,Moodys-CBSA,Moodys,28560.58429876315,Peer
2018,State,Texas,48,INTERNATIONALMIG,Census-County-State-US,PEP_Vintage_2020,69138.0,Benchmark
2013,National,US,00,RNATURALCHG,Census-County-State-US,PEP_Vintage_2020,4.2307586687,Benchmark
2011,County or Equivalent,Travis County,48453,RINTERNATIONALMIG,Census-County-State-US,PEP_Vintage_2020,4.1605044612,Focus
2009,County or Equivalent,Travis County,48453,INTERNATIONALMIG,Moodys-County,Moodys,6098.327946866331,Focus
1983,National,US,00,POPESTIMATE,Moodys-US,Moodys,233835171.8093883,Benchmark
1987,Region,WFSRCA Region,48021-48031-48053-48055-48149-48209-48287-48299-48491,DEATHS,Moodys-County,Moodys,-2506.4816778046934,Peer
2007,Metropolitan Statistical Area,San Antonio MSA,41700,INTERNATIONALMIG,Moodys-CBSA,Moodys,3397.963696973351,Peer
2011,National,US,00,BIRTHS,Census-County-State-US,PEP_Vintage_2020,3973485.0,Benchmark
2002,County or Equivalent,Travis County,48453,INTERNATIONALMIG,Moodys-County,Moodys,7159.981574509778,Focus
1985,Region,WFSRCA Region,48021-48031-48053-48055-48149-48209-48287-48299-48491,DEATHS,Moodys-County,Moodys,-2428.294025859967,Peer
2014,Metropolitan Statistical Area,Houston MSA,26420,DOMESTICMIG,Census-CBSA,PEP_Vintage_2020,67308.0,Peer
2022,Region,WFSRCA Region,48021-48031-48053-48055-48149-48209-48287-48299-48491,GQESTIMATES,Census-County-State-US,PEP_Vintage_2025,19238.0,Peer
2020,National,US,00,DEATHS,Census-County-State-US,PEP_Vintage_2025,-3408096.0,Benchmark
2001,Metropolitan Statistical Area,Dallas MSA,19100,BIRTHS,Moodys-CBSA,Moodys,93771.35983537893,Peer
1984,Metropolitan Statistical Area,Austin MSA,12420,RESIDUAL,Moodys-CBSA,Moodys,252.60664118111498,Broad
2019,Region,WFSRCA Region,48021-48031-48053-48055-48149-48209-48287-48299-48491,RDEATH,Census-County-State-US,PEP_Vintage_2020,86.7796049672,Peer
2004,Metropolitan Statistical Area,San Antonio MSA,41700,BIRTHS,Moodys-CBSA,Moodys,30322.384243492652,Peer
2021,National,US,00,RDEATH,Census-County-State-US,PEP_Vintage_2025,10.361716378,Benchmark
2002,State,Texas,48,DEATHS,Moodys-State,Moodys,-155254.09295513216,Benchmark
2011,State,Texas,48,RDOMESTICMIG,Census-County-State-US,PEP_Vintage_2020,4.7387368044,Benchmark
1993,Metropolitan Statistical Area,San Antonio MSA,41700,INTERNATIONALMIG,Moodys-CBSA,Moodys,7444.535535904508,Peer
2020,State,Texas,48,POPESTIMATE,Census-County-State-US,PEP_Vintage_2025,29237895.0,Benchmark
1997,County or Equivalent,Travis County,48453,RESIDUAL,Moodys-County,Moodys,262.91329983293315,Focus
2018,Metropolitan Statistical Area,Houston MSA,26420,RESIDUAL,Census-CBSA,PEP_Vintage_2020,154.0,Peer
2019,State,Texas,48,RNATURALCHG,Census-County-State-US,PEP_Vintage_2020,6.0353029693,Benchmark
2001,National,US,00,INTERNATIONALMIG,Moodys-US,Moodys,1099194.7413065876,Benchmark
1988,Metropolitan Statistical Area,Houston MSA,26420,POPESTIMATE,Moodys-CBSA,Moodys,3630974.428378661,Peer
2001,National,US,00,DEATHS,Moodys-US,Moodys,-2418896.3630183884,Benchmark
2016,County or Equivalent,Travis County,48453,NATURALCHG,Census-County-State-US,PEP_Vintage_2020,10961.0,Focus
1993,State,Texas,48,INTERNATIONALMIG,Moodys-State,Moodys,146593.88385573737,Benchmark
2016,Metropolitan Statistical Area,Houston MSA,26420,RINTERNATIONALMIG,Census-CBSA,PEP_Vintage_2020,27.1125909143,Peer
2021,Metropolitan Statistical Area,San Antonio MSA,41700,RNATURALCHG,Census-CBSA,PEP_Vintage_2025,-6.105726533,Peer
2009,Metropolitan Statistical Area,San Antonio MSA,41700,RESIDUAL,Moodys-CBSA,Moodys,-133.99999999999994,Peer
2005,Metropolitan Statistical Area,San Antonio MSA,41700,NATURALCHG,Moodys-CBSA,Moodys,17141.8715089069,Peer
1992,State,Texas,48,DOMESTICMIG,Moodys-State,Moodys,35521.34163829609,Benchmark
2019,State,Texas,48,RESIDUAL,Census-County-State-US,PEP_Vintage_2020,177.0,Benchmark
2012,County or Equivalent,Travis County,48453,RESIDUAL,Census-County-State-US,PEP_Vintage_2020,835.0,Focus
2012,Metropolitan Statistical Area,Dallas MSA,19100,RDOMESTICMIG,Census-CBSA,PEP_Vintage_2020,82.501279631,Peer
1988,National,US,00,BIRTHS,Moodys-US,Moodys,3850019.8853168534,Benchmark
2015,Metropolitan Statistical Area,Austin MSA,12420,RNATURALCHG,Census-CBSA,PEP_Vintage_2020,35.425743079,Broad
2013,State,Texas,48,DEATHS,Census-County-State-US,PEP_Vintage_2020,-178641.0,Benchmark
2023,State,Texas,48,DEATHS,Census-County-State-US,PEP_Vintage_2025,-231625.0,Benchmark
2020,Place,"Fountain, CO",0827865,POPESTIMATE,Census-Place,PEP_Vintage_2024,29887.0,Peer
1993,National,US,00,DOMESTICMIG,Moodys-US,Moodys,1369.0205336799531,Benchmark
1996,Metropolitan Statistical Area,San Antonio MSA,41700,DEATHS,Moodys-CBSA,Moodys,-11907.757408916439,Peer
2012,Metropolitan Statistical Area,Austin MSA,12420,NETMIG,Census-CBSA,PEP_Vintage_2020,36555.0,Broad
2021,Metropolitan Statistical Area,Houston MSA,26420,RNATURALCHG,Census-CBSA,PEP_Vintage_2025,21.256623687999998,Peer
2015,Metropolitan Statistical Area,Dallas MSA,19100,RESIDUAL,Census-CBSA,PEP_Vintage_2020,239.0,Peer
2017,County or Equivalent,Travis County,48453,RESIDUAL,Census-County-State-US,PEP_Vintage_2020,65.0,Focus
1982,National,US,00,INTERNATIONALMIG,Moodys-US,Moodys,435122.261881027,Benchmark
2006,Metropolitan Statistical Area,Austin MSA,12420,RESIDUAL,Moodys-CBSA,Moodys,-863.0000000000015,Broad
2012,Metropolitan Statistical Area,Houston MSA,26420,NPOPCHG,Census-CBSA,PEP_Vintage_2020,127278.0,Peer
2002,Region,WFSRCA Region,48021-48031-48053-48055-48149-48209-48287-48299-48491,DOMESTICMIG,Moodys-County,Moodys,18947.452700657253,Peer
1984,Region,WFSRCA Region,48021-48031-48053-48055-48149-48209-48287-48299-48491,NATURALCHG,Moodys-County,Moodys,1971.1780142514467,Peer
2018,Metropolitan Statistical Area,Austin MSA,12420,DEATHS,Census-CBSA,PEP_Vintage_2020,-10960.0,Broad
2004,State,Texas,48,NATURALCHG,Moodys-State,Moodys,225416.12953384483,Benchmark
1982,County or Equivalent,Travis County,48453,RESIDUAL,Moodys-County,Moodys,160.57365846998647,Focus
1989,Metropolitan Statistical Area,San Antonio MSA,41700,RESIDUAL,Moodys-CBSA,Moodys,500.1735699404725,Peer
1998,Metropolitan Statistical Area,Austin MSA,12420,DEATHS,Moodys-CBSA,Moodys,-5920.989181803432,Broad
1990,National,US,00,DEATHS,Moodys-US,Moodys,-2147678.6520584705,Benchmark
2012,Place,Austin City,4805000,POPESTIMATE,Census-Place,PEP_Vintage_2020,854656.0,Peer
1996,Metropolitan Statistical Area,San Antonio MSA,41700,INTERNATIONALMIG,Moodys-CBSA,Moodys,5429.347857963781,Peer
2018,Metropolitan Statistical Area,Dallas MSA,19100,GQESTIMATES,Census-CBSA,PEP_Vintage_2020,83835.0,Peer
2020,County or Equivalent,Travis County,48453,RESIDUAL,Census-County-State-US,PEP_Vintage_2025,-183.0,Focus
2008,State,Texas,48,NATURALCHG,Moodys-State,Moodys,245773.5213227207,Benchmark
2015,Metropolitan Statistical Area,Houston MSA,26420,RBIRTH,Census-CBSA,PEP_Vintage_2020,134.264620638,Peer
2013,Region,WFSRCA Region,48021-48031-48053-48055-48149-48209-48287-48299-48491,RINTERNATIONALMIG,Census-County-State-US,PEP_Vintage_2020,4.257232162299999,Peer
2006,National,US,00,INTERNATIONALMIG,Moodys-US,Moodys,1031949.6886846363,Benchmark
2020,State,Texas,48,BIRTHS,Census-County-State-US,PEP_Vintage_2025,352420.0,Benchmark
2017,Metropolitan Statistical Area,Dallas MSA,19100,DOMESTICMIG,Census-CBSA,PEP_Vintage_2020,56872.0,Peer
2014,Metropolitan Statistical Area,San Antonio MSA,41700,DEATHS,Census-CBSA,PEP_Vintage_2020,-15968.0,Peer
1983,County or Equivalent,Travis County,48453,NATURALCHG,Moodys-County,Moodys,6062.567270969228,Focus
2015,Region,WFSRCA Region,48021-48031-48053-48055-48149-48209-48287-48299-48491,RDOMESTICMIG,Census-County-State-US,PEP_Vintage_2020,190.97483297899998,Peer
2023,Region,WFSRCA Region,48021-48031-48053-48055-48149-48209-48287-48299-48491,NATURALCHG,Census-County-State-US,PEP_Vintage_2025,6532.0,Peer
2008,State,Texas,48,DOMESTICMIG,Moodys-State,Moodys,131170.99999998597,Benchmark
1993,Metropolitan Statistical Area,Dallas MSA,19100,BIRTHS,Moodys-CBSA,Moodys,75305.2492346127,Peer
1990,Region,WFSRCA Region,48021-48031-48053-48055-48149-48209-48287-48299-48491,BIRTHS,Moodys-County,Moodys,5107.980409547674,Peer
2017,Metropolitan Statistical Area,Houston MSA,26420,DOMESTICMIG,Census-CBSA,PEP_Vintage_2020,-8944.0,Peer
1991,Metropolitan Statistical Area,Austin MSA,12420,DEATHS,Moodys-CBSA,Moodys,-4621.229460207964,Broad
2015,Metropolitan Statistical Area,Dallas MSA,19100,NATURALCHG,Census-CBSA,PEP_Vintage_2020,57726.0,Peer
2020,Metropolitan Statistical Area,Dallas MSA,19100,DOMESTICMIG,Census-CBSA,PEP_Vintage_2025,73976.0,Peer
1992,Metropolitan Statistical Area,Houston MSA,26420,RESIDUAL,Moodys-CBSA,Moodys,1430.1744785900105,Peer
1985,Metropolitan Statistical Area,Dallas MSA,19100,DEATHS,Moodys-CBSA,Moodys,-24214.56614768256,Peer
2003,Place,Austin City,4805000,POPESTIMATE,Census-Place,PEP City and Town Intercensal Datasets: 2000-2010,690293.0,Peer
1996,Metropolitan Statistical Area,Houston MSA,26420,DOMESTICMIG,Moodys-CBSA,Moodys,124.75108583641241,Peer
2000,Metropolitan Statistical Area,Dallas MSA,19100,DEATHS,Moodys-CBSA,Moodys,-30996.399241569172,Peer
2021,Metropolitan Statistical Area,Austin MSA,12420,BIRTHS,Census-CBSA,PEP_Vintage_2025,26900.0,Broad
2013,Metropolitan Statistical Area,Dallas MSA,19100,RBIRTH,Census-CBSA,PEP_Vintage_2020,141.780060474,Peer
2004,County or Equivalent,Travis County,48453,RESIDUAL,Moodys-County,Moodys,-648.9999999999891,Focus
2023,Metropolitan Statistical Area,Austin MSA,12420,GQESTIMATES,Census-CBSA,PEP_Vintage_2025,52856.0,Broad
1989,Region,WFSRCA Region,48021-48031-48053-48055-48149-48209-48287-48299-48491,BIRTHS,Moodys-County,Moodys,5179.080729814101,Peer
1981,State,Texas,48,NATURALCHG,Moodys-State,Moodys,163320.6019942687,Benchmark
2008,Metropolitan Statistical Area,Houston MSA,26420,INTERNATIONALMIG,Moodys-CBSA,Moodys,30286.36076321614,Peer
1983,Metropolitan Statistical Area,San Antonio MSA,41700,INTERNATIONALMIG,Moodys-CBSA,Moodys,109.86842454509542,Peer
1988,Metropolitan Statistical Area,San Antonio MSA,41700,POPESTIMATE,Moodys-CBSA,Moodys,1394450.415036497,Peer
1982,County or Equivalent,Travis County,48453,DEATHS,Moodys-County,Moodys,-2510.012817716928,Focus
2008,County or Equivalent,Travis County,48453,POPESTIMATE,Moodys-County,Moodys,980698.9999999997,Focus
2008,Metropolitan Statistical Area,Houston MSA,26420,POPESTIMATE,Moodys-CBSA,Moodys,5702269.999999998,Peer
2011,Metropolitan Statistical Area,Dallas MSA,19100,RDOMESTICMIG,Census-CBSA,PEP_Vintage_2020,85.225098768,Peer
2025,Metropolitan Statistical Area,Houston MSA,26420,POPESTIMATE,Census-CBSA,PEP_Vintage_2025,7904627.0,Peer
1981,Region,WFSRCA Region,48021-48031-48053-48055-48149-48209-48287-48299-48491,DEATHS,Moodys-County,Moodys,-2073.9276079966203,Peer
2012,Metropolitan Statistical Area,Austin MSA,12420,RDEATH,Census-CBSA,PEP_Vintage_2020,29.1439244793,Broad
2019,National,US,00,NPOPCHG,Census-County-State-US,PEP_Vintage_2020,1491754.0,Benchmark
2000,Metropolitan Statistical Area,Houston MSA,26420,RESIDUAL,Moodys-CBSA,Moodys,1691.93154995018,Peer
2002,State,Texas,48,RESIDUAL,Moodys-State,Moodys,5463.999999999993,Benchmark
1998,County or Equivalent,Travis County,48453,NATURALCHG,Moodys-County,Moodys,8672.697163486664,Focus
2023,County or Equivalent,Travis County,48453,RINTERNATIONALMIG,Census-County-State-US,PEP_Vintage_2025,13.54795479,Focus
1996,Region,WFSRCA Region,48021-48031-48053-48055-48149-48209-48287-48299-48491,RESIDUAL,Moodys-County,Moodys,158.13229390897231,Peer
2012,Metropolitan Statistical Area,Houston MSA,26420,RESIDUAL,Census-CBSA,PEP_Vintage_2020,274.0,Peer
2001,Region,WFSRCA Region,48021-48031-48053-48055-48149-48209-48287-48299-48491,RESIDUAL,Moodys-County,Moodys,-29.0,Peer
2018,National,US,00,RNATURALCHG,Census-County-State-US,PEP_Vintage_2020,3.0560141737,Benchmark
2018,State,Texas,48,BIRTHS,Census-County-State-US,PEP_Vintage_2020,381430.0,Benchmark
2021,State,Texas,48,RINTERNATIONALMIG,Census-County-State-US,PEP_Vintage_2025,1.4786798434,Benchmark
1986,National,US,00,NATURALCHG,Moodys-US,Moodys,1674357.640871885,Benchmark
2006,Metropolitan Statistical Area,Houston MSA,26420,INTERNATIONALMIG,Moodys-CBSA,Moodys,35045.69245278935,Peer
1987,Metropolitan Statistical Area,Houston MSA,26420,DOMESTICMIG,Moodys-CBSA,Moodys,-13694.06588302861,Peer
1983,County or Equivalent,Travis County,48453,BIRTHS,Moodys-County,Moodys,8671.899062378008,Focus
2020,National,US,00,INTERNATIONALMIG,Census-County-State-US,PEP_Vintage_2025,79568.0,Benchmark
1995,County or Equivalent,Travis County,48453,DEATHS,Moodys-County,Moodys,-3559.628686974268,Focus
1983,Metropolitan Statistical Area,San Antonio MSA,41700,NATURALCHG,Moodys-CBSA,Moodys,14720.095139514604,Peer
2006,Metropolitan Statistical Area,San Antonio MSA,41700,NATURALCHG,Moodys-CBSA,Moodys,17871.829495434977,Peer
1998,County or Equivalent,Travis County,48453,BIRTHS,Moodys-County,Moodys,12437.718461072402,Focus
2017,County or Equivalent,Travis County,48453,NPOPCHG,Census-County-State-US,PEP_Vintage_2020,21090.0,Focus
2010,State,Texas,48,NATURALCHG,Census-County-State-US,PEP_Vintage_2020,207104.0,Benchmark
1993,Region,WFSRCA Region,48021-48031-48053-48055-48149-48209-48287-48299-48491,DEATHS,Moodys-County,Moodys,-2930.175400651644,Peer
2004,Metropolitan Statistical Area,Austin MSA,12420,RESIDUAL,Moodys-CBSA,Moodys,-1445.9999999999754,Broad
2000,State,Texas,48,DOMESTICMIG,Moodys-State,Moodys,43989.24382349209,Benchmark
2024,Metropolitan Statistical Area,Dallas MSA,19100,DOMESTICMIG,Census-CBSA,PEP_Vintage_2025,22482.0,Peer
1984,County or Equivalent,Travis County,48453,INTERNATIONALMIG,Moodys-County,Moodys,12179.877007461955,Focus
2019,Metropolitan Statistical Area,Austin MSA,12420,GQESTIMATES,Census-CBSA,PEP_Vintage_2020,39679.0,Broad
1994,State,Texas,48,DOMESTICMIG,Moodys-State,Moodys,74484.54172090984,Benchmark
2005,State,Texas,48,INTERNATIONALMIG,Moodys-State,Moodys,99751.12409642535,Benchmark
1997,Metropolitan Statistical Area,Houston MSA,26420,NATURALCHG,Moodys-CBSA,Moodys,51139.22494681882,Peer
1989,Metropolitan Statistical Area,Dallas MSA,19100,RESIDUAL,Moodys-CBSA,Moodys,1398.434970568974,Peer
2022,National,US,00,RESIDUAL,Census-County-State-US,PEP_Vintage_2025,0.0,Benchmark
2023,State,Texas,48,DOMESTICMIG,Census-County-State-US,PEP_Vintage_2025,188667.0,Benchmark
2014,County or Equivalent,Travis County,48453,GQESTIMATES,Census-County-State-US,PEP_Vintage_2020,22910.0,Focus
1990,Region,WFSRCA Region,48021-48031-48053-48055-48149-48209-48287-48299-48491,DEATHS,Moodys-County,Moodys,-2569.8964853290404,Peer
2023,State,Texas,48,RINTERNATIONALMIG,Census-County-State-US,PEP_Vintage_2025,8.2742071391,Benchmark
2011,Metropolitan Statistical Area,Austin MSA,12420,RESIDUAL,Census-CBSA,PEP_Vintage_2020,261.0,Broad
2021,Region,WFSRCA Region,48021-48031-48053-48055-48149-48209-48287-48299-48491,POPESTIMATE,Census-County-State-US,PEP_Vintage_2025,1177730.0,Peer
2000,Metropolitan Statistical Area,Austin MSA,12420,INTERNATIONALMIG,Moodys-CBSA,Moodys,7686.014439637018,Broad
2016,State,Texas,48,DOMESTICMIG,Census-County-State-US,PEP_Vintage_2020,120979.0,Benchmark
2007,State,Texas,48,POPESTIMATE,Moodys-State,Moodys,23831983.000000004,Benchmark
2014,Metropolitan Statistical Area,Dallas MSA,19100,BIRTHS,Census-CBSA,PEP_Vintage_2020,97814.0,Peer
2022,Region,WFSRCA Region,48021-48031-48053-48055-48149-48209-48287-48299-48491,RNATURALCHG,Census-County-State-US,PEP_Vintage_2025,-4.230267207999999,Peer
2023,County or Equivalent,Travis County,48453,INTERNATIONALMIG,Census-County-State-US,PEP_Vintage_2025,18217.0,Focus
2018,Metropolitan Statistical Area,Dallas MSA,19100,INTERNATIONALMIG,Census-CBSA,PEP_Vintage_2020,22088.0,Peer
2012,Metropolitan Statistical Area,Houston MSA,26420,POPESTIMATE,Census-CBSA,PEP_Vintage_2020,6210075.0,Peer
2017,State,Texas,48,RNATURALCHG,Census-County-State-US,PEP_Vintage_2020,6.9469155533,Benchmark
2017,County or Equivalent,Travis County,48453,RINTERNATIONALMIG,Census-County-State-US,PEP_Vintage_2020,4.944001946,Focus
2012,State,Texas,48,NPOPCHG,Census-County-State-US,PEP_Vintage_2020,438616.0,Benchmark
2018,County or Equivalent,Travis County,48453,INTERNATIONALMIG,Census-County-State-US,PEP_Vintage_2020,4363.0,Focus
1998,State,Texas,48,BIRTHS,Moodys-State,Moodys,349562.88842026325,Benchmark
2001,County or Equivalent,Travis County,48453,RESIDUAL,Moodys-County,Moodys,-667.9999999999998,Focus
1999,National,US,00,DOMESTICMIG,Moodys-US,Moodys,623.9710714839293,Benchmark
2021,County or Equivalent,Travis County,48453,RBIRTH,Census-County-State-US,PEP_Vintage_2025,11.60584936,Focus
2012,National,US,00,RDOMESTICMIG,Census-County-State-US,PEP_Vintage_2020,0.0,Benchmark
1982,Metropolitan Statistical Area,Houston MSA,26420,DEATHS,Moodys-CBSA,Moodys,-20429.269232497893,Peer
2019,Metropolitan Statistical Area,Austin MSA,12420,DEATHS,Census-CBSA,PEP_Vintage_2020,-11777.0,Broad
1994,County or Equivalent,Travis County,48453,RESIDUAL,Moodys-County,Moodys,239.76837307061567,Focus
1995,State,Texas,48,NATURALCHG,Moodys-State,Moodys,189357.27912367656,Benchmark
2015,County or Equivalent,Travis County,48453,DEATHS,Census-County-State-US,PEP_Vintage_2020,-5334.0,Focus
2009,Metropolitan Statistical Area,Houston MSA,26420,BIRTHS,Moodys-CBSA,Moodys,96075.78270771266,Peer
2018,Metropolitan Statistical Area,San Antonio MSA,41700,RDEATH,Census-CBSA,PEP_Vintage_2020,70.67656299629999,Peer
1981,State,Texas,48,RESIDUAL,Moodys-State,Moodys,5263.999999999995,Benchmark
2022,National,US,00,RDEATH,Census-County-State-US,PEP_Vintage_2025,10.377938199,Benchmark
2012,Metropolitan Statistical Area,Austin MSA,12420,POPESTIMATE,Census-CBSA,PEP_Vintage_2020,1834861.0,Broad
1983,Metropolitan Statistical Area,Dallas MSA,19100,BIRTHS,Moodys-CBSA,Moodys,60468.81127835351,Peer
1999,Metropolitan Statistical Area,Dallas MSA,19100,BIRTHS,Moodys-CBSA,Moodys,84735.78726855795,Peer
2015,Metropolitan Statistical Area,Houston MSA,26420,NATURALCHG,Census-CBSA,PEP_Vintage_2020,62675.0,Peer
2024,Metropolitan Statistical Area,Dallas MSA,19100,INTERNATIONALMIG,Census-CBSA,PEP_Vintage_2025,116018.0,Peer
1992,Metropolitan Statistical Area,Houston MSA,26420,POPESTIMATE,Moodys-CBSA,Moodys,4006866.1360280425,Peer
2014,Metropolitan Statistical Area,Dallas MSA,19100,POPESTIMATE,Census-CBSA,PEP_Vintage_2020,6889603.0,Peer
2000,State,Texas,48,INTERNATIONALMIG,Moodys-State,Moodys,124559.47045109716,Benchmark
1994,Metropolitan Statistical Area,Houston MSA,26420,DOMESTICMIG,Moodys-CBSA,Moodys,-4467.206197214018,Peer
2011,County or Equivalent,Travis County,48453,RDEATH,Census-County-State-US,PEP_Vintage_2020,4.4616439155,Focus
2018,State,Texas,48,RDOMESTICMIG,Census-County-State-US,PEP_Vintage_2020,2.9741588543,Benchmark
1998,Metropolitan Statistical Area,Dallas MSA,19100,DEATHS,Moodys-CBSA,Moodys,-30060.87782631197,Peer
2025,Metropolitan Statistical Area,Dallas MSA,19100,POPESTIMATE,Census-CBSA,PEP_Vintage_2025,8477157.0,Peer
2022,Metropolitan Statistical Area,San Antonio MSA,41700,INTERNATIONALMIG,Census-CBSA,PEP_Vintage_2025,11201.0,Peer
1985,County or Equivalent,Travis County,48453,RESIDUAL,Moodys-County,Moodys,189.37892281241247,Focus
2023,Region,WFSRCA Region,48021-48031-48053-48055-48149-48209-48287-48299-48491,RNATURALCHG,Census-County-State-US,PEP_Vintage_2025,8.730027896,Peer
1982,Metropolitan Statistical Area,Houston MSA,26420,INTERNATIONALMIG,Moodys-CBSA,Moodys,93105.00415574666,Peer
1981,Metropolitan Statistical Area,San Antonio MSA,41700,DEATHS,Moodys-CBSA,Moodys,-8465.198796032988,Peer
1982,Metropolitan Statistical Area,Austin MSA,12420,DEATHS,Moodys-CBSA,Moodys,-3809.912158702566,Broad
1995,State,Texas,48,RESIDUAL,Moodys-State,Moodys,6767.000000000002,Benchmark
2012,County or Equivalent,Travis County,48453,RNATURALCHG,Census-County-State-US,PEP_Vintage_2020,10.059390896,Focus
2015,Metropolitan Statistical Area,Dallas MSA,19100,RDEATH,Census-CBSA,PEP_Vintage_2020,78.7679050228,Peer
2007,State,Texas,48,BIRTHS,Moodys-State,Moodys,401385.7811711549,Benchmark
2016,Metropolitan Statistical Area,Dallas MSA,19100,GQESTIMATES,Census-CBSA,PEP_Vintage_2020,83133.0,Peer
1986,Metropolitan Statistical Area,Houston MSA,26420,DOMESTICMIG,Moodys-CBSA,Moodys,9332.514604533515,Peer
1999,Metropolitan Statistical Area,Dallas MSA,19100,INTERNATIONALMIG,Moodys-CBSA,Moodys,51633.60337400845,Peer
2016,Metropolitan Statistical Area,Austin MSA,12420,POPESTIMATE,Census-CBSA,PEP_Vintage_2020,2062808.0,Broad
2018,Metropolitan Statistical Area,Houston MSA,26420,NETMIG,Census-CBSA,PEP_Vintage_2020,22381.0,Peer
1992,Region,WFSRCA Region,48021-48031-48053-48055-48149-48209-48287-48299-48491,DOMESTICMIG,Moodys-County,Moodys,7933.322752803773,Peer
1988,State,Texas,48,DOMESTICMIG,Moodys-State,Moodys,-130577.00374641857,Benchmark
2016,Metropolitan Statistical Area,Austin MSA,12420,RDEATH,Census-CBSA,PEP_Vintage_2020,31.6331293991,Broad
2024,National,US,00,RESIDUAL,Census-County-State-US,PEP_Vintage_2025,0.0,Benchmark
2007,Metropolitan Statistical Area,San Antonio MSA,41700,NATURALCHG,Moodys-CBSA,Moodys,18649.357324049415,Peer
2019,Metropolitan Statistical Area,Dallas MSA,19100,RBIRTH,Census-CBSA,PEP_Vintage_2020,133.671818743,Peer
2017,County or Equivalent,Travis County,48453,NETMIG,Census-County-State-US,PEP_Vintage_2020,11107.0,Focus
2012,Metropolitan Statistical Area,Austin MSA,12420,RESIDUAL,Census-CBSA,PEP_Vintage_2020,1232.0,Broad
2002,Metropolitan Statistical Area,Houston MSA,26420,NATURALCHG,Moodys-CBSA,Moodys,54210.21339911016,Peer
2025,County or Equivalent,Travis County,48453,RBIRTH,Census-County-State-US,PEP_Vintage_2025,11.71674219,Focus
1984,Metropolitan Statistical Area,Houston MSA,26420,INTERNATIONALMIG,Moodys-CBSA,Moodys,-50313.791001835074,Peer
2024,County or Equivalent,Travis County,48453,RESIDUAL,Census-County-State-US,PEP_Vintage_2025,3.0,Focus
1998,Metropolitan Statistical Area,San Antonio MSA,41700,BIRTHS,Moodys-CBSA,Moodys,28191.412969414963,Peer
2023,Metropolitan Statistical Area,Austin MSA,12420,RINTERNATIONALMIG,Census-CBSA,PEP_Vintage_2025,34.85466679,Broad
2022,County or Equivalent,Travis County,48453,DOMESTICMIG,Census-County-State-US,PEP_Vintage_2025,2373.0,Focus
2006,County or Equivalent,Travis County,48453,DEATHS,Moodys-County,Moodys,-4212.614767679902,Focus
2025,Metropolitan Statistical Area,Dallas MSA,19100,RBIRTH,Census-CBSA,PEP_Vintage_2025,133.15099562,Peer
2019,State,Texas,48,RDEATH,Census-County-State-US,PEP_Vintage_2020,7.062044953,Benchmark
1999,County or Equivalent,Travis County,48453,BIRTHS,Moodys-County,Moodys,12492.182639978191,Focus
2015,County or Equivalent,Travis County,48453,POPESTIMATE,Census-County-State-US,PEP_Vintage_2020,1180003.0,Focus
2003,Metropolitan Statistical Area,San Antonio MSA,41700,POPESTIMATE,Moodys-CBSA,Moodys,1815845.9999999995,Peer
2003,State,Texas,48,BIRTHS,Moodys-State,Moodys,375274.09315979335,Benchmark
2017,Metropolitan Statistical Area,Dallas MSA,19100,RBIRTH,Census-CBSA,PEP_Vintage_2020,137.284729868,Peer
2008,State,Texas,48,POPESTIMATE,Moodys-State,Moodys,24309038.999999996,Benchmark
2022,Metropolitan Statistical Area,San Antonio MSA,41700,DOMESTICMIG,Census-CBSA,PEP_Vintage_2025,35911.0,Peer
2019,Metropolitan Statistical Area,Austin MSA,12420,DOMESTICMIG,Census-CBSA,PEP_Vintage_2020,41505.0,Broad
2010,County or Equivalent,Travis County,48453,NPOPCHG,Census-County-State-US,PEP_Vintage_2020,6078.0,Focus
2001,Metropolitan Statistical Area,Houston MSA,26420,POPESTIMATE,Moodys-CBSA,Moodys,4840712.0,Peer
1994,County or Equivalent,Travis County,48453,INTERNATIONALMIG,Moodys-County,Moodys,8142.637988253101,Focus
2021,Region,WFSRCA Region,48021-48031-48053-48055-48149-48209-48287-48299-48491,RNATURALCHG,Census-County-State-US,PEP_Vintage_2025,-8.803323554,Peer
2025,Metropolitan Statistical Area,Houston MSA,26420,NPOPCHG,Census-CBSA,PEP_Vintage_2025,126720.0,Peer
2008,Metropolitan Statistical Area,San Antonio MSA,41700,POPESTIMATE,Moodys-CBSA,Moodys,2061274.9999999995,Peer
1995,Metropolitan Statistical Area,Austin MSA,12420,NATURALCHG,Moodys-CBSA,Moodys,10634.368527937697,Broad
1998,Metropolitan Statistical Area,Austin MSA,12420,DOMESTICMIG,Moodys-CBSA,Moodys,19972.87026367773,Broad
1998,State,Texas,48,POPESTIMATE,Moodys-State,Moodys,20157531.25000001,Benchmark
2019,Metropolitan Statistical Area,Dallas MSA,19100,NETMIG,Census-CBSA,PEP_Vintage_2020,67480.0,Peer
2015,Metropolitan Statistical Area,San Antonio MSA,41700,NPOPCHG,Census-CBSA,PEP_Vintage_2020,50373.0,Peer
2021,Metropolitan Statistical Area,Dallas MSA,19100,DOMESTICMIG,Census-CBSA,PEP_Vintage_2025,64238.0,Peer
1982,County or Equivalent,Travis County,48453,DOMESTICMIG,Moodys-County,Moodys,25600.344941463674,Focus
2023,Metropolitan Statistical Area,Houston MSA,26420,NATURALCHG,Census-CBSA,PEP_Vintage_2025,48106.0,Peer
1988,Region,WFSRCA Region,48021-48031-48053-48055-48149-48209-48287-48299-48491,POPESTIMATE,Moodys-County,Moodys,335814.4533616021,Peer
2024,Place,Austin City,4805000,POPESTIMATE,Census-Place,PEP_Vintage_2024,993588.0,Peer
2023,Place,"Fountain, CO",0827865,POPESTIMATE,Census-Place,PEP_Vintage_2024,28574.0,Peer
2022,Metropolitan Statistical Area,San Antonio MSA,41700,RBIRTH,Census-CBSA,PEP_Vintage_2025,84.58265321100001,Peer
2011,Metropolitan Statistical Area,Austin MSA,12420,GQESTIMATES,Census-CBSA,PEP_Vintage_2020,40604.0,Broad
2015,Metropolitan Statistical Area,Austin MSA,12420,RDEATH,Census-CBSA,PEP_Vintage_2020,30.7770998557,Broad
2023,National,US,00,RNATURALCHG,Census-County-State-US,PEP_Vintage_2025,1.4747968694,Benchmark
2012,Metropolitan Statistical Area,San Antonio MSA,41700,RDEATH,Census-CBSA,PEP_Vintage_2020,61.6747979162,Peer
1998,Region,WFSRCA Region,48021-48031-48053-48055-48149-48209-48287-48299-48491,INTERNATIONALMIG,Moodys-County,Moodys,1457.2230695237756,Peer
2006,County or Equivalent,Travis County,48453,BIRTHS,Moodys-County,Moodys,15406.344268762357,Focus
2019,Metropolitan Statistical Area,Houston MSA,26420,NETMIG,Census-CBSA,PEP_Vintage_2020,37332.0,Peer
1993,National,US,00,POPESTIMATE,Moodys-US,Moodys,259971034.61085954,Benchmark
1984,State,Texas,48,DEATHS,Moodys-State,Moodys,-116291.0163798961,Benchmark
2018,State,Texas,48,GQESTIMATES,Census-County-State-US,PEP_Vintage_2020,600240.0,Benchmark
1993,Metropolitan Statistical Area,Dallas MSA,19100,RESIDUAL,Moodys-CBSA,Moodys,1529.5298625773037,Peer
2021,Metropolitan Statistical Area,Austin MSA,12420,RDEATH,Census-CBSA,PEP_Vintage_2025,36.656346361,Broad
2015,National,US,00,RBIRTH,Census-County-State-US,PEP_Vintage_2020,12.493249309,Benchmark
1996,State,Texas,48,INTERNATIONALMIG,Moodys-State,Moodys,145548.55024058305,Benchmark
2016,National,US,00,NATURALCHG,Census-County-State-US,PEP_Vintage_2020,1267744.0,Benchmark
2000,State,Texas,48,BIRTHS,Moodys-State,Moodys,358672.88279484754,Benchmark
1997,County or Equivalent,Travis County,48453,BIRTHS,Moodys-County,Moodys,12110.842654106917,Focus
2025,County or Equivalent,Travis County,48453,RNATURALCHG,Census-County-State-US,PEP_Vintage_2025,6.736620354,Focus
2005,Metropolitan Statistical Area,Austin MSA,12420,DOMESTICMIG,Moodys-CBSA,Moodys,20587.019313715253,Broad
1999,Metropolitan Statistical Area,Dallas MSA,19100,POPESTIMATE,Moodys-CBSA,Moodys,5054705.159270141,Peer
1988,Region,WFSRCA Region,48021-48031-48053-48055-48149-48209-48287-48299-48491,BIRTHS,Moodys-County,Moodys,5258.147711372485,Peer
2018,Metropolitan Statistical Area,Austin MSA,12420,NATURALCHG,Census-CBSA,PEP_Vintage_2020,15233.0,Broad
2019,National,US,00,RBIRTH,Census-County-State-US,PEP_Vintage_2020,11.509707816,Benchmark
2008,County or Equivalent,Travis County,48453,DEATHS,Moodys-County,Moodys,-4401.042670545107,Focus
2018,Metropolitan Statistical Area,San Antonio MSA,41700,DEATHS,Census-CBSA,PEP_Vintage_2020,-18233.0,Peer
2020,County or Equivalent,Travis County,48453,DEATHS,Census-County-State-US,PEP_Vintage_2025,-6800.0,Focus
1987,National,US,00,NATURALCHG,Moodys-US,Moodys,1677426.4173520654,Benchmark
1984,State,Texas,48,DOMESTICMIG,Moodys-State,Moodys,79752.86252497636,Benchmark
1999,Region,WFSRCA Region,48021-48031-48053-48055-48149-48209-48287-48299-48491,RESIDUAL,Moodys-County,Moodys,182.8983514612181,Peer
1988,County or Equivalent,Travis County,48453,BIRTHS,Moodys-County,Moodys,10162.957697493432,Focus
2018,County or Equivalent,Travis County,48453,NETMIG,Census-County-State-US,PEP_Vintage_2020,9707.0,Focus
2003,Metropolitan Statistical Area,Houston MSA,26420,RESIDUAL,Moodys-CBSA,Moodys,11286.999999999989,Peer
2003,National,US,00,DOMESTICMIG,Moodys-US,Moodys,833.3693872798959,Benchmark
1998,State,Texas,48,NATURALCHG,Moodys-State,Moodys,203640.9709384356,Benchmark
2017,Region,WFSRCA Region,48021-48031-48053-48055-48149-48209-48287-48299-48491,NPOPCHG,Census-County-State-US,PEP_Vintage_2020,33871.0,Peer
2025,Region,WFSRCA Region,48021-48031-48053-48055-48149-48209-48287-48299-48491,RINTERNATIONALMIG,Census-County-State-US,PEP_Vintage_2025,12.786962901999999,Peer
2009,Region,WFSRCA Region,48021-48031-48053-48055-48149-48209-48287-48299-48491,INTERNATIONALMIG,Moodys-County,Moodys,1489.4714288651664,Peer
2016,County or Equivalent,Travis County,48453,RNETMIG,Census-County-State-US,PEP_Vintage_2020,12.763767629,Focus
2011,Region,WFSRCA Region,48021-48031-48053-48055-48149-48209-48287-48299-48491,RDEATH,Census-County-State-US,PEP_Vintage_2020,83.9415168314,Peer
2019,Metropolitan Statistical Area,San Antonio MSA,41700,RDOMESTICMIG,Census-CBSA,PEP_Vintage_2020,164.2856113173,Peer
1985,Metropolitan Statistical Area,San Antonio MSA,41700,POPESTIMATE,Moodys-CBSA,Moodys,1317426.2577535878,Peer
2004,Metropolitan Statistical Area,Austin MSA,12420,DEATHS,Moodys-CBSA,Moodys,-6923.266095867158,Broad
2012,Metropolitan Statistical Area,Austin MSA,12420,DOMESTICMIG,Census-CBSA,PEP_Vintage_2020,30440.0,Broad
2021,Metropolitan Statistical Area,Dallas MSA,19100,DEATHS,Census-CBSA,PEP_Vintage_2025,-59957.0,Peer
2023,Metropolitan Statistical Area,Houston MSA,26420,RNETMIG,Census-CBSA,PEP_Vintage_2025,292.36804745,Peer
1999,State,Texas,48,DOMESTICMIG,Moodys-State,Moodys,37867.27428928717,Benchmark
1989,National,US,00,NATURALCHG,Moodys-US,Moodys,1786269.8835258586,Benchmark
2019,Place,Austin City,4805000,POPESTIMATE,Census-Place,PEP_Vintage_2020,978763.0,Peer
2011,Region,WFSRCA Region,48021-48031-48053-48055-48149-48209-48287-48299-48491,DOMESTICMIG,Census-County-State-US,PEP_Vintage_2020,15530.0,Peer
1984,Metropolitan Statistical Area,Dallas MSA,19100,DEATHS,Moodys-CBSA,Moodys,-23557.26342538772,Peer
2020,Region,WFSRCA Region,48021-48031-48053-48055-48149-48209-48287-48299-48491,POPESTIMATE,Census-County-State-US,PEP_Vintage_2025,1127877.0,Peer
2024,Metropolitan Statistical Area,Austin MSA,12420,NPOPCHG,Census-CBSA,PEP_Vintage_2025,68340.0,Broad
1995,Metropolitan Statistical Area,Dallas MSA,19100,POPESTIMATE,Moodys-CBSA,Moodys,4496174.153881883,Peer
1997,Metropolitan Statistical Area,Austin MSA,12420,NATURALCHG,Moodys-CBSA,Moodys,12343.727875310356,Broad
2004,Metropolitan Statistical Area,San Antonio MSA,41700,INTERNATIONALMIG,Moodys-CBSA,Moodys,5879.86885896614,Peer
2014,National,US,00,RESIDUAL,Census-County-State-US,PEP_Vintage_2020,0.0,Benchmark
1983,State,Texas,48,BIRTHS,Moodys-State,Moodys,298391.03101132915,Benchmark
1998,Metropolitan Statistical Area,Houston MSA,26420,NATURALCHG,Moodys-CBSA,Moodys,52600.74076234473,Peer
1999,Metropolitan Statistical Area,Houston MSA,26420,BIRTHS,Moodys-CBSA,Moodys,80497.20134205557,Peer
1983,Metropolitan Statistical Area,Austin MSA,12420,INTERNATIONALMIG,Moodys-CBSA,Moodys,-8887.610864289509,Broad
1982,Metropolitan Statistical Area,Austin MSA,12420,POPESTIMATE,Moodys-CBSA,Moodys,633459.6933680145,Broad
2025,National,US,00,NATURALCHG,Census-County-State-US,PEP_Vintage_2025,518858.0,Benchmark
2020,State,Texas,48,RESIDUAL,Census-County-State-US,PEP_Vintage_2025,1524.0,Benchmark
2016,County or Equivalent,Travis County,48453,RNATURALCHG,Census-County-State-US,PEP_Vintage_2020,9.1866607775,Focus
1987,Metropolitan Statistical Area,San Antonio MSA,41700,RESIDUAL,Moodys-CBSA,Moodys,495.4272089845172,Peer
1988,Metropolitan Statistical Area,Austin MSA,12420,POPESTIMATE,Moodys-CBSA,Moodys,817154.798336261,Broad
2018,Metropolitan Statistical Area,Houston MSA,26420,DEATHS,Census-CBSA,PEP_Vintage_2020,-42266.0,Peer
2008,Metropolitan Statistical Area,Austin MSA,12420,DOMESTICMIG,Moodys-CBSA,Moodys,29797.473445856325,Broad
2016,National,US,00,RNATURALCHG,Census-County-State-US,PEP_Vintage_2020,3.9382504935,Benchmark
1983,National,US,00,NATURALCHG,Moodys-US,Moodys,1682820.768168798,Benchmark
2015,State,Texas,48,BIRTHS,Census-County-State-US,PEP_Vintage_2020,402268.0,Benchmark
2021,Metropolitan Statistical Area,San Antonio MSA,41700,NPOPCHG,Census-CBSA,PEP_Vintage_2025,37050.0,Peer
2004,Metropolitan Statistical Area,Austin MSA,12420,BIRTHS,Moodys-CBSA,Moodys,23145.09578007151,Broad
1996,County or Equivalent,Travis County,48453,DOMESTICMIG,Moodys-County,Moodys,3161.1946376068154,Focus
2019,Metropolitan Statistical Area,San Antonio MSA,41700,BIRTHS,Census-CBSA,PEP_Vintage_2020,32313.0,Peer
1988,Metropolitan Statistical Area,Dallas MSA,19100,INTERNATIONALMIG,Moodys-CBSA,Moodys,12686.793145197993,Peer
2018,Metropolitan Statistical Area,Houston MSA,26420,RNETMIG,Census-CBSA,PEP_Vintage_2020,152.094580802,Peer
2001,Metropolitan Statistical Area,Houston MSA,26420,RESIDUAL,Moodys-CBSA,Moodys,12848.999999999996,Peer
1985,Region,WFSRCA Region,48021-48031-48053-48055-48149-48209-48287-48299-48491,BIRTHS,Moodys-County,Moodys,4890.346814402033,Peer
2025,Region,WFSRCA Region,48021-48031-48053-48055-48149-48209-48287-48299-48491,NETMIG,Census-County-State-US,PEP_Vintage_2025,33798.0,Peer
2013,Metropolitan Statistical Area,San Antonio MSA,41700,NPOPCHG,Census-CBSA,PEP_Vintage_2020,43040.0,Peer
2011,State,Texas,48,BIRTHS,Census-County-State-US,PEP_Vintage_2020,381711.0,Benchmark
2022,Metropolitan Statistical Area,Dallas MSA,19100,RINTERNATIONALMIG,Census-CBSA,PEP_Vintage_2025,43.324091638,Peer
1981,County or Equivalent,Travis County,48453,DOMESTICMIG,Moodys-County,Moodys,16181.745045735624,Focus
2012,County or Equivalent,Travis County,48453,NPOPCHG,Census-County-State-US,PEP_Vintage_2020,35256.0,Focus
2015,Region,WFSRCA Region,48021-48031-48053-48055-48149-48209-48287-48299-48491,RNETMIG,Census-County-State-US,PEP_Vintage_2020,198.5194162025,Peer
2014,State,Texas,48,RESIDUAL,Census-County-State-US,PEP_Vintage_2020,3267.0,Benchmark
2022,State,Texas,48,RNATURALCHG,Census-County-State-US,PEP_Vintage_2025,4.1258036389,Benchmark
2007,State,Texas,48,RESIDUAL,Moodys-State,Moodys,5256.000000000002,Benchmark
2014,Region,WFSRCA Region,48021-48031-48053-48055-48149-48209-48287-48299-48491,NATURALCHG,Census-County-State-US,PEP_Vintage_2020,5720.0,Peer
1982,Metropolitan Statistical Area,Houston MSA,26420,BIRTHS,Moodys-CBSA,Moodys,70064.21927331178,Peer
1987,Metropolitan Statistical Area,San Antonio MSA,41700,BIRTHS,Moodys-CBSA,Moodys,25952.551340135436,Peer
2022,State,Texas,48,RINTERNATIONALMIG,Census-County-State-US,PEP_Vintage_2025,6.6466329397,Benchmark
1984,National,US,00,RESIDUAL,Moodys-US,Moodys,66652.76653586152,Benchmark
2014,State,Texas,48,INTERNATIONALMIG,Census-County-State-US,PEP_Vintage_2020,106776.0,Benchmark
1983,National,US,00,BIRTHS,Moodys-US,Moodys,3681806.773973828,Benchmark
2021,Metropolitan Statistical Area,Houston MSA,26420,RINTERNATIONALMIG,Census-CBSA,PEP_Vintage_2025,10.103334180000001,Peer
1997,State,Texas,48,DEATHS,Moodys-State,Moodys,-143222.2083155363,Benchmark
2023,State,Texas,48,RNETMIG,Census-County-State-US,PEP_Vintage_2025,14.476558597,Benchmark
2022,Metropolitan Statistical Area,San Antonio MSA,41700,NPOPCHG,Census-CBSA,PEP_Vintage_2025,56124.0,Peer
1994,State,Texas,48,INTERNATIONALMIG,Moodys-State,Moodys,133368.31398062583,Benchmark
2022,State,Texas,48,NATURALCHG,Census-County-State-US,PEP_Vintage_2025,123136.0,Benchmark
2005,County or Equivalent,Travis County,48453,RESIDUAL,Moodys-County,Moodys,-959.9999999999967,Focus
2024,Metropolitan Statistical Area,Houston MSA,26420,RNATURALCHG,Census-CBSA,PEP_Vintage_2025,45.156784637,Peer
2024,Metropolitan Statistical Area,Dallas MSA,19100,RNETMIG,Census-CBSA,PEP_Vintage_2025,338.13479900699997,Peer
2018,County or Equivalent,Travis County,48453,RBIRTH,Census-County-State-US,PEP_Vintage_2020,12.33435163,Focus
2011,Region,WFSRCA Region,48021-48031-48053-48055-48149-48209-48287-48299-48491,GQESTIMATES,Census-County-State-US,PEP_Vintage_2020,19987.0,Peer
2019,Metropolitan Statistical Area,Houston MSA,26420,RINTERNATIONALMIG,Census-CBSA,PEP_Vintage_2020,15.5227762547,Peer
2013,Metropolitan Statistical Area,Austin MSA,12420,NATURALCHG,Census-CBSA,PEP_Vintage_2020,16313.0,Broad
2020,Metropolitan Statistical Area,Austin MSA,12420,DEATHS,Census-CBSA,PEP_Vintage_2025,-13004.0,Broad
2004,Metropolitan Statistical Area,Houston MSA,26420,DOMESTICMIG,Moodys-CBSA,Moodys,-3448.132458639624,Peer
2020,Region,WFSRCA Region,48021-48031-48053-48055-48149-48209-48287-48299-48491,GQESTIMATES,Census-County-State-US,PEP_Vintage_2025,19065.0,Peer
2019,County or Equivalent,Travis County,48453,INTERNATIONALMIG,Census-County-State-US,PEP_Vintage_2020,4331.0,Focus
1989,State,Texas,48,NATURALCHG,Moodys-State,Moodys,179800.0443268354,Benchmark
2024,Metropolitan Statistical Area,Dallas MSA,19100,RESIDUAL,Census-CBSA,PEP_Vintage_2025,471.0,Peer
2014,Region,WFSRCA Region,48021-48031-48053-48055-48149-48209-48287-48299-48491,DEATHS,Census-County-State-US,PEP_Vintage_2020,-5516.0,Peer
2006,Region,WFSRCA Region,48021-48031-48053-48055-48149-48209-48287-48299-48491,RESIDUAL,Moodys-County,Moodys,-217.00000000000034,Peer
1997,Metropolitan Statistical Area,Austin MSA,12420,DOMESTICMIG,Moodys-CBSA,Moodys,14365.020719871614,Broad
1994,Metropolitan Statistical Area,Dallas MSA,19100,BIRTHS,Moodys-CBSA,Moodys,76046.32042545713,Peer
1988,County or Equivalent,Travis County,48453,NATURALCHG,Moodys-County,Moodys,7274.022907622184,Focus
2001,County or Equivalent,Travis County,48453,BIRTHS,Moodys-County,Moodys,14421.538689205048,Focus
2014,Metropolitan Statistical Area,Dallas MSA,19100,RNATURALCHG,Census-CBSA,PEP_Vintage_2020,66.0624084103,Peer
2007,County or Equivalent,Travis County,48453,RESIDUAL,Moodys-County,Moodys,28.000000000000014,Focus
2015,County or Equivalent,Travis County,48453,RBIRTH,Census-County-State-US,PEP_Vintage_2020,14.053251267,Focus
2024,County or Equivalent,Travis County,48453,RNATURALCHG,Census-County-State-US,PEP_Vintage_2025,6.872665814,Focus
2025,Metropolitan Statistical Area,Houston MSA,26420,DEATHS,Census-CBSA,PEP_Vintage_2025,-49031.0,Peer
2005,Metropolitan Statistical Area,Dallas MSA,19100,POPESTIMATE,Moodys-CBSA,Moodys,5722444.000000003,Peer
2001,Place,"Fountain, CO",0827865,POPESTIMATE,Census-Place,PEP City and Town Intercensal Datasets: 2000-2010,16744.0,Peer
1997,National,US,00,NATURALCHG,Moodys-US,Moodys,1599150.9343892245,Benchmark
2001,Region,WFSRCA Region,48021-48031-48053-48055-48149-48209-48287-48299-48491,BIRTHS,Moodys-County,Moodys,8842.579066266919,Peer
2021,National,US,00,NATURALCHG,Census-County-State-US,PEP_Vintage_2025,146036.0,Benchmark
2008,Region,WFSRCA Region,48021-48031-48053-48055-48149-48209-48287-48299-48491,INTERNATIONALMIG,Moodys-County,Moodys,1370.6375364107287,Peer
2013,Region,WFSRCA Region,48021-48031-48053-48055-48149-48209-48287-48299-48491,GQESTIMATES,Census-County-State-US,PEP_Vintage_2020,20855.0,Peer
1982,Region,WFSRCA Region,48021-48031-48053-48055-48149-48209-48287-48299-48491,RESIDUAL,Moodys-County,Moodys,90.36099088902454,Peer
2010,County or Equivalent,Travis County,48453,CENSUS,Census-County-State-US,PEP_Vintage_2020,1024266.0,Focus
2018,County or Equivalent,Travis County,48453,RDEATH,Census-County-State-US,PEP_Vintage_2020,4.617500099,Focus
1990,Metropolitan Statistical Area,Dallas MSA,19100,BIRTHS,Moodys-CBSA,Moodys,73963.98877273675,Peer
1991,Metropolitan Statistical Area,Houston MSA,26420,RESIDUAL,Moodys-CBSA,Moodys,1392.5994217542607,Peer
2011,Metropolitan Statistical Area,Austin MSA,12420,DEATHS,Census-CBSA,PEP_Vintage_2020,-8330.0,Broad
2016,Metropolitan Statistical Area,Houston MSA,26420,RNETMIG,Census-CBSA,PEP_Vintage_2020,179.8366163258,Peer
2014,National,US,00,POPESTIMATE,Census-County-State-US,PEP_Vintage_2020,318386329.0,Benchmark
2007,Region,WFSRCA Region,48021-48031-48053-48055-48149-48209-48287-48299-48491,NATURALCHG,Moodys-County,Moodys,6338.634120406725,Peer
2011,Metropolitan Statistical Area,San Antonio MSA,41700,RNATURALCHG,Census-CBSA,PEP_Vintage_2020,28.1988924632,Peer
2025,State,Texas,48,NATURALCHG,Census-County-State-US,PEP_Vintage_2025,157711.0,Benchmark
2001,Metropolitan Statistical Area,Dallas MSA,19100,INTERNATIONALMIG,Moodys-CBSA,Moodys,41934.5982512,Peer
1996,Metropolitan Statistical Area,Houston MSA,26420,POPESTIMATE,Moodys-CBSA,Moodys,4334019.920508418,Peer
2002,National,US,00,POPESTIMATE,Moodys-US,Moodys,287693093.0,Benchmark
2012,Metropolitan Statistical Area,Dallas MSA,19100,NPOPCHG,Census-CBSA,PEP_Vintage_2020,133969.0,Peer
2024,Metropolitan Statistical Area,Dallas MSA,19100,RBIRTH,Census-CBSA,PEP_Vintage_2025,136.09006044,Peer
2008,County or Equivalent,Travis County,48453,INTERNATIONALMIG,Moodys-County,Moodys,5902.543399405027,Focus
1999,County or Equivalent,Travis County,48453,DEATHS,Moodys-County,Moodys,-3640.8980230259394,Focus
2012,Metropolitan Statistical Area,San Antonio MSA,41700,NETMIG,Census-CBSA,PEP_Vintage_2020,26587.0,Peer
2022,Metropolitan Statistical Area,Austin MSA,12420,RESIDUAL,Census-CBSA,PEP_Vintage_2025,2222.0,Broad
2015,Metropolitan Statistical Area,Houston MSA,26420,DOMESTICMIG,Census-CBSA,PEP_Vintage_2020,62408.0,Peer
2016,State,Texas,48,DEATHS,Census-County-State-US,PEP_Vintage_2020,-188784.0,Benchmark
2012,Metropolitan Statistical Area,Dallas MSA,19100,NATURALCHG,Census-CBSA,PEP_Vintage_2020,57623.0,Peer
2010,Metropolitan Statistical Area,San Antonio MSA,41700,CENSUS,Census-CBSA,PEP_Vintage_2020,2142508.0,Peer
1989,State,Texas,48,INTERNATIONALMIG,Moodys-State,Moodys,10482.696794060932,Benchmark
2001,National,US,00,RESIDUAL,Moodys-US,Moodys,79965.19000325842,Benchmark
1984,Region,WFSRCA Region,48021-48031-48053-48055-48149-48209-48287-48299-48491,DEATHS,Moodys-County,Moodys,-2363.9610750691722,Peer
1989,National,US,00,DOMESTICMIG,Moodys-US,Moodys,997.6623914415541,Benchmark
2014,Metropolitan Statistical Area,Austin MSA,12420,RBIRTH,Census-CBSA,PEP_Vintage_2020,65.48851492200001,Broad
2006,National,US,00,DOMESTICMIG,Moodys-US,Moodys,1269.8140504928,Benchmark
2018,Metropolitan Statistical Area,San Antonio MSA,41700,RBIRTH,Census-CBSA,PEP_Vintage_2020,89.63753635329999,Peer
1985,Metropolitan Statistical Area,Austin MSA,12420,DEATHS,Moodys-CBSA,Moodys,-4259.318273165655,Broad
2016,Metropolitan Statistical Area,Dallas MSA,19100,RNATURALCHG,Census-CBSA,PEP_Vintage_2020,64.3808214975,Peer
1998,County or Equivalent,Travis County,48453,INTERNATIONALMIG,Moodys-County,Moodys,10473.961850431486,Focus
2017,Metropolitan Statistical Area,Dallas MSA,19100,RDOMESTICMIG,Census-CBSA,PEP_Vintage_2020,218.3910340168,Peer
2000,National,US,00,RESIDUAL,Moodys-US,Moodys,79190.78512037767,Benchmark
2014,Metropolitan Statistical Area,Dallas MSA,19100,RDEATH,Census-CBSA,PEP_Vintage_2020,78.0622486112,Peer
2017,State,Texas,48,RESIDUAL,Census-County-State-US,PEP_Vintage_2020,713.0,Benchmark
1987,Metropolitan Statistical Area,Houston MSA,26420,DEATHS,Moodys-CBSA,Moodys,-21466.73892676622,Peer
2025,National,US,00,NETMIG,Census-County-State-US,PEP_Vintage_2025,1262202.0,Benchmark
2023,Region,WFSRCA Region,48021-48031-48053-48055-48149-48209-48287-48299-48491,RBIRTH,Census-County-State-US,PEP_Vintage_2025,103.54004697399999,Peer
2019,Metropolitan Statistical Area,Austin MSA,12420,NETMIG,Census-CBSA,PEP_Vintage_2020,46957.0,Broad
1984,Metropolitan Statistical Area,San Antonio MSA,41700,RESIDUAL,Moodys-CBSA,Moodys,458.31951823918627,Peer
2018,Metropolitan Statistical Area,Dallas MSA,19100,NPOPCHG,Census-CBSA,PEP_Vintage_2020,119879.0,Peer
2021,Region,WFSRCA Region,48021-48031-48053-48055-48149-48209-48287-48299-48491,RDEATH,Census-County-State-US,PEP_Vintage_2025,104.329326067,Peer
2005,Region,WFSRCA Region,48021-48031-48053-48055-48149-48209-48287-48299-48491,DOMESTICMIG,Moodys-County,Moodys,17729.759678558217,Peer
2004,Metropolitan Statistical Area,Houston MSA,26420,BIRTHS,Moodys-CBSA,Moodys,88426.0430404334,Peer
2015,Place,"Fountain, CO",0827865,POPESTIMATE,Census-Place,PEP_Vintage_2020,28735.0,Peer
2009,Metropolitan Statistical Area,San Antonio MSA,41700,DEATHS,Moodys-CBSA,Moodys,-14484.946655417045,Peer
1992,Metropolitan Statistical Area,Dallas MSA,19100,RESIDUAL,Moodys-CBSA,Moodys,1497.0757615872785,Peer
2005,Metropolitan Statistical Area,Dallas MSA,19100,BIRTHS,Moodys-CBSA,Moodys,97444.97302463229,Peer
2012,Metropolitan Statistical Area,San Antonio MSA,41700,GQESTIMATES,Census-CBSA,PEP_Vintage_2020,49140.0,Peer
2022,Metropolitan Statistical Area,Houston MSA,26420,GQESTIMATES,Census-CBSA,PEP_Vintage_2025,86162.0,Peer
2012,National,US,00,BIRTHS,Census-County-State-US,PEP_Vintage_2020,3936976.0,Benchmark
2023,Metropolitan Statistical Area,Dallas MSA,19100,RESIDUAL,Census-CBSA,PEP_Vintage_2025,1154.0,Peer
1996,National,US,00,POPESTIMATE,Moodys-US,Moodys,269452048.6723563,Benchmark
2014,State,Texas,48,GQESTIMATES,Census-County-State-US,PEP_Vintage_2020,599882.0,Benchmark
2001,National,US,00,POPESTIMATE,Moodys-US,Moodys,285036340.0,Benchmark
2023,Metropolitan Statistical Area,Houston MSA,26420,POPESTIMATE,Census-CBSA,PEP_Vintage_2025,7587646.0,Peer
1986,National,US,00,DEATHS,Moodys-US,Moodys,-2091788.0840430527,Benchmark
2022,County or Equivalent,Travis County,48453,DEATHS,Census-County-State-US,PEP_Vintage_2025,-7212.0,Focus
1995,Region,WFSRCA Region,48021-48031-48053-48055-48149-48209-48287-48299-48491,DEATHS,Moodys-County,Moodys,-2968.0485718756854,Peer
2024,Metropolitan Statistical Area,Houston MSA,26420,NATURALCHG,Census-CBSA,PEP_Vintage_2025,47772.0,Peer
1994,State,Texas,48,BIRTHS,Moodys-State,Moodys,326531.779091347,Benchmark
1996,Metropolitan Statistical Area,Dallas MSA,19100,NATURALCHG,Moodys-CBSA,Moodys,49703.022942965166,Peer
2005,Region,WFSRCA Region,48021-48031-48053-48055-48149-48209-48287-48299-48491,RESIDUAL,Moodys-County,Moodys,-482.9999999999984,Peer
1999,Metropolitan Statistical Area,Dallas MSA,19100,DOMESTICMIG,Moodys-CBSA,Moodys,34028.77063075196,Peer
2011,Metropolitan Statistical Area,Dallas MSA,19100,RBIRTH,Census-CBSA,PEP_Vintage_2020,145.782013328,Peer
2010,Region,WFSRCA Region,48021-48031-48053-48055-48149-48209-48287-48299-48491,CENSUS,Census-County-State-US,PEP_Vintage_2020,805737.0,Peer
2007,County or Equivalent,Travis County,48453,POPESTIMATE,Moodys-County,Moodys,955399.0000000002,Focus
2020,County or Equivalent,Travis County,48453,GQESTIMATESBASE,Census-County-State-US,PEP_Vintage_2025,33310.0,Focus
1985,Metropolitan Statistical Area,Austin MSA,12420,DOMESTICMIG,Moodys-CBSA,Moodys,21066.763292670417,Broad
2018,Metropolitan Statistical Area,Houston MSA,26420,POPESTIMATE,Census-CBSA,PEP_Vintage_2020,7003672.0,Peer
2013,State,Texas,48,RNETMIG,Census-County-State-US,PEP_Vintage_2020,7.1223587747,Benchmark
1984,State,Texas,48,BIRTHS,Moodys-State,Moodys,294121.0604561015,Benchmark
2011,Metropolitan Statistical Area,Austin MSA,12420,INTERNATIONALMIG,Census-CBSA,PEP_Vintage_2020,5206.0,Broad
2022,County or Equivalent,Travis County,48453,GQESTIMATES,Census-County-State-US,PEP_Vintage_2025,34660.0,Focus
2017,Metropolitan Statistical Area,San Antonio MSA,41700,RESIDUAL,Census-CBSA,PEP_Vintage_2020,86.0,Peer
2002,Metropolitan Statistical Area,Houston MSA,26420,POPESTIMATE,Moodys-CBSA,Moodys,4960495.999999999,Peer
1995,Metropolitan Statistical Area,Dallas MSA,19100,BIRTHS,Moodys-CBSA,Moodys,77037.10346782138,Peer
2003,Metropolitan Statistical Area,Dallas MSA,19100,DEATHS,Moodys-CBSA,Moodys,-31787.756658268223,Peer
2025,National,US,00,POPESTIMATE,Census-County-State-US,PEP_Vintage_2025,341784857.0,Benchmark
1995,Metropolitan Statistical Area,Houston MSA,26420,POPESTIMATE,Moodys-CBSA,Moodys,4246398.269382283,Peer
1982,Metropolitan Statistical Area,Houston MSA,26420,NATURALCHG,Moodys-CBSA,Moodys,49634.95004081391,Peer
2011,Metropolitan Statistical Area,Dallas MSA,19100,INTERNATIONALMIG,Census-CBSA,PEP_Vintage_2020,19843.0,Peer
1995,County or Equivalent,Travis County,48453,DOMESTICMIG,Moodys-County,Moodys,6324.071204882362,Focus
1991,State,Texas,48,RESIDUAL,Moodys-State,Moodys,6209.9999999999945,Benchmark
2023,County or Equivalent,Travis County,48453,GQESTIMATES,Census-County-State-US,PEP_Vintage_2025,35360.0,Focus
2006,State,Texas,48,RESIDUAL,Moodys-State,Moodys,-4677.000000000004,Benchmark
1985,Metropolitan Statistical Area,Houston MSA,26420,DEATHS,Moodys-CBSA,Moodys,-21298.60216968193,Peer
2019,Metropolitan Statistical Area,Austin MSA,12420,NPOPCHG,Census-CBSA,PEP_Vintage_2020,61301.0,Broad
2025,State,Texas,48,INTERNATIONALMIG,Census-County-State-US,PEP_Vintage_2025,167475.0,Benchmark
2025,National,US,00,RDEATH,Census-County-State-US,PEP_Vintage_2025,9.0984294966,Benchmark
1981,County or Equivalent,Travis County,48453,POPESTIMATE,Moodys-County,Moodys,430438.42352248915,Focus
2020,County or Equivalent,Travis County,48453,GQESTIMATES,Census-County-State-US,PEP_Vintage_2025,33306.0,Focus
1985,Metropolitan Statistical Area,Houston MSA,26420,RESIDUAL,Moodys-CBSA,Moodys,1300.55197903925,Peer
1981,Region,WFSRCA Region,48021-48031-48053-48055-48149-48209-48287-48299-48491,RESIDUAL,Moodys-County,Moodys,85.89696149583341,Peer
1984,National,US,00,INTERNATIONALMIG,Moodys-US,Moodys,385347.7054798132,Benchmark
2003,State,Texas,48,POPESTIMATE,Moodys-State,Moodys,22030930.999999996,Benchmark
2010,Metropolitan Statistical Area,Dallas MSA,19100,GQESTIMATES,Census-CBSA,PEP_Vintage_2020,77528.0,Peer
2015,Metropolitan Statistical Area,Austin MSA,12420,RDOMESTICMIG,Census-CBSA,PEP_Vintage_2020,112.5989265739,Broad
2020,State,Texas,48,DOMESTICMIG,Census-County-State-US,PEP_Vintage_2025,210008.0,Benchmark
1989,Metropolitan Statistical Area,Dallas MSA,19100,INTERNATIONALMIG,Moodys-CBSA,Moodys,9990.742027102777,Peer
2010,Metropolitan Statistical Area,Austin MSA,12420,NPOPCHG,Census-CBSA,PEP_Vintage_2020,11207.0,Broad
2019,Metropolitan Statistical Area,Austin MSA,12420,INTERNATIONALMIG,Census-CBSA,PEP_Vintage_2020,5452.0,Broad
2021,State,Texas,48,BIRTHS,Census-County-State-US,PEP_Vintage_2025,364360.0,Benchmark
2013,Metropolitan Statistical Area,Houston MSA,26420,POPESTIMATE,Census-CBSA,PEP_Vintage_2020,6354367.0,Peer
1996,Place,Austin City,4805000,POPESTIMATE,Census-Place,PEP City and Town Postcensal Tables: 1990-2000,565537.0,Peer
2023,Metropolitan Statistical Area,San Antonio MSA,41700,RBIRTH,Census-CBSA,PEP_Vintage_2025,84.996250433,Peer
2022,County or Equivalent,Travis County,48453,RDEATH,Census-County-State-US,PEP_Vintage_2025,5.452963839,Focus
2021,Region,WFSRCA Region,48021-48031-48053-48055-48149-48209-48287-48299-48491,GQESTIMATES,Census-County-State-US,PEP_Vintage_2025,18918.0,Peer
1983,State,Texas,48,RESIDUAL,Moodys-State,Moodys,5622.999999999996,Benchmark
1998,County or Equivalent,Travis County,48453,POPESTIMATE,Moodys-County,Moodys,761335.026150927,Focus
2000,County or Equivalent,Travis County,48453,INTERNATIONALMIG,Moodys-County,Moodys,6307.827768184076,Focus
1984,Metropolitan Statistical Area,Houston MSA,26420,POPESTIMATE,Moodys-CBSA,Moodys,3636812.636491052,Peer
2017,Metropolitan Statistical Area,Dallas MSA,19100,NETMIG,Census-CBSA,PEP_Vintage_2020,87148.0,Peer
2015,National,US,00,RESIDUAL,Census-County-State-US,PEP_Vintage_2020,0.0,Benchmark
2023,Metropolitan Statistical Area,Dallas MSA,19100,DEATHS,Census-CBSA,PEP_Vintage_2025,-53140.0,Peer
2023,Metropolitan Statistical Area,Dallas MSA,19100,RINTERNATIONALMIG,Census-CBSA,PEP_Vintage_2025,59.68162693,Peer
2012,Metropolitan Statistical Area,San Antonio MSA,41700,RDOMESTICMIG,Census-CBSA,PEP_Vintage_2020,108.08112778030001,Peer
2018,Metropolitan Statistical Area,Houston MSA,26420,RINTERNATIONALMIG,Census-CBSA,PEP_Vintage_2020,16.3883138766,Peer
1999,National,US,00,POPESTIMATE,Moodys-US,Moodys,279101505.7223796,Benchmark
2021,Metropolitan Statistical Area,San Antonio MSA,41700,BIRTHS,Census-CBSA,PEP_Vintage_2025,30923.0,Peer
1990,Metropolitan Statistical Area,Dallas MSA,19100,DOMESTICMIG,Moodys-CBSA,Moodys,9230.133685125596,Peer
1982,Metropolitan Statistical Area,Dallas MSA,19100,RESIDUAL,Moodys-CBSA,Moodys,1153.4918290624894,Peer
2008,State,Texas,48,INTERNATIONALMIG,Moodys-State,Moodys,98970.47867727965,Benchmark
2015,County or Equivalent,Travis County,48453,NPOPCHG,Census-County-State-US,PEP_Vintage_2020,27592.0,Focus
2000,National,US,00,NATURALCHG,Moodys-US,Moodys,1632265.3286340507,Benchmark
1986,Region,WFSRCA Region,48021-48031-48053-48055-48149-48209-48287-48299-48491,BIRTHS,Moodys-County,Moodys,5365.562135031405,Peer
2010,County or Equivalent,Travis County,48453,NATURALCHG,Census-County-State-US,PEP_Vintage_2020,10984.0,Focus
2023,Region,WFSRCA Region,48021-48031-48053-48055-48149-48209-48287-48299-48491,POPESTIMATE,Census-County-State-US,PEP_Vintage_2025,1279661.0,Peer
1983,Metropolitan Statistical Area,San Antonio MSA,41700,RESIDUAL,Moodys-CBSA,Moodys,447.66660045123297,Peer
1996,Metropolitan Statistical Area,Dallas MSA,19100,DEATHS,Moodys-CBSA,Moodys,-29711.913106862343,Peer
1991,Region,WFSRCA Region,48021-48031-48053-48055-48149-48209-48287-48299-48491,BIRTHS,Moodys-County,Moodys,5154.308778871236,Peer
2005,Region,WFSRCA Region,48021-48031-48053-48055-48149-48209-48287-48299-48491,BIRTHS,Moodys-County,Moodys,9944.380242063224,Peer
2010,National,US,00,NPOPCHG,Census-County-State-US,PEP_Vintage_2020,569038.0,Benchmark
1988,Metropolitan Statistical Area,Houston MSA,26420,NATURALCHG,Moodys-CBSA,Moodys,44386.34513980608,Peer
2024,Metropolitan Statistical Area,Austin MSA,12420,DEATHS,Census-CBSA,PEP_Vintage_2025,-13574.0,Broad
2024,Metropolitan Statistical Area,Dallas MSA,19100,RDOMESTICMIG,Census-CBSA,PEP_Vintage_2025,256.560221331,Peer
2024,Metropolitan Statistical Area,San Antonio MSA,41700,GQESTIMATES,Census-CBSA,PEP_Vintage_2025,49389.0,Peer
2002,Metropolitan Statistical Area,Houston MSA,26420,DOMESTICMIG,Moodys-CBSA,Moodys,18616.07311714303,Peer
2014,National,US,00,RBIRTH,Census-County-State-US,PEP_Vintage_2020,12.493398259,Benchmark
1991,Region,WFSRCA Region,48021-48031-48053-48055-48149-48209-48287-48299-48491,NATURALCHG,Moodys-County,Moodys,2597.8839989298676,Peer
1992,State,Texas,48,POPESTIMATE,Moodys-State,Moodys,17759738.281250004,Benchmark
2019,State,Texas,48,NPOPCHG,Census-County-State-US,PEP_Vintage_2020,362230.0,Benchmark
2012,County or Equivalent,Travis County,48453,POPESTIMATE,Census-County-State-US,PEP_Vintage_2020,1096918.0,Focus
1989,Metropolitan Statistical Area,Austin MSA,12420,DOMESTICMIG,Moodys-CBSA,Moodys,1546.5546970219657,Broad
1994,Metropolitan Statistical Area,Austin MSA,12420,POPESTIMATE,Moodys-CBSA,Moodys,988924.9901487771,Broad
2025,Metropolitan Statistical Area,San Antonio MSA,41700,BIRTHS,Census-CBSA,PEP_Vintage_2025,32606.0,Peer
2017,Metropolitan Statistical Area,San Antonio MSA,41700,RNETMIG,Census-CBSA,PEP_Vintage_2020,192.24170683399998,Peer
1999,National,US,00,INTERNATIONALMIG,Moodys-US,Moodys,1477139.3720881927,Benchmark
2024,Metropolitan Statistical Area,Houston MSA,26420,NPOPCHG,Census-CBSA,PEP_Vintage_2025,190261.0,Peer
2017,Region,WFSRCA Region,48021-48031-48053-48055-48149-48209-48287-48299-48491,RDOMESTICMIG,Census-County-State-US,PEP_Vintage_2020,193.4649803977,Peer
2014,State,Texas,48,NPOPCHG,Census-County-State-US,PEP_Vintage_2020,483446.0,Benchmark
1987,Metropolitan Statistical Area,San Antonio MSA,41700,DEATHS,Moodys-CBSA,Moodys,-9727.583730724351,Peer
2022,State,Texas,48,BIRTHS,Census-County-State-US,PEP_Vintage_2025,383791.0,Benchmark
2025,Metropolitan Statistical Area,Dallas MSA,19100,RESIDUAL,Census-CBSA,PEP_Vintage_2025,-903.0,Peer
1997,Metropolitan Statistical Area,Dallas MSA,19100,POPESTIMATE,Moodys-CBSA,Moodys,4765254.866900261,Peer
2017,County or Equivalent,Travis County,48453,RDEATH,Census-County-State-US,PEP_Vintage_2020,4.6078821329,Focus
1983,Metropolitan Statistical Area,Houston MSA,26420,NATURALCHG,Moodys-CBSA,Moodys,51063.82875168228,Peer
2020,Region,WFSRCA Region,48021-48031-48053-48055-48149-48209-48287-48299-48491,NPOPCHG,Census-County-State-US,PEP_Vintage_2025,10905.0,Peer
2002,Place,"Fountain, CO",0827865,POPESTIMATE,Census-Place,PEP City and Town Intercensal Datasets: 2000-2010,17740.0,Peer
2014,Metropolitan Statistical Area,Houston MSA,26420,RNETMIG,Census-CBSA,PEP_Vintage_2020,182.7231476875,Peer
2006,National,US,00,POPESTIMATE,Moodys-US,Moodys,298452422.0,Benchmark
2012,Metropolitan Statistical Area,Houston MSA,26420,RBIRTH,Census-CBSA,PEP_Vintage_2020,129.833295143,Peer
2015,Metropolitan Statistical Area,Houston MSA,26420,NETMIG,Census-CBSA,PEP_Vintage_2020,108705.0,Peer
2018,Region,WFSRCA Region,48021-48031-48053-48055-48149-48209-48287-48299-48491,NPOPCHG,Census-County-State-US,PEP_Vintage_2020,33101.0,Peer
1982,Metropolitan Statistical Area,San Antonio MSA,41700,BIRTHS,Moodys-CBSA,Moodys,22671.43544701403,Peer
2009,Metropolitan Statistical Area,San Antonio MSA,41700,NATURALCHG,Moodys-CBSA,Moodys,19673.636925321243,Peer
2017,Metropolitan Statistical Area,San Antonio MSA,41700,NATURALCHG,Census-CBSA,PEP_Vintage_2020,15643.0,Peer
1987,Metropolitan Statistical Area,Austin MSA,12420,BIRTHS,Moodys-CBSA,Moodys,14904.782362903428,Broad
2017,State,Texas,48,INTERNATIONALMIG,Census-County-State-US,PEP_Vintage_2020,96215.0,Benchmark
1995,Metropolitan Statistical Area,Dallas MSA,19100,RESIDUAL,Moodys-CBSA,Moodys,1604.8319306326284,Peer
2018,Metropolitan Statistical Area,Dallas MSA,19100,NATURALCHG,Census-CBSA,PEP_Vintage_2020,52277.0,Peer
2013,Metropolitan Statistical Area,Houston MSA,26420,RNATURALCHG,Census-CBSA,PEP_Vintage_2020,55.6632938948,Peer
2015,Metropolitan Statistical Area,San Antonio MSA,41700,RDOMESTICMIG,Census-CBSA,PEP_Vintage_2020,154.540042785,Peer
1993,National,US,00,RESIDUAL,Moodys-US,Moodys,72226.8446902976,Benchmark
2021,National,US,00,RNETMIG,Census-County-State-US,PEP_Vintage_2025,1.1331574861,Benchmark
2017,Region,WFSRCA Region,48021-48031-48053-48055-48149-48209-48287-48299-48491,RBIRTH,Census-County-State-US,PEP_Vintage_2020,97.1151632283,Peer
1983,Metropolitan Statistical Area,Houston MSA,26420,BIRTHS,Moodys-CBSA,Moodys,71954.52263337359,Peer
2015,Metropolitan Statistical Area,Dallas MSA,19100,GQESTIMATES,Census-CBSA,PEP_Vintage_2020,81668.0,Peer
2005,Region,WFSRCA Region,48021-48031-48053-48055-48149-48209-48287-48299-48491,DEATHS,Moodys-County,Moodys,-3933.279689409097,Peer
1994,County or Equivalent,Travis County,48453,DOMESTICMIG,Moodys-County,Moodys,6741.655562296369,Focus
2015,Metropolitan Statistical Area,Houston MSA,26420,RDEATH,Census-CBSA,PEP_Vintage_2020,76.0508925492,Peer
2018,National,US,00,RDOMESTICMIG,Census-County-State-US,PEP_Vintage_2020,0.0,Benchmark
2004,County or Equivalent,Travis County,48453,NATURALCHG,Moodys-County,Moodys,10798.00860762033,Focus
2018,National,US,00,DEATHS,Census-County-State-US,PEP_Vintage_2020,-2839277.0,Benchmark
2024,County or Equivalent,Travis County,48453,RNETMIG,Census-County-State-US,PEP_Vintage_2025,8.991279595,Focus
1993,State,Texas,48,DEATHS,Moodys-State,Moodys,-132686.29490247637,Benchmark
2003,Metropolitan Statistical Area,Dallas MSA,19100,POPESTIMATE,Moodys-CBSA,Moodys,5523936.999999998,Peer
2001,Metropolitan Statistical Area,San Antonio MSA,41700,DOMESTICMIG,Moodys-CBSA,Moodys,10138.486973858993,Peer
2018,Region,WFSRCA Region,48021-48031-48053-48055-48149-48209-48287-48299-48491,RINTERNATIONALMIG,Census-County-State-US,PEP_Vintage_2020,3.5980032749,Peer
2006,Metropolitan Statistical Area,San Antonio MSA,41700,DOMESTICMIG,Moodys-CBSA,Moodys,37521.42427365174,Peer
2021,State,Texas,48,RBIRTH,Census-County-State-US,PEP_Vintage_2025,12.390970487,Benchmark
2014,County or Equivalent,Travis County,48453,RDEATH,Census-County-State-US,PEP_Vintage_2020,4.3450794964,Focus
2017,Metropolitan Statistical Area,Dallas MSA,19100,BIRTHS,Census-CBSA,PEP_Vintage_2020,99533.0,Peer
2006,National,US,00,DEATHS,Moodys-US,Moodys,-2416438.8543233247,Benchmark
2013,Metropolitan Statistical Area,Austin MSA,12420,RDOMESTICMIG,Census-CBSA,PEP_Vintage_2020,82.3890446959,Broad
2003,Region,WFSRCA Region,48021-48031-48053-48055-48149-48209-48287-48299-48491,INTERNATIONALMIG,Moodys-County,Moodys,958.9564922609356,Peer
1986,Metropolitan Statistical Area,San Antonio MSA,41700,NATURALCHG,Moodys-CBSA,Moodys,16213.152962336866,Peer
1981,Metropolitan Statistical Area,Austin MSA,12420,INTERNATIONALMIG,Moodys-CBSA,Moodys,-36405.856289287185,Broad
2016,Metropolitan Statistical Area,Austin MSA,12420,NPOPCHG,Census-CBSA,PEP_Vintage_2020,59994.0,Broad
1995,Metropolitan Statistical Area,San Antonio MSA,41700,INTERNATIONALMIG,Moodys-CBSA,Moodys,8986.596672706006,Peer
2023,Metropolitan Statistical Area,Dallas MSA,19100,POPESTIMATE,Census-CBSA,PEP_Vintage_2025,8164140.0,Peer
2011,County or Equivalent,Travis County,48453,GQESTIMATES,Census-County-State-US,PEP_Vintage_2020,23000.0,Focus
2011,Region,WFSRCA Region,48021-48031-48053-48055-48149-48209-48287-48299-48491,NATURALCHG,Census-County-State-US,PEP_Vintage_2020,5760.0,Peer
1989,Metropolitan Statistical Area,Austin MSA,12420,NATURALCHG,Moodys-CBSA,Moodys,9697.36298767082,Broad
2021,National,US,00,RNATURALCHG,Census-County-State-US,PEP_Vintage_2025,0.4400807036,Benchmark
2005,Metropolitan Statistical Area,San Antonio MSA,41700,BIRTHS,Moodys-CBSA,Moodys,30627.500201542774,Peer
2023,County or Equivalent,Travis County,48453,DOMESTICMIG,Census-County-State-US,PEP_Vintage_2025,-10239.0,Focus
1992,Metropolitan Statistical Area,San Antonio MSA,41700,POPESTIMATE,Moodys-CBSA,Moodys,1465365.0677212295,Peer
1991,Region,WFSRCA Region,48021-48031-48053-48055-48149-48209-48287-48299-48491,DEATHS,Moodys-County,Moodys,-2556.424779941369,Peer
1990,Metropolitan Statistical Area,Dallas MSA,19100,POPESTIMATE,Moodys-CBSA,Moodys,4009530.190561112,Peer
2011,Metropolitan Statistical Area,Austin MSA,12420,NETMIG,Census-CBSA,PEP_Vintage_2020,35999.0,Broad
2010,Region,WFSRCA Region,48021-48031-48053-48055-48149-48209-48287-48299-48491,RESIDUAL,Census-County-State-US,PEP_Vintage_2020,264.0,Peer
2010,State,Texas,48,DOMESTICMIG,Census-County-State-US,PEP_Vintage_2020,111772.0,Benchmark
2018,Metropolitan Statistical Area,San Antonio MSA,41700,NETMIG,Census-CBSA,PEP_Vintage_2020,26481.0,Peer
2024,National,US,00,RNATURALCHG,Census-County-State-US,PEP_Vintage_2025,1.5198234962,Benchmark
2015,County or Equivalent,Travis County,48453,DOMESTICMIG,Census-County-State-US,PEP_Vintage_2020,9169.0,Focus
2020,Metropolitan Statistical Area,Houston MSA,26420,DEATHS,Census-CBSA,PEP_Vintage_2025,-48168.0,Peer
1996,Metropolitan Statistical Area,Houston MSA,26420,RESIDUAL,Moodys-CBSA,Moodys,1546.9085203087625,Peer
2005,Metropolitan Statistical Area,San Antonio MSA,41700,RESIDUAL,Moodys-CBSA,Moodys,-1941.9999999999936,Peer
2004,State,Texas,48,INTERNATIONALMIG,Moodys-State,Moodys,105285.87046615548,Benchmark
2018,Region,WFSRCA Region,48021-48031-48053-48055-48149-48209-48287-48299-48491,DOMESTICMIG,Census-County-State-US,PEP_Vintage_2020,26434.0,Peer
1993,State,Texas,48,BIRTHS,Moodys-State,Moodys,324093.7363677713,Benchmark
2001,County or Equivalent,Travis County,48453,NATURALCHG,Moodys-County,Moodys,10308.163327673748,Focus
2007,National,US,00,INTERNATIONALMIG,Moodys-US,Moodys,736147.6061639251,Benchmark
2015,Metropolitan Statistical Area,San Antonio MSA,41700,NATURALCHG,Census-CBSA,PEP_Vintage_2020,17010.0,Peer
1988,Metropolitan Statistical Area,Austin MSA,12420,NATURALCHG,Moodys-CBSA,Moodys,10003.423561015863,Broad
2012,State,Texas,48,INTERNATIONALMIG,Census-County-State-US,PEP_Vintage_2020,84838.0,Benchmark
2024,Metropolitan Statistical Area,Houston MSA,26420,POPESTIMATE,Census-CBSA,PEP_Vintage_2025,7777907.0,Peer
1998,Metropolitan Statistical Area,Dallas MSA,19100,DOMESTICMIG,Moodys-CBSA,Moodys,43592.1924198384,Peer
2018,Metropolitan Statistical Area,Austin MSA,12420,RDOMESTICMIG,Census-CBSA,PEP_Vintage_2020,94.13478585819999,Broad
2019,Region,WFSRCA Region,48021-48031-48053-48055-48149-48209-48287-48299-48491,NPOPCHG,Census-County-State-US,PEP_Vintage_2020,35998.0,Peer
2015,Metropolitan Statistical Area,Austin MSA,12420,INTERNATIONALMIG,Census-CBSA,PEP_Vintage_2020,9286.0,Broad
1992,Metropolitan Statistical Area,Austin MSA,12420,BIRTHS,Moodys-CBSA,Moodys,15028.98345751974,Broad
2014,Metropolitan Statistical Area,Austin MSA,12420,POPESTIMATE,Census-CBSA,PEP_Vintage_2020,1943017.0,Broad
2001,Metropolitan Statistical Area,Houston MSA,26420,DEATHS,Moodys-CBSA,Moodys,-29456.956094041136,Peer
2020,National,US,00,NPOPCHG,Census-County-State-US,PEP_Vintage_2025,61991.0,Benchmark
1988,County or Equivalent,Travis County,48453,DEATHS,Moodys-County,Moodys,-2888.934789871248,Focus
2005,Metropolitan Statistical Area,Dallas MSA,19100,RESIDUAL,Moodys-CBSA,Moodys,1892.999999999994,Peer
2023,National,US,00,RDOMESTICMIG,Census-County-State-US,PEP_Vintage_2025,0.0,Benchmark
2024,National,US,00,RNETMIG,Census-County-State-US,PEP_Vintage_2025,8.0810705439,Benchmark
1999,Metropolitan Statistical Area,Dallas MSA,19100,RESIDUAL,Moodys-CBSA,Moodys,1804.213846828006,Peer
1999,Metropolitan Statistical Area,Houston MSA,26420,DOMESTICMIG,Moodys-CBSA,Moodys,16506.423092006655,Peer
1994,Metropolitan Statistical Area,Houston MSA,26420,BIRTHS,Moodys-CBSA,Moodys,75383.2358050691,Peer
1996,State,Texas,48,NATURALCHG,Moodys-State,Moodys,188622.15791912223,Benchmark
2016,Metropolitan Statistical Area,Houston MSA,26420,GQESTIMATES,Census-CBSA,PEP_Vintage_2020,81838.0,Peer
2018,Region,WFSRCA Region,48021-48031-48053-48055-48149-48209-48287-48299-48491,RDOMESTICMIG,Census-County-State-US,PEP_Vintage_2020,168.691109292,Peer
2003,Metropolitan Statistical Area,Austin MSA,12420,BIRTHS,Moodys-CBSA,Moodys,22459.563060976427,Broad
1992,State,Texas,48,NATURALCHG,Moodys-State,Moodys,194053.6356939921,Benchmark
2005,Metropolitan Statistical Area,Austin MSA,12420,POPESTIMATE,Moodys-CBSA,Moodys,1453358.0000000007,Broad
2008,Region,WFSRCA Region,48021-48031-48053-48055-48149-48209-48287-48299-48491,BIRTHS,Moodys-County,Moodys,11440.654550186617,Peer
2000,National,US,00,BIRTHS,Moodys-US,Moodys,4052965.647354771,Benchmark
2000,Region,WFSRCA Region,48021-48031-48053-48055-48149-48209-48287-48299-48491,RESIDUAL,Moodys-County,Moodys,193.78455412086964,Peer
1991,County or Equivalent,Travis County,48453,BIRTHS,Moodys-County,Moodys,10332.69859216053,Focus
2020,Metropolitan Statistical Area,San Antonio MSA,41700,BIRTHS,Census-CBSA,PEP_Vintage_2025,29572.0,Peer
2009,National,US,00,NATURALCHG,Moodys-US,Moodys,1775540.5489818766,Benchmark
1985,Metropolitan Statistical Area,Houston MSA,26420,NATURALCHG,Moodys-CBSA,Moodys,49500.352393538604,Peer
2008,National,US,00,NATURALCHG,Moodys-US,Moodys,1842619.8403925642,Benchmark
1997,Region,WFSRCA Region,48021-48031-48053-48055-48149-48209-48287-48299-48491,POPESTIMATE,Moodys-County,Moodys,464481.9923170458,Peer
2015,Region,WFSRCA Region,48021-48031-48053-48055-48149-48209-48287-48299-48491,RESIDUAL,Census-County-State-US,PEP_Vintage_2020,380.0,Peer
2014,Metropolitan Statistical Area,Houston MSA,26420,RNATURALCHG,Census-CBSA,PEP_Vintage_2020,59.024470395899996,Peer
2008,Metropolitan Statistical Area,Dallas MSA,19100,DEATHS,Moodys-CBSA,Moodys,-34573.30884439872,Peer
1996,State,Texas,48,DOMESTICMIG,Moodys-State,Moodys,40516.13559029497,Benchmark
2018,Region,WFSRCA Region,48021-48031-48053-48055-48149-48209-48287-48299-48491,RNETMIG,Census-County-State-US,PEP_Vintage_2020,172.289112564,Peer
2025,County or Equivalent,Travis County,48453,RNETMIG,Census-County-State-US,PEP_Vintage_2025,3.861692381,Focus
1988,Metropolitan Statistical Area,San Antonio MSA,41700,INTERNATIONALMIG,Moodys-CBSA,Moodys,-16727.53786822117,Peer
2012,State,Texas,48,NETMIG,Census-County-State-US,PEP_Vintage_2020,226441.0,Benchmark
2011,National,US,00,NATURALCHG,Census-County-State-US,PEP_Vintage_2020,1461043.0,Benchmark
2018,National,US,00,NETMIG,Census-County-State-US,PEP_Vintage_2020,719871.0,Benchmark
2025,Region,WFSRCA Region,48021-48031-48053-48055-48149-48209-48287-48299-48491,RBIRTH,Census-County-State-US,PEP_Vintage_2025,100.889188514,Peer
2024,National,US,00,NATURALCHG,Census-County-State-US,PEP_Vintage_2025,514277.0,Benchmark
1986,Metropolitan Statistical Area,Dallas MSA,19100,POPESTIMATE,Moodys-CBSA,Moodys,3731884.1724829576,Peer
2008,County or Equivalent,Travis County,48453,RESIDUAL,Moodys-County,Moodys,-23.000000000000032,Focus
2018,State,Texas,48,RINTERNATIONALMIG,Census-County-State-US,PEP_Vintage_2020,2.4294926023,Benchmark
2014,State,Texas,48,RDEATH,Census-County-State-US,PEP_Vintage_2020,6.763949856,Benchmark
2014,Metropolitan Statistical Area,San Antonio MSA,41700,NPOPCHG,Census-CBSA,PEP_Vintage_2020,48868.0,Peer
1995,National,US,00,INTERNATIONALMIG,Moodys-US,Moodys,1414416.184515862,Benchmark
1987,Metropolitan Statistical Area,Houston MSA,26420,INTERNATIONALMIG,Moodys-CBSA,Moodys,-75454.5957712362,Peer
2024,Metropolitan Statistical Area,San Antonio MSA,41700,RDEATH,Census-CBSA,PEP_Vintage_2025,74.35595584,Peer
2013,State,Texas,48,RNATURALCHG,Census-County-State-US,PEP_Vintage_2020,7.8299184271,Benchmark
2016,Metropolitan Statistical Area,Austin MSA,12420,RINTERNATIONALMIG,Census-CBSA,PEP_Vintage_2020,12.2324801472,Broad
1985,State,Texas,48,NATURALCHG,Moodys-State,Moodys,186855.01344210305,Benchmark
2005,National,US,00,INTERNATIONALMIG,Moodys-US,Moodys,954029.1949186584,Benchmark
2021,Metropolitan Statistical Area,San Antonio MSA,41700,RDEATH,Census-CBSA,PEP_Vintage_2025,89.017495962,Peer
2014,National,US,00,BIRTHS,Census-County-State-US,PEP_Vintage_2020,3963195.0,Benchmark
2020,Place,Austin City,4805000,POPESTIMATE,Census-Place,PEP_Vintage_2024,965893.0,Peer
2023,County or Equivalent,Travis County,48453,RESIDUAL,Census-County-State-US,PEP_Vintage_2025,-243.0,Focus
2010,Metropolitan Statistical Area,Austin MSA,12420,GQESTIMATES,Census-CBSA,PEP_Vintage_2020,40877.0,Broad
2017,Place,"Fountain, CO",0827865,POPESTIMATE,Census-Place,PEP_Vintage_2020,29766.0,Peer
2024,National,US,00,RDEATH,Census-County-State-US,PEP_Vintage_2025,9.1434046398,Benchmark
1990,Metropolitan Statistical Area,Austin MSA,12420,BIRTHS,Moodys-CBSA,Moodys,14290.114671206853,Broad
2024,State,Texas,48,NATURALCHG,Census-County-State-US,PEP_Vintage_2025,157366.0,Benchmark
1982,National,US,00,RESIDUAL,Moodys-US,Moodys,65558.25645300795,Benchmark
2021,County or Equivalent,Travis County,48453,GQESTIMATES,Census-County-State-US,PEP_Vintage_2025,34401.0,Focus
2017,Metropolitan Statistical Area,Houston MSA,26420,BIRTHS,Census-CBSA,PEP_Vintage_2020,99109.0,Peer
2014,Metropolitan Statistical Area,Houston MSA,26420,BIRTHS,Census-CBSA,PEP_Vintage_2020,97694.0,Peer
2000,State,Texas,48,RESIDUAL,Moodys-State,Moodys,7475.999999999999,Benchmark
1987,National,US,00,RESIDUAL,Moodys-US,Moodys,68439.02251837523,Benchmark
2010,Place,Austin City,4805000,POPESTIMATE,Census-Place,PEP_Vintage_2020,806214.0,Peer
1991,Metropolitan Statistical Area,Austin MSA,12420,RESIDUAL,Moodys-CBSA,Moodys,314.34697397133516,Broad
2017,Metropolitan Statistical Area,Austin MSA,12420,RINTERNATIONALMIG,Census-CBSA,PEP_Vintage_2020,10.3893416841,Broad
2009,Metropolitan Statistical Area,Houston MSA,26420,RESIDUAL,Moodys-CBSA,Moodys,-65.0,Peer
2017,National,US,00,DOMESTICMIG,Census-County-State-US,PEP_Vintage_2020,0.0,Benchmark
2018,Region,WFSRCA Region,48021-48031-48053-48055-48149-48209-48287-48299-48491,INTERNATIONALMIG,Census-County-State-US,PEP_Vintage_2020,1270.0,Peer
2025,Metropolitan Statistical Area,Dallas MSA,19100,RNATURALCHG,Census-CBSA,PEP_Vintage_2025,54.767951384,Peer
2014,Region,WFSRCA Region,48021-48031-48053-48055-48149-48209-48287-48299-48491,BIRTHS,Census-County-State-US,PEP_Vintage_2020,11236.0,Peer
2024,State,Texas,48,NPOPCHG,Census-County-State-US,PEP_Vintage_2025,599331.0,Benchmark
2016,Metropolitan Statistical Area,Dallas MSA,19100,RDOMESTICMIG,Census-CBSA,PEP_Vintage_2020,205.5539312266,Peer
2025,Metropolitan Statistical Area,Austin MSA,12420,RNETMIG,Census-CBSA,PEP_Vintage_2025,113.762271761,Broad
2021,National,US,00,NETMIG,Census-County-State-US,PEP_Vintage_2025,376026.0,Benchmark
2017,Region,WFSRCA Region,48021-48031-48053-48055-48149-48209-48287-48299-48491,DOMESTICMIG,Census-County-State-US,PEP_Vintage_2020,26578.0,Peer
2005,State,Texas,48,POPESTIMATE,Moodys-State,Moodys,22778123.000000007,Benchmark
1988,National,US,00,DEATHS,Moodys-US,Moodys,-2164447.697950879,Benchmark
2022,Metropolitan Statistical Area,Dallas MSA,19100,NATURALCHG,Census-CBSA,PEP_Vintage_2025,42936.0,Peer
1981,State,Texas,48,POPESTIMATE,Moodys-State,Moodys,14746320.312499998,Benchmark
1988,Region,WFSRCA Region,48021-48031-48053-48055-48149-48209-48287-48299-48491,DEATHS,Moodys-County,Moodys,-2553.4586658723106,Peer
1986,State,Texas,48,INTERNATIONALMIG,Moodys-State,Moodys,72189.64581992719,Benchmark
1986,Metropolitan Statistical Area,Houston MSA,26420,INTERNATIONALMIG,Moodys-CBSA,Moodys,-18977.569905238386,Peer
1998,Metropolitan Statistical Area,San Antonio MSA,41700,RESIDUAL,Moodys-CBSA,Moodys,592.4633900809239,Peer
2005,State,Texas,48,DOMESTICMIG,Moodys-State,Moodys,53210.00000001213,Benchmark
2025,Metropolitan Statistical Area,San Antonio MSA,41700,POPESTIMATE,Census-CBSA,PEP_Vintage_2025,2813140.0,Peer
2019,Metropolitan Statistical Area,Austin MSA,12420,RBIRTH,Census-CBSA,PEP_Vintage_2020,60.156557717,Broad
2009,State,Texas,48,DEATHS,Moodys-State,Moodys,-163814.20662685164,Benchmark
2011,Metropolitan Statistical Area,Dallas MSA,19100,NETMIG,Census-CBSA,PEP_Vintage_2020,59799.0,Peer
2000,Metropolitan Statistical Area,Houston MSA,26420,INTERNATIONALMIG,Moodys-CBSA,Moodys,36651.68917434565,Peer
2014,Region,WFSRCA Region,48021-48031-48053-48055-48149-48209-48287-48299-48491,NETMIG,Census-County-State-US,PEP_Vintage_2020,23669.0,Peer
2024,Metropolitan Statistical Area,Dallas MSA,19100,POPESTIMATE,Census-CBSA,PEP_Vintage_2025,8353600.0,Peer
2022,County or Equivalent,Travis County,48453,RINTERNATIONALMIG,Census-County-State-US,PEP_Vintage_2025,11.625731,Focus
2025,Metropolitan Statistical Area,San Antonio MSA,41700,RDOMESTICMIG,Census-CBSA,PEP_Vintage_2025,142.717541657,Peer
1996,Metropolitan Statistical Area,Houston MSA,26420,BIRTHS,Moodys-CBSA,Moodys,75695.6833607397,Peer
2010,County or Equivalent,Travis County,48453,DEATHS,Census-County-State-US,PEP_Vintage_2020,-4464.0,Focus
2020,County or Equivalent,Travis County,48453,NETMIG,Census-County-State-US,PEP_Vintage_2025,4669.0,Focus
2008,Metropolitan Statistical Area,San Antonio MSA,41700,DOMESTICMIG,Moodys-CBSA,Moodys,25905.859119406614,Peer
2014,Metropolitan Statistical Area,Houston MSA,26420,RESIDUAL,Census-CBSA,PEP_Vintage_2020,1126.0,Peer
2016,Metropolitan Statistical Area,Dallas MSA,19100,BIRTHS,Census-CBSA,PEP_Vintage_2020,100304.0,Peer
2010,Metropolitan Statistical Area,Houston MSA,26420,NPOPCHG,Census-CBSA,PEP_Vintage_2020,26797.0,Peer
2020,Metropolitan Statistical Area,Houston MSA,26420,DOMESTICMIG,Census-CBSA,PEP_Vintage_2025,29564.0,Peer
2001,County or Equivalent,Travis County,48453,DOMESTICMIG,Moodys-County,Moodys,8089.754195871544,Focus
2018,National,US,00,POPESTIMATE,Census-County-State-US,PEP_Vintage_2020,326838199.0,Benchmark
2010,County or Equivalent,Travis County,48453,GQESTIMATESBASE,Census-County-State-US,PEP_Vintage_2020,23046.0,Focus
2023,Metropolitan Statistical Area,San Antonio MSA,41700,POPESTIMATE,Census-CBSA,PEP_Vintage_2025,2719892.0,Peer
2012,Metropolitan Statistical Area,Austin MSA,12420,NPOPCHG,Census-CBSA,PEP_Vintage_2020,54182.0,Broad
2011,Metropolitan Statistical Area,Houston MSA,26420,NATURALCHG,Census-CBSA,PEP_Vintage_2020,59198.0,Peer
2025,Region,WFSRCA Region,48021-48031-48053-48055-48149-48209-48287-48299-48491,BIRTHS,Census-County-State-US,PEP_Vintage_2025,15557.0,Peer
2024,Metropolitan Statistical Area,Austin MSA,12420,GQESTIMATES,Census-CBSA,PEP_Vintage_2025,55143.0,Broad
2000,Metropolitan Statistical Area,Houston MSA,26420,BIRTHS,Moodys-CBSA,Moodys,82051.717809063,Peer
1997,County or Equivalent,Travis County,48453,DEATHS,Moodys-County,Moodys,-3576.8080143207553,Focus
2018,Metropolitan Statistical Area,Houston MSA,26420,RBIRTH,Census-CBSA,PEP_Vintage_2020,124.763811084,Peer
2010,County or Equivalent,Travis County,48453,RESIDUAL,Census-County-State-US,PEP_Vintage_2020,196.0,Focus
1991,State,Texas,48,DEATHS,Moodys-State,Moodys,-124212.34472153104,Benchmark
2011,Region,WFSRCA Region,48021-48031-48053-48055-48149-48209-48287-48299-48491,NETMIG,Census-County-State-US,PEP_Vintage_2020,16448.0,Peer
2013,Region,WFSRCA Region,48021-48031-48053-48055-48149-48209-48287-48299-48491,INTERNATIONALMIG,Census-County-State-US,PEP_Vintage_2020,1154.0,Peer
2025,Region,WFSRCA Region,48021-48031-48053-48055-48149-48209-48287-48299-48491,GQESTIMATES,Census-County-State-US,PEP_Vintage_2025,21381.0,Peer
1991,Place,Austin City,4805000,POPESTIMATE,Census-Place,PEP City and Town Postcensal Tables: 1990-2000,511453.0,Peer
2013,County or Equivalent,Travis County,48453,RESIDUAL,Census-County-State-US,PEP_Vintage_2020,276.0,Focus
2006,Metropolitan Statistical Area,Dallas MSA,19100,RESIDUAL,Moodys-CBSA,Moodys,2912.0000000000055,Peer
2013,National,US,00,DOMESTICMIG,Census-County-State-US,PEP_Vintage_2020,0.0,Benchmark
2011,Region,WFSRCA Region,48021-48031-48053-48055-48149-48209-48287-48299-48491,RDOMESTICMIG,Census-County-State-US,PEP_Vintage_2020,72.0369999144,Peer
1988,Metropolitan Statistical Area,San Antonio MSA,41700,BIRTHS,Moodys-CBSA,Moodys,25573.084028234152,Peer
2017,State,Texas,48,GQESTIMATES,Census-County-State-US,PEP_Vintage_2020,600322.0,Benchmark
1998,Place,Austin City,4805000,POPESTIMATE,Census-Place,PEP City and Town Postcensal Tables: 1990-2000,579164.0,Peer
1991,Metropolitan Statistical Area,Dallas MSA,19100,BIRTHS,Moodys-CBSA,Moodys,75382.14105075329,Peer
2013,County or Equivalent,Travis County,48453,DOMESTICMIG,Census-County-State-US,PEP_Vintage_2020,9472.0,Focus
1999,National,US,00,DEATHS,Moodys-US,Moodys,-2399686.53324344,Benchmark
2024,Region,WFSRCA Region,48021-48031-48053-48055-48149-48209-48287-48299-48491,RDOMESTICMIG,Census-County-State-US,PEP_Vintage_2025,194.536330703,Peer
2000,Metropolitan Statistical Area,San Antonio MSA,41700,POPESTIMATE,Moodys-CBSA,Moodys,1720002.9999999995,Peer
2012,Metropolitan Statistical Area,Houston MSA,26420,BIRTHS,Census-CBSA,PEP_Vintage_2020,91779.0,Peer
1994,County or Equivalent,Travis County,48453,DEATHS,Moodys-County,Moodys,-3590.1792228083023,Focus
1989,Region,WFSRCA Region,48021-48031-48053-48055-48149-48209-48287-48299-48491,POPESTIMATE,Moodys-County,Moodys,340256.16278080497,Peer
2011,County or Equivalent,Travis County,48453,RNETMIG,Census-County-State-US,PEP_Vintage_2020,19.256673107,Focus
1982,Metropolitan Statistical Area,San Antonio MSA,41700,DEATHS,Moodys-CBSA,Moodys,-8760.104369762857,Peer
1990,Metropolitan Statistical Area,Houston MSA,26420,DOMESTICMIG,Moodys-CBSA,Moodys,3950.067041021857,Peer
2004,State,Texas,48,DOMESTICMIG,Moodys-State,Moodys,31835.000000008837,Benchmark
2019,National,US,00,RNATURALCHG,Census-County-State-US,PEP_Vintage_2020,2.8179483303,Benchmark
2011,Metropolitan Statistical Area,Austin MSA,12420,POPESTIMATE,Census-CBSA,PEP_Vintage_2020,1780679.0,Broad
2022,Metropolitan Statistical Area,Dallas MSA,19100,NETMIG,Census-CBSA,PEP_Vintage_2025,149714.0,Peer
1994,County or Equivalent,Travis County,48453,BIRTHS,Moodys-County,Moodys,10999.124720634189,Focus
2011,Metropolitan Statistical Area,San Antonio MSA,41700,RNETMIG,Census-CBSA,PEP_Vintage_2020,97.8177740144,Peer
1998,National,US,00,INTERNATIONALMIG,Moodys-US,Moodys,1511656.3571522206,Benchmark
1993,National,US,00,DEATHS,Moodys-US,Moodys,-2244966.319491201,Benchmark
2012,Metropolitan Statistical Area,Austin MSA,12420,NATURALCHG,Census-CBSA,PEP_Vintage_2020,16395.0,Broad
2015,State,Texas,48,RNATURALCHG,Census-County-State-US,PEP_Vintage_2020,7.879059568,Benchmark
2013,State,Texas,48,RINTERNATIONALMIG,Census-County-State-US,PEP_Vintage_2020,3.0275988977,Benchmark
2017,State,Texas,48,DOMESTICMIG,Census-County-State-US,PEP_Vintage_2020,84806.0,Benchmark
1991,Metropolitan Statistical Area,San Antonio MSA,41700,DOMESTICMIG,Moodys-CBSA,Moodys,2742.290788861421,Peer
2011,National,US,00,RNATURALCHG,Census-County-State-US,PEP_Vintage_2020,4.7061298149,Benchmark
2024,Region,WFSRCA Region,48021-48031-48053-48055-48149-48209-48287-48299-48491,BIRTHS,Census-County-State-US,PEP_Vintage_2025,15491.0,Peer
1981,Metropolitan Statistical Area,Dallas MSA,19100,DOMESTICMIG,Moodys-CBSA,Moodys,65325.88106822367,Peer
1993,Metropolitan Statistical Area,San Antonio MSA,41700,BIRTHS,Moodys-CBSA,Moodys,25920.555600044965,Peer
2007,Metropolitan Statistical Area,Houston MSA,26420,DOMESTICMIG,Moodys-CBSA,Moodys,23993.17753735622,Peer
2019,Metropolitan Statistical Area,Houston MSA,26420,DOMESTICMIG,Census-CBSA,PEP_Vintage_2020,6197.0,Peer
2001,Metropolitan Statistical Area,San Antonio MSA,41700,NATURALCHG,Moodys-CBSA,Moodys,15806.26001299548,Peer
1999,Region,WFSRCA Region,48021-48031-48053-48055-48149-48209-48287-48299-48491,INTERNATIONALMIG,Moodys-County,Moodys,1264.081127299941,Peer
2001,Metropolitan Statistical Area,San Antonio MSA,41700,DEATHS,Moodys-CBSA,Moodys,-12754.324285767669,Peer
2013,Metropolitan Statistical Area,Houston MSA,26420,BIRTHS,Census-CBSA,PEP_Vintage_2020,93325.0,Peer
2012,Region,WFSRCA Region,48021-48031-48053-48055-48149-48209-48287-48299-48491,NATURALCHG,Census-County-State-US,PEP_Vintage_2020,5435.0,Peer
2009,Metropolitan Statistical Area,Houston MSA,26420,NATURALCHG,Moodys-CBSA,Moodys,63043.91841445895,Peer
2014,Metropolitan Statistical Area,San Antonio MSA,41700,RDOMESTICMIG,Census-CBSA,PEP_Vintage_2020,141.1811362276,Peer
2014,Metropolitan Statistical Area,Austin MSA,12420,NETMIG,Census-CBSA,PEP_Vintage_2020,41225.0,Broad
2016,Metropolitan Statistical Area,San Antonio MSA,41700,RDEATH,Census-CBSA,PEP_Vintage_2020,65.32739585040001,Peer
2005,State,Texas,48,RESIDUAL,Moodys-State,Moodys,2436.999999999978,Benchmark
2010,Metropolitan Statistical Area,Dallas MSA,19100,NATURALCHG,Census-CBSA,PEP_Vintage_2020,58928.0,Peer
2010,County or Equivalent,Travis County,48453,NETMIG,Census-County-State-US,PEP_Vintage_2020,3136.0,Focus
2013,Metropolitan Statistical Area,Dallas MSA,19100,INTERNATIONALMIG,Census-CBSA,PEP_Vintage_2020,21802.0,Peer
2015,Metropolitan Statistical Area,Austin MSA,12420,RBIRTH,Census-CBSA,PEP_Vintage_2020,66.202842936,Broad
2025,Metropolitan Statistical Area,Austin MSA,12420,NATURALCHG,Census-CBSA,PEP_Vintage_2025,16621.0,Broad
2012,Region,WFSRCA Region,48021-48031-48053-48055-48149-48209-48287-48299-48491,INTERNATIONALMIG,Census-County-State-US,PEP_Vintage_2020,1167.0,Peer
2018,Metropolitan Statistical Area,San Antonio MSA,41700,RINTERNATIONALMIG,Census-CBSA,PEP_Vintage_2020,3.9981390776,Peer
1995,Metropolitan Statistical Area,San Antonio MSA,41700,BIRTHS,Moodys-CBSA,Moodys,27015.765771835893,Peer
1991,Metropolitan Statistical Area,Houston MSA,26420,BIRTHS,Moodys-CBSA,Moodys,73842.97425470805,Peer
2001,National,US,00,BIRTHS,Moodys-US,Moodys,4046459.4057069444,Benchmark
2017,Metropolitan Statistical Area,San Antonio MSA,41700,INTERNATIONALMIG,Census-CBSA,PEP_Vintage_2020,4407.0,Peer
1989,State,Texas,48,DEATHS,Moodys-State,Moodys,-124344.01202053919,Benchmark
2006,Region,WFSRCA Region,48021-48031-48053-48055-48149-48209-48287-48299-48491,INTERNATIONALMIG,Moodys-County,Moodys,1618.6810310620706,Peer
2009,Metropolitan Statistical Area,Austin MSA,12420,RESIDUAL,Moodys-CBSA,Moodys,243.9999999999999,Broad
2022,Metropolitan Statistical Area,Austin MSA,12420,RDOMESTICMIG,Census-CBSA,PEP_Vintage_2025,119.597456299,Broad
2011,Metropolitan Statistical Area,Dallas MSA,19100,RESIDUAL,Census-CBSA,PEP_Vintage_2020,119.0,Peer
2011,Metropolitan Statistical Area,San Antonio MSA,41700,DOMESTICMIG,Census-CBSA,PEP_Vintage_2020,20341.0,Peer
2024,Metropolitan Statistical Area,Dallas MSA,19100,NETMIG,Census-CBSA,PEP_Vintage_2025,138500.0,Peer
2004,National,US,00,BIRTHS,Moodys-US,Moodys,4109947.7339676726,Benchmark
2017,County or Equivalent,Travis County,48453,RNETMIG,Census-County-State-US,PEP_Vintage_2020,9.1278307205,Focus
2014,County or Equivalent,Travis County,48453,RINTERNATIONALMIG,Census-County-State-US,PEP_Vintage_2020,5.6384044538,Focus
1992,Metropolitan Statistical Area,Dallas MSA,19100,POPESTIMATE,Moodys-CBSA,Moodys,4194300.9485712405,Peer
2005,Region,WFSRCA Region,48021-48031-48053-48055-48149-48209-48287-48299-48491,NATURALCHG,Moodys-County,Moodys,6011.100552654127,Peer
2023,Metropolitan Statistical Area,Dallas MSA,19100,INTERNATIONALMIG,Census-CBSA,PEP_Vintage_2025,83062.0,Peer
2001,Region,WFSRCA Region,48021-48031-48053-48055-48149-48209-48287-48299-48491,POPESTIMATE,Moodys-County,Moodys,576860.0,Peer
2012,National,US,00,RNETMIG,Census-County-State-US,PEP_Vintage_2020,2.7459291744,Benchmark
2011,Metropolitan Statistical Area,Austin MSA,12420,NPOPCHG,Census-CBSA,PEP_Vintage_2020,53165.0,Broad
1992,County or Equivalent,Travis County,48453,DOMESTICMIG,Moodys-County,Moodys,7277.343628690047,Focus
1997,Metropolitan Statistical Area,San Antonio MSA,41700,DOMESTICMIG,Moodys-CBSA,Moodys,13498.358076376642,Peer
2019,Metropolitan Statistical Area,Dallas MSA,19100,RDOMESTICMIG,Census-CBSA,PEP_Vintage_2020,247.5689429386,Peer
1988,Region,WFSRCA Region,48021-48031-48053-48055-48149-48209-48287-48299-48491,RESIDUAL,Moodys-County,Moodys,119.8630732568862,Peer
2002,Metropolitan Statistical Area,Dallas MSA,19100,DOMESTICMIG,Moodys-CBSA,Moodys,-513.1427036462442,Peer
2000,Metropolitan Statistical Area,Dallas MSA,19100,INTERNATIONALMIG,Moodys-CBSA,Moodys,38873.00412300622,Peer
1991,Metropolitan Statistical Area,Dallas MSA,19100,POPESTIMATE,Moodys-CBSA,Moodys,4109324.2350388663,Peer
1985,Region,WFSRCA Region,48021-48031-48053-48055-48149-48209-48287-48299-48491,POPESTIMATE,Moodys-County,Moodys,303055.13451468607,Peer
2022,State,Texas,48,DOMESTICMIG,Census-County-State-US,PEP_Vintage_2025,218840.0,Benchmark
2011,Metropolitan Statistical Area,Dallas MSA,19100,RINTERNATIONALMIG,Census-CBSA,PEP_Vintage_2020,17.5674978253,Peer
2006,Metropolitan Statistical Area,San Antonio MSA,41700,RESIDUAL,Moodys-CBSA,Moodys,-1329.0000000000018,Peer
1983,National,US,00,RESIDUAL,Moodys-US,Moodys,66040.62831037084,Benchmark
2012,National,US,00,DEATHS,Census-County-State-US,PEP_Vintage_2020,-2501531.0,Benchmark
1991,Metropolitan Statistical Area,Austin MSA,12420,DOMESTICMIG,Moodys-CBSA,Moodys,11152.070329765233,Broad
2006,National,US,00,BIRTHS,Moodys-US,Moodys,4175889.60155964,Benchmark
1983,Metropolitan Statistical Area,San Antonio MSA,41700,DOMESTICMIG,Moodys-CBSA,Moodys,16632.150155828607,Peer
2016,State,Texas,48,RINTERNATIONALMIG,Census-County-State-US,PEP_Vintage_2020,3.9861620785,Benchmark
2018,State,Texas,48,RBIRTH,Census-County-State-US,PEP_Vintage_2020,13.403357969,Benchmark
1981,Metropolitan Statistical Area,Dallas MSA,19100,RESIDUAL,Moodys-CBSA,Moodys,1113.335316648822,Peer
2002,Metropolitan Statistical Area,Houston MSA,26420,BIRTHS,Moodys-CBSA,Moodys,84515.37505779992,Peer
2021,County or Equivalent,Travis County,48453,POPESTIMATE,Census-County-State-US,PEP_Vintage_2025,1309183.0,Focus
1990,National,US,00,POPESTIMATE,Moodys-US,Moodys,249670110.9251238,Benchmark
1992,National,US,00,DOMESTICMIG,Moodys-US,Moodys,1423.6004114930097,Benchmark
2005,Metropolitan Statistical Area,Dallas MSA,19100,DOMESTICMIG,Moodys-CBSA,Moodys,6876.118993157866,Peer
2015,Metropolitan Statistical Area,Dallas MSA,19100,RINTERNATIONALMIG,Census-CBSA,PEP_Vintage_2020,27.992523484,Peer
2025,Metropolitan Statistical Area,Dallas MSA,19100,NATURALCHG,Census-CBSA,PEP_Vintage_2025,50819.0,Peer
2011,Place,"Fountain, CO",0827865,POPESTIMATE,Census-Place,PEP_Vintage_2020,26593.0,Peer
2008,Metropolitan Statistical Area,Houston MSA,26420,DEATHS,Moodys-CBSA,Moodys,-32227.446635095854,Peer
2022,National,US,00,NETMIG,Census-County-State-US,PEP_Vintage_2025,1672112.0,Benchmark
1990,Metropolitan Statistical Area,Dallas MSA,19100,DEATHS,Moodys-CBSA,Moodys,-25531.215558465407,Peer
1992,National,US,00,RESIDUAL,Moodys-US,Moodys,71148.22762562918,Benchmark
2017,Metropolitan Statistical Area,Austin MSA,12420,POPESTIMATE,Census-CBSA,PEP_Vintage_2020,2115999.0,Broad
2016,Metropolitan Statistical Area,Dallas MSA,19100,INTERNATIONALMIG,Census-CBSA,PEP_Vintage_2020,33416.0,Peer
2013,Metropolitan Statistical Area,San Antonio MSA,41700,RBIRTH,Census-CBSA,PEP_Vintage_2020,89.9045464532,Peer
2014,Metropolitan Statistical Area,Dallas MSA,19100,NPOPCHG,Census-CBSA,PEP_Vintage_2020,135799.0,Peer
1999,County or Equivalent,Travis County,48453,NATURALCHG,Moodys-County,Moodys,8851.284616952253,Focus
2021,National,US,00,BIRTHS,Census-County-State-US,PEP_Vintage_2025,3584459.0,Benchmark
2018,Metropolitan Statistical Area,San Antonio MSA,41700,POPESTIMATE,Census-CBSA,PEP_Vintage_2020,2512526.0,Peer
2001,Metropolitan Statistical Area,Dallas MSA,19100,DEATHS,Moodys-CBSA,Moodys,-32357.15879266423,Peer
2018,County or Equivalent,Travis County,48453,BIRTHS,Census-County-State-US,PEP_Vintage_2020,15258.0,Focus
2025,Region,WFSRCA Region,48021-48031-48053-48055-48149-48209-48287-48299-48491,RDEATH,Census-County-State-US,PEP_Vintage_2025,92.034552178,Peer
2018,National,US,00,RESIDUAL,Census-County-State-US,PEP_Vintage_2020,0.0,Benchmark
1981,Metropolitan Statistical Area,San Antonio MSA,41700,RESIDUAL,Moodys-CBSA,Moodys,423.7650679082674,Peer
1990,Metropolitan Statistical Area,Austin MSA,12420,INTERNATIONALMIG,Moodys-CBSA,Moodys,2056.332750725443,Broad
2019,State,Texas,48,RNETMIG,Census-County-State-US,PEP_Vintage_2020,6.5335033415,Benchmark
2008,State,Texas,48,RESIDUAL,Moodys-State,Moodys,1141.0000000000014,Benchmark
1986,Metropolitan Statistical Area,Houston MSA,26420,POPESTIMATE,Moodys-CBSA,Moodys,3683148.3351577725,Peer
2014,Metropolitan Statistical Area,Houston MSA,26420,RINTERNATIONALMIG,Census-CBSA,PEP_Vintage_2020,27.3517824793,Peer
2009,Metropolitan Statistical Area,San Antonio MSA,41700,DOMESTICMIG,Moodys-CBSA,Moodys,20336.093827062752,Peer
1997,State,Texas,48,BIRTHS,Moodys-State,Moodys,340961.7810077169,Benchmark
2024,Metropolitan Statistical Area,San Antonio MSA,41700,BIRTHS,Census-CBSA,PEP_Vintage_2025,32616.0,Peer
2009,Region,WFSRCA Region,48021-48031-48053-48055-48149-48209-48287-48299-48491,NATURALCHG,Moodys-County,Moodys,6952.648153325721,Peer
1997,Place,Austin City,4805000,POPESTIMATE,Census-Place,PEP City and Town Postcensal Tables: 1990-2000,569821.0,Peer
2014,Region,WFSRCA Region,48021-48031-48053-48055-48149-48209-48287-48299-48491,RDOMESTICMIG,Census-County-State-US,PEP_Vintage_2020,137.5432182613,Peer
2006,Metropolitan Statistical Area,Houston MSA,26420,POPESTIMATE,Moodys-CBSA,Moodys,5448766.000000004,Peer
2013,Metropolitan Statistical Area,San Antonio MSA,41700,GQESTIMATES,Census-CBSA,PEP_Vintage_2020,48924.0,Peer
2015,County or Equivalent,Travis County,48453,NETMIG,Census-County-State-US,PEP_Vintage_2020,16369.0,Focus
2011,Metropolitan Statistical Area,Austin MSA,12420,RINTERNATIONALMIG,Census-CBSA,PEP_Vintage_2020,6.8806459067,Broad
2024,Metropolitan Statistical Area,Houston MSA,26420,INTERNATIONALMIG,Census-CBSA,PEP_Vintage_2025,122208.0,Peer
2021,Metropolitan Statistical Area,Austin MSA,12420,GQESTIMATES,Census-CBSA,PEP_Vintage_2025,51224.0,Broad
2017,State,Texas,48,RDOMESTICMIG,Census-County-State-US,PEP_Vintage_2020,3.0177339105,Benchmark
2013,County or Equivalent,Travis County,48453,RINTERNATIONALMIG,Census-County-State-US,PEP_Vintage_2020,4.4825671934,Focus
2016,County or Equivalent,Travis County,48453,NPOPCHG,Census-County-State-US,PEP_Vintage_2020,26280.0,Focus
1986,Region,WFSRCA Region,48021-48031-48053-48055-48149-48209-48287-48299-48491,DEATHS,Moodys-County,Moodys,-2481.2561441612934,Peer
2024,Metropolitan Statistical Area,San Antonio MSA,41700,RESIDUAL,Census-CBSA,PEP_Vintage_2025,-7.0,Peer
2013,Metropolitan Statistical Area,San Antonio MSA,41700,RNETMIG,Census-CBSA,PEP_Vintage_2020,130.453586312,Peer
2019,Metropolitan Statistical Area,Dallas MSA,19100,GQESTIMATES,Census-CBSA,PEP_Vintage_2020,82738.0,Peer
2024,National,US,00,RDOMESTICMIG,Census-County-State-US,PEP_Vintage_2025,0.0,Benchmark
2001,State,Texas,48,POPESTIMATE,Moodys-State,Moodys,21319622.0,Benchmark
1981,Metropolitan Statistical Area,Houston MSA,26420,NATURALCHG,Moodys-CBSA,Moodys,45019.55776164265,Peer
1994,Metropolitan Statistical Area,Austin MSA,12420,NATURALCHG,Moodys-CBSA,Moodys,10120.348892550153,Broad
1985,State,Texas,48,BIRTHS,Moodys-State,Moodys,305037.0170927984,Benchmark
2004,Metropolitan Statistical Area,Austin MSA,12420,POPESTIMATE,Moodys-CBSA,Moodys,1410058.0,Broad
2024,Region,WFSRCA Region,48021-48031-48053-48055-48149-48209-48287-48299-48491,DOMESTICMIG,Census-County-State-US,PEP_Vintage_2025,30845.0,Peer
1992,Metropolitan Statistical Area,San Antonio MSA,41700,DOMESTICMIG,Moodys-CBSA,Moodys,7484.594776224942,Peer
2025,State,Texas,48,DOMESTICMIG,Census-County-State-US,PEP_Vintage_2025,67299.0,Benchmark
2012,Place,"Fountain, CO",0827865,POPESTIMATE,Census-Place,PEP_Vintage_2020,26967.0,Peer
2015,Metropolitan Statistical Area,Dallas MSA,19100,INTERNATIONALMIG,Census-CBSA,PEP_Vintage_2020,34612.0,Peer
2009,Metropolitan Statistical Area,Austin MSA,12420,NATURALCHG,Moodys-CBSA,Moodys,18444.98211665239,Broad
2012,Metropolitan Statistical Area,Houston MSA,26420,RNETMIG,Census-CBSA,PEP_Vintage_2020,87.8910854216,Peer
2010,Region,WFSRCA Region,48021-48031-48053-48055-48149-48209-48287-48299-48491,NETMIG,Census-County-State-US,PEP_Vintage_2020,3544.0,Peer
2019,Metropolitan Statistical Area,Dallas MSA,19100,INTERNATIONALMIG,Census-CBSA,PEP_Vintage_2020,20938.0,Peer
2016,County or Equivalent,Travis County,48453,RDEATH,Census-County-State-US,PEP_Vintage_2020,4.4755741768,Focus
2022,Metropolitan Statistical Area,Houston MSA,26420,RINTERNATIONALMIG,Census-CBSA,PEP_Vintage_2025,49.230376176,Peer
2012,Metropolitan Statistical Area,Dallas MSA,19100,RNETMIG,Census-CBSA,PEP_Vintage_2020,101.070382931,Peer
2018,County or Equivalent,Travis County,48453,DEATHS,Census-County-State-US,PEP_Vintage_2020,-5712.0,Focus
2023,Metropolitan Statistical Area,Houston MSA,26420,INTERNATIONALMIG,Census-CBSA,PEP_Vintage_2025,93028.0,Peer
2008,Region,WFSRCA Region,48021-48031-48053-48055-48149-48209-48287-48299-48491,NATURALCHG,Moodys-County,Moodys,7056.383453901708,Peer
2017,Metropolitan Statistical Area,Dallas MSA,19100,RNETMIG,Census-CBSA,PEP_Vintage_2020,241.7804307314,Peer
2016,Region,WFSRCA Region,48021-48031-48053-48055-48149-48209-48287-48299-48491,RESIDUAL,Census-County-State-US,PEP_Vintage_2020,148.0,Peer
2000,Metropolitan Statistical Area,Houston MSA,26420,POPESTIMATE,Moodys-CBSA,Moodys,4740055.999999998,Peer
1984,National,US,00,DOMESTICMIG,Moodys-US,Moodys,1043.1328095474382,Benchmark
1996,National,US,00,NATURALCHG,Moodys-US,Moodys,1588772.3927252723,Benchmark
2014,State,Texas,48,RDOMESTICMIG,Census-County-State-US,PEP_Vintage_2020,5.9812803753,Benchmark
2010,Metropolitan Statistical Area,Dallas MSA,19100,INTERNATIONALMIG,Census-CBSA,PEP_Vintage_2020,16368.0,Peer
2015,Metropolitan Statistical Area,Houston MSA,26420,DEATHS,Census-CBSA,PEP_Vintage_2020,-38291.0,Peer
1997,Region,WFSRCA Region,48021-48031-48053-48055-48149-48209-48287-48299-48491,DEATHS,Moodys-County,Moodys,-3256.649078416932,Peer
2025,County or Equivalent,Travis County,48453,RDEATH,Census-County-State-US,PEP_Vintage_2025,4.980121834,Focus
1992,National,US,00,NATURALCHG,Moodys-US,Moodys,1936950.689781003,Benchmark
2010,Region,WFSRCA Region,48021-48031-48053-48055-48149-48209-48287-48299-48491,NATURALCHG,Census-County-State-US,PEP_Vintage_2020,5632.0,Peer
2024,National,US,00,INTERNATIONALMIG,Census-County-State-US,PEP_Vintage_2025,2734468.0,Benchmark
2009,Place,Austin City,4805000,POPESTIMATE,Census-Place,PEP City and Town Intercensal Datasets: 2000-2010,780172.0,Peer
1990,County or Equivalent,Travis County,48453,DEATHS,Moodys-County,Moodys,-2960.9231455861445,Focus
2016,Metropolitan Statistical Area,San Antonio MSA,41700,INTERNATIONALMIG,Census-CBSA,PEP_Vintage_2020,5495.0,Peer
2016,Metropolitan Statistical Area,San Antonio MSA,41700,RDOMESTICMIG,Census-CBSA,PEP_Vintage_2020,169.2959508175,Peer
2003,County or Equivalent,Travis County,48453,NATURALCHG,Moodys-County,Moodys,10365.09657955228,Focus
2002,Metropolitan Statistical Area,Dallas MSA,19100,BIRTHS,Moodys-CBSA,Moodys,94956.05340871809,Peer
2007,Metropolitan Statistical Area,Austin MSA,12420,BIRTHS,Moodys-CBSA,Moodys,25409.622404537942,Broad
2025,Metropolitan Statistical Area,San Antonio MSA,41700,RINTERNATIONALMIG,Census-CBSA,PEP_Vintage_2025,5.643276188,Peer
1999,Metropolitan Statistical Area,Houston MSA,26420,RESIDUAL,Moodys-CBSA,Moodys,1657.805562010806,Peer
2017,Metropolitan Statistical Area,Dallas MSA,19100,RNATURALCHG,Census-CBSA,PEP_Vintage_2020,56.2705786991,Peer
2025,County or Equivalent,Travis County,48453,RDOMESTICMIG,Census-County-State-US,PEP_Vintage_2025,-4.767432145,Focus
2002,Metropolitan Statistical Area,Austin MSA,12420,RESIDUAL,Moodys-CBSA,Moodys,-586.9999999999998,Broad
2008,Metropolitan Statistical Area,Austin MSA,12420,RESIDUAL,Moodys-CBSA,Moodys,345.00000000000045,Broad
2016,Region,WFSRCA Region,48021-48031-48053-48055-48149-48209-48287-48299-48491,RNATURALCHG,Census-County-State-US,PEP_Vintage_2020,16.0371698231,Peer
2001,Place,Austin City,4805000,POPESTIMATE,Census-Place,PEP City and Town Intercensal Datasets: 2000-2010,691119.0,Peer
2020,Metropolitan Statistical Area,Houston MSA,26420,BIRTHS,Census-CBSA,PEP_Vintage_2025,87696.0,Peer
2010,Metropolitan Statistical Area,Austin MSA,12420,INTERNATIONALMIG,Census-CBSA,PEP_Vintage_2020,4540.0,Broad
2021,Metropolitan Statistical Area,Austin MSA,12420,POPESTIMATE,Census-CBSA,PEP_Vintage_2025,2359313.0,Broad
1990,Region,WFSRCA Region,48021-48031-48053-48055-48149-48209-48287-48299-48491,NATURALCHG,Moodys-County,Moodys,2538.083924218634,Peer
1985,Metropolitan Statistical Area,Austin MSA,12420,INTERNATIONALMIG,Moodys-CBSA,Moodys,19691.21841723836,Broad
2008,Metropolitan Statistical Area,Dallas MSA,19100,INTERNATIONALMIG,Moodys-CBSA,Moodys,34030.788000759945,Peer
2012,County or Equivalent,Travis County,48453,BIRTHS,Census-County-State-US,PEP_Vintage_2020,15576.0,Focus
2023,Metropolitan Statistical Area,Austin MSA,12420,RESIDUAL,Census-CBSA,PEP_Vintage_2025,445.0,Broad
1997,National,US,00,DOMESTICMIG,Moodys-US,Moodys,423.7086699505062,Benchmark
2023,National,US,00,NATURALCHG,Census-County-State-US,PEP_Vintage_2025,494611.0,Benchmark
1996,Region,WFSRCA Region,48021-48031-48053-48055-48149-48209-48287-48299-48491,INTERNATIONALMIG,Moodys-County,Moodys,724.9382465195641,Peer
2022,Metropolitan Statistical Area,San Antonio MSA,41700,POPESTIMATE,Census-CBSA,PEP_Vintage_2025,2661946.0,Peer
2004,National,US,00,RESIDUAL,Moodys-US,Moodys,69522.7681972339,Benchmark
2022,Metropolitan Statistical Area,Houston MSA,26420,RNETMIG,Census-CBSA,PEP_Vintage_2025,283.279901636,Peer
2019,Metropolitan Statistical Area,Houston MSA,26420,NPOPCHG,Census-CBSA,PEP_Vintage_2020,88595.0,Peer
2022,County or Equivalent,Travis County,48453,RNETMIG,Census-County-State-US,PEP_Vintage_2025,13.41994664,Focus
2010,Metropolitan Statistical Area,Austin MSA,12420,GQESTIMATESBASE,Census-CBSA,PEP_Vintage_2020,40873.0,Broad
2019,Metropolitan Statistical Area,Austin MSA,12420,RDOMESTICMIG,Census-CBSA,PEP_Vintage_2020,97.01406391580001,Broad
2001,Metropolitan Statistical Area,San Antonio MSA,41700,POPESTIMATE,Moodys-CBSA,Moodys,1748123.0,Peer
1990,State,Texas,48,DOMESTICMIG,Moodys-State,Moodys,-16664.894018686417,Benchmark
1997,National,US,00,POPESTIMATE,Moodys-US,Moodys,272705472.68267703,Benchmark
2024,Region,WFSRCA Region,48021-48031-48053-48055-48149-48209-48287-48299-48491,RNETMIG,Census-County-State-US,PEP_Vintage_2025,243.768103216,Peer
1993,County or Equivalent,Travis County,48453,DOMESTICMIG,Moodys-County,Moodys,7772.333942786617,Focus
2013,County or Equivalent,Travis County,48453,POPESTIMATE,Census-County-State-US,PEP_Vintage_2020,1122346.0,Focus
2013,County or Equivalent,Travis County,48453,NPOPCHG,Census-County-State-US,PEP_Vintage_2020,25428.0,Focus
2005,Region,WFSRCA Region,48021-48031-48053-48055-48149-48209-48287-48299-48491,INTERNATIONALMIG,Moodys-County,Moodys,1184.139768788003,Peer
2025,State,Texas,48,BIRTHS,Census-County-State-US,PEP_Vintage_2025,390203.0,Benchmark
2012,Metropolitan Statistical Area,San Antonio MSA,41700,INTERNATIONALMIG,Census-CBSA,PEP_Vintage_2020,6351.0,Peer
1984,Metropolitan Statistical Area,Houston MSA,26420,BIRTHS,Moodys-CBSA,Moodys,69710.77694363405,Peer
1990,National,US,00,NATURALCHG,Moodys-US,Moodys,1944106.8570580564,Benchmark
2025,National,US,00,RBIRTH,Census-County-State-US,PEP_Vintage_2025,10.620478879,Benchmark
2016,Metropolitan Statistical Area,San Antonio MSA,41700,POPESTIMATE,Census-CBSA,PEP_Vintage_2020,2426051.0,Peer
2020,Metropolitan Statistical Area,San Antonio MSA,41700,GQESTIMATES,Census-CBSA,PEP_Vintage_2025,46121.0,Peer
2022,Metropolitan Statistical Area,San Antonio MSA,41700,RDEATH,Census-CBSA,PEP_Vintage_2025,86.603999723,Peer
2022,State,Texas,48,RESIDUAL,Census-County-State-US,PEP_Vintage_2025,4983.0,Benchmark
1988,National,US,00,RESIDUAL,Moodys-US,Moodys,68901.89689718261,Benchmark
2015,Metropolitan Statistical Area,San Antonio MSA,41700,INTERNATIONALMIG,Census-CBSA,PEP_Vintage_2020,6535.0,Peer
1984,Metropolitan Statistical Area,Dallas MSA,19100,POPESTIMATE,Moodys-CBSA,Moodys,3456103.4567745836,Peer
1983,National,US,00,INTERNATIONALMIG,Moodys-US,Moodys,378287.4712260281,Benchmark
2005,National,US,00,BIRTHS,Moodys-US,Moodys,4118544.8079722,Benchmark
2015,Metropolitan Statistical Area,Houston MSA,26420,RNETMIG,Census-CBSA,PEP_Vintage_2020,195.213055104,Peer
2002,Metropolitan Statistical Area,San Antonio MSA,41700,DEATHS,Moodys-CBSA,Moodys,-12934.683029605378,Peer
2006,State,Texas,48,DOMESTICMIG,Moodys-State,Moodys,232616.00000000736,Benchmark
1991,Metropolitan Statistical Area,Houston MSA,26420,POPESTIMATE,Moodys-CBSA,Moodys,3901522.2060294505,Peer
1990,County or Equivalent,Travis County,48453,BIRTHS,Moodys-County,Moodys,10067.779716054443,Focus
2018,Metropolitan Statistical Area,Austin MSA,12420,NETMIG,Census-CBSA,PEP_Vintage_2020,35420.0,Broad
2013,Region,WFSRCA Region,48021-48031-48053-48055-48149-48209-48287-48299-48491,RDOMESTICMIG,Census-County-State-US,PEP_Vintage_2020,107.9132552889,Peer
2023,National,US,00,BIRTHS,Census-County-State-US,PEP_Vintage_2025,3648896.0,Benchmark
2020,Metropolitan Statistical Area,Houston MSA,26420,GQESTIMATES,Census-CBSA,PEP_Vintage_2025,84559.0,Peer
2018,Metropolitan Statistical Area,Dallas MSA,19100,RBIRTH,Census-CBSA,PEP_Vintage_2020,136.906128112,Peer
2013,Region,WFSRCA Region,48021-48031-48053-48055-48149-48209-48287-48299-48491,BIRTHS,Census-County-State-US,PEP_Vintage_2020,10642.0,Peer
2010,Region,WFSRCA Region,48021-48031-48053-48055-48149-48209-48287-48299-48491,DEATHS,Census-County-State-US,PEP_Vintage_2020,-4620.0,Peer
2019,County or Equivalent,Travis County,48453,RDEATH,Census-County-State-US,PEP_Vintage_2020,5.0375754882,Focus
2025,Metropolitan Statistical Area,Austin MSA,12420,RESIDUAL,Census-CBSA,PEP_Vintage_2025,-142.0,Broad
2010,State,Texas,48,GQESTIMATES,Census-County-State-US,PEP_Vintage_2020,582260.0,Benchmark
1994,National,US,00,DEATHS,Moodys-US,Moodys,-2307873.6092694695,Benchmark
1985,Metropolitan Statistical Area,San Antonio MSA,41700,DEATHS,Moodys-CBSA,Moodys,-9468.83857061931,Peer
1992,Metropolitan Statistical Area,San Antonio MSA,41700,DEATHS,Moodys-CBSA,Moodys,-10595.399669582803,Peer
2023,Metropolitan Statistical Area,San Antonio MSA,41700,RDEATH,Census-CBSA,PEP_Vintage_2025,76.438714862,Peer
2016,Metropolitan Statistical Area,Dallas MSA,19100,NETMIG,Census-CBSA,PEP_Vintage_2020,94968.0,Peer
1988,County or Equivalent,Travis County,48453,POPESTIMATE,Moodys-County,Moodys,557219.76797181,Focus
2016,Region,WFSRCA Region,48021-48031-48053-48055-48149-48209-48287-48299-48491,BIRTHS,Census-County-State-US,PEP_Vintage_2020,11925.0,Peer
1986,Metropolitan Statistical Area,Dallas MSA,19100,BIRTHS,Moodys-CBSA,Moodys,72050.54415498885,Peer
2019,Metropolitan Statistical Area,Austin MSA,12420,RESIDUAL,Census-CBSA,PEP_Vintage_2020,50.0,Broad
2016,Place,"Fountain, CO",0827865,POPESTIMATE,Census-Place,PEP_Vintage_2020,29315.0,Peer
2004,Metropolitan Statistical Area,Houston MSA,26420,POPESTIMATE,Moodys-CBSA,Moodys,5157358.0,Peer
1988,State,Texas,48,INTERNATIONALMIG,Moodys-State,Moodys,-9639.543546042463,Benchmark
1984,Metropolitan Statistical Area,Dallas MSA,19100,INTERNATIONALMIG,Moodys-CBSA,Moodys,44266.0055699229,Peer
1985,State,Texas,48,RESIDUAL,Moodys-State,Moodys,5808.999999999994,Benchmark
2011,National,US,00,RESIDUAL,Census-County-State-US,PEP_Vintage_2020,0.0,Benchmark
2017,State,Texas,48,RBIRTH,Census-County-State-US,PEP_Vintage_2020,13.854724327,Benchmark
1983,National,US,00,DOMESTICMIG,Moodys-US,Moodys,990.2664075769717,Benchmark
2023,Metropolitan Statistical Area,San Antonio MSA,41700,RDOMESTICMIG,Census-CBSA,PEP_Vintage_2025,194.487029272,Peer
2023,Metropolitan Statistical Area,San Antonio MSA,41700,NETMIG,Census-CBSA,PEP_Vintage_2025,45965.0,Peer
1984,County or Equivalent,Travis County,48453,NATURALCHG,Moodys-County,Moodys,6553.203337471114,Focus
1997,County or Equivalent,Travis County,48453,NATURALCHG,Moodys-County,Moodys,8534.034639786161,Focus
2012,Metropolitan Statistical Area,Houston MSA,26420,RNATURALCHG,Census-CBSA,PEP_Vintage_2020,60.2908900588,Peer
2011,State,Texas,48,INTERNATIONALMIG,Census-County-State-US,PEP_Vintage_2020,69106.0,Benchmark
2016,Metropolitan Statistical Area,Austin MSA,12420,RBIRTH,Census-CBSA,PEP_Vintage_2020,65.323448711,Broad
2022,Metropolitan Statistical Area,San Antonio MSA,41700,RDOMESTICMIG,Census-CBSA,PEP_Vintage_2025,224.577137041,Peer
1983,County or Equivalent,Travis County,48453,DEATHS,Moodys-County,Moodys,-2609.3317914087806,Focus
2015,State,Texas,48,NATURALCHG,Census-County-State-US,PEP_Vintage_2020,214435.0,Benchmark
2024,National,US,00,POPESTIMATE,Census-County-State-US,PEP_Vintage_2025,340003797.0,Benchmark
1995,Region,WFSRCA Region,48021-48031-48053-48055-48149-48209-48287-48299-48491,INTERNATIONALMIG,Moodys-County,Moodys,1679.6442482222476,Peer
1993,Metropolitan Statistical Area,Austin MSA,12420,DOMESTICMIG,Moodys-CBSA,Moodys,17059.75966720981,Broad
2013,Metropolitan Statistical Area,Austin MSA,12420,DOMESTICMIG,Census-CBSA,PEP_Vintage_2020,25812.0,Broad
1987,Metropolitan Statistical Area,Houston MSA,26420,RESIDUAL,Moodys-CBSA,Moodys,1299.7196578053574,Peer
2018,Metropolitan Statistical Area,Houston MSA,26420,DOMESTICMIG,Census-CBSA,PEP_Vintage_2020,-9734.0,Peer
2016,Metropolitan Statistical Area,San Antonio MSA,41700,BIRTHS,Census-CBSA,PEP_Vintage_2020,33744.0,Peer
2023,Metropolitan Statistical Area,Austin MSA,12420,BIRTHS,Census-CBSA,PEP_Vintage_2025,30043.0,Broad
2003,State,Texas,48,DEATHS,Moodys-State,Moodys,-152090.54910353094,Benchmark
2019,State,Texas,48,BIRTHS,Census-County-State-US,PEP_Vintage_2020,377278.0,Benchmark
2001,County or Equivalent,Travis County,48453,DEATHS,Moodys-County,Moodys,-4113.375361531301,Focus
2005,County or Equivalent,Travis County,48453,NATURALCHG,Moodys-County,Moodys,10841.882846166467,Focus
2015,Metropolitan Statistical Area,San Antonio MSA,41700,RDEATH,Census-CBSA,PEP_Vintage_2020,67.6855777125,Peer
2016,Metropolitan Statistical Area,Houston MSA,26420,DOMESTICMIG,Census-CBSA,PEP_Vintage_2020,27566.0,Peer
2016,Metropolitan Statistical Area,Austin MSA,12420,GQESTIMATES,Census-CBSA,PEP_Vintage_2020,41280.0,Broad
1992,State,Texas,48,DEATHS,Moodys-State,Moodys,-129055.41182542375,Benchmark
2024,Metropolitan Statistical Area,Austin MSA,12420,RINTERNATIONALMIG,Census-CBSA,PEP_Vintage_2025,48.986458676,Broad
2017,State,Texas,48,POPESTIMATE,Census-County-State-US,PEP_Vintage_2020,28291024.0,Benchmark
2011,National,US,00,POPESTIMATE,Census-County-State-US,PEP_Vintage_2020,311583481.0,Benchmark
2019,Metropolitan Statistical Area,Houston MSA,26420,INTERNATIONALMIG,Census-CBSA,PEP_Vintage_2020,31135.0,Peer
1986,Metropolitan Statistical Area,San Antonio MSA,41700,RESIDUAL,Moodys-CBSA,Moodys,484.2242279539381,Peer
2021,Place,Austin City,4805000,POPESTIMATE,Census-Place,PEP_Vintage_2024,969940.0,Peer
1996,Metropolitan Statistical Area,San Antonio MSA,41700,RESIDUAL,Moodys-CBSA,Moodys,570.8712236245372,Peer
2010,State,Texas,48,NETMIG,Census-County-State-US,PEP_Vintage_2020,42851.0,Benchmark
2016,Metropolitan Statistical Area,Dallas MSA,19100,DEATHS,Census-CBSA,PEP_Vintage_2020,-42220.0,Peer
2022,Metropolitan Statistical Area,Austin MSA,12420,RNATURALCHG,Census-CBSA,PEP_Vintage_2025,25.552961202,Broad
2003,Metropolitan Statistical Area,Austin MSA,12420,INTERNATIONALMIG,Moodys-CBSA,Moodys,7078.720852026683,Broad
2024,National,US,00,DOMESTICMIG,Census-County-State-US,PEP_Vintage_2025,0.0,Benchmark
1988,Metropolitan Statistical Area,Houston MSA,26420,RESIDUAL,Moodys-CBSA,Moodys,1296.0125734492767,Peer
2013,Region,WFSRCA Region,48021-48031-48053-48055-48149-48209-48287-48299-48491,NATURALCHG,Census-County-State-US,PEP_Vintage_2020,5377.0,Peer
2018,Metropolitan Statistical Area,San Antonio MSA,41700,RDOMESTICMIG,Census-CBSA,PEP_Vintage_2020,180.70115022430002,Peer
1988,Metropolitan Statistical Area,Austin MSA,12420,DOMESTICMIG,Moodys-CBSA,Moodys,-10494.298613848741,Broad
2013,Metropolitan Statistical Area,Houston MSA,26420,DOMESTICMIG,Census-CBSA,PEP_Vintage_2020,54597.0,Peer
2003,Metropolitan Statistical Area,Houston MSA,26420,INTERNATIONALMIG,Moodys-CBSA,Moodys,31671.06317422953,Peer
1981,County or Equivalent,Travis County,48453,INTERNATIONALMIG,Moodys-County,Moodys,-12954.034188469108,Focus
2017,National,US,00,NATURALCHG,Census-County-State-US,PEP_Vintage_2020,1101981.0,Benchmark
2021,County or Equivalent,Travis County,48453,RDEATH,Census-County-State-US,PEP_Vintage_2025,5.633683904,Focus
2006,Region,WFSRCA Region,48021-48031-48053-48055-48149-48209-48287-48299-48491,POPESTIMATE,Moodys-County,Moodys,699610.0000000006,Peer
2020,State,Texas,48,DEATHS,Census-County-State-US,PEP_Vintage_2025,-222756.0,Benchmark
2005,Place,"Fountain, CO",0827865,POPESTIMATE,Census-Place,PEP City and Town Intercensal Datasets: 2000-2010,20573.0,Peer
2018,County or Equivalent,Travis County,48453,RESIDUAL,Census-County-State-US,PEP_Vintage_2020,67.0,Focus
2023,Metropolitan Statistical Area,Austin MSA,12420,RBIRTH,Census-CBSA,PEP_Vintage_2025,63.98312692,Broad
2024,Metropolitan Statistical Area,Houston MSA,26420,RINTERNATIONALMIG,Census-CBSA,PEP_Vintage_2025,79.987643805,Peer
2016,Region,WFSRCA Region,48021-48031-48053-48055-48149-48209-48287-48299-48491,NATURALCHG,Census-County-State-US,PEP_Vintage_2020,5801.0,Peer
2000,Region,WFSRCA Region,48021-48031-48053-48055-48149-48209-48287-48299-48491,NATURALCHG,Moodys-County,Moodys,4559.096499574262,Peer
1991,Region,WFSRCA Region,48021-48031-48053-48055-48149-48209-48287-48299-48491,RESIDUAL,Moodys-County,Moodys,125.7533553945318,Peer
2016,Metropolitan Statistical Area,San Antonio MSA,41700,RBIRTH,Census-CBSA,PEP_Vintage_2020,90.638276847,Peer
1987,Metropolitan Statistical Area,Dallas MSA,19100,BIRTHS,Moodys-CBSA,Moodys,73343.29723833696,Peer
2023,Metropolitan Statistical Area,Dallas MSA,19100,BIRTHS,Census-CBSA,PEP_Vintage_2025,103887.0,Peer
2008,Metropolitan Statistical Area,San Antonio MSA,41700,RESIDUAL,Moodys-CBSA,Moodys,28.000000000000036,Peer
2018,Metropolitan Statistical Area,Austin MSA,12420,RBIRTH,Census-CBSA,PEP_Vintage_2020,62.828095266,Broad
2013,Metropolitan Statistical Area,Dallas MSA,19100,DEATHS,Census-CBSA,PEP_Vintage_2020,-39411.0,Peer
1998,County or Equivalent,Travis County,48453,DEATHS,Moodys-County,Moodys,-3765.021297585737,Focus
2014,Metropolitan Statistical Area,Dallas MSA,19100,NETMIG,Census-CBSA,PEP_Vintage_2020,78134.0,Peer
2014,Metropolitan Statistical Area,Austin MSA,12420,BIRTHS,Census-CBSA,PEP_Vintage_2020,26076.0,Broad
2025,State,Texas,48,RINTERNATIONALMIG,Census-County-State-US,PEP_Vintage_2025,5.3142711113,Benchmark
2014,Metropolitan Statistical Area,San Antonio MSA,41700,BIRTHS,Census-CBSA,PEP_Vintage_2020,32862.0,Peer
1992,Metropolitan Statistical Area,Dallas MSA,19100,DEATHS,Moodys-CBSA,Moodys,-26490.00934689644,Peer
1995,State,Texas,48,INTERNATIONALMIG,Moodys-State,Moodys,161335.07012973801,Benchmark
1985,Metropolitan Statistical Area,San Antonio MSA,41700,INTERNATIONALMIG,Moodys-CBSA,Moodys,4089.391021294799,Peer
2022,Metropolitan Statistical Area,San Antonio MSA,41700,NETMIG,Census-CBSA,PEP_Vintage_2025,47112.0,Peer
1995,Place,"Fountain, CO",0827865,POPESTIMATE,Census-Place,PEP City and Town Postcensal Tables: 1990-2000,12753.0,Peer
2024,State,Texas,48,GQESTIMATES,Census-County-State-US,PEP_Vintage_2025,632216.0,Benchmark
2003,Metropolitan Statistical Area,Austin MSA,12420,DOMESTICMIG,Moodys-CBSA,Moodys,6038.580534323989,Broad
2012,Metropolitan Statistical Area,Dallas MSA,19100,RDEATH,Census-CBSA,PEP_Vintage_2020,74.4359827846,Peer
2021,National,US,00,INTERNATIONALMIG,Census-County-State-US,PEP_Vintage_2025,376026.0,Benchmark
2015,County or Equivalent,Travis County,48453,RESIDUAL,Census-County-State-US,PEP_Vintage_2020,168.0,Focus
2003,County or Equivalent,Travis County,48453,POPESTIMATE,Moodys-County,Moodys,856314.9999999998,Focus
2013,State,Texas,48,INTERNATIONALMIG,Census-County-State-US,PEP_Vintage_2020,79571.0,Benchmark
2003,National,US,00,RESIDUAL,Moodys-US,Moodys,69424.35574127502,Benchmark
2009,National,US,00,RESIDUAL,Moodys-US,Moodys,18.012118373605233,Benchmark
1993,Place,Austin City,4805000,POPESTIMATE,Census-Place,PEP City and Town Postcensal Tables: 1990-2000,537368.0,Peer
2020,Metropolitan Statistical Area,Dallas MSA,19100,GQESTIMATESBASE,Census-CBSA,PEP_Vintage_2025,88379.0,Peer
2005,Metropolitan Statistical Area,Houston MSA,26420,POPESTIMATE,Moodys-CBSA,Moodys,5258743.000000002,Peer
1987,National,US,00,DEATHS,Moodys-US,Moodys,-2105463.3544549528,Benchmark
2017,Metropolitan Statistical Area,Austin MSA,12420,RNETMIG,Census-CBSA,PEP_Vintage_2020,122.19661817250001,Broad
1983,Metropolitan Statistical Area,San Antonio MSA,41700,POPESTIMATE,Moodys-CBSA,Moodys,1254046.0425217617,Peer
2025,Region,WFSRCA Region,48021-48031-48053-48055-48149-48209-48287-48299-48491,RNATURALCHG,Census-County-State-US,PEP_Vintage_2025,8.854636339999999,Peer
2011,State,Texas,48,GQESTIMATES,Census-County-State-US,PEP_Vintage_2020,586658.0,Benchmark
2023,Metropolitan Statistical Area,Houston MSA,26420,DEATHS,Census-CBSA,PEP_Vintage_2025,-48521.0,Peer
2025,County or Equivalent,Travis County,48453,RESIDUAL,Census-County-State-US,PEP_Vintage_2025,99.0,Focus
1995,Metropolitan Statistical Area,Austin MSA,12420,INTERNATIONALMIG,Moodys-CBSA,Moodys,11560.682090021044,Broad
2016,Metropolitan Statistical Area,San Antonio MSA,41700,RNETMIG,Census-CBSA,PEP_Vintage_2020,176.9006498742,Peer
1982,Metropolitan Statistical Area,Dallas MSA,19100,NATURALCHG,Moodys-CBSA,Moodys,36499.55331808787,Peer
2017,Metropolitan Statistical Area,Austin MSA,12420,INTERNATIONALMIG,Census-CBSA,PEP_Vintage_2020,7824.0,Broad
1999,Metropolitan Statistical Area,Houston MSA,26420,DEATHS,Moodys-CBSA,Moodys,-27682.512671624874,Peer
1997,Metropolitan Statistical Area,Houston MSA,26420,INTERNATIONALMIG,Moodys-CBSA,Moodys,38364.73716502644,Peer
2021,Metropolitan Statistical Area,Austin MSA,12420,INTERNATIONALMIG,Census-CBSA,PEP_Vintage_2025,3571.0,Broad
2022,County or Equivalent,Travis County,48453,RBIRTH,Census-County-State-US,PEP_Vintage_2025,12.28429056,Focus
1989,Metropolitan Statistical Area,Dallas MSA,19100,DOMESTICMIG,Moodys-CBSA,Moodys,-224.38830088522874,Peer
2018,Place,"Fountain, CO",0827865,POPESTIMATE,Census-Place,PEP_Vintage_2020,30410.0,Peer
1983,Metropolitan Statistical Area,Austin MSA,12420,DOMESTICMIG,Moodys-CBSA,Moodys,35573.79705116252,Broad
2023,Metropolitan Statistical Area,Austin MSA,12420,NPOPCHG,Census-CBSA,PEP_Vintage_2025,64217.0,Broad
2007,Metropolitan Statistical Area,Houston MSA,26420,DEATHS,Moodys-CBSA,Moodys,-30810.96099073287,Peer
1992,Metropolitan Statistical Area,San Antonio MSA,41700,BIRTHS,Moodys-CBSA,Moodys,25926.404299527254,Peer
1992,County or Equivalent,Travis County,48453,RESIDUAL,Moodys-County,Moodys,223.0629078042932,Focus
2011,Metropolitan Statistical Area,Dallas MSA,19100,DOMESTICMIG,Census-CBSA,PEP_Vintage_2020,39956.0,Peer
1994,National,US,00,RESIDUAL,Moodys-US,Moodys,73330.3517273724,Benchmark
1986,County or Equivalent,Travis County,48453,BIRTHS,Moodys-County,Moodys,10652.911545018162,Focus
2018,Metropolitan Statistical Area,Dallas MSA,19100,DEATHS,Census-CBSA,PEP_Vintage_2020,-45848.0,Peer
2010,Metropolitan Statistical Area,Houston MSA,26420,BIRTHS,Census-CBSA,PEP_Vintage_2020,89536.0,Peer
2024,State,Texas,48,RDOMESTICMIG,Census-County-State-US,PEP_Vintage_2025,2.7746620711,Benchmark
2022,Metropolitan Statistical Area,Houston MSA,26420,NATURALCHG,Census-CBSA,PEP_Vintage_2025,40742.0,Peer
1988,Metropolitan Statistical Area,Houston MSA,26420,DEATHS,Moodys-CBSA,Moodys,-22515.301226531836,Peer
2002,Region,WFSRCA Region,48021-48031-48053-48055-48149-48209-48287-48299-48491,INTERNATIONALMIG,Moodys-County,Moodys,1152.2976135958588,Peer
2011,National,US,00,INTERNATIONALMIG,Census-County-State-US,PEP_Vintage_2020,795295.0,Benchmark
2018,Region,WFSRCA Region,48021-48031-48053-48055-48149-48209-48287-48299-48491,RDEATH,Census-County-State-US,PEP_Vintage_2020,91.2540492814,Peer
2017,National,US,00,BIRTHS,Census-County-State-US,PEP_Vintage_2020,3890144.0,Benchmark
1991,Metropolitan Statistical Area,Dallas MSA,19100,DEATHS,Moodys-CBSA,Moodys,-25625.449226862696,Peer
1986,Metropolitan Statistical Area,San Antonio MSA,41700,BIRTHS,Moodys-CBSA,Moodys,25793.002735259462,Peer
2021,State,Texas,48,RNATURALCHG,Census-County-State-US,PEP_Vintage_2025,3.2096612842,Benchmark
2021,State,Texas,48,NPOPCHG,Census-County-State-US,PEP_Vintage_2025,334777.0,Benchmark
2020,Metropolitan Statistical Area,Dallas MSA,19100,NPOPCHG,Census-CBSA,PEP_Vintage_2025,29122.0,Peer
1992,Metropolitan Statistical Area,San Antonio MSA,41700,INTERNATIONALMIG,Moodys-CBSA,Moodys,7966.399850349405,Peer
1999,State,Texas,48,INTERNATIONALMIG,Moodys-State,Moodys,150734.6386783542,Benchmark
1995,Metropolitan Statistical Area,Houston MSA,26420,INTERNATIONALMIG,Moodys-CBSA,Moodys,39142.37614106329,Peer
2008,Metropolitan Statistical Area,Austin MSA,12420,DEATHS,Moodys-CBSA,Moodys,-7512.296280046114,Broad
2015,State,Texas,48,NPOPCHG,Census-County-State-US,PEP_Vintage_2020,505439.0,Benchmark
1991,Place,"Fountain, CO",0827865,POPESTIMATE,Census-Place,PEP City and Town Postcensal Tables: 1990-2000,9859.0,Peer
2007,Metropolitan Statistical Area,Dallas MSA,19100,BIRTHS,Moodys-CBSA,Moodys,101171.81343436801,Peer
2018,Metropolitan Statistical Area,Dallas MSA,19100,RESIDUAL,Census-CBSA,PEP_Vintage_2020,120.0,Peer
1982,Metropolitan Statistical Area,Austin MSA,12420,RESIDUAL,Moodys-CBSA,Moodys,226.13201643877144,Broad
2015,Metropolitan Statistical Area,Austin MSA,12420,NATURALCHG,Census-CBSA,PEP_Vintage_2020,17137.0,Broad
1981,State,Texas,48,DOMESTICMIG,Moodys-State,Moodys,204540.6156985055,Benchmark
2007,Metropolitan Statistical Area,Dallas MSA,19100,NATURALCHG,Moodys-CBSA,Moodys,68029.28970949158,Peer
2025,Metropolitan Statistical Area,Dallas MSA,19100,NPOPCHG,Census-CBSA,PEP_Vintage_2025,123557.0,Peer
2021,Metropolitan Statistical Area,Houston MSA,26420,POPESTIMATE,Census-CBSA,PEP_Vintage_2025,7248044.0,Peer
1989,County or Equivalent,Travis County,48453,DEATHS,Moodys-County,Moodys,-2944.944853886745,Focus
2013,State,Texas,48,RDOMESTICMIG,Census-County-State-US,PEP_Vintage_2020,4.094759877,Benchmark
2002,Metropolitan Statistical Area,Dallas MSA,19100,RESIDUAL,Moodys-CBSA,Moodys,3354.9999999999986,Peer
2003,Metropolitan Statistical Area,San Antonio MSA,41700,NATURALCHG,Moodys-CBSA,Moodys,16415.84968232766,Peer
2018,Metropolitan Statistical Area,Houston MSA,26420,INTERNATIONALMIG,Census-CBSA,PEP_Vintage_2020,32115.0,Peer
2016,Region,WFSRCA Region,48021-48031-48053-48055-48149-48209-48287-48299-48491,INTERNATIONALMIG,Census-County-State-US,PEP_Vintage_2020,1965.0,Peer
2011,Metropolitan Statistical Area,San Antonio MSA,41700,NPOPCHG,Census-CBSA,PEP_Vintage_2020,40929.0,Peer
2023,National,US,00,DOMESTICMIG,Census-County-State-US,PEP_Vintage_2025,0.0,Benchmark
1983,State,Texas,48,NATURALCHG,Moodys-State,Moodys,185061.0213749555,Benchmark
2009,State,Texas,48,DOMESTICMIG,Moodys-State,Moodys,143423.00000001257,Benchmark
1995,Metropolitan Statistical Area,Dallas MSA,19100,NATURALCHG,Moodys-CBSA,Moodys,48455.55727385008,Peer
2009,Metropolitan Statistical Area,Dallas MSA,19100,NATURALCHG,Moodys-CBSA,Moodys,67784.99649026517,Peer
2013,National,US,00,RDEATH,Census-County-State-US,PEP_Vintage_2020,8.2802454171,Benchmark
2020,Metropolitan Statistical Area,Houston MSA,26420,NPOPCHG,Census-CBSA,PEP_Vintage_2025,19057.0,Peer
2013,Metropolitan Statistical Area,Austin MSA,12420,RBIRTH,Census-CBSA,PEP_Vintage_2020,63.6070444,Broad
1989,Metropolitan Statistical Area,Austin MSA,12420,BIRTHS,Moodys-CBSA,Moodys,14299.718736136801,Broad
2009,Metropolitan Statistical Area,Dallas MSA,19100,POPESTIMATE,Moodys-CBSA,Moodys,6282484.0,Peer
2019,State,Texas,48,RINTERNATIONALMIG,Census-County-State-US,PEP_Vintage_2020,2.3186747308,Benchmark
1987,Region,WFSRCA Region,48021-48031-48053-48055-48149-48209-48287-48299-48491,NATURALCHG,Moodys-County,Moodys,2944.3645657881725,Peer
1983,State,Texas,48,INTERNATIONALMIG,Moodys-State,Moodys,82918.37713155849,Benchmark
2012,National,US,00,DOMESTICMIG,Census-County-State-US,PEP_Vintage_2020,0.0,Benchmark
2019,Metropolitan Statistical Area,Austin MSA,12420,BIRTHS,Census-CBSA,PEP_Vintage_2020,26071.0,Broad
2009,Metropolitan Statistical Area,Austin MSA,12420,DEATHS,Moodys-CBSA,Moodys,-7949.559213650942,Broad
2023,National,US,00,NPOPCHG,Census-County-State-US,PEP_Vintage_2025,2758748.0,Benchmark
2015,National,US,00,INTERNATIONALMIG,Census-County-State-US,PEP_Vintage_2020,1060115.0,Benchmark
2006,National,US,00,RESIDUAL,Moodys-US,Moodys,72141.75002854748,Benchmark
2017,Metropolitan Statistical Area,San Antonio MSA,41700,NPOPCHG,Census-CBSA,PEP_Vintage_2020,45552.0,Peer
2006,State,Texas,48,POPESTIMATE,Moodys-State,Moodys,23359580.00000001,Benchmark
2019,State,Texas,48,NETMIG,Census-County-State-US,PEP_Vintage_2020,188202.0,Benchmark
1995,Metropolitan Statistical Area,Austin MSA,12420,POPESTIMATE,Moodys-CBSA,Moodys,1031557.0669191803,Broad
1983,Metropolitan Statistical Area,Austin MSA,12420,POPESTIMATE,Moodys-CBSA,Moodys,668309.0191075571,Broad
2021,County or Equivalent,Travis County,48453,RESIDUAL,Census-County-State-US,PEP_Vintage_2025,800.0,Focus
1993,Metropolitan Statistical Area,Austin MSA,12420,DEATHS,Moodys-CBSA,Moodys,-5208.528122059092,Broad
1985,Metropolitan Statistical Area,San Antonio MSA,41700,BIRTHS,Moodys-CBSA,Moodys,25098.083782130005,Peer
2012,Metropolitan Statistical Area,Houston MSA,26420,RDEATH,Census-CBSA,PEP_Vintage_2020,69.5424050844,Peer
2025,Metropolitan Statistical Area,Houston MSA,26420,NETMIG,Census-CBSA,PEP_Vintage_2025,79211.0,Peer
2015,National,US,00,RDOMESTICMIG,Census-County-State-US,PEP_Vintage_2020,0.0,Benchmark
2017,Metropolitan Statistical Area,Dallas MSA,19100,RINTERNATIONALMIG,Census-CBSA,PEP_Vintage_2020,23.3893967136,Peer
2009,Metropolitan Statistical Area,San Antonio MSA,41700,INTERNATIONALMIG,Moodys-CBSA,Moodys,4521.269247616671,Peer
2018,Metropolitan Statistical Area,San Antonio MSA,41700,NPOPCHG,Census-CBSA,PEP_Vintage_2020,40923.0,Peer
2011,Metropolitan Statistical Area,Austin MSA,12420,DOMESTICMIG,Census-CBSA,PEP_Vintage_2020,30793.0,Broad
1986,National,US,00,POPESTIMATE,Moodys-US,Moodys,240179446.52598813,Benchmark
1987,County or Equivalent,Travis County,48453,INTERNATIONALMIG,Moodys-County,Moodys,4412.347346357242,Focus
2023,National,US,00,RESIDUAL,Census-County-State-US,PEP_Vintage_2025,0.0,Benchmark
1986,Metropolitan Statistical Area,Dallas MSA,19100,NATURALCHG,Moodys-CBSA,Moodys,47563.14780855558,Peer
1992,Metropolitan Statistical Area,Dallas MSA,19100,DOMESTICMIG,Moodys-CBSA,Moodys,444.80620700501805,Peer
1982,Metropolitan Statistical Area,Houston MSA,26420,POPESTIMATE,Moodys-CBSA,Moodys,3517231.427791181,Peer
2024,Metropolitan Statistical Area,San Antonio MSA,41700,RDOMESTICMIG,Census-CBSA,PEP_Vintage_2025,138.730688504,Peer
2002,County or Equivalent,Travis County,48453,DOMESTICMIG,Moodys-County,Moodys,-13891.90345910076,Focus
2007,State,Texas,48,DEATHS,Moodys-State,Moodys,-157249.41587142713,Benchmark
2021,State,Texas,48,INTERNATIONALMIG,Census-County-State-US,PEP_Vintage_2025,43481.0,Benchmark
2007,Metropolitan Statistical Area,Houston MSA,26420,POPESTIMATE,Moodys-CBSA,Moodys,5566601.000000001,Peer
2025,Metropolitan Statistical Area,Houston MSA,26420,INTERNATIONALMIG,Census-CBSA,PEP_Vintage_2025,71903.0,Peer
2023,Metropolitan Statistical Area,Houston MSA,26420,RDOMESTICMIG,Census-CBSA,PEP_Vintage_2025,236.501621834,Peer
2017,County or Equivalent,Travis County,48453,GQESTIMATES,Census-County-State-US,PEP_Vintage_2020,22876.0,Focus
1998,National,US,00,DEATHS,Moodys-US,Moodys,-2368431.5491407122,Benchmark
2016,National,US,00,BIRTHS,Census-County-State-US,PEP_Vintage_2020,3970959.0,Benchmark
2001,Metropolitan Statistical Area,Houston MSA,26420,INTERNATIONALMIG,Moodys-CBSA,Moodys,37647.44943791937,Peer
2015,State,Texas,48,INTERNATIONALMIG,Census-County-State-US,PEP_Vintage_2020,117265.0,Benchmark
1984,Metropolitan Statistical Area,Houston MSA,26420,DOMESTICMIG,Moodys-CBSA,Moodys,18131.987806688,Peer
2018,Metropolitan Statistical Area,San Antonio MSA,41700,NATURALCHG,Census-CBSA,PEP_Vintage_2020,14383.0,Peer
2004,Region,WFSRCA Region,48021-48031-48053-48055-48149-48209-48287-48299-48491,POPESTIMATE,Moodys-County,Moodys,645099.0,Peer
2006,Metropolitan Statistical Area,San Antonio MSA,41700,POPESTIMATE,Moodys-CBSA,Moodys,1956361.0000000014,Peer
2001,Metropolitan Statistical Area,Dallas MSA,19100,NATURALCHG,Moodys-CBSA,Moodys,61414.20104271469,Peer
2012,Region,WFSRCA Region,48021-48031-48053-48055-48149-48209-48287-48299-48491,RESIDUAL,Census-County-State-US,PEP_Vintage_2020,398.0,Peer
2011,Metropolitan Statistical Area,San Antonio MSA,41700,NETMIG,Census-CBSA,PEP_Vintage_2020,24444.0,Peer
2012,Region,WFSRCA Region,48021-48031-48053-48055-48149-48209-48287-48299-48491,RNETMIG,Census-County-State-US,PEP_Vintage_2020,56.964808564799995,Peer
1985,Metropolitan Statistical Area,Houston MSA,26420,POPESTIMATE,Moodys-CBSA,Moodys,3643231.505509574,Peer
2017,National,US,00,NETMIG,Census-County-State-US,PEP_Vintage_2020,948392.0,Benchmark
2012,Region,WFSRCA Region,48021-48031-48053-48055-48149-48209-48287-48299-48491,DEATHS,Census-County-State-US,PEP_Vintage_2020,-4942.0,Peer
1983,Metropolitan Statistical Area,Dallas MSA,19100,RESIDUAL,Moodys-CBSA,Moodys,1192.5001238104726,Peer
2006,Metropolitan Statistical Area,San Antonio MSA,41700,INTERNATIONALMIG,Moodys-CBSA,Moodys,5968.746230913827,Peer
2024,State,Texas,48,RINTERNATIONALMIG,Census-County-State-US,PEP_Vintage_2025,11.440246334,Benchmark
2024,State,Texas,48,DEATHS,Census-County-State-US,PEP_Vintage_2025,-230260.0,Benchmark
1990,State,Texas,48,INTERNATIONALMIG,Moodys-State,Moodys,76631.90309063216,Benchmark
1990,Place,"Fountain, CO",0827865,POPESTIMATE,Census-Place,PEP City and Town Postcensal Tables: 1990-2000,10775.0,Peer
1994,County or Equivalent,Travis County,48453,NATURALCHG,Moodys-County,Moodys,7408.945497825886,Focus
2024,County or Equivalent,Travis County,48453,GQESTIMATES,Census-County-State-US,PEP_Vintage_2025,36037.0,Focus
2022,County or Equivalent,Travis County,48453,NPOPCHG,Census-County-State-US,PEP_Vintage_2025,26801.0,Focus
1990,Metropolitan Statistical Area,San Antonio MSA,41700,INTERNATIONALMIG,Moodys-CBSA,Moodys,-16476.58189784974,Peer
1998,Metropolitan Statistical Area,Dallas MSA,19100,POPESTIMATE,Moodys-CBSA,Moodys,4912807.029983139,Peer
1988,National,US,00,POPESTIMATE,Moodys-US,Moodys,244548288.41298276,Benchmark
2014,Metropolitan Statistical Area,Austin MSA,12420,RDEATH,Census-CBSA,PEP_Vintage_2020,31.3611270118,Broad
2021,Metropolitan Statistical Area,Houston MSA,26420,INTERNATIONALMIG,Census-CBSA,PEP_Vintage_2025,17750.0,Peer
2025,Region,WFSRCA Region,48021-48031-48053-48055-48149-48209-48287-48299-48491,RESIDUAL,Census-County-State-US,PEP_Vintage_2025,-255.0,Peer
2009,County or Equivalent,Travis County,48453,DEATHS,Moodys-County,Moodys,-4474.088080737087,Focus
2001,State,Texas,48,DEATHS,Moodys-State,Moodys,-152805.42976513592,Benchmark
2008,National,US,00,INTERNATIONALMIG,Moodys-US,Moodys,933607.2810930249,Benchmark
2009,Place,"Fountain, CO",0827865,POPESTIMATE,Census-Place,PEP City and Town Intercensal Datasets: 2000-2010,24775.0,Peer
2013,Metropolitan Statistical Area,Dallas MSA,19100,RDEATH,Census-CBSA,PEP_Vintage_2020,76.2791475583,Peer
2013,State,Texas,48,RESIDUAL,Census-County-State-US,PEP_Vintage_2020,2552.0,Benchmark
2022,State,Texas,48,POPESTIMATE,Census-County-State-US,PEP_Vintage_2025,30118002.0,Benchmark
2021,County or Equivalent,Travis County,48453,RDOMESTICMIG,Census-County-State-US,PEP_Vintage_2025,1.098338102,Focus
2003,National,US,00,INTERNATIONALMIG,Moodys-US,Moodys,784320.7140584573,Benchmark
1994,Metropolitan Statistical Area,Houston MSA,26420,POPESTIMATE,Moodys-CBSA,Moodys,4171604.0932274,Peer
2022,Metropolitan Statistical Area,Austin MSA,12420,RDEATH,Census-CBSA,PEP_Vintage_2025,36.323810445999996,Broad
2024,Metropolitan Statistical Area,Houston MSA,26420,GQESTIMATES,Census-CBSA,PEP_Vintage_2025,89499.0,Peer
2019,County or Equivalent,Travis County,48453,NATURALCHG,Census-County-State-US,PEP_Vintage_2020,8745.0,Focus
1995,County or Equivalent,Travis County,48453,POPESTIMATE,Moodys-County,Moodys,696278.0466796446,Focus
2003,Metropolitan Statistical Area,San Antonio MSA,41700,BIRTHS,Moodys-CBSA,Moodys,29531.275893889146,Peer
2001,Metropolitan Statistical Area,Dallas MSA,19100,DOMESTICMIG,Moodys-CBSA,Moodys,33223.20070608209,Peer
2017,Metropolitan Statistical Area,San Antonio MSA,41700,RNATURALCHG,Census-CBSA,PEP_Vintage_2020,26.4668864643,Peer
2016,Metropolitan Statistical Area,Houston MSA,26420,RDEATH,Census-CBSA,PEP_Vintage_2020,76.4923081869,Peer
1986,Metropolitan Statistical Area,Houston MSA,26420,RESIDUAL,Moodys-CBSA,Moodys,1314.5912701948803,Peer
1986,Metropolitan Statistical Area,Houston MSA,26420,DEATHS,Moodys-CBSA,Moodys,-21447.857721531793,Peer
1991,Metropolitan Statistical Area,Houston MSA,26420,INTERNATIONALMIG,Moodys-CBSA,Moodys,27188.17397750005,Peer
2024,Metropolitan Statistical Area,San Antonio MSA,41700,NPOPCHG,Census-CBSA,PEP_Vintage_2025,54846.0,Peer
2014,Metropolitan Statistical Area,Houston MSA,26420,NPOPCHG,Census-CBSA,PEP_Vintage_2020,172074.0,Peer
2022,Metropolitan Statistical Area,Austin MSA,12420,NATURALCHG,Census-CBSA,PEP_Vintage_2025,15030.0,Broad
1992,County or Equivalent,Travis County,48453,POPESTIMATE,Moodys-County,Moodys,624946.9731596222,Focus
2024,Metropolitan Statistical Area,San Antonio MSA,41700,RBIRTH,Census-CBSA,PEP_Vintage_2025,81.723705109,Peer
2016,Region,WFSRCA Region,48021-48031-48053-48055-48149-48209-48287-48299-48491,DEATHS,Census-County-State-US,PEP_Vintage_2020,-6124.0,Peer
2015,County or Equivalent,Travis County,48453,RNATURALCHG,Census-County-State-US,PEP_Vintage_2020,9.4794491887,Focus
1991,Metropolitan Statistical Area,Austin MSA,12420,BIRTHS,Moodys-CBSA,Moodys,14600.028803134486,Broad
2015,National,US,00,POPESTIMATE,Census-County-State-US,PEP_Vintage_2020,320738994.0,Benchmark
1987,Metropolitan Statistical Area,Dallas MSA,19100,RESIDUAL,Moodys-CBSA,Moodys,1361.5955170404675,Peer
2025,Metropolitan Statistical Area,San Antonio MSA,41700,RBIRTH,Census-CBSA,PEP_Vintage_2025,79.669346225,Peer
2002,Place,Austin City,4805000,POPESTIMATE,Census-Place,PEP City and Town Intercensal Datasets: 2000-2010,688644.0,Peer
2013,Metropolitan Statistical Area,San Antonio MSA,41700,RDOMESTICMIG,Census-CBSA,PEP_Vintage_2020,124.9015046043,Peer
1994,Metropolitan Statistical Area,Austin MSA,12420,BIRTHS,Moodys-CBSA,Moodys,15746.008967731674,Broad
2017,National,US,00,RESIDUAL,Census-County-State-US,PEP_Vintage_2020,0.0,Benchmark
1986,Metropolitan Statistical Area,Austin MSA,12420,DEATHS,Moodys-CBSA,Moodys,-4381.218111262604,Broad
2015,Region,WFSRCA Region,48021-48031-48053-48055-48149-48209-48287-48299-48491,NPOPCHG,Census-County-State-US,PEP_Vintage_2020,34030.0,Peer
2017,Region,WFSRCA Region,48021-48031-48053-48055-48149-48209-48287-48299-48491,INTERNATIONALMIG,Census-County-State-US,PEP_Vintage_2020,1807.0,Peer
2000,County or Equivalent,Travis County,48453,NATURALCHG,Moodys-County,Moodys,9606.655644071772,Focus
2023,County or Equivalent,Travis County,48453,RDEATH,Census-County-State-US,PEP_Vintage_2025,5.030376364,Focus
2009,Metropolitan Statistical Area,Austin MSA,12420,DOMESTICMIG,Moodys-CBSA,Moodys,22399.675098006286,Broad
1991,Metropolitan Statistical Area,San Antonio MSA,41700,NATURALCHG,Moodys-CBSA,Moodys,15248.843795748058,Peer
2025,Metropolitan Statistical Area,Dallas MSA,19100,INTERNATIONALMIG,Census-CBSA,PEP_Vintage_2025,55444.0,Peer
2008,State,Texas,48,DEATHS,Moodys-State,Moodys,-161404.56079794196,Benchmark
1986,National,US,00,RESIDUAL,Moodys-US,Moodys,67870.79791699171,Benchmark
2019,Metropolitan Statistical Area,San Antonio MSA,41700,NETMIG,Census-CBSA,PEP_Vintage_2020,23837.0,Peer
1984,Metropolitan Statistical Area,San Antonio MSA,41700,DOMESTICMIG,Moodys-CBSA,Moodys,13949.961476862025,Peer
1981,Metropolitan Statistical Area,Houston MSA,26420,DEATHS,Moodys-CBSA,Moodys,-19214.21574183945,Peer
1997,Metropolitan Statistical Area,Houston MSA,26420,POPESTIMATE,Moodys-CBSA,Moodys,4427400.781793344,Peer
2010,Metropolitan Statistical Area,San Antonio MSA,41700,DEATHS,Census-CBSA,PEP_Vintage_2020,-14208.0,Peer
2021,Metropolitan Statistical Area,Houston MSA,26420,RNETMIG,Census-CBSA,PEP_Vintage_2025,235.193550746,Peer
2020,Metropolitan Statistical Area,Austin MSA,12420,NETMIG,Census-CBSA,PEP_Vintage_2025,14694.0,Broad
2011,County or Equivalent,Travis County,48453,DEATHS,Census-County-State-US,PEP_Vintage_2020,-4667.0,Focus
2018,Metropolitan Statistical Area,Houston MSA,26420,BIRTHS,Census-CBSA,PEP_Vintage_2020,96258.0,Peer
2014,County or Equivalent,Travis County,48453,DEATHS,Census-County-State-US,PEP_Vintage_2020,-4942.0,Focus
1989,Metropolitan Statistical Area,Dallas MSA,19100,NATURALCHG,Moodys-CBSA,Moodys,47714.343985380925,Peer
2020,Metropolitan Statistical Area,San Antonio MSA,41700,GQESTIMATESBASE,Census-CBSA,PEP_Vintage_2025,46088.0,Peer
2012,National,US,00,RINTERNATIONALMIG,Census-County-State-US,PEP_Vintage_2020,2.7459291744,Benchmark
2025,Metropolitan Statistical Area,Dallas MSA,19100,BIRTHS,Census-CBSA,PEP_Vintage_2025,104378.0,Peer
2023,Metropolitan Statistical Area,San Antonio MSA,41700,BIRTHS,Census-CBSA,PEP_Vintage_2025,33157.0,Peer
2007,County or Equivalent,Travis County,48453,BIRTHS,Moodys-County,Moodys,16078.649996318365,Focus
1981,County or Equivalent,Travis County,48453,DEATHS,Moodys-County,Moodys,-2389.8272810463714,Focus
2017,Metropolitan Statistical Area,Austin MSA,12420,RNATURALCHG,Census-CBSA,PEP_Vintage_2020,30.8627778631,Broad
2010,Metropolitan Statistical Area,Austin MSA,12420,NETMIG,Census-CBSA,PEP_Vintage_2020,6557.0,Broad
2015,National,US,00,RDEATH,Census-County-State-US,PEP_Vintage_2020,8.4485026734,Benchmark
1988,National,US,00,DOMESTICMIG,Moodys-US,Moodys,1127.2935654739103,Benchmark
1993,County or Equivalent,Travis County,48453,INTERNATIONALMIG,Moodys-County,Moodys,8948.412420109804,Focus
2025,State,Texas,48,RDEATH,Census-County-State-US,PEP_Vintage_2025,7.377372857,Benchmark
1984,National,US,00,BIRTHS,Moodys-US,Moodys,3614552.732154452,Benchmark
1996,County or Equivalent,Travis County,48453,BIRTHS,Moodys-County,Moodys,11540.36544218897,Focus
2003,Metropolitan Statistical Area,Austin MSA,12420,NATURALCHG,Moodys-CBSA,Moodys,15890.698613649096,Broad
2012,Metropolitan Statistical Area,Austin MSA,12420,RBIRTH,Census-CBSA,PEP_Vintage_2020,62.327608121,Broad
1986,Metropolitan Statistical Area,San Antonio MSA,41700,DEATHS,Moodys-CBSA,Moodys,-9579.849772922604,Peer
2015,Region,WFSRCA Region,48021-48031-48053-48055-48149-48209-48287-48299-48491,NETMIG,Census-County-State-US,PEP_Vintage_2020,27771.0,Peer
1983,Metropolitan Statistical Area,Houston MSA,26420,RESIDUAL,Moodys-CBSA,Moodys,1291.9155692766992,Peer
1994,Metropolitan Statistical Area,Austin MSA,12420,INTERNATIONALMIG,Moodys-CBSA,Moodys,8143.667278146417,Broad
1997,National,US,00,RESIDUAL,Moodys-US,Moodys,76169.69185631635,Benchmark
2017,National,US,00,NPOPCHG,Census-County-State-US,PEP_Vintage_2020,2050373.0,Benchmark
1994,Metropolitan Statistical Area,San Antonio MSA,41700,POPESTIMATE,Moodys-CBSA,Moodys,1535184.9785726676,Peer
2022,Metropolitan Statistical Area,Dallas MSA,19100,RESIDUAL,Census-CBSA,PEP_Vintage_2025,2158.0,Peer
1998,Metropolitan Statistical Area,Houston MSA,26420,POPESTIMATE,Moodys-CBSA,Moodys,4534979.061219524,Peer
2019,Metropolitan Statistical Area,Dallas MSA,19100,RNETMIG,Census-CBSA,PEP_Vintage_2020,262.5172936608,Peer
2020,Metropolitan Statistical Area,Austin MSA,12420,BIRTHS,Census-CBSA,PEP_Vintage_2025,25380.0,Broad
1981,Metropolitan Statistical Area,Austin MSA,12420,DOMESTICMIG,Moodys-CBSA,Moodys,45974.413165745515,Broad
2021,Metropolitan Statistical Area,Dallas MSA,19100,RINTERNATIONALMIG,Census-CBSA,PEP_Vintage_2025,10.688710778,Peer
2024,Metropolitan Statistical Area,San Antonio MSA,41700,DEATHS,Census-CBSA,PEP_Vintage_2025,-21358.0,Peer
2004,National,US,00,NATURALCHG,Moodys-US,Moodys,1661743.7424801125,Benchmark
2020,Metropolitan Statistical Area,Austin MSA,12420,NPOPCHG,Census-CBSA,PEP_Vintage_2025,16781.0,Broad
2023,Metropolitan Statistical Area,San Antonio MSA,41700,RNATURALCHG,Census-CBSA,PEP_Vintage_2025,8.557535574000001,Peer
2006,State,Texas,48,DEATHS,Moodys-State,Moodys,-155584.8384497468,Benchmark
2016,Region,WFSRCA Region,48021-48031-48053-48055-48149-48209-48287-48299-48491,POPESTIMATE,Census-County-State-US,PEP_Vintage_2020,976233.0,Peer
2009,County or Equivalent,Travis County,48453,BIRTHS,Moodys-County,Moodys,15967.49876559532,Focus
1991,State,Texas,48,INTERNATIONALMIG,Moodys-State,Moodys,106294.5297329367,Benchmark
2019,County or Equivalent,Travis County,48453,NETMIG,Census-County-State-US,PEP_Vintage_2020,18040.0,Focus
1984,National,US,00,POPESTIMATE,Moodys-US,Moodys,235869201.2201758,Benchmark
1995,Metropolitan Statistical Area,Houston MSA,26420,NATURALCHG,Moodys-CBSA,Moodys,48523.897036324044,Peer
2025,State,Texas,48,POPESTIMATE,Census-County-State-US,PEP_Vintage_2025,31709821.0,Benchmark
1995,State,Texas,48,DEATHS,Moodys-State,Moodys,-137549.00919508474,Benchmark
2022,National,US,00,RNATURALCHG,Census-County-State-US,PEP_Vintage_2025,0.672653317,Benchmark
2002,Region,WFSRCA Region,48021-48031-48053-48055-48149-48209-48287-48299-48491,BIRTHS,Moodys-County,Moodys,9205.094207587226,Peer
2000,Region,WFSRCA Region,48021-48031-48053-48055-48149-48209-48287-48299-48491,DEATHS,Moodys-County,Moodys,-3453.999585158019,Peer
1985,Metropolitan Statistical Area,Houston MSA,26420,DOMESTICMIG,Moodys-CBSA,Moodys,15820.925871666152,Peer
2010,Metropolitan Statistical Area,Dallas MSA,19100,GQESTIMATESBASE,Census-CBSA,PEP_Vintage_2020,77509.0,Peer
1992,County or Equivalent,Travis County,48453,INTERNATIONALMIG,Moodys-County,Moodys,7674.844651281405,Focus
1994,Metropolitan Statistical Area,San Antonio MSA,41700,INTERNATIONALMIG,Moodys-CBSA,Moodys,14289.770466946906,Peer
2014,Metropolitan Statistical Area,Houston MSA,26420,DEATHS,Census-CBSA,PEP_Vintage_2020,-36753.0,Peer
2003,Metropolitan Statistical Area,San Antonio MSA,41700,INTERNATIONALMIG,Moodys-CBSA,Moodys,-923.3835510350467,Peer
1988,County or Equivalent,Travis County,48453,INTERNATIONALMIG,Moodys-County,Moodys,5439.005872025507,Focus
1985,National,US,00,DOMESTICMIG,Moodys-US,Moodys,996.3011807235271,Benchmark
2017,Metropolitan Statistical Area,Houston MSA,26420,RNATURALCHG,Census-CBSA,PEP_Vintage_2020,51.9868586521,Peer
2007,Region,WFSRCA Region,48021-48031-48053-48055-48149-48209-48287-48299-48491,RESIDUAL,Moodys-County,Moodys,450.0000000000002,Peer
2002,Region,WFSRCA Region,48021-48031-48053-48055-48149-48209-48287-48299-48491,DEATHS,Moodys-County,Moodys,-3799.8445218404363,Peer
1984,State,Texas,48,NATURALCHG,Moodys-State,Moodys,177830.04407620535,Benchmark
2014,County or Equivalent,Travis County,48453,POPESTIMATE,Census-County-State-US,PEP_Vintage_2020,1152411.0,Focus
2023,Metropolitan Statistical Area,Houston MSA,26420,RNATURALCHG,Census-CBSA,PEP_Vintage_2025,44.379334701000005,Peer
1987,Metropolitan Statistical Area,San Antonio MSA,41700,NATURALCHG,Moodys-CBSA,Moodys,16224.967609411087,Peer
1982,Metropolitan Statistical Area,Dallas MSA,19100,DEATHS,Moodys-CBSA,Moodys,-21800.000304045047,Peer
2010,Metropolitan Statistical Area,San Antonio MSA,41700,GQESTIMATESBASE,Census-CBSA,PEP_Vintage_2020,49032.0,Peer
2002,Metropolitan Statistical Area,San Antonio MSA,41700,NATURALCHG,Moodys-CBSA,Moodys,15650.734363350872,Peer
1989,Region,WFSRCA Region,48021-48031-48053-48055-48149-48209-48287-48299-48491,DEATHS,Moodys-County,Moodys,-2624.3176862038954,Peer
1984,National,US,00,DEATHS,Moodys-US,Moodys,-2033566.9261921379,Benchmark
2022,National,US,00,INTERNATIONALMIG,Census-County-State-US,PEP_Vintage_2025,1672112.0,Benchmark
1987,National,US,00,POPESTIMATE,Moodys-US,Moodys,242336990.86705217,Benchmark
1997,Metropolitan Statistical Area,San Antonio MSA,41700,RESIDUAL,Moodys-CBSA,Moodys,581.3306410405261,Peer
2001,County or Equivalent,Travis County,48453,POPESTIMATE,Moodys-County,Moodys,844877.0,Focus
2010,Metropolitan Statistical Area,Dallas MSA,19100,CENSUS,Census-CBSA,PEP_Vintage_2020,6366542.0,Peer
2003,County or Equivalent,Travis County,48453,BIRTHS,Moodys-County,Moodys,14308.508531186138,Focus
2017,Region,WFSRCA Region,48021-48031-48053-48055-48149-48209-48287-48299-48491,POPESTIMATE,Census-County-State-US,PEP_Vintage_2020,1010104.0,Peer
1984,Region,WFSRCA Region,48021-48031-48053-48055-48149-48209-48287-48299-48491,BIRTHS,Moodys-County,Moodys,4335.139089320619,Peer
2015,State,Texas,48,GQESTIMATES,Census-County-State-US,PEP_Vintage_2020,599889.0,Benchmark
2014,State,Texas,48,RBIRTH,Census-County-State-US,PEP_Vintage_2020,14.756616699,Benchmark
2013,Region,WFSRCA Region,48021-48031-48053-48055-48149-48209-48287-48299-48491,DEATHS,Census-County-State-US,PEP_Vintage_2020,-5265.0,Peer
2025,Metropolitan Statistical Area,Austin MSA,12420,BIRTHS,Census-CBSA,PEP_Vintage_2025,30313.0,Broad
1989,Metropolitan Statistical Area,Houston MSA,26420,DOMESTICMIG,Moodys-CBSA,Moodys,-2763.5108450783237,Peer
1990,State,Texas,48,DEATHS,Moodys-State,Moodys,-123829.26140684036,Benchmark
2016,Region,WFSRCA Region,48021-48031-48053-48055-48149-48209-48287-48299-48491,RINTERNATIONALMIG,Census-County-State-US,PEP_Vintage_2020,7.8404309063,Peer
2004,State,Texas,48,DEATHS,Moodys-State,Moodys,-154858.16174772664,Benchmark
2002,State,Texas,48,POPESTIMATE,Moodys-State,Moodys,21690324.999999996,Benchmark
2021,Metropolitan Statistical Area,Houston MSA,26420,NPOPCHG,Census-CBSA,PEP_Vintage_2025,78760.0,Peer
1994,Region,WFSRCA Region,48021-48031-48053-48055-48149-48209-48287-48299-48491,INTERNATIONALMIG,Moodys-County,Moodys,285.8869885997768,Peer
1999,Metropolitan Statistical Area,San Antonio MSA,41700,DOMESTICMIG,Moodys-CBSA,Moodys,7201.974121671889,Peer
2015,Metropolitan Statistical Area,San Antonio MSA,41700,GQESTIMATES,Census-CBSA,PEP_Vintage_2020,49779.0,Peer
1986,State,Texas,48,RESIDUAL,Moodys-State,Moodys,5910.999999999997,Benchmark
2018,Metropolitan Statistical Area,San Antonio MSA,41700,RESIDUAL,Census-CBSA,PEP_Vintage_2020,59.0,Peer
2010,State,Texas,48,DEATHS,Census-County-State-US,PEP_Vintage_2020,-164088.0,Benchmark
2017,Region,WFSRCA Region,48021-48031-48053-48055-48149-48209-48287-48299-48491,RNETMIG,Census-County-State-US,PEP_Vintage_2020,199.4527390987,Peer
2004,Metropolitan Statistical Area,Austin MSA,12420,DOMESTICMIG,Moodys-CBSA,Moodys,12166.478136558624,Broad
2021,Metropolitan Statistical Area,Houston MSA,26420,NATURALCHG,Census-CBSA,PEP_Vintage_2025,34919.0,Peer
1996,Metropolitan Statistical Area,San Antonio MSA,41700,NATURALCHG,Moodys-CBSA,Moodys,14828.11886268666,Peer
1988,Metropolitan Statistical Area,San Antonio MSA,41700,DOMESTICMIG,Moodys-CBSA,Moodys,7104.322770076703,Peer
2024,Metropolitan Statistical Area,Houston MSA,26420,DOMESTICMIG,Census-CBSA,PEP_Vintage_2025,20136.0,Peer
2017,Metropolitan Statistical Area,Austin MSA,12420,NATURALCHG,Census-CBSA,PEP_Vintage_2020,15569.0,Broad
2021,State,Texas,48,POPESTIMATE,Census-County-State-US,PEP_Vintage_2025,29572672.0,Benchmark
1997,State,Texas,48,NATURALCHG,Moodys-State,Moodys,197739.5726921804,Benchmark
2013,State,Texas,48,BIRTHS,Census-County-State-US,PEP_Vintage_2020,384426.0,Benchmark
2015,National,US,00,DEATHS,Census-County-State-US,PEP_Vintage_2020,-2699826.0,Benchmark
1988,State,Texas,48,NATURALCHG,Moodys-State,Moodys,179498.01604246075,Benchmark
2005,Place,Austin City,4805000,POPESTIMATE,Census-Place,PEP City and Town Intercensal Datasets: 2000-2010,708423.0,Peer
2019,Region,WFSRCA Region,48021-48031-48053-48055-48149-48209-48287-48299-48491,GQESTIMATES,Census-County-State-US,PEP_Vintage_2020,19525.0,Peer
2014,Metropolitan Statistical Area,San Antonio MSA,41700,RDEATH,Census-CBSA,PEP_Vintage_2020,66.82392721069999,Peer
2025,Metropolitan Statistical Area,Austin MSA,12420,RDEATH,Census-CBSA,PEP_Vintage_2025,30.629642332,Broad
2021,County or Equivalent,Travis County,48453,NPOPCHG,Census-County-State-US,PEP_Vintage_2025,12611.0,Focus
2014,Metropolitan Statistical Area,San Antonio MSA,41700,INTERNATIONALMIG,Census-CBSA,PEP_Vintage_2020,6250.0,Peer
2018,State,Texas,48,RNETMIG,Census-County-State-US,PEP_Vintage_2020,5.4036514566,Benchmark
1993,Metropolitan Statistical Area,Austin MSA,12420,BIRTHS,Moodys-CBSA,Moodys,15192.65088703395,Broad
2021,State,Texas,48,NETMIG,Census-County-State-US,PEP_Vintage_2025,242841.0,Benchmark
2016,State,Texas,48,GQESTIMATES,Census-County-State-US,PEP_Vintage_2020,595799.0,Benchmark
2017,National,US,00,DEATHS,Census-County-State-US,PEP_Vintage_2020,-2788163.0,Benchmark
2023,Metropolitan Statistical Area,Austin MSA,12420,RNATURALCHG,Census-CBSA,PEP_Vintage_2025,30.696887052,Broad
2012,Metropolitan Statistical Area,Austin MSA,12420,RNETMIG,Census-CBSA,PEP_Vintage_2020,61.0099760427,Broad
2016,Region,WFSRCA Region,48021-48031-48053-48055-48149-48209-48287-48299-48491,RNETMIG,Census-County-State-US,PEP_Vintage_2020,204.7145621462,Peer
1985,National,US,00,BIRTHS,Moodys-US,Moodys,3731735.9206301193,Benchmark
1987,State,Texas,48,NATURALCHG,Moodys-State,Moodys,185645.04100831403,Benchmark
2000,County or Equivalent,Travis County,48453,POPESTIMATE,Moodys-County,Moodys,819691.9999999998,Focus
2020,Metropolitan Statistical Area,Dallas MSA,19100,RESIDUAL,Census-CBSA,PEP_Vintage_2025,-22.0,Peer
2021,Metropolitan Statistical Area,Austin MSA,12420,RNATURALCHG,Census-CBSA,PEP_Vintage_2025,22.956013641,Broad
1998,Metropolitan Statistical Area,San Antonio MSA,41700,DOMESTICMIG,Moodys-CBSA,Moodys,8196.537811935796,Peer
2000,Metropolitan Statistical Area,Dallas MSA,19100,RESIDUAL,Moodys-CBSA,Moodys,1851.508793406803,Peer
1988,Metropolitan Statistical Area,Houston MSA,26420,DOMESTICMIG,Moodys-CBSA,Moodys,-14863.863800718202,Peer
1994,National,US,00,BIRTHS,Moodys-US,Moodys,4014439.5809108033,Benchmark
1984,Metropolitan Statistical Area,Houston MSA,26420,DEATHS,Moodys-CBSA,Moodys,-21050.7014332057,Peer
2019,Region,WFSRCA Region,48021-48031-48053-48055-48149-48209-48287-48299-48491,DEATHS,Census-County-State-US,PEP_Vintage_2020,-6874.0,Peer
2017,County or Equivalent,Travis County,48453,BIRTHS,Census-County-State-US,PEP_Vintage_2020,15525.0,Focus
2010,Metropolitan Statistical Area,San Antonio MSA,41700,POPESTIMATE,Census-CBSA,PEP_Vintage_2020,2153021.0,Peer
2023,Metropolitan Statistical Area,Austin MSA,12420,RDEATH,Census-CBSA,PEP_Vintage_2025,33.28623987,Broad
1986,County or Equivalent,Travis County,48453,DEATHS,Moodys-County,Moodys,-2878.457317193784,Focus
2017,State,Texas,48,RNETMIG,Census-County-State-US,PEP_Vintage_2020,6.4414453012,Benchmark
1998,Metropolitan Statistical Area,Houston MSA,26420,RESIDUAL,Moodys-CBSA,Moodys,1618.708855801699,Peer
2016,National,US,00,RBIRTH,Census-County-State-US,PEP_Vintage_2020,12.335795903,Benchmark
2016,National,US,00,RDOMESTICMIG,Census-County-State-US,PEP_Vintage_2020,0.0,Benchmark
2025,National,US,00,RDOMESTICMIG,Census-County-State-US,PEP_Vintage_2025,0.0,Benchmark
2024,Region,WFSRCA Region,48021-48031-48053-48055-48149-48209-48287-48299-48491,DEATHS,Census-County-State-US,PEP_Vintage_2025,-8544.0,Peer
2019,Metropolitan Statistical Area,San Antonio MSA,41700,GQESTIMATES,Census-CBSA,PEP_Vintage_2020,49092.0,Peer
2022,Metropolitan Statistical Area,San Antonio MSA,41700,DEATHS,Census-CBSA,PEP_Vintage_2025,-23937.0,Peer
2019,Metropolitan Statistical Area,Austin MSA,12420,NATURALCHG,Census-CBSA,PEP_Vintage_2020,14294.0,Broad
1985,State,Texas,48,POPESTIMATE,Moodys-State,Moodys,16272730.468750013,Benchmark
2024,County or Equivalent,Travis County,48453,NETMIG,Census-County-State-US,PEP_Vintage_2025,12265.0,Focus
1997,Region,WFSRCA Region,48021-48031-48053-48055-48149-48209-48287-48299-48491,INTERNATIONALMIG,Moodys-County,Moodys,1280.0441219174834,Peer
2020,Metropolitan Statistical Area,Austin MSA,12420,INTERNATIONALMIG,Census-CBSA,PEP_Vintage_2025,764.0,Broad
2020,Metropolitan Statistical Area,Houston MSA,26420,NATURALCHG,Census-CBSA,PEP_Vintage_2025,39528.0,Peer
2023,Region,WFSRCA Region,48021-48031-48053-48055-48149-48209-48287-48299-48491,NETMIG,Census-County-State-US,PEP_Vintage_2025,43001.0,Peer
2013,Metropolitan Statistical Area,San Antonio MSA,41700,RINTERNATIONALMIG,Census-CBSA,PEP_Vintage_2020,5.5520817079,Peer
2001,State,Texas,48,INTERNATIONALMIG,Moodys-State,Moodys,114940.97551693923,Benchmark
1995,Metropolitan Statistical Area,Austin MSA,12420,DEATHS,Moodys-CBSA,Moodys,-5461.209204111654,Broad
1993,Metropolitan Statistical Area,Dallas MSA,19100,NATURALCHG,Moodys-CBSA,Moodys,47880.26046821352,Peer
2023,County or Equivalent,Travis County,48453,RDOMESTICMIG,Census-County-State-US,PEP_Vintage_2025,-7.614728502,Focus
2013,Region,WFSRCA Region,48021-48031-48053-48055-48149-48209-48287-48299-48491,RNATURALCHG,Census-County-State-US,PEP_Vintage_2020,11.9509101975,Peer
1993,Region,WFSRCA Region,48021-48031-48053-48055-48149-48209-48287-48299-48491,BIRTHS,Moodys-County,Moodys,5449.735174347391,Peer
1995,Metropolitan Statistical Area,Houston MSA,26420,RESIDUAL,Moodys-CBSA,Moodys,1515.6787303276794,Peer
1984,Metropolitan Statistical Area,San Antonio MSA,41700,BIRTHS,Moodys-CBSA,Moodys,23946.246054149982,Peer
2023,County or Equivalent,Travis County,48453,POPESTIMATE,Census-County-State-US,PEP_Vintage_2025,1353278.0,Focus
1993,State,Texas,48,DOMESTICMIG,Moodys-State,Moodys,57388.72155396888,Benchmark
2006,Metropolitan Statistical Area,Austin MSA,12420,DEATHS,Moodys-CBSA,Moodys,-7196.818599961793,Broad
1982,Metropolitan Statistical Area,San Antonio MSA,41700,NATURALCHG,Moodys-CBSA,Moodys,13911.331077251169,Peer
2001,Metropolitan Statistical Area,Austin MSA,12420,DEATHS,Moodys-CBSA,Moodys,-6591.303444472147,Broad
1988,Metropolitan Statistical Area,Austin MSA,12420,RESIDUAL,Moodys-CBSA,Moodys,291.66905853729645,Broad
1982,State,Texas,48,NATURALCHG,Moodys-State,Moodys,179987.98893620018,Benchmark
1993,Metropolitan Statistical Area,Houston MSA,26420,DOMESTICMIG,Moodys-CBSA,Moodys,-4595.263512828069,Peer
2009,Metropolitan Statistical Area,San Antonio MSA,41700,BIRTHS,Moodys-CBSA,Moodys,34158.58358073829,Peer
2012,Region,WFSRCA Region,48021-48031-48053-48055-48149-48209-48287-48299-48491,RINTERNATIONALMIG,Census-County-State-US,PEP_Vintage_2020,6.0629420099,Peer
2016,Metropolitan Statistical Area,San Antonio MSA,41700,RNATURALCHG,Census-CBSA,PEP_Vintage_2020,25.3108809963,Peer
2014,Metropolitan Statistical Area,Dallas MSA,19100,RDOMESTICMIG,Census-CBSA,PEP_Vintage_2020,135.0695379394,Peer
2016,State,Texas,48,NPOPCHG,Census-County-State-US,PEP_Vintage_2020,445533.0,Benchmark
2011,Region,WFSRCA Region,48021-48031-48053-48055-48149-48209-48287-48299-48491,BIRTHS,Census-County-State-US,PEP_Vintage_2020,10739.0,Peer
1994,Region,WFSRCA Region,48021-48031-48053-48055-48149-48209-48287-48299-48491,NATURALCHG,Moodys-County,Moodys,2598.198676304668,Peer
2024,Metropolitan Statistical Area,Houston MSA,26420,RDEATH,Census-CBSA,PEP_Vintage_2025,78.421560388,Peer
1988,Metropolitan Statistical Area,Dallas MSA,19100,BIRTHS,Moodys-CBSA,Moodys,73210.82367299385,Peer
2005,Region,WFSRCA Region,48021-48031-48053-48055-48149-48209-48287-48299-48491,POPESTIMATE,Moodys-County,Moodys,669541.0000000003,Peer
2012,Metropolitan Statistical Area,San Antonio MSA,41700,DEATHS,Census-CBSA,PEP_Vintage_2020,-14825.0,Peer
2023,County or Equivalent,Travis County,48453,RNATURALCHG,Census-County-State-US,PEP_Vintage_2025,7.109013551,Focus
2018,Metropolitan Statistical Area,San Antonio MSA,41700,BIRTHS,Census-CBSA,PEP_Vintage_2020,32616.0,Peer
2023,Region,WFSRCA Region,48021-48031-48053-48055-48149-48209-48287-48299-48491,GQESTIMATES,Census-County-State-US,PEP_Vintage_2025,19675.0,Peer
2021,Region,WFSRCA Region,48021-48031-48053-48055-48149-48209-48287-48299-48491,DOMESTICMIG,Census-County-State-US,PEP_Vintage_2025,46952.0,Peer
2022,Region,WFSRCA Region,48021-48031-48053-48055-48149-48209-48287-48299-48491,RNETMIG,Census-County-State-US,PEP_Vintage_2025,275.06038569,Peer
2013,State,Texas,48,DOMESTICMIG,Census-County-State-US,PEP_Vintage_2020,107618.0,Benchmark
1999,County or Equivalent,Travis County,48453,DOMESTICMIG,Moodys-County,Moodys,5751.669569802687,Focus
2018,County or Equivalent,Travis County,48453,DOMESTICMIG,Census-County-State-US,PEP_Vintage_2020,5344.0,Focus
2025,County or Equivalent,Travis County,48453,DEATHS,Census-County-State-US,PEP_Vintage_2025,-6884.0,Focus
2014,Metropolitan Statistical Area,Austin MSA,12420,DEATHS,Census-CBSA,PEP_Vintage_2020,-9128.0,Broad
2012,County or Equivalent,Travis County,48453,DEATHS,Census-County-State-US,PEP_Vintage_2020,-4719.0,Focus
2016,Metropolitan Statistical Area,Dallas MSA,19100,NPOPCHG,Census-CBSA,PEP_Vintage_2020,153153.0,Peer
1989,County or Equivalent,Travis County,48453,BIRTHS,Moodys-County,Moodys,10033.597838306825,Focus
2025,County or Equivalent,Travis County,48453,POPESTIMATE,Census-County-State-US,PEP_Vintage_2025,1389670.0,Focus
1984,Metropolitan Statistical Area,Austin MSA,12420,BIRTHS,Moodys-CBSA,Moodys,12607.352936430878,Broad
1996,Place,"Fountain, CO",0827865,POPESTIMATE,Census-Place,PEP City and Town Postcensal Tables: 1990-2000,13042.0,Peer
1999,Metropolitan Statistical Area,Austin MSA,12420,DOMESTICMIG,Moodys-CBSA,Moodys,23971.679799481317,Broad
2005,Metropolitan Statistical Area,San Antonio MSA,41700,DOMESTICMIG,Moodys-CBSA,Moodys,19840.75157546648,Peer
2005,Metropolitan Statistical Area,Austin MSA,12420,RESIDUAL,Moodys-CBSA,Moodys,-1376.9999999999952,Broad
2025,State,Texas,48,DEATHS,Census-County-State-US,PEP_Vintage_2025,-232492.0,Benchmark
1998,National,US,00,POPESTIMATE,Moodys-US,Moodys,275914446.30567986,Benchmark
2006,Metropolitan Statistical Area,Dallas MSA,19100,NATURALCHG,Moodys-CBSA,Moodys,66938.15496809964,Peer
2018,Metropolitan Statistical Area,Dallas MSA,19100,RNATURALCHG,Census-CBSA,PEP_Vintage_2020,56.5410161163,Peer
2019,Metropolitan Statistical Area,San Antonio MSA,41700,RDEATH,Census-CBSA,PEP_Vintage_2020,67.0096353908,Peer
1981,Metropolitan Statistical Area,San Antonio MSA,41700,INTERNATIONALMIG,Moodys-CBSA,Moodys,-7120.016234488143,Peer
1989,Region,WFSRCA Region,48021-48031-48053-48055-48149-48209-48287-48299-48491,NATURALCHG,Moodys-County,Moodys,2554.7630436102054,Peer
1993,National,US,00,BIRTHS,Moodys-US,Moodys,4061129.6191041484,Benchmark
2017,Metropolitan Statistical Area,Austin MSA,12420,GQESTIMATES,Census-CBSA,PEP_Vintage_2020,40744.0,Broad
2023,State,Texas,48,RDEATH,Census-County-State-US,PEP_Vintage_2025,7.6145783646,Benchmark
2023,State,Texas,48,GQESTIMATES,Census-County-State-US,PEP_Vintage_2025,624449.0,Benchmark
2022,National,US,00,RDOMESTICMIG,Census-County-State-US,PEP_Vintage_2025,0.0,Benchmark
2022,Metropolitan Statistical Area,Dallas MSA,19100,RDEATH,Census-CBSA,PEP_Vintage_2025,96.315721444,Peer
1983,County or Equivalent,Travis County,48453,INTERNATIONALMIG,Moodys-County,Moodys,6191.211593750142,Focus
2002,Metropolitan Statistical Area,Austin MSA,12420,DEATHS,Moodys-CBSA,Moodys,-6535.093725686807,Broad
1986,County or Equivalent,Travis County,48453,INTERNATIONALMIG,Moodys-County,Moodys,6449.030569974116,Focus
2010,State,Texas,48,NPOPCHG,Census-County-State-US,PEP_Vintage_2020,95825.0,Benchmark
2016,National,US,00,RINTERNATIONALMIG,Census-County-State-US,PEP_Vintage_2020,3.3084784672,Benchmark
2010,Metropolitan Statistical Area,Dallas MSA,19100,RESIDUAL,Census-CBSA,PEP_Vintage_2020,379.0,Peer
2010,Region,WFSRCA Region,48021-48031-48053-48055-48149-48209-48287-48299-48491,NPOPCHG,Census-County-State-US,PEP_Vintage_2020,5216.0,Peer
1996,County or Equivalent,Travis County,48453,RESIDUAL,Moodys-County,Moodys,255.9825429744581,Focus
2004,State,Texas,48,POPESTIMATE,Moodys-State,Moodys,22394023.0,Benchmark
2013,Metropolitan Statistical Area,Austin MSA,12420,RNETMIG,Census-CBSA,PEP_Vintage_2020,89.5519816089,Broad
2016,National,US,00,NETMIG,Census-County-State-US,PEP_Vintage_2020,1065017.0,Benchmark
1995,Region,WFSRCA Region,48021-48031-48053-48055-48149-48209-48287-48299-48491,NATURALCHG,Moodys-County,Moodys,3036.5823985009147,Peer
2012,Metropolitan Statistical Area,Houston MSA,26420,NETMIG,Census-CBSA,PEP_Vintage_2020,69162.0,Peer
2016,State,Texas,48,RNETMIG,Census-County-State-US,PEP_Vintage_2020,8.3550075615,Benchmark
2024,County or Equivalent,Travis County,48453,BIRTHS,Census-County-State-US,PEP_Vintage_2025,16209.0,Focus
2020,Region,WFSRCA Region,48021-48031-48053-48055-48149-48209-48287-48299-48491,INTERNATIONALMIG,Census-County-State-US,PEP_Vintage_2025,188.0,Peer
2003,Region,WFSRCA Region,48021-48031-48053-48055-48149-48209-48287-48299-48491,RESIDUAL,Moodys-County,Moodys,59.99999999999993,Peer
1983,Region,WFSRCA Region,48021-48031-48053-48055-48149-48209-48287-48299-48491,DEATHS,Moodys-County,Moodys,-2251.4634534275892,Peer
2001,County or Equivalent,Travis County,48453,INTERNATIONALMIG,Moodys-County,Moodys,7455.082476454084,Focus
2013,County or Equivalent,Travis County,48453,RBIRTH,Census-County-State-US,PEP_Vintage_2020,14.274101684,Focus
1995,Place,Austin City,4805000,POPESTIMATE,Census-Place,PEP City and Town Postcensal Tables: 1990-2000,557821.0,Peer
2005,State,Texas,48,NATURALCHG,Moodys-State,Moodys,228701.8759035728,Benchmark
2018,County or Equivalent,Travis County,48453,GQESTIMATES,Census-County-State-US,PEP_Vintage_2020,23004.0,Focus
1993,Region,WFSRCA Region,48021-48031-48053-48055-48149-48209-48287-48299-48491,DOMESTICMIG,Moodys-County,Moodys,11328.0119682868,Peer
2023,Region,WFSRCA Region,48021-48031-48053-48055-48149-48209-48287-48299-48491,RINTERNATIONALMIG,Census-County-State-US,PEP_Vintage_2025,28.468367336,Peer
2015,Metropolitan Statistical Area,Houston MSA,26420,RINTERNATIONALMIG,Census-CBSA,PEP_Vintage_2020,28.7019387691,Peer
2012,Metropolitan Statistical Area,Dallas MSA,19100,RESIDUAL,Census-CBSA,PEP_Vintage_2020,894.0,Peer
2001,Metropolitan Statistical Area,Houston MSA,26420,BIRTHS,Moodys-CBSA,Moodys,83443.66130107119,Peer
2024,National,US,00,NETMIG,Census-County-State-US,PEP_Vintage_2025,2734468.0,Benchmark
2016,Metropolitan Statistical Area,San Antonio MSA,41700,NETMIG,Census-CBSA,PEP_Vintage_2020,29687.0,Peer
1982,National,US,00,DOMESTICMIG,Moodys-US,Moodys,917.3653700147079,Benchmark
1996,State,Texas,48,DEATHS,Moodys-State,Moodys,-143458.7152426537,Benchmark
2015,Region,WFSRCA Region,48021-48031-48053-48055-48149-48209-48287-48299-48491,INTERNATIONALMIG,Census-County-State-US,PEP_Vintage_2020,2093.0,Peer
2002,Metropolitan Statistical Area,San Antonio MSA,41700,DOMESTICMIG,Moodys-CBSA,Moodys,19207.03781282561,Peer
2019,Region,WFSRCA Region,48021-48031-48053-48055-48149-48209-48287-48299-48491,DOMESTICMIG,Census-County-State-US,PEP_Vintage_2020,29644.0,Peer
1989,Metropolitan Statistical Area,Dallas MSA,19100,DEATHS,Moodys-CBSA,Moodys,-25526.54009775823,Peer
2022,Metropolitan Statistical Area,Houston MSA,26420,RESIDUAL,Census-CBSA,PEP_Vintage_2025,-941.0,Peer
2022,Metropolitan Statistical Area,Houston MSA,26420,DOMESTICMIG,Census-CBSA,PEP_Vintage_2025,37649.0,Peer
2025,Metropolitan Statistical Area,Austin MSA,12420,NETMIG,Census-CBSA,PEP_Vintage_2025,37317.0,Broad
2004,Metropolitan Statistical Area,San Antonio MSA,41700,DOMESTICMIG,Moodys-CBSA,Moodys,20690.461345625616,Peer
2002,Metropolitan Statistical Area,San Antonio MSA,41700,INTERNATIONALMIG,Moodys-CBSA,Moodys,2576.2278238233494,Peer
2017,Metropolitan Statistical Area,San Antonio MSA,41700,NETMIG,Census-CBSA,PEP_Vintage_2020,29823.0,Peer
1988,Metropolitan Statistical Area,San Antonio MSA,41700,DEATHS,Moodys-CBSA,Moodys,-9977.384717168028,Peer
1996,Metropolitan Statistical Area,Houston MSA,26420,NATURALCHG,Moodys-CBSA,Moodys,48630.84171998659,Peer
1993,State,Texas,48,RESIDUAL,Moodys-State,Moodys,6483.000000000002,Benchmark
2005,Metropolitan Statistical Area,Houston MSA,26420,DEATHS,Moodys-CBSA,Moodys,-29840.008904065555,Peer
2011,Metropolitan Statistical Area,Houston MSA,26420,RNETMIG,Census-CBSA,PEP_Vintage_2020,75.9770507117,Peer
1981,National,US,00,DEATHS,Moodys-US,Moodys,-1971998.3442562919,Benchmark
1982,State,Texas,48,DOMESTICMIG,Moodys-State,Moodys,329107.47019851557,Benchmark
2016,Region,WFSRCA Region,48021-48031-48053-48055-48149-48209-48287-48299-48491,RDOMESTICMIG,Census-County-State-US,PEP_Vintage_2020,196.8741312399,Peer
2000,Metropolitan Statistical Area,Austin MSA,12420,POPESTIMATE,Moodys-CBSA,Moodys,1264949.9999999998,Broad
2025,Metropolitan Statistical Area,San Antonio MSA,41700,RNETMIG,Census-CBSA,PEP_Vintage_2025,148.360817849,Peer
2015,Metropolitan Statistical Area,San Antonio MSA,41700,BIRTHS,Census-CBSA,PEP_Vintage_2020,33881.0,Peer
2022,National,US,00,POPESTIMATE,Census-County-State-US,PEP_Vintage_2025,333996304.0,Benchmark
1988,County or Equivalent,Travis County,48453,RESIDUAL,Moodys-County,Moodys,198.88981310959602,Focus
1987,Region,WFSRCA Region,48021-48031-48053-48055-48149-48209-48287-48299-48491,DOMESTICMIG,Moodys-County,Moodys,-2558.5113242475454,Peer
1994,Region,WFSRCA Region,48021-48031-48053-48055-48149-48209-48287-48299-48491,DOMESTICMIG,Moodys-County,Moodys,16635.929553069367,Peer
2007,Metropolitan Statistical Area,Austin MSA,12420,INTERNATIONALMIG,Moodys-CBSA,Moodys,6818.566979702439,Broad
2003,State,Texas,48,NATURALCHG,Moodys-State,Moodys,223183.54405626195,Benchmark
2015,Region,WFSRCA Region,48021-48031-48053-48055-48149-48209-48287-48299-48491,DOMESTICMIG,Census-County-State-US,PEP_Vintage_2020,25678.0,Peer
1987,County or Equivalent,Travis County,48453,DEATHS,Moodys-County,Moodys,-2882.6534526100872,Focus
1998,Metropolitan Statistical Area,Dallas MSA,19100,BIRTHS,Moodys-CBSA,Moodys,84543.56613642407,Peer
1992,National,US,00,POPESTIMATE,Moodys-US,Moodys,256565032.17016485,Benchmark
2008,Region,WFSRCA Region,48021-48031-48053-48055-48149-48209-48287-48299-48491,POPESTIMATE,Moodys-County,Moodys,765639.9999999998,Peer
1982,National,US,00,BIRTHS,Moodys-US,Moodys,3666436.1759912926,Benchmark
2018,Metropolitan Statistical Area,Austin MSA,12420,RNETMIG,Census-CBSA,PEP_Vintage_2020,101.2944290164,Broad
1981,Metropolitan Statistical Area,Dallas MSA,19100,DEATHS,Moodys-CBSA,Moodys,-20959.85763495762,Peer
2024,County or Equivalent,Travis County,48453,RDEATH,Census-County-State-US,PEP_Vintage_2025,5.009898472,Focus
2022,National,US,00,NATURALCHG,Census-County-State-US,PEP_Vintage_2025,224026.0,Benchmark
2008,Metropolitan Statistical Area,San Antonio MSA,41700,NATURALCHG,Moodys-CBSA,Moodys,19369.835877111494,Peer
2011,National,US,00,DEATHS,Census-County-State-US,PEP_Vintage_2020,-2512442.0,Benchmark
2017,Metropolitan Statistical Area,Houston MSA,26420,RESIDUAL,Census-CBSA,PEP_Vintage_2020,228.0,Peer
1988,National,US,00,INTERNATIONALMIG,Moodys-US,Moodys,455696.1681019287,Benchmark
2006,State,Texas,48,BIRTHS,Moodys-State,Moodys,391513.42263296957,Benchmark
2010,County or Equivalent,Travis County,48453,POPESTIMATE,Census-County-State-US,PEP_Vintage_2020,1030392.0,Focus
2025,Metropolitan Statistical Area,Houston MSA,26420,RBIRTH,Census-CBSA,PEP_Vintage_2025,121.023377192,Peer
2018,Metropolitan Statistical Area,San Antonio MSA,41700,RNETMIG,Census-CBSA,PEP_Vintage_2020,184.6992893007,Peer
2001,Metropolitan Statistical Area,Austin MSA,12420,NATURALCHG,Moodys-CBSA,Moodys,15445.357482292711,Broad
2014,State,Texas,48,RINTERNATIONALMIG,Census-County-State-US,PEP_Vintage_2020,3.9959030542,Benchmark
2004,Metropolitan Statistical Area,Houston MSA,26420,DEATHS,Moodys-CBSA,Moodys,-29685.22580579488,Peer
2004,Metropolitan Statistical Area,Houston MSA,26420,RESIDUAL,Moodys-CBSA,Moodys,10726.999999999818,Peer
1989,Metropolitan Statistical Area,San Antonio MSA,41700,DOMESTICMIG,Moodys-CBSA,Moodys,9452.738618290356,Peer
2023,State,Texas,48,RDOMESTICMIG,Census-County-State-US,PEP_Vintage_2025,6.2023514574,Benchmark
2025,Metropolitan Statistical Area,San Antonio MSA,41700,GQESTIMATES,Census-CBSA,PEP_Vintage_2025,49387.0,Peer
1985,Metropolitan Statistical Area,Dallas MSA,19100,DOMESTICMIG,Moodys-CBSA,Moodys,27266.000527737437,Peer
2021,Metropolitan Statistical Area,San Antonio MSA,41700,RBIRTH,Census-CBSA,PEP_Vintage_2025,82.911769418,Peer
2022,Metropolitan Statistical Area,Austin MSA,12420,RBIRTH,Census-CBSA,PEP_Vintage_2025,61.87677166,Broad
2016,Metropolitan Statistical Area,Houston MSA,26420,DEATHS,Census-CBSA,PEP_Vintage_2020,-39266.0,Peer
2025,State,Texas,48,RDOMESTICMIG,Census-County-State-US,PEP_Vintage_2025,2.1355135484,Benchmark
2006,County or Equivalent,Travis County,48453,RESIDUAL,Moodys-County,Moodys,-681.0000000000011,Focus
2008,Metropolitan Statistical Area,Houston MSA,26420,NATURALCHG,Moodys-CBSA,Moodys,63743.634588911824,Peer
2016,National,US,00,RESIDUAL,Census-County-State-US,PEP_Vintage_2020,0.0,Benchmark
2022,National,US,00,DOMESTICMIG,Census-County-State-US,PEP_Vintage_2025,0.0,Benchmark
1985,Metropolitan Statistical Area,Dallas MSA,19100,BIRTHS,Moodys-CBSA,Moodys,68008.48961313603,Peer
2020,Metropolitan Statistical Area,San Antonio MSA,41700,DEATHS,Census-CBSA,PEP_Vintage_2025,-18776.0,Peer
2009,State,Texas,48,RESIDUAL,Moodys-State,Moodys,935.9999999999999,Benchmark
1994,Metropolitan Statistical Area,San Antonio MSA,41700,DEATHS,Moodys-CBSA,Moodys,-11569.143029737214,Peer
2021,National,US,00,RESIDUAL,Census-County-State-US,PEP_Vintage_2025,0.0,Benchmark
2021,Region,WFSRCA Region,48021-48031-48053-48055-48149-48209-48287-48299-48491,NPOPCHG,Census-County-State-US,PEP_Vintage_2025,49853.0,Peer
2022,State,Texas,48,RNETMIG,Census-County-State-US,PEP_Vintage_2025,13.97910166,Benchmark
2019,Metropolitan Statistical Area,Houston MSA,26420,RDOMESTICMIG,Census-CBSA,PEP_Vintage_2020,135.1432032216,Peer
2011,Metropolitan Statistical Area,San Antonio MSA,41700,NATURALCHG,Census-CBSA,PEP_Vintage_2020,16400.0,Peer
2023,Metropolitan Statistical Area,San Antonio MSA,41700,RINTERNATIONALMIG,Census-CBSA,PEP_Vintage_2025,17.156869585,Peer
1982,National,US,00,DEATHS,Moodys-US,Moodys,-1968769.5807980816,Benchmark
1992,Metropolitan Statistical Area,Austin MSA,12420,DOMESTICMIG,Moodys-CBSA,Moodys,13818.41990344582,Broad
2004,Metropolitan Statistical Area,Dallas MSA,19100,DEATHS,Moodys-CBSA,Moodys,-32280.1591572927,Peer
1984,Metropolitan Statistical Area,Dallas MSA,19100,NATURALCHG,Moodys-CBSA,Moodys,38552.662656868815,Peer
1999,Metropolitan Statistical Area,San Antonio MSA,41700,DEATHS,Moodys-CBSA,Moodys,-12285.33929269508,Peer
1993,County or Equivalent,Travis County,48453,BIRTHS,Moodys-County,Moodys,10694.600933495418,Focus
1997,Metropolitan Statistical Area,Dallas MSA,19100,DOMESTICMIG,Moodys-CBSA,Moodys,38487.843226873716,Peer
1986,Metropolitan Statistical Area,San Antonio MSA,41700,POPESTIMATE,Moodys-CBSA,Moodys,1356672.3737388093,Peer
2012,Metropolitan Statistical Area,San Antonio MSA,41700,RNETMIG,Census-CBSA,PEP_Vintage_2020,115.9443582063,Peer
2004,County or Equivalent,Travis County,48453,POPESTIMATE,Moodys-County,Moodys,870809.0000000001,Focus
2014,Metropolitan Statistical Area,Dallas MSA,19100,NATURALCHG,Census-CBSA,PEP_Vintage_2020,57505.0,Peer
2022,Metropolitan Statistical Area,Austin MSA,12420,INTERNATIONALMIG,Census-CBSA,PEP_Vintage_2025,20847.0,Broad
2000,Metropolitan Statistical Area,Houston MSA,26420,DEATHS,Moodys-CBSA,Moodys,-28259.007881772915,Peer
2006,Metropolitan Statistical Area,Dallas MSA,19100,DEATHS,Moodys-CBSA,Moodys,-32428.84823075873,Peer
2025,Region,WFSRCA Region,48021-48031-48053-48055-48149-48209-48287-48299-48491,INTERNATIONALMIG,Census-County-State-US,PEP_Vintage_2025,5656.0,Peer
2017,National,US,00,INTERNATIONALMIG,Census-County-State-US,PEP_Vintage_2020,948392.0,Benchmark
2011,Metropolitan Statistical Area,Houston MSA,26420,RDOMESTICMIG,Census-CBSA,PEP_Vintage_2020,57.329740373199996,Peer
2011,State,Texas,48,POPESTIMATE,Census-County-State-US,PEP_Vintage_2020,25645504.0,Benchmark
2018,State,Texas,48,DEATHS,Census-County-State-US,PEP_Vintage_2020,-202260.0,Benchmark
2023,Metropolitan Statistical Area,Dallas MSA,19100,RDOMESTICMIG,Census-CBSA,PEP_Vintage_2025,335.745718974,Peer
1999,State,Texas,48,BIRTHS,Moodys-State,Moodys,351671.2031978708,Benchmark
2012,State,Texas,48,POPESTIMATE,Census-County-State-US,PEP_Vintage_2020,26084120.0,Benchmark
2022,Metropolitan Statistical Area,Dallas MSA,19100,RBIRTH,Census-CBSA,PEP_Vintage_2025,138.76947673,Peer
1991,National,US,00,DEATHS,Moodys-US,Moodys,-2146374.1586653087,Benchmark
2019,State,Texas,48,INTERNATIONALMIG,Census-County-State-US,PEP_Vintage_2020,66791.0,Benchmark
2023,Metropolitan Statistical Area,Houston MSA,26420,RESIDUAL,Census-CBSA,PEP_Vintage_2025,212.0,Peer
2002,Metropolitan Statistical Area,Austin MSA,12420,BIRTHS,Moodys-CBSA,Moodys,22434.203230920422,Broad
2018,National,US,00,RDEATH,Census-County-State-US,PEP_Vintage_2020,8.7099686359,Benchmark
1986,Region,WFSRCA Region,48021-48031-48053-48055-48149-48209-48287-48299-48491,NATURALCHG,Moodys-County,Moodys,2884.3059908701116,Peer
1983,Metropolitan Statistical Area,Austin MSA,12420,NATURALCHG,Moodys-CBSA,Moodys,7924.568067659178,Broad
2011,State,Texas,48,RNETMIG,Census-County-State-US,PEP_Vintage_2020,7.4547725477,Benchmark
1996,Metropolitan Statistical Area,Dallas MSA,19100,BIRTHS,Moodys-CBSA,Moodys,79414.9360498275,Peer
1999,Metropolitan Statistical Area,Houston MSA,26420,INTERNATIONALMIG,Moodys-CBSA,Moodys,38568.13574961426,Peer
2021,Metropolitan Statistical Area,San Antonio MSA,41700,NATURALCHG,Census-CBSA,PEP_Vintage_2025,6250.0,Peer
2000,Metropolitan Statistical Area,Austin MSA,12420,NATURALCHG,Moodys-CBSA,Moodys,14111.447234097915,Broad
2025,State,Texas,48,RNETMIG,Census-County-State-US,PEP_Vintage_2025,7.4497846598,Benchmark
2010,Metropolitan Statistical Area,Dallas MSA,19100,BIRTHS,Census-CBSA,PEP_Vintage_2020,94460.0,Peer
2019,State,Texas,48,GQESTIMATES,Census-County-State-US,PEP_Vintage_2020,590889.0,Benchmark
2008,County or Equivalent,Travis County,48453,BIRTHS,Moodys-County,Moodys,16141.361670136117,Focus
2001,Region,WFSRCA Region,48021-48031-48053-48055-48149-48209-48287-48299-48491,DOMESTICMIG,Moodys-County,Moodys,27665.916773550223,Peer
2015,National,US,00,NETMIG,Census-County-State-US,PEP_Vintage_2020,1060115.0,Benchmark
1999,Metropolitan Statistical Area,San Antonio MSA,41700,POPESTIMATE,Moodys-CBSA,Moodys,1689009.0610617157,Peer
2021,National,US,00,RINTERNATIONALMIG,Census-County-State-US,PEP_Vintage_2025,1.1331574861,Benchmark
2015,Region,WFSRCA Region,48021-48031-48053-48055-48149-48209-48287-48299-48491,RBIRTH,Census-County-State-US,PEP_Vintage_2020,104.8750460339,Peer
2014,Region,WFSRCA Region,48021-48031-48053-48055-48149-48209-48287-48299-48491,RDEATH,Census-County-State-US,PEP_Vintage_2020,84.4771348471,Peer
1993,Metropolitan Statistical Area,Houston MSA,26420,NATURALCHG,Moodys-CBSA,Moodys,51151.61792917476,Peer
2021,Metropolitan Statistical Area,Dallas MSA,19100,GQESTIMATES,Census-CBSA,PEP_Vintage_2025,89719.0,Peer
2013,National,US,00,INTERNATIONALMIG,Census-County-State-US,PEP_Vintage_2020,849728.0,Benchmark
2012,Region,WFSRCA Region,48021-48031-48053-48055-48149-48209-48287-48299-48491,POPESTIMATE,Census-County-State-US,PEP_Vintage_2020,852360.0,Peer
2007,County or Equivalent,Travis County,48453,NATURALCHG,Moodys-County,Moodys,11833.727644915787,Focus
2016,Place,Austin City,4805000,POPESTIMATE,Census-Place,PEP_Vintage_2020,939778.0,Peer
2016,State,Texas,48,RDOMESTICMIG,Census-County-State-US,PEP_Vintage_2020,4.368845483,Benchmark
2024,County or Equivalent,Travis County,48453,DOMESTICMIG,Census-County-State-US,PEP_Vintage_2025,-13213.0,Focus
2025,National,US,00,RNATURALCHG,Census-County-State-US,PEP_Vintage_2025,1.5220493828,Benchmark
2022,Metropolitan Statistical Area,Dallas MSA,19100,INTERNATIONALMIG,Census-CBSA,PEP_Vintage_2025,59648.0,Peer
2002,Metropolitan Statistical Area,San Antonio MSA,41700,BIRTHS,Moodys-CBSA,Moodys,28585.41739295625,Peer
2019,National,US,00,INTERNATIONALMIG,Census-County-State-US,PEP_Vintage_2020,568639.0,Benchmark
1986,Region,WFSRCA Region,48021-48031-48053-48055-48149-48209-48287-48299-48491,POPESTIMATE,Moodys-County,Moodys,322857.15251263627,Peer
2013,Region,WFSRCA Region,48021-48031-48053-48055-48149-48209-48287-48299-48491,POPESTIMATE,Census-County-State-US,PEP_Vintage_2020,876378.0,Peer
1997,Metropolitan Statistical Area,Austin MSA,12420,BIRTHS,Moodys-CBSA,Moodys,18054.589272873924,Broad
2005,National,US,00,POPESTIMATE,Moodys-US,Moodys,295587610.0,Benchmark
2010,Metropolitan Statistical Area,San Antonio MSA,41700,BIRTHS,Census-CBSA,PEP_Vintage_2020,29760.0,Peer
1982,State,Texas,48,DEATHS,Moodys-State,Moodys,-110680.98955313534,Benchmark
1991,Metropolitan Statistical Area,Austin MSA,12420,POPESTIMATE,Moodys-CBSA,Moodys,880678.0185233646,Broad
2007,Place,"Fountain, CO",0827865,POPESTIMATE,Census-Place,PEP City and Town Intercensal Datasets: 2000-2010,22666.0,Peer
2023,State,Texas,48,RNATURALCHG,Census-County-State-US,PEP_Vintage_2025,5.2166395624,Benchmark
2016,Metropolitan Statistical Area,San Antonio MSA,41700,RINTERNATIONALMIG,Census-CBSA,PEP_Vintage_2020,7.604699057,Peer
2001,Metropolitan Statistical Area,Austin MSA,12420,DOMESTICMIG,Moodys-CBSA,Moodys,33108.04236353199,Broad
1981,County or Equivalent,Travis County,48453,BIRTHS,Moodys-County,Moodys,7395.224970919909,Focus
1992,National,US,00,BIRTHS,Moodys-US,Moodys,4130207.2824903005,Benchmark
1994,Region,WFSRCA Region,48021-48031-48053-48055-48149-48209-48287-48299-48491,DEATHS,Moodys-County,Moodys,-3087.129105677407,Peer
1998,Metropolitan Statistical Area,San Antonio MSA,41700,POPESTIMATE,Moodys-CBSA,Moodys,1659847.0187681937,Peer
2002,Metropolitan Statistical Area,San Antonio MSA,41700,POPESTIMATE,Moodys-CBSA,Moodys,1784152.9999999998,Peer
2005,National,US,00,NATURALCHG,Moodys-US,Moodys,1686636.852039049,Benchmark
2024,Metropolitan Statistical Area,Austin MSA,12420,POPESTIMATE,Census-CBSA,PEP_Vintage_2025,2567149.0,Broad
2022,State,Texas,48,RDEATH,Census-County-State-US,PEP_Vintage_2025,8.7335251065,Benchmark
1982,Region,WFSRCA Region,48021-48031-48053-48055-48149-48209-48287-48299-48491,POPESTIMATE,Moodys-County,Moodys,253126.67565802217,Peer
2015,Metropolitan Statistical Area,San Antonio MSA,41700,DOMESTICMIG,Census-CBSA,PEP_Vintage_2020,26658.0,Peer
1995,National,US,00,BIRTHS,Moodys-US,Moodys,3979229.001507136,Benchmark
2004,Metropolitan Statistical Area,Austin MSA,12420,INTERNATIONALMIG,Moodys-CBSA,Moodys,7085.692179237572,Broad
2012,Metropolitan Statistical Area,Houston MSA,26420,INTERNATIONALMIG,Census-CBSA,PEP_Vintage_2020,29933.0,Peer
1996,Metropolitan Statistical Area,Dallas MSA,19100,RESIDUAL,Moodys-CBSA,Moodys,1649.896377323439,Peer
1981,Region,WFSRCA Region,48021-48031-48053-48055-48149-48209-48287-48299-48491,INTERNATIONALMIG,Moodys-County,Moodys,-24759.980214265248,Peer
2009,National,US,00,BIRTHS,Moodys-US,Moodys,4260374.3487180015,Benchmark
1987,County or Equivalent,Travis County,48453,POPESTIMATE,Moodys-County,Moodys,552136.5483222922,Focus
2017,Metropolitan Statistical Area,Houston MSA,26420,RNETMIG,Census-CBSA,PEP_Vintage_2020,164.0137181552,Peer
2011,Metropolitan Statistical Area,Austin MSA,12420,RDEATH,Census-CBSA,PEP_Vintage_2020,29.2040726096,Broad
2023,National,US,00,RNETMIG,Census-County-State-US,PEP_Vintage_2025,6.7510471049,Benchmark
2014,National,US,00,NATURALCHG,Census-County-State-US,PEP_Vintage_2020,1380747.0,Benchmark
2004,Metropolitan Statistical Area,Houston MSA,26420,NATURALCHG,Moodys-CBSA,Moodys,58740.81723463854,Peer
1986,Metropolitan Statistical Area,Dallas MSA,19100,DEATHS,Moodys-CBSA,Moodys,-24487.396346433266,Peer
2016,Metropolitan Statistical Area,Dallas MSA,19100,RINTERNATIONALMIG,Census-CBSA,PEP_Vintage_2020,27.4264602581,Peer
2019,Metropolitan Statistical Area,Dallas MSA,19100,NPOPCHG,Census-CBSA,PEP_Vintage_2020,116804.0,Peer
2011,Metropolitan Statistical Area,Austin MSA,12420,RNATURALCHG,Census-CBSA,PEP_Vintage_2020,37.3146634954,Broad
2012,Metropolitan Statistical Area,Dallas MSA,19100,NETMIG,Census-CBSA,PEP_Vintage_2020,75452.0,Peer
2021,Metropolitan Statistical Area,Dallas MSA,19100,BIRTHS,Census-CBSA,PEP_Vintage_2025,94774.0,Peer
2022,Metropolitan Statistical Area,Austin MSA,12420,POPESTIMATE,Census-CBSA,PEP_Vintage_2025,2434592.0,Broad
2019,County or Equivalent,Travis County,48453,DEATHS,Census-County-State-US,PEP_Vintage_2020,-6348.0,Focus
1983,Region,WFSRCA Region,48021-48031-48053-48055-48149-48209-48287-48299-48491,POPESTIMATE,Moodys-County,Moodys,265439.01082763326,Peer
2017,Metropolitan Statistical Area,Austin MSA,12420,RESIDUAL,Census-CBSA,PEP_Vintage_2020,202.0,Broad
2013,Metropolitan Statistical Area,Dallas MSA,19100,GQESTIMATES,Census-CBSA,PEP_Vintage_2020,79936.0,Peer
2023,National,US,00,RBIRTH,Census-County-State-US,PEP_Vintage_2025,10.880025713,Benchmark
2007,Metropolitan Statistical Area,Dallas MSA,19100,DEATHS,Moodys-CBSA,Moodys,-33142.52372487643,Peer
2018,County or Equivalent,Travis County,48453,NATURALCHG,Census-County-State-US,PEP_Vintage_2020,9546.0,Focus
2002,County or Equivalent,Travis County,48453,RESIDUAL,Moodys-County,Moodys,-528.9999999999998,Focus
1982,Metropolitan Statistical Area,San Antonio MSA,41700,INTERNATIONALMIG,Moodys-CBSA,Moodys,-3219.6100464573583,Peer
2005,National,US,00,DEATHS,Moodys-US,Moodys,-2431907.9559331518,Benchmark
1991,State,Texas,48,DOMESTICMIG,Moodys-State,Moodys,35917.15666996056,Benchmark
1983,Metropolitan Statistical Area,Houston MSA,26420,INTERNATIONALMIG,Moodys-CBSA,Moodys,22321.025525541943,Peer
2019,State,Texas,48,RBIRTH,Census-County-State-US,PEP_Vintage_2020,13.097347922,Benchmark
1994,Region,WFSRCA Region,48021-48031-48053-48055-48149-48209-48287-48299-48491,POPESTIMATE,Moodys-County,Moodys,397840.0041092474,Peer
2014,Metropolitan Statistical Area,San Antonio MSA,41700,RESIDUAL,Census-CBSA,PEP_Vintage_2020,413.0,Peer
1988,Region,WFSRCA Region,48021-48031-48053-48055-48149-48209-48287-48299-48491,DOMESTICMIG,Moodys-County,Moodys,-3153.387778815817,Peer
2025,State,Texas,48,NETMIG,Census-County-State-US,PEP_Vintage_2025,234774.0,Benchmark
2022,National,US,00,BIRTHS,Census-County-State-US,PEP_Vintage_2025,3680380.0,Benchmark
2021,State,Texas,48,GQESTIMATES,Census-County-State-US,PEP_Vintage_2025,613038.0,Benchmark
2025,County or Equivalent,Travis County,48453,NPOPCHG,Census-County-State-US,PEP_Vintage_2025,14749.0,Focus
2023,Metropolitan Statistical Area,Houston MSA,26420,RDEATH,Census-CBSA,PEP_Vintage_2025,80.07255784899999,Peer
2024,State,Texas,48,RNATURALCHG,Census-County-State-US,PEP_Vintage_2025,5.0732275027,Benchmark
1983,State,Texas,48,DEATHS,Moodys-State,Moodys,-113330.0096363736,Benchmark
2018,State,Texas,48,RDEATH,Census-County-State-US,PEP_Vintage_2020,7.1073674931,Benchmark
1988,Metropolitan Statistical Area,Houston MSA,26420,BIRTHS,Moodys-CBSA,Moodys,66901.64636633791,Peer
2019,National,US,00,DEATHS,Census-County-State-US,PEP_Vintage_2020,-2847282.0,Benchmark
1995,Region,WFSRCA Region,48021-48031-48053-48055-48149-48209-48287-48299-48491,BIRTHS,Moodys-County,Moodys,6004.6309703766,Peer
1986,Metropolitan Statistical Area,San Antonio MSA,41700,INTERNATIONALMIG,Moodys-CBSA,Moodys,10791.279200109653,Peer
1985,State,Texas,48,INTERNATIONALMIG,Moodys-State,Moodys,9485.517624455399,Benchmark
2002,Metropolitan Statistical Area,Dallas MSA,19100,DEATHS,Moodys-CBSA,Moodys,-32817.4918803034,Peer
2012,State,Texas,48,BIRTHS,Census-County-State-US,PEP_Vintage_2020,378107.0,Benchmark
2016,County or Equivalent,Travis County,48453,DEATHS,Census-County-State-US,PEP_Vintage_2020,-5340.0,Focus
1981,Metropolitan Statistical Area,Austin MSA,12420,POPESTIMATE,Moodys-CBSA,Moodys,605955.1905462602,Broad
2025,County or Equivalent,Travis County,48453,NATURALCHG,Census-County-State-US,PEP_Vintage_2025,9312.0,Focus
1995,Metropolitan Statistical Area,Austin MSA,12420,RESIDUAL,Moodys-CBSA,Moodys,368.19652944989775,Broad
2013,State,Texas,48,NATURALCHG,Census-County-State-US,PEP_Vintage_2020,205785.0,Benchmark
2021,Place,"Fountain, CO",0827865,POPESTIMATE,Census-Place,PEP_Vintage_2024,29713.0,Peer
2020,Metropolitan Statistical Area,Houston MSA,26420,GQESTIMATESBASE,Census-CBSA,PEP_Vintage_2025,84548.0,Peer
1987,County or Equivalent,Travis County,48453,NATURALCHG,Moodys-County,Moodys,7621.831224089396,Focus
2015,Metropolitan Statistical Area,Houston MSA,26420,NPOPCHG,Census-CBSA,PEP_Vintage_2020,171738.0,Peer
2011,Metropolitan Statistical Area,Dallas MSA,19100,RDEATH,Census-CBSA,PEP_Vintage_2020,73.22364481470001,Peer
2010,Metropolitan Statistical Area,Austin MSA,12420,NATURALCHG,Census-CBSA,PEP_Vintage_2020,16736.0,Broad
2019,County or Equivalent,Travis County,48453,GQESTIMATES,Census-County-State-US,PEP_Vintage_2020,22367.0,Focus
2017,Region,WFSRCA Region,48021-48031-48053-48055-48149-48209-48287-48299-48491,RINTERNATIONALMIG,Census-County-State-US,PEP_Vintage_2020,5.9877587015,Peer
2017,Region,WFSRCA Region,48021-48031-48053-48055-48149-48209-48287-48299-48491,BIRTHS,Census-County-State-US,PEP_Vintage_2020,11708.0,Peer
2012,Metropolitan Statistical Area,San Antonio MSA,41700,RESIDUAL,Census-CBSA,PEP_Vintage_2020,385.0,Peer
2023,State,Texas,48,INTERNATIONALMIG,Census-County-State-US,PEP_Vintage_2025,251690.0,Benchmark
1990,Metropolitan Statistical Area,Austin MSA,12420,POPESTIMATE,Moodys-CBSA,Moodys,851898.0367909882,Broad
1991,National,US,00,DOMESTICMIG,Moodys-US,Moodys,1335.7187454981022,Benchmark
1998,Metropolitan Statistical Area,Austin MSA,12420,NATURALCHG,Moodys-CBSA,Moodys,12529.043220538573,Broad
1991,Metropolitan Statistical Area,Dallas MSA,19100,NATURALCHG,Moodys-CBSA,Moodys,49756.69182389058,Peer
2011,Metropolitan Statistical Area,Houston MSA,26420,RDEATH,Census-CBSA,PEP_Vintage_2020,71.2303516741,Peer
2016,Metropolitan Statistical Area,Austin MSA,12420,RNETMIG,Census-CBSA,PEP_Vintage_2020,125.90113317000001,Broad
2023,State,Texas,48,POPESTIMATE,Census-County-State-US,PEP_Vintage_2025,30719247.0,Benchmark
2002,Metropolitan Statistical Area,Dallas MSA,19100,POPESTIMATE,Moodys-CBSA,Moodys,5432370.999999999,Peer
2012,Metropolitan Statistical Area,Austin MSA,12420,RINTERNATIONALMIG,Census-CBSA,PEP_Vintage_2020,7.994735394100001,Broad
2016,Metropolitan Statistical Area,Dallas MSA,19100,RNETMIG,Census-CBSA,PEP_Vintage_2020,232.980391483,Peer
2014,State,Texas,48,DOMESTICMIG,Census-County-State-US,PEP_Vintage_2020,159828.0,Benchmark
2010,Region,WFSRCA Region,48021-48031-48053-48055-48149-48209-48287-48299-48491,BIRTHS,Census-County-State-US,PEP_Vintage_2020,10252.0,Peer
1987,Metropolitan Statistical Area,San Antonio MSA,41700,POPESTIMATE,Moodys-CBSA,Moodys,1387980.2062301952,Peer
2003,State,Texas,48,RESIDUAL,Moodys-State,Moodys,5910.999999999988,Benchmark
1981,Metropolitan Statistical Area,Austin MSA,12420,RESIDUAL,Moodys-CBSA,Moodys,216.3080724844733,Broad
2012,Metropolitan Statistical Area,Austin MSA,12420,RDOMESTICMIG,Census-CBSA,PEP_Vintage_2020,53.0152406488,Broad
2013,Metropolitan Statistical Area,San Antonio MSA,41700,NETMIG,Census-CBSA,PEP_Vintage_2020,27061.0,Peer
1994,Metropolitan Statistical Area,Houston MSA,26420,RESIDUAL,Moodys-CBSA,Moodys,1488.9547329268462,Peer
1996,Metropolitan Statistical Area,San Antonio MSA,41700,DOMESTICMIG,Moodys-CBSA,Moodys,8515.575386469118,Peer
2021,County or Equivalent,Travis County,48453,NETMIG,Census-County-State-US,PEP_Vintage_2025,4030.0,Focus
2019,Metropolitan Statistical Area,Houston MSA,26420,DEATHS,Census-CBSA,PEP_Vintage_2020,-43996.0,Peer
2016,National,US,00,INTERNATIONALMIG,Census-County-State-US,PEP_Vintage_2020,1065017.0,Benchmark
2015,Metropolitan Statistical Area,Austin MSA,12420,DEATHS,Census-CBSA,PEP_Vintage_2020,-9703.0,Broad
1997,Metropolitan Statistical Area,Dallas MSA,19100,DEATHS,Moodys-CBSA,Moodys,-29556.588832121728,Peer
2019,Metropolitan Statistical Area,San Antonio MSA,41700,RINTERNATIONALMIG,Census-CBSA,PEP_Vintage_2020,2.8803544678,Peer
2014,Metropolitan Statistical Area,Austin MSA,12420,RNETMIG,Census-CBSA,PEP_Vintage_2020,113.5837313034,Broad
1995,Metropolitan Statistical Area,San Antonio MSA,41700,POPESTIMATE,Moodys-CBSA,Moodys,1570083.087523784,Peer
2006,County or Equivalent,Travis County,48453,NATURALCHG,Moodys-County,Moodys,11193.729501082456,Focus
2007,Metropolitan Statistical Area,Houston MSA,26420,BIRTHS,Moodys-CBSA,Moodys,94884.54662645164,Peer
2010,National,US,00,NATURALCHG,Census-County-State-US,PEP_Vintage_2020,1556580.0,Benchmark
1989,National,US,00,BIRTHS,Moodys-US,Moodys,3948512.4039041763,Benchmark
2025,National,US,00,RESIDUAL,Census-County-State-US,PEP_Vintage_2025,0.0,Benchmark
2022,Metropolitan Statistical Area,Dallas MSA,19100,RDOMESTICMIG,Census-CBSA,PEP_Vintage_2025,373.357759181,Peer
1990,Metropolitan Statistical Area,San Antonio MSA,41700,BIRTHS,Moodys-CBSA,Moodys,24978.352748524252,Peer
2016,Metropolitan Statistical Area,Austin MSA,12420,DOMESTICMIG,Census-CBSA,PEP_Vintage_2020,34310.0,Broad
1994,State,Texas,48,RESIDUAL,Moodys-State,Moodys,6625.999999999995,Benchmark
1983,County or Equivalent,Travis County,48453,RESIDUAL,Moodys-County,Moodys,169.1653586217576,Focus
2005,County or Equivalent,Travis County,48453,DOMESTICMIG,Moodys-County,Moodys,4361.970224566491,Focus
2006,Metropolitan Statistical Area,Houston MSA,26420,DOMESTICMIG,Moodys-CBSA,Moodys,93736.21839764238,Peer
2022,Metropolitan Statistical Area,Austin MSA,12420,GQESTIMATES,Census-CBSA,PEP_Vintage_2025,51783.0,Broad
2022,National,US,00,DEATHS,Census-County-State-US,PEP_Vintage_2025,-3456354.0,Benchmark
2019,Metropolitan Statistical Area,Houston MSA,26420,RDEATH,Census-CBSA,PEP_Vintage_2020,76.1204390879,Peer
2004,Region,WFSRCA Region,48021-48031-48053-48055-48149-48209-48287-48299-48491,BIRTHS,Moodys-County,Moodys,9465.044558936554,Peer
2018,Metropolitan Statistical Area,Austin MSA,12420,RDEATH,Census-CBSA,PEP_Vintage_2020,32.5458608124,Broad
2016,Metropolitan Statistical Area,Austin MSA,12420,RDOMESTICMIG,Census-CBSA,PEP_Vintage_2020,113.6686530232,Broad
1986,Metropolitan Statistical Area,Austin MSA,12420,NATURALCHG,Moodys-CBSA,Moodys,10567.351838772078,Broad
1990,Metropolitan Statistical Area,Austin MSA,12420,NATURALCHG,Moodys-CBSA,Moodys,9704.146103124684,Broad
2007,Metropolitan Statistical Area,Austin MSA,12420,DEATHS,Moodys-CBSA,Moodys,-7247.215432667439,Broad
2000,Region,WFSRCA Region,48021-48031-48053-48055-48149-48209-48287-48299-48491,DOMESTICMIG,Moodys-County,Moodys,24068.44555150691,Peer
1997,State,Texas,48,DOMESTICMIG,Moodys-State,Moodys,40652.028699036644,Benchmark
2014,National,US,00,INTERNATIONALMIG,Census-County-State-US,PEP_Vintage_2020,945635.0,Benchmark
1982,Metropolitan Statistical Area,Dallas MSA,19100,BIRTHS,Moodys-CBSA,Moodys,58299.553622132924,Peer
1994,County or Equivalent,Travis County,48453,POPESTIMATE,Moodys-County,Moodys,671758.9893157592,Focus
2015,National,US,00,NPOPCHG,Census-County-State-US,PEP_Vintage_2020,2352665.0,Benchmark
2005,Metropolitan Statistical Area,Dallas MSA,19100,NATURALCHG,Moodys-CBSA,Moodys,64700.84373345526,Peer
2024,Region,WFSRCA Region,48021-48031-48053-48055-48149-48209-48287-48299-48491,NPOPCHG,Census-County-State-US,PEP_Vintage_2025,49278.0,Peer
2018,Metropolitan Statistical Area,Dallas MSA,19100,POPESTIMATE,Census-CBSA,PEP_Vintage_2020,7457586.0,Peer
2009,National,US,00,DEATHS,Moodys-US,Moodys,-2484833.7997361245,Benchmark
1996,Metropolitan Statistical Area,Houston MSA,26420,DEATHS,Moodys-CBSA,Moodys,-27064.84164075311,Peer
1985,County or Equivalent,Travis County,48453,BIRTHS,Moodys-County,Moodys,10217.96001337047,Focus
1998,Metropolitan Statistical Area,Austin MSA,12420,INTERNATIONALMIG,Moodys-CBSA,Moodys,11400.695686083485,Broad
2024,State,Texas,48,RESIDUAL,Census-County-State-US,PEP_Vintage_2025,1034.0,Benchmark
2019,Metropolitan Statistical Area,San Antonio MSA,41700,DOMESTICMIG,Census-CBSA,PEP_Vintage_2020,21537.0,Peer
2013,Metropolitan Statistical Area,Houston MSA,26420,RDOMESTICMIG,Census-CBSA,PEP_Vintage_2020,99.6201202034,Peer
1988,Metropolitan Statistical Area,Austin MSA,12420,BIRTHS,Moodys-CBSA,Moodys,14484.859678252664,Broad
2011,State,Texas,48,DEATHS,Census-County-State-US,PEP_Vintage_2020,-168142.0,Benchmark
2014,County or Equivalent,Travis County,48453,RESIDUAL,Census-County-State-US,PEP_Vintage_2020,455.0,Focus
2010,National,US,00,INTERNATIONALMIG,Census-County-State-US,PEP_Vintage_2020,719572.0,Benchmark
2023,Region,WFSRCA Region,48021-48031-48053-48055-48149-48209-48287-48299-48491,RESIDUAL,Census-County-State-US,PEP_Vintage_2025,760.0,Peer
1988,County or Equivalent,Travis County,48453,DOMESTICMIG,Moodys-County,Moodys,-7828.698943239501,Focus
2024,County or Equivalent,Travis County,48453,POPESTIMATE,Census-County-State-US,PEP_Vintage_2025,1374921.0,Focus
2022,State,Texas,48,INTERNATIONALMIG,Census-County-State-US,PEP_Vintage_2025,198371.0,Benchmark
1983,Metropolitan Statistical Area,Dallas MSA,19100,NATURALCHG,Moodys-CBSA,Moodys,38036.37603425633,Peer
2015,National,US,00,RNATURALCHG,Census-County-State-US,PEP_Vintage_2020,4.0447466357,Benchmark
1993,Metropolitan Statistical Area,Houston MSA,26420,POPESTIMATE,Moodys-CBSA,Moodys,4093317.902699177,Peer
2008,Metropolitan Statistical Area,Dallas MSA,19100,RESIDUAL,Moodys-CBSA,Moodys,788.0000000000011,Peer
2012,State,Texas,48,RDEATH,Census-County-State-US,PEP_Vintage_2020,6.5413195348,Benchmark
2011,Region,WFSRCA Region,48021-48031-48053-48055-48149-48209-48287-48299-48491,RBIRTH,Census-County-State-US,PEP_Vintage_2020,100.7130916791,Peer
2011,Place,Austin City,4805000,POPESTIMATE,Census-Place,PEP_Vintage_2020,828569.0,Peer
1989,State,Texas,48,POPESTIMATE,Moodys-State,Moodys,16806740.234374978,Benchmark
2021,Metropolitan Statistical Area,Austin MSA,12420,RESIDUAL,Census-CBSA,PEP_Vintage_2025,-1522.0,Broad
2009,Region,WFSRCA Region,48021-48031-48053-48055-48149-48209-48287-48299-48491,DEATHS,Moodys-County,Moodys,-4786.054267673495,Peer
1982,Metropolitan Statistical Area,Houston MSA,26420,DOMESTICMIG,Moodys-CBSA,Moodys,52140.38649205808,Peer
2010,Metropolitan Statistical Area,Dallas MSA,19100,DEATHS,Census-CBSA,PEP_Vintage_2020,-35532.0,Peer
2023,State,Texas,48,NETMIG,Census-County-State-US,PEP_Vintage_2025,440357.0,Benchmark
2010,County or Equivalent,Travis County,48453,BIRTHS,Census-County-State-US,PEP_Vintage_2020,15448.0,Focus
1992,State,Texas,48,INTERNATIONALMIG,Moodys-State,Moodys,125818.44454271045,Benchmark
2007,Metropolitan Statistical Area,Austin MSA,12420,NATURALCHG,Moodys-CBSA,Moodys,18162.406971870507,Broad
2024,Metropolitan Statistical Area,Austin MSA,12420,BIRTHS,Census-CBSA,PEP_Vintage_2025,30269.0,Broad
2010,County or Equivalent,Travis County,48453,DOMESTICMIG,Census-County-State-US,PEP_Vintage_2020,8736.0,Focus
2016,Metropolitan Statistical Area,Dallas MSA,19100,RDEATH,Census-CBSA,PEP_Vintage_2020,78.6779142919,Peer
1984,State,Texas,48,RESIDUAL,Moodys-State,Moodys,5714.000000000001,Benchmark
2012,Metropolitan Statistical Area,Austin MSA,12420,DEATHS,Census-CBSA,PEP_Vintage_2020,-8437.0,Broad
2021,National,US,00,NPOPCHG,Census-County-State-US,PEP_Vintage_2025,522062.0,Benchmark
2025,National,US,00,BIRTHS,Census-County-State-US,PEP_Vintage_2025,3620461.0,Benchmark
2021,County or Equivalent,Travis County,48453,RNETMIG,Census-County-State-US,PEP_Vintage_2025,3.093153424,Focus
2017,National,US,00,RDOMESTICMIG,Census-County-State-US,PEP_Vintage_2020,0.0,Benchmark
2015,Metropolitan Statistical Area,San Antonio MSA,41700,RNETMIG,Census-CBSA,PEP_Vintage_2020,163.0649072435,Peer
2011,State,Texas,48,DOMESTICMIG,Census-County-State-US,PEP_Vintage_2020,120571.0,Benchmark
2025,Metropolitan Statistical Area,Dallas MSA,19100,GQESTIMATES,Census-CBSA,PEP_Vintage_2025,92291.0,Peer
2005,County or Equivalent,Travis County,48453,POPESTIMATE,Moodys-County,Moodys,891266.0000000005,Focus
1995,Metropolitan Statistical Area,Houston MSA,26420,DOMESTICMIG,Moodys-CBSA,Moodys,-14387.775752835916,Peer
2000,Metropolitan Statistical Area,Houston MSA,26420,DOMESTICMIG,Moodys-CBSA,Moodys,3393.5550548329975,Peer
1996,Metropolitan Statistical Area,Austin MSA,12420,INTERNATIONALMIG,Moodys-CBSA,Moodys,9981.763523747955,Broad
1995,National,US,00,POPESTIMATE,Moodys-US,Moodys,266334532.09585422,Benchmark
1995,Region,WFSRCA Region,48021-48031-48053-48055-48149-48209-48287-48299-48491,RESIDUAL,Moodys-County,Moodys,149.80612326988245,Peer
2016,Metropolitan Statistical Area,Houston MSA,26420,RESIDUAL,Census-CBSA,PEP_Vintage_2020,52.0,Peer
2019,National,US,00,POPESTIMATE,Census-County-State-US,PEP_Vintage_2020,328329953.0,Benchmark
2023,Metropolitan Statistical Area,Austin MSA,12420,POPESTIMATE,Census-CBSA,PEP_Vintage_2025,2498809.0,Broad
2008,Metropolitan Statistical Area,Dallas MSA,19100,POPESTIMATE,Moodys-CBSA,Moodys,6152769.999999997,Peer
1982,County or Equivalent,Travis County,48453,INTERNATIONALMIG,Moodys-County,Moodys,-11876.094768143506,Focus
1998,National,US,00,DOMESTICMIG,Moodys-US,Moodys,1435.2383922124864,Benchmark
2010,Metropolitan Statistical Area,San Antonio MSA,41700,INTERNATIONALMIG,Census-CBSA,PEP_Vintage_2020,3780.0,Peer
2011,Metropolitan Statistical Area,Houston MSA,26420,NPOPCHG,Census-CBSA,PEP_Vintage_2020,109132.0,Peer
2023,Metropolitan Statistical Area,Houston MSA,26420,RBIRTH,Census-CBSA,PEP_Vintage_2025,124.45189256,Peer
2013,National,US,00,RESIDUAL,Census-County-State-US,PEP_Vintage_2020,0.0,Benchmark
2008,Place,"Fountain, CO",0827865,POPESTIMATE,Census-Place,PEP City and Town Intercensal Datasets: 2000-2010,23745.0,Peer
2025,Metropolitan Statistical Area,Austin MSA,12420,NPOPCHG,Census-CBSA,PEP_Vintage_2025,53796.0,Broad
2014,Metropolitan Statistical Area,Austin MSA,12420,RESIDUAL,Census-CBSA,PEP_Vintage_2020,1095.0,Broad
2017,County or Equivalent,Travis County,48453,NATURALCHG,Census-County-State-US,PEP_Vintage_2020,9918.0,Focus
2009,Metropolitan Statistical Area,Houston MSA,26420,DOMESTICMIG,Moodys-CBSA,Moodys,55563.20383189217,Peer
2015,Region,WFSRCA Region,48021-48031-48053-48055-48149-48209-48287-48299-48491,RNATURALCHG,Census-County-State-US,PEP_Vintage_2020,17.7146116485,Peer
2019,Metropolitan Statistical Area,San Antonio MSA,41700,RBIRTH,Census-CBSA,PEP_Vintage_2020,86.2138957278,Peer
2007,Metropolitan Statistical Area,Dallas MSA,19100,RESIDUAL,Moodys-CBSA,Moodys,4870.000000000002,Peer
1999,Metropolitan Statistical Area,San Antonio MSA,41700,INTERNATIONALMIG,Moodys-CBSA,Moodys,5111.831213014752,Peer
1981,Metropolitan Statistical Area,San Antonio MSA,41700,DOMESTICMIG,Moodys-CBSA,Moodys,18725.57255534748,Peer
1998,Metropolitan Statistical Area,San Antonio MSA,41700,DEATHS,Moodys-CBSA,Moodys,-12258.042133880132,Peer
2004,Metropolitan Statistical Area,San Antonio MSA,41700,POPESTIMATE,Moodys-CBSA,Moodys,1857602.0,Peer
2010,Region,WFSRCA Region,48021-48031-48053-48055-48149-48209-48287-48299-48491,GQESTIMATES,Census-County-State-US,PEP_Vintage_2020,20160.0,Peer
2016,Region,WFSRCA Region,48021-48031-48053-48055-48149-48209-48287-48299-48491,DOMESTICMIG,Census-County-State-US,PEP_Vintage_2020,27878.0,Peer
2009,County or Equivalent,Travis County,48453,POPESTIMATE,Moodys-County,Moodys,1006503.0000000001,Focus
2018,Region,WFSRCA Region,48021-48031-48053-48055-48149-48209-48287-48299-48491,RBIRTH,Census-County-State-US,PEP_Vintage_2020,96.7801405681,Peer
2018,Metropolitan Statistical Area,Dallas MSA,19100,NETMIG,Census-CBSA,PEP_Vintage_2020,67482.0,Peer
2010,Metropolitan Statistical Area,Dallas MSA,19100,NETMIG,Census-CBSA,PEP_Vintage_2020,10445.0,Peer
2025,State,Texas,48,RNATURALCHG,Census-County-State-US,PEP_Vintage_2025,5.0044425212,Benchmark
2007,Metropolitan Statistical Area,San Antonio MSA,41700,DOMESTICMIG,Moodys-CBSA,Moodys,33054.67897897618,Peer
2020,Region,WFSRCA Region,48021-48031-48053-48055-48149-48209-48287-48299-48491,NATURALCHG,Census-County-State-US,PEP_Vintage_2025,4208.0,Peer
2018,Region,WFSRCA Region,48021-48031-48053-48055-48149-48209-48287-48299-48491,RNATURALCHG,Census-County-State-US,PEP_Vintage_2020,5.526091285199999,Peer
1981,Region,WFSRCA Region,48021-48031-48053-48055-48149-48209-48287-48299-48491,NATURALCHG,Moodys-County,Moodys,1493.7568810979933,Peer
2018,Metropolitan Statistical Area,San Antonio MSA,41700,RNATURALCHG,Census-CBSA,PEP_Vintage_2020,18.9609733578,Peer
2012,Metropolitan Statistical Area,San Antonio MSA,41700,DOMESTICMIG,Census-CBSA,PEP_Vintage_2020,20236.0,Peer
2019,Metropolitan Statistical Area,Dallas MSA,19100,RESIDUAL,Census-CBSA,PEP_Vintage_2020,-69.0,Peer
1982,Region,WFSRCA Region,48021-48031-48053-48055-48149-48209-48287-48299-48491,DEATHS,Moodys-County,Moodys,-2198.755256550815,Peer
2019,Metropolitan Statistical Area,Dallas MSA,19100,RINTERNATIONALMIG,Census-CBSA,PEP_Vintage_2020,14.9483507227,Peer
1991,County or Equivalent,Travis County,48453,INTERNATIONALMIG,Moodys-County,Moodys,7200.936799603545,Focus
1986,State,Texas,48,POPESTIMATE,Moodys-State,Moodys,16561109.37500001,Benchmark
2004,County or Equivalent,Travis County,48453,INTERNATIONALMIG,Moodys-County,Moodys,6018.41430629782,Focus
1981,National,US,00,NATURALCHG,Moodys-US,Moodys,1660768.7821023038,Benchmark
2019,Region,WFSRCA Region,48021-48031-48053-48055-48149-48209-48287-48299-48491,POPESTIMATE,Census-County-State-US,PEP_Vintage_2020,1079203.0,Peer
1982,Metropolitan Statistical Area,Dallas MSA,19100,DOMESTICMIG,Moodys-CBSA,Moodys,99331.11317979684,Peer
1994,Metropolitan Statistical Area,Dallas MSA,19100,POPESTIMATE,Moodys-CBSA,Moodys,4388097.203688448,Peer
2016,Metropolitan Statistical Area,San Antonio MSA,41700,RESIDUAL,Census-CBSA,PEP_Vintage_2020,43.0,Peer
2015,State,Texas,48,DOMESTICMIG,Census-County-State-US,PEP_Vintage_2020,172183.0,Benchmark
2011,Metropolitan Statistical Area,Dallas MSA,19100,NPOPCHG,Census-CBSA,PEP_Vintage_2020,118453.0,Peer
2015,Metropolitan Statistical Area,Dallas MSA,19100,RBIRTH,Census-CBSA,PEP_Vintage_2020,143.836834269,Peer
2020,Metropolitan Statistical Area,Dallas MSA,19100,NETMIG,Census-CBSA,PEP_Vintage_2025,19218.0,Peer
2013,County or Equivalent,Travis County,48453,RDOMESTICMIG,Census-County-State-US,PEP_Vintage_2020,8.5361633406,Focus
2014,National,US,00,DEATHS,Census-County-State-US,PEP_Vintage_2020,-2582448.0,Benchmark
2015,National,US,00,RNETMIG,Census-County-State-US,PEP_Vintage_2020,3.3173931993,Benchmark
2019,Region,WFSRCA Region,48021-48031-48053-48055-48149-48209-48287-48299-48491,RNETMIG,Census-County-State-US,PEP_Vintage_2020,165.5442162069,Peer
2022,State,Texas,48,DEATHS,Census-County-State-US,PEP_Vintage_2025,-260655.0,Benchmark
2009,County or Equivalent,Travis County,48453,NATURALCHG,Moodys-County,Moodys,11493.410684858232,Focus
1996,Metropolitan Statistical Area,Austin MSA,12420,BIRTHS,Moodys-CBSA,Moodys,16978.308824882286,Broad
2010,Metropolitan Statistical Area,Houston MSA,26420,INTERNATIONALMIG,Census-CBSA,PEP_Vintage_2020,22172.0,Peer
2021,Metropolitan Statistical Area,Austin MSA,12420,DEATHS,Census-CBSA,PEP_Vintage_2025,-14062.0,Broad
1994,National,US,00,DOMESTICMIG,Moodys-US,Moodys,1410.4865880191596,Benchmark
2020,Metropolitan Statistical Area,San Antonio MSA,41700,POPESTIMATE,Census-CBSA,PEP_Vintage_2025,2568772.0,Peer
2016,Metropolitan Statistical Area,Houston MSA,26420,RNATURALCHG,Census-CBSA,PEP_Vintage_2020,56.5594507792,Peer
1997,National,US,00,INTERNATIONALMIG,Moodys-US,Moodys,1577679.6754052148,Benchmark
2003,Metropolitan Statistical Area,Houston MSA,26420,BIRTHS,Moodys-CBSA,Moodys,87859.91066543835,Peer
1996,State,Texas,48,RESIDUAL,Moodys-State,Moodys,6902.9999999999945,Benchmark
1985,National,US,00,INTERNATIONALMIG,Moodys-US,Moodys,368990.73681650765,Benchmark
1983,County or Equivalent,Travis County,48453,DOMESTICMIG,Moodys-County,Moodys,11646.863068671668,Focus
2025,Metropolitan Statistical Area,Houston MSA,26420,RDOMESTICMIG,Census-CBSA,PEP_Vintage_2025,180.446725048,Peer
1991,County or Equivalent,Travis County,48453,DOMESTICMIG,Moodys-County,Moodys,6346.340840367021,Focus
2012,State,Texas,48,RNATURALCHG,Census-County-State-US,PEP_Vintage_2020,8.0772672927,Benchmark
2009,Region,WFSRCA Region,48021-48031-48053-48055-48149-48209-48287-48299-48491,POPESTIMATE,Moodys-County,Moodys,788971.0,Peer
2004,Metropolitan Statistical Area,Dallas MSA,19100,NATURALCHG,Moodys-CBSA,Moodys,64617.843839221794,Peer
2014,Metropolitan Statistical Area,San Antonio MSA,41700,RBIRTH,Census-CBSA,PEP_Vintage_2020,92.0892980162,Peer
2007,Metropolitan Statistical Area,Dallas MSA,19100,INTERNATIONALMIG,Moodys-CBSA,Moodys,33291.42318497592,Peer
2003,Metropolitan Statistical Area,San Antonio MSA,41700,RESIDUAL,Moodys-CBSA,Moodys,-1596.9999999999984,Peer
1986,State,Texas,48,NATURALCHG,Moodys-State,Moodys,189883.02778499172,Benchmark
2011,Metropolitan Statistical Area,Dallas MSA,19100,RNATURALCHG,Census-CBSA,PEP_Vintage_2020,72.5583685136,Peer
1985,County or Equivalent,Travis County,48453,POPESTIMATE,Moodys-County,Moodys,530506.4843154758,Focus
2019,National,US,00,RINTERNATIONALMIG,Census-County-State-US,PEP_Vintage_2020,1.7358566599,Benchmark
2000,State,Texas,48,NATURALCHG,Moodys-State,Moodys,210253.58260042383,Benchmark
2016,Metropolitan Statistical Area,Houston MSA,26420,NPOPCHG,Census-CBSA,PEP_Vintage_2020,135879.0,Peer
2012,National,US,00,RDEATH,Census-County-State-US,PEP_Vintage_2020,7.9989973094,Benchmark
2015,Metropolitan Statistical Area,San Antonio MSA,41700,RINTERNATIONALMIG,Census-CBSA,PEP_Vintage_2020,8.5248644599,Peer
1996,Region,WFSRCA Region,48021-48031-48053-48055-48149-48209-48287-48299-48491,BIRTHS,Moodys-County,Moodys,6566.438703642152,Peer
1998,Region,WFSRCA Region,48021-48031-48053-48055-48149-48209-48287-48299-48491,DEATHS,Moodys-County,Moodys,-3321.355916566275,Peer
2019,National,US,00,RDOMESTICMIG,Census-County-State-US,PEP_Vintage_2020,0.0,Benchmark
1981,National,US,00,BIRTHS,Moodys-US,Moodys,3632767.1263585957,Benchmark
2022,Metropolitan Statistical Area,San Antonio MSA,41700,RNATURALCHG,Census-CBSA,PEP_Vintage_2025,-2.021346501,Peer
1987,County or Equivalent,Travis County,48453,DOMESTICMIG,Moodys-County,Moodys,-7513.251120761975,Focus
2024,Metropolitan Statistical Area,Dallas MSA,19100,RDEATH,Census-CBSA,PEP_Vintage_2025,80.382477185,Peer
2023,Metropolitan Statistical Area,Houston MSA,26420,NETMIG,Census-CBSA,PEP_Vintage_2025,133043.0,Peer
2012,National,US,00,NATURALCHG,Census-County-State-US,PEP_Vintage_2020,1435445.0,Benchmark
2024,National,US,00,BIRTHS,Census-County-State-US,PEP_Vintage_2025,3608217.0,Benchmark
1997,Metropolitan Statistical Area,San Antonio MSA,41700,BIRTHS,Moodys-CBSA,Moodys,27669.833554450015,Peer
2013,Metropolitan Statistical Area,Austin MSA,12420,DEATHS,Census-CBSA,PEP_Vintage_2020,-9038.0,Broad
1983,Metropolitan Statistical Area,Austin MSA,12420,BIRTHS,Moodys-CBSA,Moodys,11869.139971441553,Broad
2016,Metropolitan Statistical Area,Austin MSA,12420,NETMIG,Census-CBSA,PEP_Vintage_2020,42886.0,Broad
1993,Region,WFSRCA Region,48021-48031-48053-48055-48149-48209-48287-48299-48491,POPESTIMATE,Moodys-County,Moodys,378177.98937650025,Peer
2012,State,Texas,48,DOMESTICMIG,Census-County-State-US,PEP_Vintage_2020,141603.0,Benchmark
2005,Metropolitan Statistical Area,San Antonio MSA,41700,DEATHS,Moodys-CBSA,Moodys,-13485.628692635877,Peer
1990,Metropolitan Statistical Area,Austin MSA,12420,DOMESTICMIG,Moodys-CBSA,Moodys,7992.996883730677,Broad
2022,Metropolitan Statistical Area,Austin MSA,12420,DEATHS,Census-CBSA,PEP_Vintage_2025,-14269.0,Broad
2021,Metropolitan Statistical Area,Houston MSA,26420,RDOMESTICMIG,Census-CBSA,PEP_Vintage_2025,225.090216589,Peer
2010,Metropolitan Statistical Area,Austin MSA,12420,DOMESTICMIG,Census-CBSA,PEP_Vintage_2020,21688.0,Broad
1991,National,US,00,BIRTHS,Moodys-US,Moodys,4147427.967718141,Benchmark
2025,National,US,00,NPOPCHG,Census-County-State-US,PEP_Vintage_2025,1781060.0,Benchmark
1981,Metropolitan Statistical Area,Houston MSA,26420,RESIDUAL,Moodys-CBSA,Moodys,1185.53282341735,Peer
1986,State,Texas,48,DEATHS,Moodys-State,Moodys,-118531.00576900398,Benchmark
2024,Metropolitan Statistical Area,Austin MSA,12420,RDOMESTICMIG,Census-CBSA,PEP_Vintage_2025,105.73384336800001,Broad
2025,Metropolitan Statistical Area,Austin MSA,12420,POPESTIMATE,Census-CBSA,PEP_Vintage_2025,2620945.0,Broad
1995,State,Texas,48,DOMESTICMIG,Moodys-State,Moodys,37230.1038715874,Benchmark
2020,State,Texas,48,NATURALCHG,Census-County-State-US,PEP_Vintage_2025,129664.0,Benchmark
2024,Metropolitan Statistical Area,Houston MSA,26420,NETMIG,Census-CBSA,PEP_Vintage_2025,142344.0,Peer
2005,Metropolitan Statistical Area,San Antonio MSA,41700,INTERNATIONALMIG,Moodys-CBSA,Moodys,3685.3769156275953,Peer
2021,Metropolitan Statistical Area,San Antonio MSA,41700,RDOMESTICMIG,Census-CBSA,PEP_Vintage_2025,251.89591773,Peer
2015,Metropolitan Statistical Area,Austin MSA,12420,RINTERNATIONALMIG,Census-CBSA,PEP_Vintage_2020,12.645054163400001,Broad
1990,Region,WFSRCA Region,48021-48031-48053-48055-48149-48209-48287-48299-48491,DOMESTICMIG,Moodys-County,Moodys,8742.732842216274,Peer
2021,Metropolitan Statistical Area,San Antonio MSA,41700,RESIDUAL,Census-CBSA,PEP_Vintage_2025,586.0,Peer
2024,Metropolitan Statistical Area,Austin MSA,12420,RBIRTH,Census-CBSA,PEP_Vintage_2025,62.53163267,Broad
2003,Region,WFSRCA Region,48021-48031-48053-48055-48149-48209-48287-48299-48491,DEATHS,Moodys-County,Moodys,-3868.1943650009043,Peer
1998,County or Equivalent,Travis County,48453,RESIDUAL,Moodys-County,Moodys,271.74982120669773,Focus
2017,State,Texas,48,NATURALCHG,Census-County-State-US,PEP_Vintage_2020,195226.0,Benchmark
1991,National,US,00,INTERNATIONALMIG,Moodys-US,Moodys,1287159.9240822375,Benchmark
1986,Region,WFSRCA Region,48021-48031-48053-48055-48149-48209-48287-48299-48491,RESIDUAL,Moodys-County,Moodys,115.23434724626915,Peer
1994,Region,WFSRCA Region,48021-48031-48053-48055-48149-48209-48287-48299-48491,BIRTHS,Moodys-County,Moodys,5685.327781982076,Peer
2004,Metropolitan Statistical Area,Dallas MSA,19100,RESIDUAL,Moodys-CBSA,Moodys,530.9999999999909,Peer
2007,State,Texas,48,NATURALCHG,Moodys-State,Moodys,244136.36529972788,Benchmark
2023,State,Texas,48,BIRTHS,Census-County-State-US,PEP_Vintage_2025,390308.0,Benchmark
2000,County or Equivalent,Travis County,48453,DEATHS,Moodys-County,Moodys,-3849.5654656972956,Focus
2011,County or Equivalent,Travis County,48453,RESIDUAL,Census-County-State-US,PEP_Vintage_2020,155.0,Focus
1984,Metropolitan Statistical Area,Austin MSA,12420,DOMESTICMIG,Moodys-CBSA,Moodys,23818.49751721887,Broad
2012,Metropolitan Statistical Area,San Antonio MSA,41700,POPESTIMATE,Census-CBSA,PEP_Vintage_2020,2237076.0,Peer
2020,Metropolitan Statistical Area,Austin MSA,12420,GQESTIMATESBASE,Census-CBSA,PEP_Vintage_2025,50348.0,Broad
2017,Metropolitan Statistical Area,Houston MSA,26420,RDOMESTICMIG,Census-CBSA,PEP_Vintage_2020,140.4602886305,Peer
2007,Metropolitan Statistical Area,Houston MSA,26420,INTERNATIONALMIG,Moodys-CBSA,Moodys,29631.236826921202,Peer
2025,Metropolitan Statistical Area,Dallas MSA,19100,RDEATH,Census-CBSA,PEP_Vintage_2025,78.383044232,Peer
1992,Metropolitan Statistical Area,Austin MSA,12420,POPESTIMATE,Moodys-CBSA,Moodys,912832.9710649252,Broad
1985,Metropolitan Statistical Area,San Antonio MSA,41700,NATURALCHG,Moodys-CBSA,Moodys,15629.24521151069,Peer
2011,Metropolitan Statistical Area,Austin MSA,12420,RDOMESTICMIG,Census-CBSA,PEP_Vintage_2020,71.2463831737,Broad
1992,Region,WFSRCA Region,48021-48031-48053-48055-48149-48209-48287-48299-48491,DEATHS,Moodys-County,Moodys,-2799.0126735429876,Peer
2010,Metropolitan Statistical Area,Houston MSA,26420,RESIDUAL,Census-CBSA,PEP_Vintage_2020,74.0,Peer
2021,Metropolitan Statistical Area,San Antonio MSA,41700,RNETMIG,Census-CBSA,PEP_Vintage_2025,254.44918406,Peer
2023,National,US,00,RDEATH,Census-County-State-US,PEP_Vintage_2025,9.4052288431,Benchmark
1989,Metropolitan Statistical Area,San Antonio MSA,41700,DEATHS,Moodys-CBSA,Moodys,-10084.174702766788,Peer
2020,National,US,00,POPESTIMATE,Census-County-State-US,PEP_Vintage_2025,331578104.0,Benchmark
2021,Metropolitan Statistical Area,San Antonio MSA,41700,DOMESTICMIG,Census-CBSA,PEP_Vintage_2025,28344.0,Peer
1983,County or Equivalent,Travis County,48453,POPESTIMATE,Moodys-County,Moodys,473882.0101780177,Focus
1995,National,US,00,DEATHS,Moodys-US,Moodys,-2315069.0687905326,Benchmark
1990,Metropolitan Statistical Area,Austin MSA,12420,DEATHS,Moodys-CBSA,Moodys,-4585.968568082169,Broad
2025,Metropolitan Statistical Area,Austin MSA,12420,RNATURALCHG,Census-CBSA,PEP_Vintage_2025,29.930468358,Broad
2024,Metropolitan Statistical Area,Austin MSA,12420,DOMESTICMIG,Census-CBSA,PEP_Vintage_2025,15340.0,Broad
2019,State,Texas,48,NATURALCHG,Census-County-State-US,PEP_Vintage_2020,173851.0,Benchmark
2015,Metropolitan Statistical Area,Dallas MSA,19100,POPESTIMATE,Census-CBSA,PEP_Vintage_2020,7042322.0,Peer
2013,National,US,00,DEATHS,Census-County-State-US,PEP_Vintage_2020,-2608019.0,Benchmark
2008,Metropolitan Statistical Area,San Antonio MSA,41700,DEATHS,Moodys-CBSA,Moodys,-14183.310865688076,Peer
1986,State,Texas,48,DOMESTICMIG,Moodys-State,Moodys,20395.23264508023,Benchmark
1988,State,Texas,48,BIRTHS,Moodys-State,Moodys,302063.0220147905,Benchmark
1992,Metropolitan Statistical Area,Austin MSA,12420,RESIDUAL,Moodys-CBSA,Moodys,325.8183263708146,Broad
1988,Region,WFSRCA Region,48021-48031-48053-48055-48149-48209-48287-48299-48491,NATURALCHG,Moodys-County,Moodys,2704.689045500174,Peer
1999,Metropolitan Statistical Area,Austin MSA,12420,NATURALCHG,Moodys-CBSA,Moodys,12786.79988560537,Broad
2010,Metropolitan Statistical Area,San Antonio MSA,41700,RESIDUAL,Census-CBSA,PEP_Vintage_2020,300.0,Peer
2014,Metropolitan Statistical Area,San Antonio MSA,41700,RNATURALCHG,Census-CBSA,PEP_Vintage_2020,25.2653708054,Peer
1996,Metropolitan Statistical Area,San Antonio MSA,41700,BIRTHS,Moodys-CBSA,Moodys,26735.876271603098,Peer
1986,Metropolitan Statistical Area,Austin MSA,12420,BIRTHS,Moodys-CBSA,Moodys,14948.569950034682,Broad
1996,Metropolitan Statistical Area,Dallas MSA,19100,POPESTIMATE,Moodys-CBSA,Moodys,4622564.083277002,Peer
2010,National,US,00,POPESTIMATE,Census-County-State-US,PEP_Vintage_2020,309327143.0,Benchmark
2014,County or Equivalent,Travis County,48453,RNETMIG,Census-County-State-US,PEP_Vintage_2020,16.323501807,Focus
2012,Metropolitan Statistical Area,Austin MSA,12420,RNATURALCHG,Census-CBSA,PEP_Vintage_2020,33.1836836404,Broad
2016,County or Equivalent,Travis County,48453,RINTERNATIONALMIG,Census-County-State-US,PEP_Vintage_2020,5.5508853507,Focus
1986,Metropolitan Statistical Area,Austin MSA,12420,RESIDUAL,Moodys-CBSA,Moodys,283.079706144987,Broad
2022,State,Texas,48,NPOPCHG,Census-County-State-US,PEP_Vintage_2025,545330.0,Benchmark
2010,Region,WFSRCA Region,48021-48031-48053-48055-48149-48209-48287-48299-48491,GQESTIMATESBASE,Census-County-State-US,PEP_Vintage_2020,20156.0,Peer
2015,Metropolitan Statistical Area,Austin MSA,12420,DOMESTICMIG,Census-CBSA,PEP_Vintage_2020,32848.0,Broad
2014,Metropolitan Statistical Area,Dallas MSA,19100,INTERNATIONALMIG,Census-CBSA,PEP_Vintage_2020,30420.0,Peer
2025,Metropolitan Statistical Area,Dallas MSA,19100,RNETMIG,Census-CBSA,PEP_Vintage_2025,251.44257771,Peer
2000,Metropolitan Statistical Area,San Antonio MSA,41700,BIRTHS,Moodys-CBSA,Moodys,28540.238053003595,Peer
2025,Metropolitan Statistical Area,Austin MSA,12420,GQESTIMATES,Census-CBSA,PEP_Vintage_2025,55100.0,Broad
2003,Metropolitan Statistical Area,Houston MSA,26420,POPESTIMATE,Moodys-CBSA,Moodys,5060492.999999998,Peer
2021,Metropolitan Statistical Area,San Antonio MSA,41700,DEATHS,Census-CBSA,PEP_Vintage_2025,-24673.0,Peer
2010,Metropolitan Statistical Area,Austin MSA,12420,POPESTIMATE,Census-CBSA,PEP_Vintage_2020,1727514.0,Broad
2012,National,US,00,RBIRTH,Census-County-State-US,PEP_Vintage_2020,12.589034648,Benchmark
2023,Metropolitan Statistical Area,Dallas MSA,19100,RNATURALCHG,Census-CBSA,PEP_Vintage_2025,55.403332671,Peer
1984,Metropolitan Statistical Area,Austin MSA,12420,DEATHS,Moodys-CBSA,Moodys,-4103.290115503384,Broad
1989,Metropolitan Statistical Area,Houston MSA,26420,DEATHS,Moodys-CBSA,Moodys,-23209.783125012487,Peer
2007,Region,WFSRCA Region,48021-48031-48053-48055-48149-48209-48287-48299-48491,POPESTIMATE,Moodys-County,Moodys,733572.0000000002,Peer
1983,Region,WFSRCA Region,48021-48031-48053-48055-48149-48209-48287-48299-48491,RESIDUAL,Moodys-County,Moodys,94.75583477413073,Peer
2013,Metropolitan Statistical Area,San Antonio MSA,41700,DOMESTICMIG,Census-CBSA,PEP_Vintage_2020,22089.0,Peer
2015,Metropolitan Statistical Area,Houston MSA,26420,POPESTIMATE,Census-CBSA,PEP_Vintage_2020,6698179.0,Peer
2013,National,US,00,NATURALCHG,Census-County-State-US,PEP_Vintage_2020,1332557.0,Benchmark
2014,Metropolitan Statistical Area,Austin MSA,12420,GQESTIMATES,Census-CBSA,PEP_Vintage_2020,41692.0,Broad
1991,County or Equivalent,Travis County,48453,RESIDUAL,Moodys-County,Moodys,214.91668583191284,Focus
2017,County or Equivalent,Travis County,48453,RDOMESTICMIG,Census-County-State-US,PEP_Vintage_2020,4.1838287745,Focus
2008,Region,WFSRCA Region,48021-48031-48053-48055-48149-48209-48287-48299-48491,DEATHS,Moodys-County,Moodys,-4384.2710962849105,Peer
2013,Metropolitan Statistical Area,Austin MSA,12420,GQESTIMATES,Census-CBSA,PEP_Vintage_2020,41351.0,Broad
2012,Metropolitan Statistical Area,Dallas MSA,19100,DEATHS,Census-CBSA,PEP_Vintage_2020,-37440.0,Peer
2012,Metropolitan Statistical Area,Houston MSA,26420,NATURALCHG,Census-CBSA,PEP_Vintage_2020,57842.0,Peer
2019,Region,WFSRCA Region,48021-48031-48053-48055-48149-48209-48287-48299-48491,NATURALCHG,Census-County-State-US,PEP_Vintage_2020,5294.0,Peer
1993,State,Texas,48,NATURALCHG,Moodys-State,Moodys,191407.44146529512,Benchmark
2021,National,US,00,DEATHS,Census-County-State-US,PEP_Vintage_2025,-3438423.0,Benchmark
1997,Metropolitan Statistical Area,San Antonio MSA,41700,DEATHS,Moodys-CBSA,Moodys,-11988.628963754385,Peer
1997,Metropolitan Statistical Area,Austin MSA,12420,INTERNATIONALMIG,Moodys-CBSA,Moodys,11121.617208521502,Broad
1990,Metropolitan Statistical Area,San Antonio MSA,41700,RESIDUAL,Moodys-CBSA,Moodys,503.5876725007077,Peer
2024,State,Texas,48,NETMIG,Census-County-State-US,PEP_Vintage_2025,440931.0,Benchmark
2023,Region,WFSRCA Region,48021-48031-48053-48055-48149-48209-48287-48299-48491,RDEATH,Census-County-State-US,PEP_Vintage_2025,94.810019086,Peer
2011,Region,WFSRCA Region,48021-48031-48053-48055-48149-48209-48287-48299-48491,POPESTIMATE,Census-County-State-US,PEP_Vintage_2020,833169.0,Peer
2014,National,US,00,RDOMESTICMIG,Census-County-State-US,PEP_Vintage_2020,0.0,Benchmark
2023,Metropolitan Statistical Area,San Antonio MSA,41700,DEATHS,Census-CBSA,PEP_Vintage_2025,-21364.0,Peer
2006,Metropolitan Statistical Area,Houston MSA,26420,RESIDUAL,Moodys-CBSA,Moodys,-258.0000000000004,Peer
1989,Metropolitan Statistical Area,Houston MSA,26420,INTERNATIONALMIG,Moodys-CBSA,Moodys,11408.295871988654,Peer
2019,Region,WFSRCA Region,48021-48031-48053-48055-48149-48209-48287-48299-48491,RDOMESTICMIG,Census-County-State-US,PEP_Vintage_2020,162.6660730826,Peer
2010,Metropolitan Statistical Area,Dallas MSA,19100,DOMESTICMIG,Census-CBSA,PEP_Vintage_2020,25412.0,Peer
2024,Region,WFSRCA Region,48021-48031-48053-48055-48149-48209-48287-48299-48491,INTERNATIONALMIG,Census-County-State-US,PEP_Vintage_2025,11177.0,Peer
1993,Metropolitan Statistical Area,Austin MSA,12420,INTERNATIONALMIG,Moodys-CBSA,Moodys,9572.081960701058,Broad
2019,Metropolitan Statistical Area,Houston MSA,26420,RNETMIG,Census-CBSA,PEP_Vintage_2020,150.6659794765,Peer
2021,Metropolitan Statistical Area,Austin MSA,12420,NETMIG,Census-CBSA,PEP_Vintage_2025,47825.0,Broad
2011,Metropolitan Statistical Area,Dallas MSA,19100,RNETMIG,Census-CBSA,PEP_Vintage_2020,102.7925965918,Peer
1982,Metropolitan Statistical Area,San Antonio MSA,41700,DOMESTICMIG,Moodys-CBSA,Moodys,23892.870811894674,Peer
2013,Metropolitan Statistical Area,Dallas MSA,19100,DOMESTICMIG,Census-CBSA,PEP_Vintage_2020,31209.0,Peer
2024,Metropolitan Statistical Area,Houston MSA,26420,BIRTHS,Census-CBSA,PEP_Vintage_2025,96249.0,Peer
1990,Metropolitan Statistical Area,Houston MSA,26420,RESIDUAL,Moodys-CBSA,Moodys,1353.4660411939174,Peer
2024,Region,WFSRCA Region,48021-48031-48053-48055-48149-48209-48287-48299-48491,GQESTIMATES,Census-County-State-US,PEP_Vintage_2025,21404.0,Peer
2008,National,US,00,BIRTHS,Moodys-US,Moodys,4279721.5288560055,Benchmark
2012,Metropolitan Statistical Area,Dallas MSA,19100,RNATURALCHG,Census-CBSA,PEP_Vintage_2020,67.5838238568,Peer
1996,Region,WFSRCA Region,48021-48031-48053-48055-48149-48209-48287-48299-48491,POPESTIMATE,Moodys-County,Moodys,443043.98280797014,Peer
2025,Region,WFSRCA Region,48021-48031-48053-48055-48149-48209-48287-48299-48491,NPOPCHG,Census-County-State-US,PEP_Vintage_2025,40473.0,Peer
1999,Metropolitan Statistical Area,San Antonio MSA,41700,RESIDUAL,Moodys-CBSA,Moodys,602.8706797659248,Peer
2022,Metropolitan Statistical Area,Dallas MSA,19100,DOMESTICMIG,Census-CBSA,PEP_Vintage_2025,90066.0,Peer
2014,National,US,00,RNETMIG,Census-County-State-US,PEP_Vintage_2020,2.9809773838,Benchmark
