Year,Geography Level,NAME,FIPS,Value Type,Source,Dataset,Values,Role
2016,Region,Puget Sound Region,53033-53035-53053-53061,RNATURALCHG,Census-County-State-US,PEP_Vintage_2020,21.9875321559,Benchmark
1987,State,Washington,53,DOMESTICMIG,Moodys-State,Moodys,38658.53262028761,Benchmark
2007,County or Equivalent,Pierce County,53053,NATURALCHG,Moodys-County,Moodys,5751.497500038851,Broad
1991,State,Washington,53,DEATHS,Moodys-State,Moodys,-37134.370184842934,Benchmark
2011,Region,Puget Sound Region,53033-53035-53053-53061,RNETMIG,Census-County-State-US,PEP_Vintage_2020,31.2606207224,Benchmark
2013,County or Equivalent,Pierce County,53053,RNATURALCHG,Census-County-State-US,PEP_Vintage_2020,6.2354962711,Broad
2003,National,United States,00,INTERNATIONALMIG,Moodys-US,Moodys,784320.7140584573,Benchmark
2011,Region,Puget Sound Region,53033-53035-53053-53061,NETMIG,Census-County-State-US,PEP_Vintage_2020,35008.0,Benchmark
2025,County or Equivalent,Pierce County,53053,NATURALCHG,Census-County-State-US,PEP_Vintage_2025,2626.0,Broad
1998,Metropolitan Statistical Area,Seattle MSA,42660,BIRTHS,Moodys-CBSA,Moodys,40975.304438261985,Benchmark
2000,Metropolitan Statistical Area,Seattle MSA,42660,DEATHS,Moodys-CBSA,Moodys,-20941.91587633588,Benchmark
2004,National,United States,00,INTERNATIONALMIG,Moodys-US,Moodys,966214.9186542013,Benchmark
2013,State,Washington,53,RINTERNATIONALMIG,Census-County-State-US,PEP_Vintage_2020,2.8459014814,Benchmark
1995,National,United States,00,NATURALCHG,Moodys-US,Moodys,1664159.9327166022,Benchmark
1985,Region,Puget Sound Region,53033-53035-53053-53061,DEATHS,Moodys-County,Moodys,-17840.871857535985,Benchmark
2010,Metropolitan Statistical Area,Seattle MSA,42660,RESIDUAL,Census-CBSA,PEP_Vintage_2020,-212.0,Benchmark
2003,County or Equivalent,Pierce County,53053,INTERNATIONALMIG,Moodys-County,Moodys,-1684.5472163243744,Broad
2024,Region,Puget Sound Region,53033-53035-53053-53061,NATURALCHG,Census-County-State-US,PEP_Vintage_2025,14107.0,Benchmark
1993,Region,Puget Sound Region,53033-53035-53053-53061,RESIDUAL,Moodys-County,Moodys,-1119.3888952443006,Benchmark
2021,State,Washington,53,NPOPCHG,Census-County-State-US,PEP_Vintage_2025,17504.0,Benchmark
2000,National,United States,00,DOMESTICMIG,Moodys-US,Moodys,746.1364178609392,Benchmark
2018,National,United States,00,RESIDUAL,Census-County-State-US,PEP_Vintage_2020,0.0,Benchmark
2019,County or Equivalent,Pierce County,53053,NPOPCHG,Census-County-State-US,PEP_Vintage_2020,10768.0,Broad
1986,Metropolitan Statistical Area,Seattle MSA,42660,INTERNATIONALMIG,Moodys-CBSA,Moodys,18391.02319899523,Benchmark
1990,State,Washington,53,DOMESTICMIG,Moodys-State,Moodys,82236.46903393095,Benchmark
2014,State,Washington,53,RNETMIG,Census-County-State-US,PEP_Vintage_2020,7.888313731,Benchmark
1984,Region,Puget Sound Region,53033-53035-53053-53061,INTERNATIONALMIG,Moodys-County,Moodys,8174.417195060177,Benchmark
2015,County or Equivalent,Pierce County,53053,RDEATH,Census-County-State-US,PEP_Vintage_2020,7.5961758006,Broad
2025,National,United States,00,BIRTHS,Census-County-State-US,PEP_Vintage_2025,3620461.0,Benchmark
2007,National,United States,00,BIRTHS,Moodys-US,Moodys,4300647.292159722,Benchmark
1994,Metropolitan Statistical Area,Seattle MSA,42660,DEATHS,Moodys-CBSA,Moodys,-19158.953141054873,Benchmark
2015,County or Equivalent,Pierce County,53053,INTERNATIONALMIG,Census-County-State-US,PEP_Vintage_2020,2405.0,Broad
1987,Region,Puget Sound Region,53033-53035-53053-53061,POPESTIMATE,Moodys-County,Moodys,2526009.1556219147,Benchmark
2013,State,Washington,53,RBIRTH,Census-County-State-US,PEP_Vintage_2020,12.585926816,Benchmark
2023,National,United States,00,NPOPCHG,Census-County-State-US,PEP_Vintage_2025,2758748.0,Benchmark
2012,State,Washington,53,RNATURALCHG,Census-County-State-US,PEP_Vintage_2020,5.4321416504,Benchmark
1988,Region,Puget Sound Region,53033-53035-53053-53061,INTERNATIONALMIG,Moodys-County,Moodys,41731.0299803809,Benchmark
2016,Region,Puget Sound Region,53033-53035-53053-53061,RBIRTH,Census-County-State-US,PEP_Vintage_2020,50.743670992,Benchmark
2018,County or Equivalent,Pierce County,53053,RBIRTH,Census-County-State-US,PEP_Vintage_2020,12.840035682,Broad
1996,State,Washington,53,DOMESTICMIG,Moodys-State,Moodys,32815.72100088604,Benchmark
1984,State,Washington,53,DEATHS,Moodys-State,Moodys,-33371.003391645114,Benchmark
2001,Metropolitan Statistical Area,Seattle MSA,42660,POPESTIMATE,Moodys-CBSA,Moodys,3092927.0000000005,Benchmark
1992,Place,"Fife, WA",5323795,POPESTIMATE,Census-Place,PEP City and Town Postcensal Tables: 1990-2000,4797.0,Focus
2025,Region,Puget Sound Region,53033-53035-53053-53061,RBIRTH,Census-County-State-US,PEP_Vintage_2025,42.269390748,Benchmark
2005,Metropolitan Statistical Area,Seattle MSA,42660,INTERNATIONALMIG,Moodys-CBSA,Moodys,15433.071311082384,Benchmark
1995,Metropolitan Statistical Area,Seattle MSA,42660,DEATHS,Moodys-CBSA,Moodys,-19582.420527324495,Benchmark
2014,Region,Puget Sound Region,53033-53035-53053-53061,RESIDUAL,Census-County-State-US,PEP_Vintage_2020,14.0,Benchmark
2014,Metropolitan Statistical Area,Seattle MSA,42660,NATURALCHG,Census-CBSA,PEP_Vintage_2020,22779.0,Benchmark
2002,Region,Puget Sound Region,53033-53035-53053-53061,DOMESTICMIG,Moodys-County,Moodys,-5210.037198521926,Benchmark
2001,National,United States,00,DOMESTICMIG,Moodys-US,Moodys,309.02600157744064,Benchmark
2013,National,United States,00,POPESTIMATE,Census-County-State-US,PEP_Vintage_2020,316059947.0,Benchmark
2020,National,United States,00,BIRTHS,Census-County-State-US,PEP_Vintage_2025,3576492.0,Benchmark
1984,County or Equivalent,Pierce County,53053,BIRTHS,Moodys-County,Moodys,9162.951014364415,Broad
2011,National,United States,00,RESIDUAL,Census-County-State-US,PEP_Vintage_2020,0.0,Benchmark
2007,State,Washington,53,DOMESTICMIG,Moodys-State,Moodys,31276.00000000081,Benchmark
2024,Region,Puget Sound Region,53033-53035-53053-53061,RNETMIG,Census-County-State-US,PEP_Vintage_2025,39.655948843,Benchmark
2013,Metropolitan Statistical Area,Seattle MSA,42660,NPOPCHG,Census-CBSA,PEP_Vintage_2020,53877.0,Benchmark
1992,Metropolitan Statistical Area,Seattle MSA,42660,DOMESTICMIG,Moodys-CBSA,Moodys,18141.991729880458,Benchmark
1982,County or Equivalent,Pierce County,53053,BIRTHS,Moodys-County,Moodys,9478.166071645255,Broad
1982,National,United States,00,BIRTHS,Moodys-US,Moodys,3666436.1759912926,Benchmark
1994,County or Equivalent,Pierce County,53053,BIRTHS,Moodys-County,Moodys,9991.18416377148,Broad
1985,County or Equivalent,Pierce County,53053,DOMESTICMIG,Moodys-County,Moodys,4398.072856121199,Broad
2023,Metropolitan Statistical Area,Seattle MSA,42660,GQESTIMATES,Census-CBSA,PEP_Vintage_2025,74723.0,Benchmark
1999,State,Washington,53,POPESTIMATE,Moodys-State,Moodys,5842563.964843749,Benchmark
2012,County or Equivalent,Pierce County,53053,NETMIG,Census-County-State-US,PEP_Vintage_2020,2521.0,Broad
2018,Region,Puget Sound Region,53033-53035-53053-53061,BIRTHS,Census-County-State-US,PEP_Vintage_2020,48960.0,Benchmark
1989,County or Equivalent,Pierce County,53053,DEATHS,Moodys-County,Moodys,-4215.830994683525,Broad
2015,Region,Puget Sound Region,53033-53035-53053-53061,RNETMIG,Census-County-State-US,PEP_Vintage_2020,50.6626676427,Benchmark
1981,State,Washington,53,DEATHS,Moodys-State,Moodys,-31533.45059984367,Benchmark
2024,County or Equivalent,Pierce County,53053,NPOPCHG,Census-County-State-US,PEP_Vintage_2025,8378.0,Broad
2006,Metropolitan Statistical Area,Seattle MSA,42660,DOMESTICMIG,Moodys-CBSA,Moodys,20870.229998200033,Benchmark
2016,Region,Puget Sound Region,53033-53035-53053-53061,BIRTHS,Census-County-State-US,PEP_Vintage_2020,51004.0,Benchmark
2016,National,United States,00,NPOPCHG,Census-County-State-US,PEP_Vintage_2020,2332761.0,Benchmark
2011,Metropolitan Statistical Area,Seattle MSA,42660,RINTERNATIONALMIG,Census-CBSA,PEP_Vintage_2020,11.609088936500001,Benchmark
2011,Metropolitan Statistical Area,Seattle MSA,42660,RNETMIG,Census-CBSA,PEP_Vintage_2020,24.4509765589,Benchmark
2009,State,Washington,53,RESIDUAL,Moodys-State,Moodys,130.00000000000009,Benchmark
2016,State,Washington,53,RDEATH,Census-County-State-US,PEP_Vintage_2020,7.5638435174,Benchmark
1990,County or Equivalent,Pierce County,53053,RESIDUAL,Moodys-County,Moodys,-223.8966282910704,Broad
2024,Metropolitan Statistical Area,Seattle MSA,42660,RDOMESTICMIG,Census-CBSA,PEP_Vintage_2025,-4.6020928340000005,Benchmark
2006,National,United States,00,POPESTIMATE,Moodys-US,Moodys,298452422.0,Benchmark
1993,County or Equivalent,Pierce County,53053,DOMESTICMIG,Moodys-County,Moodys,3402.237670208143,Broad
2018,Region,Puget Sound Region,53033-53035-53053-53061,RDOMESTICMIG,Census-County-State-US,PEP_Vintage_2020,20.4675610653,Benchmark
1990,State,Washington,53,POPESTIMATE,Moodys-State,Moodys,4903042.968749999,Benchmark
2009,County or Equivalent,Pierce County,53053,NATURALCHG,Moodys-County,Moodys,5196.467606012527,Broad
1981,State,Washington,53,NATURALCHG,Moodys-State,Moodys,39582.30632190736,Benchmark
2014,State,Washington,53,GQESTIMATES,Census-County-State-US,PEP_Vintage_2020,145039.0,Benchmark
1991,Region,Puget Sound Region,53033-53035-53053-53061,NATURALCHG,Moodys-County,Moodys,25751.101648899905,Benchmark
1998,National,United States,00,BIRTHS,Moodys-US,Moodys,3987196.418773892,Benchmark
2020,County or Equivalent,Pierce County,53053,BIRTHS,Census-County-State-US,PEP_Vintage_2025,11168.0,Broad
2016,National,United States,00,RNETMIG,Census-County-State-US,PEP_Vintage_2020,3.3084784672,Benchmark
1995,Metropolitan Statistical Area,Seattle MSA,42660,RESIDUAL,Moodys-CBSA,Moodys,-1067.6130002714444,Benchmark
2002,Metropolitan Statistical Area,Seattle MSA,42660,DOMESTICMIG,Moodys-CBSA,Moodys,-8313.677006963242,Benchmark
1986,State,Washington,53,INTERNATIONALMIG,Moodys-State,Moodys,-6793.31851497232,Benchmark
2013,State,Washington,53,NETMIG,Census-County-State-US,PEP_Vintage_2020,31708.0,Benchmark
2020,State,Washington,53,DEATHS,Census-County-State-US,PEP_Vintage_2025,-60440.0,Benchmark
2002,Metropolitan Statistical Area,Seattle MSA,42660,DEATHS,Moodys-CBSA,Moodys,-20969.44541042488,Benchmark
2025,State,Washington,53,INTERNATIONALMIG,Census-County-State-US,PEP_Vintage_2025,46202.0,Benchmark
2009,National,United States,00,POPESTIMATE,Moodys-US,Moodys,306846102.0,Benchmark
2013,Metropolitan Statistical Area,Seattle MSA,42660,RBIRTH,Census-CBSA,PEP_Vintage_2020,38.443820471,Benchmark
2013,Metropolitan Statistical Area,Seattle MSA,42660,INTERNATIONALMIG,Census-CBSA,PEP_Vintage_2020,16359.0,Benchmark
1995,Region,Puget Sound Region,53033-53035-53053-53061,DOMESTICMIG,Moodys-County,Moodys,8246.047302566903,Benchmark
2005,County or Equivalent,Pierce County,53053,BIRTHS,Moodys-County,Moodys,10130.220182023133,Broad
1989,County or Equivalent,Pierce County,53053,POPESTIMATE,Moodys-County,Moodys,570566.6833736673,Broad
2021,Metropolitan Statistical Area,Seattle MSA,42660,RDOMESTICMIG,Census-CBSA,PEP_Vintage_2025,-16.220861086000003,Benchmark
2018,County or Equivalent,Pierce County,53053,RNATURALCHG,Census-County-State-US,PEP_Vintage_2020,5.0853299213,Broad
1998,Region,Puget Sound Region,53033-53035-53053-53061,NATURALCHG,Moodys-County,Moodys,22461.359855718252,Benchmark
2023,Region,Puget Sound Region,53033-53035-53053-53061,GQESTIMATES,Census-County-State-US,PEP_Vintage_2025,84128.0,Benchmark
2016,Region,Puget Sound Region,53033-53035-53053-53061,NETMIG,Census-County-State-US,PEP_Vintage_2020,57745.0,Benchmark
2003,Place,"Fife, WA",5323795,POPESTIMATE,Census-Place,PEP City and Town Intercensal Datasets: 2000-2010,6300.0,Focus
1994,State,Washington,53,BIRTHS,Moodys-State,Moodys,78706.26635170284,Benchmark
2024,State,Washington,53,RINTERNATIONALMIG,Census-County-State-US,PEP_Vintage_2025,9.0267960532,Benchmark
1996,Metropolitan Statistical Area,Seattle MSA,42660,POPESTIMATE,Moodys-CBSA,Moodys,2856794.9431666113,Benchmark
1981,National,United States,00,DEATHS,Moodys-US,Moodys,-1971998.3442562919,Benchmark
2021,Metropolitan Statistical Area,Seattle MSA,42660,BIRTHS,Census-CBSA,PEP_Vintage_2025,43697.0,Benchmark
1992,National,United States,00,INTERNATIONALMIG,Moodys-US,Moodys,1525643.0787899608,Benchmark
2014,National,United States,00,NATURALCHG,Census-County-State-US,PEP_Vintage_2020,1380747.0,Benchmark
2021,National,United States,00,NPOPCHG,Census-County-State-US,PEP_Vintage_2025,522062.0,Benchmark
1996,Metropolitan Statistical Area,Seattle MSA,42660,BIRTHS,Moodys-CBSA,Moodys,39163.43914599556,Benchmark
1999,County or Equivalent,Pierce County,53053,RESIDUAL,Moodys-County,Moodys,-262.7166718725704,Broad
2011,Metropolitan Statistical Area,Seattle MSA,42660,NPOPCHG,Census-CBSA,PEP_Vintage_2020,55021.0,Benchmark
2019,County or Equivalent,Pierce County,53053,RNETMIG,Census-County-State-US,PEP_Vintage_2020,7.3294940217,Broad
1994,Region,Puget Sound Region,53033-53035-53053-53061,DOMESTICMIG,Moodys-County,Moodys,-733.5558115322783,Benchmark
2008,Region,Puget Sound Region,53033-53035-53053-53061,RESIDUAL,Moodys-County,Moodys,-386.0000000000001,Benchmark
2024,State,Washington,53,POPESTIMATE,Census-County-State-US,PEP_Vintage_2025,7927958.0,Benchmark
1982,Region,Puget Sound Region,53033-53035-53053-53061,INTERNATIONALMIG,Moodys-County,Moodys,7543.270521501273,Benchmark
2005,County or Equivalent,Pierce County,53053,DOMESTICMIG,Moodys-County,Moodys,2463.9301950658214,Broad
2009,Metropolitan Statistical Area,Seattle MSA,42660,BIRTHS,Moodys-CBSA,Moodys,43517.18509589523,Benchmark
2018,State,Washington,53,DEATHS,Census-County-State-US,PEP_Vintage_2020,-56834.0,Benchmark
2011,Region,Puget Sound Region,53033-53035-53053-53061,INTERNATIONALMIG,Census-County-State-US,PEP_Vintage_2020,17216.0,Benchmark
2025,County or Equivalent,Pierce County,53053,RINTERNATIONALMIG,Census-County-State-US,PEP_Vintage_2025,2.757049829,Broad
2013,Region,Puget Sound Region,53033-53035-53053-53061,RDEATH,Census-County-State-US,PEP_Vintage_2020,27.8498543751,Benchmark
1984,County or Equivalent,Pierce County,53053,DEATHS,Moodys-County,Moodys,-3797.2965203225085,Broad
2009,National,United States,00,BIRTHS,Moodys-US,Moodys,4260374.3487180015,Benchmark
2021,County or Equivalent,Pierce County,53053,NPOPCHG,Census-County-State-US,PEP_Vintage_2025,4177.0,Broad
2003,National,United States,00,DEATHS,Moodys-US,Moodys,-2421485.7806105856,Benchmark
1998,State,Washington,53,BIRTHS,Moodys-State,Moodys,80752.73081558335,Benchmark
2013,State,Washington,53,NPOPCHG,Census-County-State-US,PEP_Vintage_2020,67653.0,Benchmark
2004,County or Equivalent,Pierce County,53053,DOMESTICMIG,Moodys-County,Moodys,-1044.3367764468005,Broad
2000,Region,Puget Sound Region,53033-53035-53053-53061,INTERNATIONALMIG,Moodys-County,Moodys,12686.166075870004,Benchmark
2020,National,United States,00,NATURALCHG,Census-County-State-US,PEP_Vintage_2025,168396.0,Benchmark
2025,National,United States,00,RESIDUAL,Census-County-State-US,PEP_Vintage_2025,0.0,Benchmark
2018,Region,Puget Sound Region,53033-53035-53053-53061,RBIRTH,Census-County-State-US,PEP_Vintage_2020,47.214060609,Benchmark
2011,National,United States,00,RDOMESTICMIG,Census-County-State-US,PEP_Vintage_2020,0.0,Benchmark
2019,County or Equivalent,Pierce County,53053,RDOMESTICMIG,Census-County-State-US,PEP_Vintage_2020,6.0710735448,Broad
2010,State,Washington,53,POPESTIMATE,Census-County-State-US,PEP_Vintage_2020,6743009.0,Benchmark
1989,County or Equivalent,Pierce County,53053,NATURALCHG,Moodys-County,Moodys,5701.720006029998,Broad
2012,State,Washington,53,RINTERNATIONALMIG,Census-County-State-US,PEP_Vintage_2020,3.2350100298,Benchmark
2014,County or Equivalent,Pierce County,53053,RBIRTH,Census-County-State-US,PEP_Vintage_2020,13.904629618,Broad
2023,Region,Puget Sound Region,53033-53035-53053-53061,RINTERNATIONALMIG,Census-County-State-US,PEP_Vintage_2025,28.770751943,Benchmark
2010,State,Washington,53,INTERNATIONALMIG,Census-County-State-US,PEP_Vintage_2020,24336.0,Benchmark
2020,State,Washington,53,NATURALCHG,Census-County-State-US,PEP_Vintage_2025,23880.0,Benchmark
1981,Region,Puget Sound Region,53033-53035-53053-53061,POPESTIMATE,Moodys-County,Moodys,2306593.3875485575,Benchmark
2016,County or Equivalent,Pierce County,53053,DEATHS,Census-County-State-US,PEP_Vintage_2020,-6518.0,Broad
2003,Metropolitan Statistical Area,Seattle MSA,42660,BIRTHS,Moodys-CBSA,Moodys,40427.32937525573,Benchmark
1999,Region,Puget Sound Region,53033-53035-53053-53061,NATURALCHG,Moodys-County,Moodys,21635.09430720516,Benchmark
2024,County or Equivalent,Pierce County,53053,INTERNATIONALMIG,Census-County-State-US,PEP_Vintage_2025,4728.0,Broad
2011,State,Washington,53,RNETMIG,Census-County-State-US,PEP_Vintage_2020,7.004317015,Benchmark
2003,Region,Puget Sound Region,53033-53035-53053-53061,INTERNATIONALMIG,Moodys-County,Moodys,6749.090028696976,Benchmark
2025,Region,Puget Sound Region,53033-53035-53053-53061,RNATURALCHG,Census-County-State-US,PEP_Vintage_2025,11.275063415,Benchmark
2007,National,United States,00,NATURALCHG,Moodys-US,Moodys,1877628.3630545232,Benchmark
2018,Region,Puget Sound Region,53033-53035-53053-53061,RNETMIG,Census-County-State-US,PEP_Vintage_2020,32.9524359238,Benchmark
2009,Metropolitan Statistical Area,Seattle MSA,42660,INTERNATIONALMIG,Moodys-CBSA,Moodys,16510.374243139642,Benchmark
2025,County or Equivalent,Pierce County,53053,DOMESTICMIG,Census-County-State-US,PEP_Vintage_2025,1182.0,Broad
2024,Region,Puget Sound Region,53033-53035-53053-53061,INTERNATIONALMIG,Census-County-State-US,PEP_Vintage_2025,55037.0,Benchmark
1993,Metropolitan Statistical Area,Seattle MSA,42660,BIRTHS,Moodys-CBSA,Moodys,41109.52860112125,Benchmark
2023,National,United States,00,DEATHS,Census-County-State-US,PEP_Vintage_2025,-3154285.0,Benchmark
2006,State,Washington,53,DEATHS,Moodys-State,Moodys,-45507.268633355015,Benchmark
1995,County or Equivalent,Pierce County,53053,DEATHS,Moodys-County,Moodys,-4881.479194215101,Broad
1983,Region,Puget Sound Region,53033-53035-53053-53061,POPESTIMATE,Moodys-County,Moodys,2348611.673035981,Benchmark
2024,National,United States,00,RNATURALCHG,Census-County-State-US,PEP_Vintage_2025,1.5198234962,Benchmark
2015,County or Equivalent,Pierce County,53053,BIRTHS,Census-County-State-US,PEP_Vintage_2020,11514.0,Broad
2008,Metropolitan Statistical Area,Seattle MSA,42660,INTERNATIONALMIG,Moodys-CBSA,Moodys,12840.589207374092,Benchmark
2009,State,Washington,53,BIRTHS,Moodys-State,Moodys,87641.85759160038,Benchmark
2023,Metropolitan Statistical Area,Seattle MSA,42660,RESIDUAL,Census-CBSA,PEP_Vintage_2025,-471.0,Benchmark
2019,State,Washington,53,RESIDUAL,Census-County-State-US,PEP_Vintage_2020,88.0,Benchmark
2012,Metropolitan Statistical Area,Seattle MSA,42660,POPESTIMATE,Census-CBSA,PEP_Vintage_2020,3559719.0,Benchmark
1982,County or Equivalent,Pierce County,53053,RESIDUAL,Moodys-County,Moodys,-193.4236624787237,Broad
1989,State,Washington,53,NATURALCHG,Moodys-State,Moodys,37215.00942126083,Benchmark
2019,Metropolitan Statistical Area,Seattle MSA,42660,INTERNATIONALMIG,Census-CBSA,PEP_Vintage_2020,18882.0,Benchmark
2007,Region,Puget Sound Region,53033-53035-53053-53061,POPESTIMATE,Moodys-County,Moodys,3548571.9999999995,Benchmark
2020,County or Equivalent,Pierce County,53053,NETMIG,Census-County-State-US,PEP_Vintage_2025,1184.0,Broad
1987,Region,Puget Sound Region,53033-53035-53053-53061,INTERNATIONALMIG,Moodys-County,Moodys,28901.826044341204,Benchmark
2019,National,United States,00,RESIDUAL,Census-County-State-US,PEP_Vintage_2020,0.0,Benchmark
1997,National,United States,00,RESIDUAL,Moodys-US,Moodys,76169.69185631635,Benchmark
2008,County or Equivalent,Pierce County,53053,NATURALCHG,Moodys-County,Moodys,5524.043334018729,Broad
2025,County or Equivalent,Pierce County,53053,RDEATH,Census-County-State-US,PEP_Vintage_2025,8.455659746,Broad
2005,National,United States,00,DOMESTICMIG,Moodys-US,Moodys,1127.7186677064597,Benchmark
2017,Region,Puget Sound Region,53033-53035-53053-53061,RINTERNATIONALMIG,Census-County-State-US,PEP_Vintage_2020,16.6197690307,Benchmark
1991,County or Equivalent,Pierce County,53053,INTERNATIONALMIG,Moodys-County,Moodys,974.2991052136833,Broad
1985,National,United States,00,DEATHS,Moodys-US,Moodys,-2069124.2852979929,Benchmark
2025,Region,Puget Sound Region,53033-53035-53053-53061,NETMIG,Census-County-State-US,PEP_Vintage_2025,31286.0,Benchmark
2013,State,Washington,53,BIRTHS,Census-County-State-US,PEP_Vintage_2020,87251.0,Benchmark
1988,Region,Puget Sound Region,53033-53035-53053-53061,DOMESTICMIG,Moodys-County,Moodys,16813.041893798683,Benchmark
2020,Metropolitan Statistical Area,Seattle MSA,42660,NATURALCHG,Census-CBSA,PEP_Vintage_2025,17488.0,Benchmark
2022,County or Equivalent,Pierce County,53053,RNATURALCHG,Census-County-State-US,PEP_Vintage_2025,2.646555005,Broad
2012,Metropolitan Statistical Area,Seattle MSA,42660,BIRTHS,Census-CBSA,PEP_Vintage_2020,44828.0,Benchmark
2001,State,Washington,53,DEATHS,Moodys-State,Moodys,-44416.43058986994,Benchmark
2011,State,Washington,53,DOMESTICMIG,Census-County-State-US,PEP_Vintage_2020,27355.0,Benchmark
2016,State,Washington,53,RDOMESTICMIG,Census-County-State-US,PEP_Vintage_2020,9.3435876678,Benchmark
2012,Metropolitan Statistical Area,Seattle MSA,42660,NPOPCHG,Census-CBSA,PEP_Vintage_2020,55343.0,Benchmark
2023,Metropolitan Statistical Area,Seattle MSA,42660,RDOMESTICMIG,Census-CBSA,PEP_Vintage_2025,-15.185124537,Benchmark
2022,State,Washington,53,GQESTIMATES,Census-County-State-US,PEP_Vintage_2025,156225.0,Benchmark
2012,Region,Puget Sound Region,53033-53035-53053-53061,GQESTIMATES,Census-County-State-US,PEP_Vintage_2020,78812.0,Benchmark
1998,National,United States,00,RESIDUAL,Moodys-US,Moodys,77117.15782518628,Benchmark
2011,Metropolitan Statistical Area,Seattle MSA,42660,DOMESTICMIG,Census-CBSA,PEP_Vintage_2020,16258.0,Benchmark
1997,Region,Puget Sound Region,53033-53035-53053-53061,INTERNATIONALMIG,Moodys-County,Moodys,20153.54421943951,Benchmark
2023,County or Equivalent,Pierce County,53053,BIRTHS,Census-County-State-US,PEP_Vintage_2025,10870.0,Broad
2023,County or Equivalent,Pierce County,53053,NETMIG,Census-County-State-US,PEP_Vintage_2025,1475.0,Broad
1981,County or Equivalent,Pierce County,53053,RESIDUAL,Moodys-County,Moodys,-189.6264849281917,Broad
2018,State,Washington,53,INTERNATIONALMIG,Census-County-State-US,PEP_Vintage_2020,23605.0,Benchmark
2008,National,United States,00,RESIDUAL,Moodys-US,Moodys,86722.89847788695,Benchmark
1986,Region,Puget Sound Region,53033-53035-53053-53061,DOMESTICMIG,Moodys-County,Moodys,6203.273411955112,Benchmark
2022,County or Equivalent,Pierce County,53053,BIRTHS,Census-County-State-US,PEP_Vintage_2025,11022.0,Broad
1981,Region,Puget Sound Region,53033-53035-53053-53061,BIRTHS,Moodys-County,Moodys,37537.10279772044,Benchmark
1994,Metropolitan Statistical Area,Seattle MSA,42660,RESIDUAL,Moodys-CBSA,Moodys,-1051.826360738578,Benchmark
2014,Metropolitan Statistical Area,Seattle MSA,42660,RBIRTH,Census-CBSA,PEP_Vintage_2020,38.631334424,Benchmark
1998,Region,Puget Sound Region,53033-53035-53053-53061,DEATHS,Moodys-County,Moodys,-21881.38865365187,Benchmark
1986,County or Equivalent,Pierce County,53053,NATURALCHG,Moodys-County,Moodys,5626.572367139521,Broad
2008,State,Washington,53,INTERNATIONALMIG,Moodys-State,Moodys,19869.596777594943,Benchmark
2025,Region,Puget Sound Region,53033-53035-53053-53061,INTERNATIONALMIG,Census-County-State-US,PEP_Vintage_2025,37907.0,Benchmark
2022,County or Equivalent,Pierce County,53053,DOMESTICMIG,Census-County-State-US,PEP_Vintage_2025,-4553.0,Broad
2019,Region,Puget Sound Region,53033-53035-53053-53061,RNATURALCHG,Census-County-State-US,PEP_Vintage_2020,16.985693313200002,Benchmark
2018,Metropolitan Statistical Area,Seattle MSA,42660,INTERNATIONALMIG,Census-CBSA,PEP_Vintage_2020,21264.0,Benchmark
1982,Metropolitan Statistical Area,Seattle MSA,42660,RESIDUAL,Moodys-CBSA,Moodys,-826.0355840305972,Benchmark
2003,Metropolitan Statistical Area,Seattle MSA,42660,DOMESTICMIG,Moodys-CBSA,Moodys,-12600.822021802122,Benchmark
2011,County or Equivalent,Pierce County,53053,DEATHS,Census-County-State-US,PEP_Vintage_2020,-5771.0,Broad
2012,State,Washington,53,RESIDUAL,Census-County-State-US,PEP_Vintage_2020,-349.0,Benchmark
2018,State,Washington,53,POPESTIMATE,Census-County-State-US,PEP_Vintage_2020,7526793.0,Benchmark
2010,National,United States,00,DOMESTICMIG,Census-County-State-US,PEP_Vintage_2020,0.0,Benchmark
1999,Region,Puget Sound Region,53033-53035-53053-53061,DOMESTICMIG,Moodys-County,Moodys,7008.528677604189,Benchmark
2024,County or Equivalent,Pierce County,53053,RBIRTH,Census-County-State-US,PEP_Vintage_2025,11.25698351,Broad
1990,National,United States,00,POPESTIMATE,Moodys-US,Moodys,249670110.9251238,Benchmark
2018,National,United States,00,BIRTHS,Census-County-State-US,PEP_Vintage_2020,3835477.0,Benchmark
1991,Region,Puget Sound Region,53033-53035-53053-53061,BIRTHS,Moodys-County,Moodys,45065.063799583804,Benchmark
1987,National,United States,00,RESIDUAL,Moodys-US,Moodys,68439.02251837523,Benchmark
2022,County or Equivalent,Pierce County,53053,GQESTIMATES,Census-County-State-US,PEP_Vintage_2025,22518.0,Broad
2013,Metropolitan Statistical Area,Seattle MSA,42660,NETMIG,Census-CBSA,PEP_Vintage_2020,31540.0,Benchmark
2012,Metropolitan Statistical Area,Seattle MSA,42660,NETMIG,Census-CBSA,PEP_Vintage_2020,32981.0,Benchmark
2022,Region,Puget Sound Region,53033-53035-53053-53061,POPESTIMATE,Census-County-State-US,PEP_Vintage_2025,4311943.0,Benchmark
1991,State,Washington,53,POPESTIMATE,Moodys-State,Moodys,5025624.0234375,Benchmark
1992,State,Washington,53,BIRTHS,Moodys-State,Moodys,80989.08943811504,Benchmark
2011,State,Washington,53,DEATHS,Census-County-State-US,PEP_Vintage_2020,-49817.0,Benchmark
2013,State,Washington,53,RNETMIG,Census-County-State-US,PEP_Vintage_2020,4.5738681216,Benchmark
2020,State,Washington,53,DOMESTICMIG,Census-County-State-US,PEP_Vintage_2025,47516.0,Benchmark
1991,Place,"Fife, WA",5323795,POPESTIMATE,Census-Place,PEP City and Town Postcensal Tables: 1990-2000,4748.0,Focus
2009,State,Washington,53,INTERNATIONALMIG,Moodys-State,Moodys,26968.194869691983,Benchmark
2024,State,Washington,53,RNATURALCHG,Census-County-State-US,PEP_Vintage_2025,2.1176393433,Benchmark
1990,National,United States,00,RESIDUAL,Moodys-US,Moodys,69430.41142882011,Benchmark
2022,National,United States,00,DOMESTICMIG,Census-County-State-US,PEP_Vintage_2025,0.0,Benchmark
2020,Metropolitan Statistical Area,Seattle MSA,42660,NETMIG,Census-CBSA,PEP_Vintage_2025,3837.0,Benchmark
1983,Region,Puget Sound Region,53033-53035-53053-53061,BIRTHS,Moodys-County,Moodys,37183.45832632576,Benchmark
2014,State,Washington,53,RDOMESTICMIG,Census-County-State-US,PEP_Vintage_2020,3.4817994545,Benchmark
2007,National,United States,00,RESIDUAL,Moodys-US,Moodys,237600.44429097945,Benchmark
1990,Region,Puget Sound Region,53033-53035-53053-53061,DOMESTICMIG,Moodys-County,Moodys,27951.044100039944,Benchmark
2019,Region,Puget Sound Region,53033-53035-53053-53061,INTERNATIONALMIG,Census-County-State-US,PEP_Vintage_2020,18987.0,Benchmark
1986,Metropolitan Statistical Area,Seattle MSA,42660,BIRTHS,Moodys-CBSA,Moodys,36067.54139871525,Benchmark
2024,Metropolitan Statistical Area,Seattle MSA,42660,NETMIG,Census-CBSA,PEP_Vintage_2025,42247.0,Benchmark
2015,Region,Puget Sound Region,53033-53035-53053-53061,POPESTIMATE,Census-County-State-US,PEP_Vintage_2020,4001178.0,Benchmark
2015,Region,Puget Sound Region,53033-53035-53053-53061,RESIDUAL,Census-County-State-US,PEP_Vintage_2020,43.0,Benchmark
2011,State,Washington,53,RDEATH,Census-County-State-US,PEP_Vintage_2020,7.3419614682,Benchmark
2009,State,Washington,53,NATURALCHG,Moodys-State,Moodys,39895.80513030866,Benchmark
2007,National,United States,00,DEATHS,Moodys-US,Moodys,-2423018.929105199,Benchmark
2024,National,United States,00,BIRTHS,Census-County-State-US,PEP_Vintage_2025,3608217.0,Benchmark
2010,County or Equivalent,Pierce County,53053,CENSUS,Census-County-State-US,PEP_Vintage_2020,795225.0,Broad
2023,State,Washington,53,INTERNATIONALMIG,Census-County-State-US,PEP_Vintage_2025,55706.0,Benchmark
2001,County or Equivalent,Pierce County,53053,RESIDUAL,Moodys-County,Moodys,-598.0000000000006,Broad
2019,National,United States,00,POPESTIMATE,Census-County-State-US,PEP_Vintage_2020,328329953.0,Benchmark
1992,County or Equivalent,Pierce County,53053,RESIDUAL,Moodys-County,Moodys,-234.75246413681498,Broad
1993,Metropolitan Statistical Area,Seattle MSA,42660,POPESTIMATE,Moodys-CBSA,Moodys,2740324.8696096786,Benchmark
2015,County or Equivalent,Pierce County,53053,RESIDUAL,Census-County-State-US,PEP_Vintage_2020,-37.0,Broad
2013,Metropolitan Statistical Area,Seattle MSA,42660,DEATHS,Census-CBSA,PEP_Vintage_2020,-23205.0,Benchmark
2004,State,Washington,53,NATURALCHG,Moodys-State,Moodys,36000.62034684524,Benchmark
2017,Region,Puget Sound Region,53033-53035-53053-53061,POPESTIMATE,Census-County-State-US,PEP_Vintage_2020,4155443.0,Benchmark
1990,Region,Puget Sound Region,53033-53035-53053-53061,RESIDUAL,Moodys-County,Moodys,-1050.5119507383308,Benchmark
1991,Region,Puget Sound Region,53033-53035-53053-53061,DEATHS,Moodys-County,Moodys,-19313.962150683903,Benchmark
2025,National,United States,00,RBIRTH,Census-County-State-US,PEP_Vintage_2025,10.620478879,Benchmark
2003,County or Equivalent,Pierce County,53053,NATURALCHG,Moodys-County,Moodys,4553.938876202319,Broad
2019,County or Equivalent,Pierce County,53053,NATURALCHG,Census-County-State-US,PEP_Vintage_2020,4139.0,Broad
1987,Metropolitan Statistical Area,Seattle MSA,42660,NATURALCHG,Moodys-CBSA,Moodys,19735.443466355366,Benchmark
2011,Metropolitan Statistical Area,Seattle MSA,42660,NATURALCHG,Census-CBSA,PEP_Vintage_2020,21674.0,Benchmark
2014,Region,Puget Sound Region,53033-53035-53053-53061,RDOMESTICMIG,Census-County-State-US,PEP_Vintage_2020,14.8111047066,Benchmark
1999,County or Equivalent,Pierce County,53053,BIRTHS,Moodys-County,Moodys,9137.938491933233,Broad
2017,National,United States,00,RBIRTH,Census-County-State-US,PEP_Vintage_2020,12.003025953,Benchmark
1997,Place,"Fife, WA",5323795,POPESTIMATE,Census-Place,PEP City and Town Postcensal Tables: 1990-2000,4560.0,Focus
2009,Region,Puget Sound Region,53033-53035-53053-53061,INTERNATIONALMIG,Moodys-County,Moodys,16901.03955199787,Benchmark
2023,County or Equivalent,Pierce County,53053,RBIRTH,Census-County-State-US,PEP_Vintage_2025,11.69531499,Broad
2002,National,United States,00,RESIDUAL,Moodys-US,Moodys,66478.9038055091,Benchmark
2021,Region,Puget Sound Region,53033-53035-53053-53061,NETMIG,Census-County-State-US,PEP_Vintage_2025,-25471.0,Benchmark
2022,State,Washington,53,DOMESTICMIG,Census-County-State-US,PEP_Vintage_2025,-3314.0,Benchmark
2019,Metropolitan Statistical Area,Seattle MSA,42660,RDOMESTICMIG,Census-CBSA,PEP_Vintage_2020,6.0981848773,Benchmark
2021,Region,Puget Sound Region,53033-53035-53053-53061,POPESTIMATE,Census-County-State-US,PEP_Vintage_2025,4294279.0,Benchmark
1991,Metropolitan Statistical Area,Seattle MSA,42660,NATURALCHG,Moodys-CBSA,Moodys,23707.023761689317,Benchmark
1998,Region,Puget Sound Region,53033-53035-53053-53061,DOMESTICMIG,Moodys-County,Moodys,18598.15653806426,Benchmark
2023,State,Washington,53,NETMIG,Census-County-State-US,PEP_Vintage_2025,38195.0,Benchmark
2024,National,United States,00,RDEATH,Census-County-State-US,PEP_Vintage_2025,9.1434046398,Benchmark
2013,Region,Puget Sound Region,53033-53035-53053-53061,NETMIG,Census-County-State-US,PEP_Vintage_2020,28740.0,Benchmark
2022,Region,Puget Sound Region,53033-53035-53053-53061,GQESTIMATES,Census-County-State-US,PEP_Vintage_2025,85225.0,Benchmark
1984,Metropolitan Statistical Area,Seattle MSA,42660,DOMESTICMIG,Moodys-CBSA,Moodys,3706.0188368618406,Benchmark
2009,Place,"Fife, WA",5323795,POPESTIMATE,Census-Place,PEP City and Town Intercensal Datasets: 2000-2010,8933.0,Focus
2023,County or Equivalent,Pierce County,53053,RINTERNATIONALMIG,Census-County-State-US,PEP_Vintage_2025,4.11218895,Broad
2013,Metropolitan Statistical Area,Seattle MSA,42660,BIRTHS,Census-CBSA,PEP_Vintage_2020,45460.0,Benchmark
2013,Region,Puget Sound Region,53033-53035-53053-53061,DOMESTICMIG,Census-County-State-US,PEP_Vintage_2020,12090.0,Benchmark
2025,County or Equivalent,Pierce County,53053,POPESTIMATE,Census-County-State-US,PEP_Vintage_2025,946288.0,Broad
2003,Metropolitan Statistical Area,Seattle MSA,42660,INTERNATIONALMIG,Moodys-CBSA,Moodys,8401.370951312918,Benchmark
2009,County or Equivalent,Pierce County,53053,RESIDUAL,Moodys-County,Moodys,-72.00000000000003,Broad
2010,County or Equivalent,Pierce County,53053,NPOPCHG,Census-County-State-US,PEP_Vintage_2020,182.0,Broad
2019,County or Equivalent,Pierce County,53053,BIRTHS,Census-County-State-US,PEP_Vintage_2020,11279.0,Broad
2016,National,United States,00,POPESTIMATE,Census-County-State-US,PEP_Vintage_2020,323071755.0,Benchmark
2022,Region,Puget Sound Region,53033-53035-53053-53061,BIRTHS,Census-County-State-US,PEP_Vintage_2025,47273.0,Benchmark
2012,State,Washington,53,POPESTIMATE,Census-County-State-US,PEP_Vintage_2020,6898599.0,Benchmark
2021,County or Equivalent,Pierce County,53053,RBIRTH,Census-County-State-US,PEP_Vintage_2025,11.91425925,Broad
2009,Metropolitan Statistical Area,Seattle MSA,42660,NATURALCHG,Moodys-CBSA,Moodys,21775.75710171942,Benchmark
1991,Region,Puget Sound Region,53033-53035-53053-53061,INTERNATIONALMIG,Moodys-County,Moodys,10659.376980863946,Benchmark
2024,County or Equivalent,Pierce County,53053,BIRTHS,Census-County-State-US,PEP_Vintage_2025,10532.0,Broad
1985,State,Washington,53,INTERNATIONALMIG,Moodys-State,Moodys,-1115.4412368806552,Benchmark
1996,State,Washington,53,DEATHS,Moodys-State,Moodys,-41636.581096348564,Benchmark
2007,Region,Puget Sound Region,53033-53035-53053-53061,NATURALCHG,Moodys-County,Moodys,25102.270150477234,Benchmark
2015,State,Washington,53,NETMIG,Census-County-State-US,PEP_Vintage_2020,74744.0,Benchmark
2017,National,United States,00,RNATURALCHG,Census-County-State-US,PEP_Vintage_2020,3.4001585911,Benchmark
1984,Metropolitan Statistical Area,Seattle MSA,42660,POPESTIMATE,Moodys-CBSA,Moodys,2216017.9615746345,Benchmark
1992,National,United States,00,NATURALCHG,Moodys-US,Moodys,1936950.689781003,Benchmark
1995,National,United States,00,INTERNATIONALMIG,Moodys-US,Moodys,1414416.184515862,Benchmark
2016,Metropolitan Statistical Area,Seattle MSA,42660,RBIRTH,Census-CBSA,PEP_Vintage_2020,38.917001316,Benchmark
2025,Region,Puget Sound Region,53033-53035-53053-53061,RDOMESTICMIG,Census-County-State-US,PEP_Vintage_2025,3.138291004,Benchmark
1987,Metropolitan Statistical Area,Seattle MSA,42660,DOMESTICMIG,Moodys-CBSA,Moodys,9466.986576463385,Benchmark
2019,Metropolitan Statistical Area,Seattle MSA,42660,RINTERNATIONALMIG,Census-CBSA,PEP_Vintage_2020,10.992265826,Benchmark
1997,Metropolitan Statistical Area,Seattle MSA,42660,POPESTIMATE,Moodys-CBSA,Moodys,2918071.0394048886,Benchmark
2005,Region,Puget Sound Region,53033-53035-53053-53061,NATURALCHG,Moodys-County,Moodys,21583.51830549657,Benchmark
2017,State,Washington,53,GQESTIMATES,Census-County-State-US,PEP_Vintage_2020,145644.0,Benchmark
1984,National,United States,00,NATURALCHG,Moodys-US,Moodys,1580985.8059623141,Benchmark
2019,Region,Puget Sound Region,53033-53035-53053-53061,NPOPCHG,Census-County-State-US,PEP_Vintage_2020,42955.0,Benchmark
2013,National,United States,00,NETMIG,Census-County-State-US,PEP_Vintage_2020,849728.0,Benchmark
1985,County or Equivalent,Pierce County,53053,NATURALCHG,Moodys-County,Moodys,5547.076617423741,Broad
1986,National,United States,00,INTERNATIONALMIG,Moodys-US,Moodys,467043.04361814394,Benchmark
2015,National,United States,00,RINTERNATIONALMIG,Census-County-State-US,PEP_Vintage_2020,3.3173931993,Benchmark
2016,National,United States,00,DEATHS,Census-County-State-US,PEP_Vintage_2020,-2703215.0,Benchmark
2011,Region,Puget Sound Region,53033-53035-53053-53061,NATURALCHG,Census-County-State-US,PEP_Vintage_2020,22602.0,Benchmark
2019,Region,Puget Sound Region,53033-53035-53053-53061,RNETMIG,Census-County-State-US,PEP_Vintage_2020,24.4868949481,Benchmark
2019,National,United States,00,RINTERNATIONALMIG,Census-County-State-US,PEP_Vintage_2020,1.7358566599,Benchmark
2008,State,Washington,53,POPESTIMATE,Moodys-State,Moodys,6562231.0,Benchmark
1990,National,United States,00,INTERNATIONALMIG,Moodys-US,Moodys,785716.6446294492,Benchmark
1988,Metropolitan Statistical Area,Seattle MSA,42660,INTERNATIONALMIG,Moodys-CBSA,Moodys,37876.9721024812,Benchmark
1998,National,United States,00,NATURALCHG,Moodys-US,Moodys,1618764.8696331782,Benchmark
2011,Metropolitan Statistical Area,Seattle MSA,42660,NETMIG,Census-CBSA,PEP_Vintage_2020,33285.0,Benchmark
1993,County or Equivalent,Pierce County,53053,INTERNATIONALMIG,Moodys-County,Moodys,2536.7433420426028,Broad
2020,Region,Puget Sound Region,53033-53035-53053-53061,BIRTHS,Census-County-State-US,PEP_Vintage_2025,47384.0,Benchmark
1989,National,United States,00,NATURALCHG,Moodys-US,Moodys,1786269.8835258586,Benchmark
2017,National,United States,00,RESIDUAL,Census-County-State-US,PEP_Vintage_2020,0.0,Benchmark
2017,National,United States,00,DOMESTICMIG,Census-County-State-US,PEP_Vintage_2020,0.0,Benchmark
2019,National,United States,00,RDOMESTICMIG,Census-County-State-US,PEP_Vintage_2020,0.0,Benchmark
2009,Metropolitan Statistical Area,Seattle MSA,42660,POPESTIMATE,Moodys-CBSA,Moodys,3414797.0000000005,Benchmark
2022,Metropolitan Statistical Area,Seattle MSA,42660,NATURALCHG,Census-CBSA,PEP_Vintage_2025,13767.0,Benchmark
2019,Metropolitan Statistical Area,Seattle MSA,42660,RESIDUAL,Census-CBSA,PEP_Vintage_2020,88.0,Benchmark
1989,State,Washington,53,DOMESTICMIG,Moodys-State,Moodys,61323.414803608306,Benchmark
2023,Region,Puget Sound Region,53033-53035-53053-53061,INTERNATIONALMIG,Census-County-State-US,PEP_Vintage_2025,43576.0,Benchmark
2017,County or Equivalent,Pierce County,53053,INTERNATIONALMIG,Census-County-State-US,PEP_Vintage_2020,1710.0,Broad
2018,County or Equivalent,Pierce County,53053,POPESTIMATE,Census-County-State-US,PEP_Vintage_2020,894951.0,Broad
1988,County or Equivalent,Pierce County,53053,RESIDUAL,Moodys-County,Moodys,-212.76609174778844,Broad
2024,County or Equivalent,Pierce County,53053,DEATHS,Census-County-State-US,PEP_Vintage_2025,-7856.0,Broad
2018,National,United States,00,DEATHS,Census-County-State-US,PEP_Vintage_2020,-2839277.0,Benchmark
1992,State,Washington,53,INTERNATIONALMIG,Moodys-State,Moodys,28869.795894375195,Benchmark
1993,State,Washington,53,DEATHS,Moodys-State,Moodys,-40140.98818729108,Benchmark
1985,Region,Puget Sound Region,53033-53035-53053-53061,NATURALCHG,Moodys-County,Moodys,20357.648641134223,Benchmark
2012,Metropolitan Statistical Area,Seattle MSA,42660,RDOMESTICMIG,Census-CBSA,PEP_Vintage_2020,10.536364437700001,Benchmark
2013,National,United States,00,RNATURALCHG,Census-County-State-US,PEP_Vintage_2020,4.2307586687,Benchmark
2019,National,United States,00,DEATHS,Census-County-State-US,PEP_Vintage_2020,-2847282.0,Benchmark
2015,Metropolitan Statistical Area,Seattle MSA,42660,DOMESTICMIG,Census-CBSA,PEP_Vintage_2020,15627.0,Benchmark
1987,National,United States,00,NATURALCHG,Moodys-US,Moodys,1677426.4173520654,Benchmark
2022,National,United States,00,INTERNATIONALMIG,Census-County-State-US,PEP_Vintage_2025,1672112.0,Benchmark
2021,State,Washington,53,NETMIG,Census-County-State-US,PEP_Vintage_2025,-1009.0,Benchmark
1998,Region,Puget Sound Region,53033-53035-53053-53061,RESIDUAL,Moodys-County,Moodys,-1216.4379412719743,Benchmark
2024,Metropolitan Statistical Area,Seattle MSA,42660,RINTERNATIONALMIG,Census-CBSA,PEP_Vintage_2025,33.202397926,Benchmark
1984,National,United States,00,INTERNATIONALMIG,Moodys-US,Moodys,385347.7054798132,Benchmark
2020,National,United States,00,GQESTIMATES,Census-County-State-US,PEP_Vintage_2025,8169006.0,Benchmark
1986,State,Washington,53,RESIDUAL,Moodys-State,Moodys,-1688.9999999999995,Benchmark
1988,Region,Puget Sound Region,53033-53035-53053-53061,RESIDUAL,Moodys-County,Moodys,-988.248720107371,Benchmark
2015,Metropolitan Statistical Area,Seattle MSA,42660,INTERNATIONALMIG,Census-CBSA,PEP_Vintage_2020,27192.0,Benchmark
2020,State,Washington,53,BIRTHS,Census-County-State-US,PEP_Vintage_2025,84320.0,Benchmark
2022,State,Washington,53,DEATHS,Census-County-State-US,PEP_Vintage_2025,-70619.0,Benchmark
1999,State,Washington,53,DEATHS,Moodys-State,Moodys,-43859.156660080684,Benchmark
2009,Region,Puget Sound Region,53033-53035-53053-53061,NATURALCHG,Moodys-County,Moodys,22902.16488877441,Benchmark
2025,State,Washington,53,NATURALCHG,Census-County-State-US,PEP_Vintage_2025,17230.0,Benchmark
2011,County or Equivalent,Pierce County,53053,POPESTIMATE,Census-County-State-US,PEP_Vintage_2020,807728.0,Broad
1983,Metropolitan Statistical Area,Seattle MSA,42660,NATURALCHG,Moodys-CBSA,Moodys,18565.037403907783,Benchmark
2017,National,United States,00,INTERNATIONALMIG,Census-County-State-US,PEP_Vintage_2020,948392.0,Benchmark
1989,Region,Puget Sound Region,53033-53035-53053-53061,DEATHS,Moodys-County,Moodys,-18908.39975883173,Benchmark
2022,County or Equivalent,Pierce County,53053,RBIRTH,Census-County-State-US,PEP_Vintage_2025,11.88200785,Broad
2013,County or Equivalent,Pierce County,53053,RESIDUAL,Census-County-State-US,PEP_Vintage_2020,-108.0,Broad
2004,Metropolitan Statistical Area,Seattle MSA,42660,INTERNATIONALMIG,Moodys-CBSA,Moodys,16938.24688014758,Benchmark
2001,Metropolitan Statistical Area,Seattle MSA,42660,DEATHS,Moodys-CBSA,Moodys,-20876.316383948128,Benchmark
1995,Place,"Fife, WA",5323795,POPESTIMATE,Census-Place,PEP City and Town Postcensal Tables: 1990-2000,4630.0,Focus
2019,State,Washington,53,BIRTHS,Census-County-State-US,PEP_Vintage_2020,86235.0,Benchmark
2009,County or Equivalent,Pierce County,53053,DEATHS,Moodys-County,Moodys,-5769.85298130564,Broad
2015,County or Equivalent,Pierce County,53053,RINTERNATIONALMIG,Census-County-State-US,PEP_Vintage_2020,2.8674937687,Broad
1993,National,United States,00,BIRTHS,Moodys-US,Moodys,4061129.6191041484,Benchmark
1996,Region,Puget Sound Region,53033-53035-53053-53061,NATURALCHG,Moodys-County,Moodys,21277.719699744575,Benchmark
1983,State,Washington,53,DOMESTICMIG,Moodys-State,Moodys,-3773.3443195175446,Benchmark
1991,County or Equivalent,Pierce County,53053,DOMESTICMIG,Moodys-County,Moodys,7318.755754967134,Broad
2013,State,Washington,53,RNATURALCHG,Census-County-State-US,PEP_Vintage_2020,5.1849096683,Benchmark
1987,County or Equivalent,Pierce County,53053,RESIDUAL,Moodys-County,Moodys,-206.72890415990292,Broad
2008,National,United States,00,POPESTIMATE,Moodys-US,Moodys,304167710.0,Benchmark
2001,National,United States,00,POPESTIMATE,Moodys-US,Moodys,285036340.0,Benchmark
2022,Place,"Fife, WA",5323795,POPESTIMATE,Census-Place,PEP_Vintage_2025,10765.0,Focus
2022,National,United States,00,RNATURALCHG,Census-County-State-US,PEP_Vintage_2025,0.672653317,Benchmark
1999,County or Equivalent,Pierce County,53053,NATURALCHG,Moodys-County,Moodys,4081.94970766142,Broad
2012,Metropolitan Statistical Area,Seattle MSA,42660,DOMESTICMIG,Census-CBSA,PEP_Vintage_2020,14650.0,Benchmark
2018,Metropolitan Statistical Area,Seattle MSA,42660,BIRTHS,Census-CBSA,PEP_Vintage_2020,45992.0,Benchmark
1989,Metropolitan Statistical Area,Seattle MSA,42660,INTERNATIONALMIG,Moodys-CBSA,Moodys,31098.017321345782,Benchmark
2020,Metropolitan Statistical Area,Seattle MSA,42660,GQESTIMATESBASE,Census-CBSA,PEP_Vintage_2025,76774.0,Benchmark
2025,Region,Puget Sound Region,53033-53035-53053-53061,RINTERNATIONALMIG,Census-County-State-US,PEP_Vintage_2025,24.219359888,Benchmark
2022,Region,Puget Sound Region,53033-53035-53053-53061,RINTERNATIONALMIG,Census-County-State-US,PEP_Vintage_2025,18.855734055,Benchmark
1986,Region,Puget Sound Region,53033-53035-53053-53061,DEATHS,Moodys-County,Moodys,-17880.05361301973,Benchmark
1984,National,United States,00,POPESTIMATE,Moodys-US,Moodys,235869201.2201758,Benchmark
2016,County or Equivalent,Pierce County,53053,NATURALCHG,Census-County-State-US,PEP_Vintage_2020,5358.0,Broad
1983,Region,Puget Sound Region,53033-53035-53053-53061,RESIDUAL,Moodys-County,Moodys,-890.7779328562343,Benchmark
2016,State,Washington,53,GQESTIMATES,Census-County-State-US,PEP_Vintage_2020,146055.0,Benchmark
2019,State,Washington,53,INTERNATIONALMIG,Census-County-State-US,PEP_Vintage_2020,23434.0,Benchmark
1988,County or Equivalent,Pierce County,53053,DOMESTICMIG,Moodys-County,Moodys,4959.969147302331,Broad
1997,Metropolitan Statistical Area,Seattle MSA,42660,RESIDUAL,Moodys-CBSA,Moodys,-1106.6024263269069,Benchmark
2013,County or Equivalent,Pierce County,53053,BIRTHS,Census-County-State-US,PEP_Vintage_2020,10971.0,Broad
2007,Metropolitan Statistical Area,Seattle MSA,42660,DEATHS,Moodys-CBSA,Moodys,-21392.17609750064,Benchmark
2020,Metropolitan Statistical Area,Seattle MSA,42660,RESIDUAL,Census-CBSA,PEP_Vintage_2025,839.0,Benchmark
1985,Region,Puget Sound Region,53033-53035-53053-53061,BIRTHS,Moodys-County,Moodys,38198.52049867021,Benchmark
2019,Metropolitan Statistical Area,Seattle MSA,42660,NATURALCHG,Census-CBSA,PEP_Vintage_2020,19031.0,Benchmark
2014,State,Washington,53,RNATURALCHG,Census-County-State-US,PEP_Vintage_2020,5.1471133003,Benchmark
2016,National,United States,00,RESIDUAL,Census-County-State-US,PEP_Vintage_2020,0.0,Benchmark
1993,Region,Puget Sound Region,53033-53035-53053-53061,DEATHS,Moodys-County,Moodys,-20710.17529821053,Benchmark
2021,Metropolitan Statistical Area,Seattle MSA,42660,DOMESTICMIG,Census-CBSA,PEP_Vintage_2025,-36942.0,Benchmark
1985,County or Equivalent,Pierce County,53053,DEATHS,Moodys-County,Moodys,-3919.6008166019556,Broad
2005,National,United States,00,INTERNATIONALMIG,Moodys-US,Moodys,954029.1949186584,Benchmark
2002,State,Washington,53,POPESTIMATE,Moodys-State,Moodys,6052349.0,Benchmark
2004,Metropolitan Statistical Area,Seattle MSA,42660,BIRTHS,Moodys-CBSA,Moodys,41723.008808589,Benchmark
1993,Metropolitan Statistical Area,Seattle MSA,42660,RESIDUAL,Moodys-CBSA,Moodys,-1039.2678167029528,Benchmark
1989,Metropolitan Statistical Area,Seattle MSA,42660,BIRTHS,Moodys-CBSA,Moodys,39190.2579140367,Benchmark
2015,County or Equivalent,Pierce County,53053,NETMIG,Census-County-State-US,PEP_Vintage_2020,6105.0,Broad
1997,State,Washington,53,POPESTIMATE,Moodys-State,Moodys,5674747.070312502,Benchmark
2010,State,Washington,53,NPOPCHG,Census-County-State-US,PEP_Vintage_2020,18469.0,Benchmark
1992,Region,Puget Sound Region,53033-53035-53053-53061,RESIDUAL,Moodys-County,Moodys,-1099.8622819873146,Benchmark
2009,Region,Puget Sound Region,53033-53035-53053-53061,POPESTIMATE,Moodys-County,Moodys,3663597.0000000005,Benchmark
1987,Region,Puget Sound Region,53033-53035-53053-53061,DOMESTICMIG,Moodys-County,Moodys,11347.505902534223,Benchmark
2011,County or Equivalent,Pierce County,53053,RINTERNATIONALMIG,Census-County-State-US,PEP_Vintage_2020,1.6792150356,Broad
1991,State,Washington,53,DOMESTICMIG,Moodys-State,Moodys,68000.17940565856,Benchmark
1995,County or Equivalent,Pierce County,53053,NATURALCHG,Moodys-County,Moodys,4827.503282651068,Broad
1985,Metropolitan Statistical Area,Seattle MSA,42660,DEATHS,Moodys-CBSA,Moodys,-16736.503931219344,Benchmark
2012,Region,Puget Sound Region,53033-53035-53053-53061,RESIDUAL,Census-County-State-US,PEP_Vintage_2020,-72.0,Benchmark
2000,State,Washington,53,DEATHS,Moodys-State,Moodys,-44337.36239450792,Benchmark
2025,Region,Puget Sound Region,53033-53035-53053-53061,NPOPCHG,Census-County-State-US,PEP_Vintage_2025,45714.0,Benchmark
2016,Metropolitan Statistical Area,Seattle MSA,42660,RESIDUAL,Census-CBSA,PEP_Vintage_2020,164.0,Benchmark
2025,Region,Puget Sound Region,53033-53035-53053-53061,RESIDUAL,Census-County-State-US,PEP_Vintage_2025,388.0,Benchmark
2018,County or Equivalent,Pierce County,53053,NETMIG,Census-County-State-US,PEP_Vintage_2020,9648.0,Broad
2023,National,United States,00,INTERNATIONALMIG,Census-County-State-US,PEP_Vintage_2025,2264137.0,Benchmark
1988,Metropolitan Statistical Area,Seattle MSA,42660,POPESTIMATE,Moodys-CBSA,Moodys,2426389.10703379,Benchmark
2020,County or Equivalent,Pierce County,53053,NPOPCHG,Census-County-State-US,PEP_Vintage_2025,2458.0,Broad
2003,State,Washington,53,RESIDUAL,Moodys-State,Moodys,-3160.0000000000005,Benchmark
2003,Region,Puget Sound Region,53033-53035-53053-53061,DEATHS,Moodys-County,Moodys,-22787.983926460744,Benchmark
2010,Region,Puget Sound Region,53033-53035-53053-53061,DOMESTICMIG,Census-County-State-US,PEP_Vintage_2020,-4484.0,Benchmark
2015,Region,Puget Sound Region,53033-53035-53053-53061,RDEATH,Census-County-State-US,PEP_Vintage_2020,28.8258155288,Benchmark
2001,State,Washington,53,BIRTHS,Moodys-State,Moodys,80623.36028982123,Benchmark
2012,State,Washington,53,DEATHS,Census-County-State-US,PEP_Vintage_2020,-49429.0,Benchmark
2013,State,Washington,53,GQESTIMATES,Census-County-State-US,PEP_Vintage_2020,144245.0,Benchmark
2013,Region,Puget Sound Region,53033-53035-53053-53061,NPOPCHG,Census-County-State-US,PEP_Vintage_2020,52001.0,Benchmark
2021,Region,Puget Sound Region,53033-53035-53053-53061,DOMESTICMIG,Census-County-State-US,PEP_Vintage_2025,-36586.0,Benchmark
2024,Region,Puget Sound Region,53033-53035-53053-53061,RDOMESTICMIG,Census-County-State-US,PEP_Vintage_2025,2.8913759149999994,Benchmark
2016,County or Equivalent,Pierce County,53053,DOMESTICMIG,Census-County-State-US,PEP_Vintage_2020,12350.0,Broad
2019,State,Washington,53,DEATHS,Census-County-State-US,PEP_Vintage_2020,-58488.0,Benchmark
2008,State,Washington,53,RESIDUAL,Moodys-State,Moodys,-219.00000000000006,Benchmark
1992,County or Equivalent,Pierce County,53053,BIRTHS,Moodys-County,Moodys,10532.749359812622,Broad
2018,County or Equivalent,Pierce County,53053,DOMESTICMIG,Census-County-State-US,PEP_Vintage_2020,8560.0,Broad
2024,Region,Puget Sound Region,53033-53035-53053-53061,DOMESTICMIG,Census-County-State-US,PEP_Vintage_2025,-9705.0,Benchmark
1987,County or Equivalent,Pierce County,53053,POPESTIMATE,Moodys-County,Moodys,545011.4604851045,Broad
2021,Region,Puget Sound Region,53033-53035-53053-53061,RNATURALCHG,Census-County-State-US,PEP_Vintage_2025,12.191281082,Benchmark
1985,National,United States,00,DOMESTICMIG,Moodys-US,Moodys,996.3011807235271,Benchmark
1997,State,Washington,53,NATURALCHG,Moodys-State,Moodys,35219.82919339716,Benchmark
1985,County or Equivalent,Pierce County,53053,RESIDUAL,Moodys-County,Moodys,-200.37933945043653,Broad
2011,National,United States,00,NATURALCHG,Census-County-State-US,PEP_Vintage_2020,1461043.0,Benchmark
2015,Metropolitan Statistical Area,Seattle MSA,42660,GQESTIMATES,Census-CBSA,PEP_Vintage_2020,67458.0,Benchmark
2013,Region,Puget Sound Region,53033-53035-53053-53061,INTERNATIONALMIG,Census-County-State-US,PEP_Vintage_2020,16650.0,Benchmark
2015,Metropolitan Statistical Area,Seattle MSA,42660,RBIRTH,Census-CBSA,PEP_Vintage_2020,38.452838658000005,Benchmark
2019,State,Washington,53,NATURALCHG,Census-County-State-US,PEP_Vintage_2020,27747.0,Benchmark
2020,State,Washington,53,NPOPCHG,Census-County-State-US,PEP_Vintage_2025,19293.0,Benchmark
1983,Metropolitan Statistical Area,Seattle MSA,42660,DEATHS,Moodys-CBSA,Moodys,-15811.66615635904,Benchmark
2013,County or Equivalent,Pierce County,53053,RDEATH,Census-County-State-US,PEP_Vintage_2020,7.1676443226,Broad
1988,National,United States,00,DOMESTICMIG,Moodys-US,Moodys,1127.2935654739103,Benchmark
1993,Metropolitan Statistical Area,Seattle MSA,42660,INTERNATIONALMIG,Moodys-CBSA,Moodys,15193.83131927405,Benchmark
1990,Metropolitan Statistical Area,Seattle MSA,42660,INTERNATIONALMIG,Moodys-CBSA,Moodys,42285.090977486296,Benchmark
2021,Metropolitan Statistical Area,Seattle MSA,42660,DEATHS,Census-CBSA,PEP_Vintage_2025,-28603.0,Benchmark
2016,National,United States,00,NETMIG,Census-County-State-US,PEP_Vintage_2020,1065017.0,Benchmark
1995,State,Washington,53,POPESTIMATE,Moodys-State,Moodys,5481026.85546875,Benchmark
2008,National,United States,00,DOMESTICMIG,Moodys-US,Moodys,-8.019963504447333,Benchmark
1994,National,United States,00,DOMESTICMIG,Moodys-US,Moodys,1410.4865880191596,Benchmark
2012,Region,Puget Sound Region,53033-53035-53053-53061,RINTERNATIONALMIG,Census-County-State-US,PEP_Vintage_2020,15.2777457221,Benchmark
1990,Metropolitan Statistical Area,Seattle MSA,42660,DOMESTICMIG,Moodys-CBSA,Moodys,20234.872877621623,Benchmark
1995,State,Washington,53,INTERNATIONALMIG,Moodys-State,Moodys,32395.86425641229,Benchmark
2014,County or Equivalent,Pierce County,53053,NETMIG,Census-County-State-US,PEP_Vintage_2020,6316.0,Broad
2022,Metropolitan Statistical Area,Seattle MSA,42660,NETMIG,Census-CBSA,PEP_Vintage_2025,5744.0,Benchmark
2006,Region,Puget Sound Region,53033-53035-53053-53061,BIRTHS,Moodys-County,Moodys,46430.01984714589,Benchmark
2023,State,Washington,53,NATURALCHG,Census-County-State-US,PEP_Vintage_2025,14432.0,Benchmark
2011,State,Washington,53,RNATURALCHG,Census-County-State-US,PEP_Vintage_2020,5.4345871718,Benchmark
2025,Metropolitan Statistical Area,Seattle MSA,42660,RNETMIG,Census-CBSA,PEP_Vintage_2025,19.008097091,Benchmark
1989,National,United States,00,INTERNATIONALMIG,Moodys-US,Moodys,465167.06434286863,Benchmark
1984,Metropolitan Statistical Area,Seattle MSA,42660,RESIDUAL,Moodys-CBSA,Moodys,-840.254866040068,Benchmark
2006,Region,Puget Sound Region,53033-53035-53053-53061,DOMESTICMIG,Moodys-County,Moodys,24321.212620854436,Benchmark
2010,Metropolitan Statistical Area,Seattle MSA,42660,GQESTIMATESBASE,Census-CBSA,PEP_Vintage_2020,65470.0,Benchmark
2017,County or Equivalent,Pierce County,53053,RINTERNATIONALMIG,Census-County-State-US,PEP_Vintage_2020,1.9601673364,Broad
1997,National,United States,00,NATURALCHG,Moodys-US,Moodys,1599150.9343892245,Benchmark
1999,Place,"Fife, WA",5323795,POPESTIMATE,Census-Place,PEP City and Town Postcensal Tables: 1990-2000,4625.0,Focus
2022,Region,Puget Sound Region,53033-53035-53053-53061,DOMESTICMIG,Census-County-State-US,PEP_Vintage_2025,-22482.0,Benchmark
2021,County or Equivalent,Pierce County,53053,NETMIG,Census-County-State-US,PEP_Vintage_2025,-99.0,Broad
2012,Metropolitan Statistical Area,Seattle MSA,42660,DEATHS,Census-CBSA,PEP_Vintage_2020,-22392.0,Benchmark
1995,Region,Puget Sound Region,53033-53035-53053-53061,BIRTHS,Moodys-County,Moodys,42916.32710953039,Benchmark
1994,National,United States,00,BIRTHS,Moodys-US,Moodys,4014439.5809108033,Benchmark
2002,Region,Puget Sound Region,53033-53035-53053-53061,DEATHS,Moodys-County,Moodys,-22807.379324558337,Benchmark
2013,National,United States,00,RBIRTH,Census-County-State-US,PEP_Vintage_2020,12.511004086,Benchmark
1989,County or Equivalent,Pierce County,53053,RESIDUAL,Moodys-County,Moodys,-216.38239059072464,Broad
2020,National,United States,00,DEATHS,Census-County-State-US,PEP_Vintage_2025,-3408096.0,Benchmark
2022,Metropolitan Statistical Area,Seattle MSA,42660,RNETMIG,Census-CBSA,PEP_Vintage_2025,2.6806979679999996,Benchmark
2014,Region,Puget Sound Region,53033-53035-53053-53061,POPESTIMATE,Census-County-State-US,PEP_Vintage_2020,3930333.0,Benchmark
2022,State,Washington,53,BIRTHS,Census-County-State-US,PEP_Vintage_2025,83955.0,Benchmark
2023,County or Equivalent,Pierce County,53053,INTERNATIONALMIG,Census-County-State-US,PEP_Vintage_2025,3822.0,Broad
2016,Metropolitan Statistical Area,Seattle MSA,42660,NETMIG,Census-CBSA,PEP_Vintage_2020,54724.0,Benchmark
1992,National,United States,00,DOMESTICMIG,Moodys-US,Moodys,1423.6004114930097,Benchmark
2016,National,United States,00,DOMESTICMIG,Census-County-State-US,PEP_Vintage_2020,0.0,Benchmark
1987,Metropolitan Statistical Area,Seattle MSA,42660,POPESTIMATE,Moodys-CBSA,Moodys,2356245.000359672,Benchmark
2018,Region,Puget Sound Region,53033-53035-53053-53061,DOMESTICMIG,Census-County-State-US,PEP_Vintage_2020,9191.0,Benchmark
2025,County or Equivalent,Pierce County,53053,RNETMIG,Census-County-State-US,PEP_Vintage_2025,4.010447098,Broad
1985,Region,Puget Sound Region,53033-53035-53053-53061,INTERNATIONALMIG,Moodys-County,Moodys,18915.81351862518,Benchmark
2005,State,Washington,53,DEATHS,Moodys-State,Moodys,-46144.31736632238,Benchmark
2011,Region,Puget Sound Region,53033-53035-53053-53061,RNATURALCHG,Census-County-State-US,PEP_Vintage_2020,22.210940466300002,Benchmark
2013,County or Equivalent,Pierce County,53053,RINTERNATIONALMIG,Census-County-State-US,PEP_Vintage_2020,1.9485925847,Broad
2002,Region,Puget Sound Region,53033-53035-53053-53061,POPESTIMATE,Moodys-County,Moodys,3356430.9999999995,Benchmark
1990,State,Washington,53,NATURALCHG,Moodys-State,Moodys,42234.21947481947,Benchmark
2014,State,Washington,53,DEATHS,Census-County-State-US,PEP_Vintage_2020,-51279.0,Benchmark
1987,Region,Puget Sound Region,53033-53035-53053-53061,NATURALCHG,Moodys-County,Moodys,21407.162323591798,Benchmark
2022,County or Equivalent,Pierce County,53053,RNETMIG,Census-County-State-US,PEP_Vintage_2025,-2.372736279,Broad
1983,State,Washington,53,RESIDUAL,Moodys-State,Moodys,-1631.0,Benchmark
1996,County or Equivalent,Pierce County,53053,NATURALCHG,Moodys-County,Moodys,4746.187193379324,Broad
2005,Region,Puget Sound Region,53033-53035-53053-53061,DOMESTICMIG,Moodys-County,Moodys,1721.8219725721938,Benchmark
2021,Region,Puget Sound Region,53033-53035-53053-53061,RNETMIG,Census-County-State-US,PEP_Vintage_2025,-8.027575725999998,Benchmark
1999,National,United States,00,BIRTHS,Moodys-US,Moodys,4030833.1121064387,Benchmark
2013,Metropolitan Statistical Area,Seattle MSA,42660,GQESTIMATES,Census-CBSA,PEP_Vintage_2020,68536.0,Benchmark
1987,National,United States,00,DOMESTICMIG,Moodys-US,Moodys,1171.807184332567,Benchmark
2017,Metropolitan Statistical Area,Seattle MSA,42660,NPOPCHG,Census-CBSA,PEP_Vintage_2020,69054.0,Benchmark
2019,Metropolitan Statistical Area,Seattle MSA,42660,NPOPCHG,Census-CBSA,PEP_Vintage_2020,40239.0,Benchmark
2018,Region,Puget Sound Region,53033-53035-53053-53061,NETMIG,Census-County-State-US,PEP_Vintage_2020,30504.0,Benchmark
2018,National,United States,00,NPOPCHG,Census-County-State-US,PEP_Vintage_2020,1716071.0,Benchmark
2020,Region,Puget Sound Region,53033-53035-53053-53061,GQESTIMATESBASE,Census-County-State-US,PEP_Vintage_2025,85236.0,Benchmark
2014,State,Washington,53,NPOPCHG,Census-County-State-US,PEP_Vintage_2020,91279.0,Benchmark
2023,Metropolitan Statistical Area,Seattle MSA,42660,DOMESTICMIG,Census-CBSA,PEP_Vintage_2025,-26640.0,Benchmark
2020,National,United States,00,INTERNATIONALMIG,Census-County-State-US,PEP_Vintage_2025,79568.0,Benchmark
2016,Region,Puget Sound Region,53033-53035-53053-53061,RNETMIG,Census-County-State-US,PEP_Vintage_2020,57.785141153,Benchmark
2016,Region,Puget Sound Region,53033-53035-53053-53061,DOMESTICMIG,Census-County-State-US,PEP_Vintage_2020,33420.0,Benchmark
2017,National,United States,00,RDEATH,Census-County-State-US,PEP_Vintage_2020,8.6028673615,Benchmark
2023,State,Washington,53,BIRTHS,Census-County-State-US,PEP_Vintage_2025,82165.0,Benchmark
2015,National,United States,00,DEATHS,Census-County-State-US,PEP_Vintage_2020,-2699826.0,Benchmark
1987,State,Washington,53,INTERNATIONALMIG,Moodys-State,Moodys,6821.1454921585055,Benchmark
2016,County or Equivalent,Pierce County,53053,INTERNATIONALMIG,Census-County-State-US,PEP_Vintage_2020,1917.0,Broad
2010,National,United States,00,NETMIG,Census-County-State-US,PEP_Vintage_2020,179893.0,Benchmark
1995,State,Washington,53,RESIDUAL,Moodys-State,Moodys,-2079.000000000001,Benchmark
2018,Place,"Fife, WA",5323795,POPESTIMATE,Census-Place,PEP_Vintage_2020,10350.0,Focus
2006,National,United States,00,NATURALCHG,Moodys-US,Moodys,1759450.7472363154,Benchmark
1984,Metropolitan Statistical Area,Seattle MSA,42660,NATURALCHG,Moodys-CBSA,Moodys,17768.795849003338,Benchmark
2018,Metropolitan Statistical Area,Seattle MSA,42660,RESIDUAL,Census-CBSA,PEP_Vintage_2020,5.0,Benchmark
1983,County or Equivalent,Pierce County,53053,POPESTIMATE,Moodys-County,Moodys,511837.3567885894,Broad
2004,County or Equivalent,Pierce County,53053,DEATHS,Moodys-County,Moodys,-5371.843934675401,Broad
2015,National,United States,00,BIRTHS,Census-County-State-US,PEP_Vintage_2020,3992376.0,Benchmark
2014,Region,Puget Sound Region,53033-53035-53053-53061,NETMIG,Census-County-State-US,PEP_Vintage_2020,40557.0,Benchmark
2022,Metropolitan Statistical Area,Seattle MSA,42660,RDOMESTICMIG,Census-CBSA,PEP_Vintage_2025,-14.844076119,Benchmark
1994,Metropolitan Statistical Area,Seattle MSA,42660,INTERNATIONALMIG,Moodys-CBSA,Moodys,15539.390783812512,Benchmark
2016,Metropolitan Statistical Area,Seattle MSA,42660,NATURALCHG,Census-CBSA,PEP_Vintage_2020,23154.0,Benchmark
2023,National,United States,00,RNETMIG,Census-County-State-US,PEP_Vintage_2025,6.7510471049,Benchmark
2023,National,United States,00,RNATURALCHG,Census-County-State-US,PEP_Vintage_2025,1.4747968694,Benchmark
2012,State,Washington,53,BIRTHS,Census-County-State-US,PEP_Vintage_2020,86710.0,Benchmark
1982,County or Equivalent,Pierce County,53053,NATURALCHG,Moodys-County,Moodys,5827.556441388142,Broad
1996,County or Equivalent,Pierce County,53053,RESIDUAL,Moodys-County,Moodys,-248.84254120468503,Broad
2000,Region,Puget Sound Region,53033-53035-53053-53061,DOMESTICMIG,Moodys-County,Moodys,3210.129751154008,Benchmark
2015,State,Washington,53,RBIRTH,Census-County-State-US,PEP_Vintage_2020,12.482268666,Benchmark
2016,State,Washington,53,DOMESTICMIG,Census-County-State-US,PEP_Vintage_2020,67588.0,Benchmark
2020,State,Washington,53,RESIDUAL,Census-County-State-US,PEP_Vintage_2025,775.0,Benchmark
2025,State,Washington,53,GQESTIMATES,Census-County-State-US,PEP_Vintage_2025,156821.0,Benchmark
2013,Place,"Fife, WA",5323795,POPESTIMATE,Census-Place,PEP_Vintage_2020,9530.0,Focus
2017,Metropolitan Statistical Area,Seattle MSA,42660,RDOMESTICMIG,Census-CBSA,PEP_Vintage_2020,22.8273756277,Benchmark
2022,Metropolitan Statistical Area,Seattle MSA,42660,INTERNATIONALMIG,Census-CBSA,PEP_Vintage_2025,28973.0,Benchmark
2019,State,Washington,53,POPESTIMATE,Census-County-State-US,PEP_Vintage_2020,7614024.0,Benchmark
2011,Region,Puget Sound Region,53033-53035-53053-53061,BIRTHS,Census-County-State-US,PEP_Vintage_2020,47266.0,Benchmark
2024,National,United States,00,RDOMESTICMIG,Census-County-State-US,PEP_Vintage_2025,0.0,Benchmark
2015,Metropolitan Statistical Area,Seattle MSA,42660,DEATHS,Census-CBSA,PEP_Vintage_2020,-24345.0,Benchmark
2003,Metropolitan Statistical Area,Seattle MSA,42660,DEATHS,Moodys-CBSA,Moodys,-21032.87830476636,Benchmark
2025,National,United States,00,NPOPCHG,Census-County-State-US,PEP_Vintage_2025,1781060.0,Benchmark
1999,Metropolitan Statistical Area,Seattle MSA,42660,BIRTHS,Moodys-CBSA,Moodys,40607.19763203414,Benchmark
2019,Region,Puget Sound Region,53033-53035-53053-53061,GQESTIMATES,Census-County-State-US,PEP_Vintage_2020,80547.0,Benchmark
1995,Region,Puget Sound Region,53033-53035-53053-53061,NATURALCHG,Moodys-County,Moodys,21852.71352969939,Benchmark
1988,State,Washington,53,DOMESTICMIG,Moodys-State,Moodys,52844.85407065907,Benchmark
2004,Place,"Fife, WA",5323795,POPESTIMATE,Census-Place,PEP City and Town Intercensal Datasets: 2000-2010,6698.0,Focus
1990,Metropolitan Statistical Area,Seattle MSA,42660,BIRTHS,Moodys-CBSA,Moodys,41906.61455559833,Benchmark
2001,Region,Puget Sound Region,53033-53035-53053-53061,DOMESTICMIG,Moodys-County,Moodys,5245.731849032308,Benchmark
2015,County or Equivalent,Pierce County,53053,DEATHS,Census-County-State-US,PEP_Vintage_2020,-6371.0,Broad
2005,Region,Puget Sound Region,53033-53035-53053-53061,INTERNATIONALMIG,Moodys-County,Moodys,15602.659721931837,Benchmark
2013,National,United States,00,RNETMIG,Census-County-State-US,PEP_Vintage_2020,2.6978163801,Benchmark
2018,Region,Puget Sound Region,53033-53035-53053-53061,NATURALCHG,Census-County-State-US,PEP_Vintage_2020,21169.0,Benchmark
2004,State,Washington,53,INTERNATIONALMIG,Moodys-State,Moodys,27745.379653155425,Benchmark
1990,National,United States,00,DEATHS,Moodys-US,Moodys,-2147678.6520584705,Benchmark
2010,National,United States,00,NPOPCHG,Census-County-State-US,PEP_Vintage_2020,569038.0,Benchmark
2025,National,United States,00,RDEATH,Census-County-State-US,PEP_Vintage_2025,9.0984294966,Benchmark
1996,State,Washington,53,INTERNATIONALMIG,Moodys-State,Moodys,21533.214832220972,Benchmark
2002,State,Washington,53,DOMESTICMIG,Moodys-State,Moodys,13706.99999999735,Benchmark
2001,County or Equivalent,Pierce County,53053,NATURALCHG,Moodys-County,Moodys,4838.757617155091,Broad
2018,County or Equivalent,Pierce County,53053,RINTERNATIONALMIG,Census-County-State-US,PEP_Vintage_2020,1.2254349844,Broad
2022,County or Equivalent,Pierce County,53053,INTERNATIONALMIG,Census-County-State-US,PEP_Vintage_2025,2352.0,Broad
2010,Metropolitan Statistical Area,Seattle MSA,42660,CENSUS,Census-CBSA,PEP_Vintage_2020,3439809.0,Benchmark
2001,Metropolitan Statistical Area,Seattle MSA,42660,NATURALCHG,Moodys-CBSA,Moodys,20115.25116679406,Benchmark
2020,Metropolitan Statistical Area,Seattle MSA,42660,NPOPCHG,Census-CBSA,PEP_Vintage_2025,9048.0,Benchmark
1981,National,United States,00,BIRTHS,Moodys-US,Moodys,3632767.1263585957,Benchmark
2016,County or Equivalent,Pierce County,53053,RDEATH,Census-County-State-US,PEP_Vintage_2020,7.6308843596,Broad
1985,National,United States,00,BIRTHS,Moodys-US,Moodys,3731735.9206301193,Benchmark
2010,Region,Puget Sound Region,53033-53035-53053-53061,NETMIG,Census-County-State-US,PEP_Vintage_2020,3913.0,Benchmark
2021,County or Equivalent,Pierce County,53053,RDOMESTICMIG,Census-County-State-US,PEP_Vintage_2025,-1.041376908,Broad
2015,Region,Puget Sound Region,53033-53035-53053-53061,RINTERNATIONALMIG,Census-County-State-US,PEP_Vintage_2020,18.861816102600002,Benchmark
1993,County or Equivalent,Pierce County,53053,RESIDUAL,Moodys-County,Moodys,-239.0540667284505,Broad
2013,County or Equivalent,Pierce County,53053,INTERNATIONALMIG,Census-County-State-US,PEP_Vintage_2020,1595.0,Broad
1988,State,Washington,53,BIRTHS,Moodys-State,Moodys,71281.00564238123,Benchmark
1991,National,United States,00,RESIDUAL,Moodys-US,Moodys,70206.19655240575,Benchmark
2016,County or Equivalent,Pierce County,53053,GQESTIMATES,Census-County-State-US,PEP_Vintage_2020,20341.0,Broad
2001,Metropolitan Statistical Area,Seattle MSA,42660,INTERNATIONALMIG,Moodys-CBSA,Moodys,15856.346177105916,Benchmark
2018,National,United States,00,DOMESTICMIG,Census-County-State-US,PEP_Vintage_2020,0.0,Benchmark
1993,County or Equivalent,Pierce County,53053,POPESTIMATE,Moodys-County,Moodys,630333.9656139314,Broad
2010,Metropolitan Statistical Area,Seattle MSA,42660,POPESTIMATE,Census-CBSA,PEP_Vintage_2020,3449355.0,Benchmark
1981,Metropolitan Statistical Area,Seattle MSA,42660,RESIDUAL,Moodys-CBSA,Moodys,-815.8239858426626,Benchmark
2012,State,Washington,53,NETMIG,Census-County-State-US,PEP_Vintage_2020,34188.0,Benchmark
2025,State,Washington,53,DOMESTICMIG,Census-County-State-US,PEP_Vintage_2025,9238.0,Benchmark
2015,Metropolitan Statistical Area,Seattle MSA,42660,POPESTIMATE,Census-CBSA,PEP_Vintage_2020,3741711.0,Benchmark
1997,Region,Puget Sound Region,53033-53035-53053-53061,POPESTIMATE,Moodys-County,Moodys,3147474.038849103,Benchmark
2019,County or Equivalent,Pierce County,53053,DOMESTICMIG,Census-County-State-US,PEP_Vintage_2020,5466.0,Broad
2024,County or Equivalent,Pierce County,53053,DOMESTICMIG,Census-County-State-US,PEP_Vintage_2025,1028.0,Broad
2015,National,United States,00,NATURALCHG,Census-County-State-US,PEP_Vintage_2020,1292550.0,Benchmark
1991,Metropolitan Statistical Area,Seattle MSA,42660,POPESTIMATE,Moodys-CBSA,Moodys,2630705.0234547555,Benchmark
2007,Metropolitan Statistical Area,Seattle MSA,42660,NATURALCHG,Moodys-CBSA,Moodys,23863.802079902907,Benchmark
1986,National,United States,00,RESIDUAL,Moodys-US,Moodys,67870.79791699171,Benchmark
1995,Region,Puget Sound Region,53033-53035-53053-53061,RESIDUAL,Moodys-County,Moodys,-1152.347102945267,Benchmark
1991,County or Equivalent,Pierce County,53053,BIRTHS,Moodys-County,Moodys,10500.646564338387,Broad
2022,Region,Puget Sound Region,53033-53035-53053-53061,RNETMIG,Census-County-State-US,PEP_Vintage_2025,6.706040312000001,Benchmark
2024,County or Equivalent,Pierce County,53053,NETMIG,Census-County-State-US,PEP_Vintage_2025,5756.0,Broad
2018,National,United States,00,RINTERNATIONALMIG,Census-County-State-US,PEP_Vintage_2020,2.2083276242,Benchmark
2025,Metropolitan Statistical Area,Seattle MSA,42660,RNATURALCHG,Census-CBSA,PEP_Vintage_2025,10.239789651999999,Benchmark
2011,Region,Puget Sound Region,53033-53035-53053-53061,RDEATH,Census-County-State-US,PEP_Vintage_2020,28.0039767011,Benchmark
1982,Metropolitan Statistical Area,Seattle MSA,42660,BIRTHS,Moodys-CBSA,Moodys,34355.842907965685,Benchmark
2022,County or Equivalent,Pierce County,53053,RESIDUAL,Census-County-State-US,PEP_Vintage_2025,-584.0,Broad
2024,County or Equivalent,Pierce County,53053,RESIDUAL,Census-County-State-US,PEP_Vintage_2025,-54.0,Broad
1993,County or Equivalent,Pierce County,53053,DEATHS,Moodys-County,Moodys,-4649.756756368065,Broad
2020,Metropolitan Statistical Area,Seattle MSA,42660,POPESTIMATE,Census-CBSA,PEP_Vintage_2025,4027814.0,Benchmark
1987,State,Washington,53,DEATHS,Moodys-State,Moodys,-34511.00950433107,Benchmark
2023,State,Washington,53,NPOPCHG,Census-County-State-US,PEP_Vintage_2025,51827.0,Benchmark
2024,State,Washington,53,NETMIG,Census-County-State-US,PEP_Vintage_2025,72889.0,Benchmark
2003,National,United States,00,NATURALCHG,Moodys-US,Moodys,1628939.5608129846,Benchmark
2017,State,Washington,53,NPOPCHG,Census-County-State-US,PEP_Vintage_2020,127990.0,Benchmark
2006,Region,Puget Sound Region,53033-53035-53053-53061,DEATHS,Moodys-County,Moodys,-22592.651938479357,Benchmark
2024,County or Equivalent,Pierce County,53053,RNATURALCHG,Census-County-State-US,PEP_Vintage_2025,2.860205837,Broad
2010,Region,Puget Sound Region,53033-53035-53053-53061,INTERNATIONALMIG,Census-County-State-US,PEP_Vintage_2020,20136.0,Benchmark
2011,County or Equivalent,Pierce County,53053,RESIDUAL,Census-County-State-US,PEP_Vintage_2020,33.0,Broad
2017,County or Equivalent,Pierce County,53053,POPESTIMATE,Census-County-State-US,PEP_Vintage_2020,880745.0,Broad
2018,State,Washington,53,RDEATH,Census-County-State-US,PEP_Vintage_2020,7.6007987833,Benchmark
1999,National,United States,00,DEATHS,Moodys-US,Moodys,-2399686.53324344,Benchmark
2022,State,Washington,53,RDOMESTICMIG,Census-County-State-US,PEP_Vintage_2025,-0.426755428,Benchmark
2021,Region,Puget Sound Region,53033-53035-53053-53061,DEATHS,Census-County-State-US,PEP_Vintage_2025,-31102.0,Benchmark
2024,National,United States,00,RESIDUAL,Census-County-State-US,PEP_Vintage_2025,0.0,Benchmark
1999,County or Equivalent,Pierce County,53053,POPESTIMATE,Moodys-County,Moodys,692661.9855804868,Broad
2011,County or Equivalent,Pierce County,53053,DOMESTICMIG,Census-County-State-US,PEP_Vintage_2020,5866.0,Broad
1994,State,Washington,53,RESIDUAL,Moodys-State,Moodys,-2038.0000000000002,Benchmark
1983,National,United States,00,DEATHS,Moodys-US,Moodys,-1998986.0058050284,Benchmark
2013,National,United States,00,DEATHS,Census-County-State-US,PEP_Vintage_2020,-2608019.0,Benchmark
2014,Region,Puget Sound Region,53033-53035-53053-53061,DEATHS,Census-County-State-US,PEP_Vintage_2020,-25457.0,Benchmark
2020,Region,Puget Sound Region,53033-53035-53053-53061,NETMIG,Census-County-State-US,PEP_Vintage_2025,3855.0,Benchmark
2013,Region,Puget Sound Region,53033-53035-53053-53061,GQESTIMATES,Census-County-State-US,PEP_Vintage_2020,77296.0,Benchmark
2005,Metropolitan Statistical Area,Seattle MSA,42660,BIRTHS,Moodys-CBSA,Moodys,41607.49410451544,Benchmark
2018,Region,Puget Sound Region,53033-53035-53053-53061,DEATHS,Census-County-State-US,PEP_Vintage_2020,-27791.0,Benchmark
2013,County or Equivalent,Pierce County,53053,NETMIG,Census-County-State-US,PEP_Vintage_2020,539.0,Broad
1985,State,Washington,53,RESIDUAL,Moodys-State,Moodys,-1669.0000000000002,Benchmark
2011,National,United States,00,NPOPCHG,Census-County-State-US,PEP_Vintage_2020,2256338.0,Benchmark
2025,State,Washington,53,RDOMESTICMIG,Census-County-State-US,PEP_Vintage_2025,1.1598986451,Benchmark
1986,County or Equivalent,Pierce County,53053,DEATHS,Moodys-County,Moodys,-3912.074904993046,Broad
2002,County or Equivalent,Pierce County,53053,DOMESTICMIG,Moodys-County,Moodys,6998.487401382581,Broad
2010,County or Equivalent,Pierce County,53053,NATURALCHG,Census-County-State-US,PEP_Vintage_2020,5220.0,Broad
2023,Metropolitan Statistical Area,Seattle MSA,42660,RDEATH,Census-CBSA,PEP_Vintage_2025,23.327831432,Benchmark
2019,Metropolitan Statistical Area,Seattle MSA,42660,DOMESTICMIG,Census-CBSA,PEP_Vintage_2020,2238.0,Benchmark
2015,State,Washington,53,GQESTIMATES,Census-County-State-US,PEP_Vintage_2020,144164.0,Benchmark
1989,Metropolitan Statistical Area,Seattle MSA,42660,RESIDUAL,Moodys-CBSA,Moodys,-945.5328873115043,Benchmark
2016,County or Equivalent,Pierce County,53053,RDOMESTICMIG,Census-County-State-US,PEP_Vintage_2020,14.45864097,Broad
1982,Metropolitan Statistical Area,Seattle MSA,42660,POPESTIMATE,Moodys-CBSA,Moodys,2177917.5804876545,Benchmark
2016,Region,Puget Sound Region,53033-53035-53053-53061,RESIDUAL,Census-County-State-US,PEP_Vintage_2020,170.0,Benchmark
2020,Region,Puget Sound Region,53033-53035-53053-53061,INTERNATIONALMIG,Census-County-State-US,PEP_Vintage_2025,2256.0,Benchmark
1983,County or Equivalent,Pierce County,53053,BIRTHS,Moodys-County,Moodys,9413.903278622416,Broad
2007,County or Equivalent,Pierce County,53053,DEATHS,Moodys-County,Moodys,-5535.177115348139,Broad
2010,Metropolitan Statistical Area,Seattle MSA,42660,GQESTIMATES,Census-CBSA,PEP_Vintage_2020,65445.0,Benchmark
2011,County or Equivalent,Pierce County,53053,NATURALCHG,Census-County-State-US,PEP_Vintage_2020,5081.0,Broad
1984,Region,Puget Sound Region,53033-53035-53053-53061,RESIDUAL,Moodys-County,Moodys,-901.5814625172166,Benchmark
1995,Region,Puget Sound Region,53033-53035-53053-53061,POPESTIMATE,Moodys-County,Moodys,3038020.884109966,Benchmark
1998,State,Washington,53,DEATHS,Moodys-State,Moodys,-42980.937206482486,Benchmark
1996,County or Equivalent,Pierce County,53053,INTERNATIONALMIG,Moodys-County,Moodys,384.05296939977654,Broad
2024,State,Washington,53,RDOMESTICMIG,Census-County-State-US,PEP_Vintage_2025,0.2191973634,Benchmark
2014,Region,Puget Sound Region,53033-53035-53053-53061,RNETMIG,Census-County-State-US,PEP_Vintage_2020,32.4187714429,Benchmark
2020,Region,Puget Sound Region,53033-53035-53053-53061,GQESTIMATES,Census-County-State-US,PEP_Vintage_2025,85258.0,Benchmark
2016,Region,Puget Sound Region,53033-53035-53053-53061,RDEATH,Census-County-State-US,PEP_Vintage_2020,28.7561388361,Benchmark
1997,County or Equivalent,Pierce County,53053,DEATHS,Moodys-County,Moodys,-4957.41247789839,Broad
1986,County or Equivalent,Pierce County,53053,DOMESTICMIG,Moodys-County,Moodys,4419.5431882286275,Broad
2018,Metropolitan Statistical Area,Seattle MSA,42660,GQESTIMATES,Census-CBSA,PEP_Vintage_2020,69650.0,Benchmark
2007,State,Washington,53,POPESTIMATE,Moodys-State,Moodys,6461587.0,Benchmark
2001,County or Equivalent,Pierce County,53053,INTERNATIONALMIG,Moodys-County,Moodys,1530.8131325275383,Broad
1992,State,Washington,53,DOMESTICMIG,Moodys-State,Moodys,64965.12746152776,Benchmark
1997,Metropolitan Statistical Area,Seattle MSA,42660,INTERNATIONALMIG,Moodys-CBSA,Moodys,19847.30897901216,Benchmark
1990,Metropolitan Statistical Area,Seattle MSA,42660,RESIDUAL,Moodys-CBSA,Moodys,-977.7605880179822,Benchmark
2010,Metropolitan Statistical Area,Seattle MSA,42660,DEATHS,Census-CBSA,PEP_Vintage_2020,-20672.0,Benchmark
1990,National,United States,00,NATURALCHG,Moodys-US,Moodys,1944106.8570580564,Benchmark
1994,Metropolitan Statistical Area,Seattle MSA,42660,DOMESTICMIG,Moodys-CBSA,Moodys,-1915.5871960308295,Benchmark
1994,Region,Puget Sound Region,53033-53035-53053-53061,DEATHS,Moodys-County,Moodys,-20548.173680208565,Benchmark
1982,Region,Puget Sound Region,53033-53035-53053-53061,POPESTIMATE,Moodys-County,Moodys,2332974.189201059,Benchmark
2021,Region,Puget Sound Region,53033-53035-53053-53061,NPOPCHG,Census-County-State-US,PEP_Vintage_2025,-9346.0,Benchmark
2007,County or Equivalent,Pierce County,53053,BIRTHS,Moodys-County,Moodys,11286.67461538699,Broad
2018,National,United States,00,RDEATH,Census-County-State-US,PEP_Vintage_2020,8.7099686359,Benchmark
1990,Region,Puget Sound Region,53033-53035-53053-53061,INTERNATIONALMIG,Moodys-County,Moodys,42092.16871545901,Benchmark
2017,State,Washington,53,RNATURALCHG,Census-County-State-US,PEP_Vintage_2020,4.4653987612,Benchmark
1990,National,United States,00,DOMESTICMIG,Moodys-US,Moodys,929.4303824616591,Benchmark
2024,Region,Puget Sound Region,53033-53035-53053-53061,RBIRTH,Census-County-State-US,PEP_Vintage_2025,42.48406868,Benchmark
2007,Region,Puget Sound Region,53033-53035-53053-53061,RESIDUAL,Moodys-County,Moodys,-605.0,Benchmark
2001,County or Equivalent,Pierce County,53053,DOMESTICMIG,Moodys-County,Moodys,6682.429250317436,Broad
1982,National,United States,00,DOMESTICMIG,Moodys-US,Moodys,917.3653700147079,Benchmark
2011,National,United States,00,DEATHS,Census-County-State-US,PEP_Vintage_2020,-2512442.0,Benchmark
2018,National,United States,00,INTERNATIONALMIG,Census-County-State-US,PEP_Vintage_2020,719871.0,Benchmark
1994,National,United States,00,RESIDUAL,Moodys-US,Moodys,73330.3517273724,Benchmark
2021,Metropolitan Statistical Area,Seattle MSA,42660,INTERNATIONALMIG,Census-CBSA,PEP_Vintage_2025,11017.0,Benchmark
2015,Region,Puget Sound Region,53033-53035-53053-53061,NETMIG,Census-County-State-US,PEP_Vintage_2020,47771.0,Benchmark
2016,Metropolitan Statistical Area,Seattle MSA,42660,RDOMESTICMIG,Census-CBSA,PEP_Vintage_2020,31.3292623539,Benchmark
2015,Metropolitan Statistical Area,Seattle MSA,42660,RESIDUAL,Census-CBSA,PEP_Vintage_2020,-18.0,Benchmark
2022,Metropolitan Statistical Area,Seattle MSA,42660,GQESTIMATES,Census-CBSA,PEP_Vintage_2025,75234.0,Benchmark
1983,Metropolitan Statistical Area,Seattle MSA,42660,RESIDUAL,Moodys-CBSA,Moodys,-829.8980014943835,Benchmark
1986,National,United States,00,NATURALCHG,Moodys-US,Moodys,1674357.640871885,Benchmark
2024,National,United States,00,POPESTIMATE,Census-County-State-US,PEP_Vintage_2025,340003797.0,Benchmark
1982,Region,Puget Sound Region,53033-53035-53053-53061,DEATHS,Moodys-County,Moodys,-16719.153336429932,Benchmark
2013,Metropolitan Statistical Area,Seattle MSA,42660,RNATURALCHG,Census-CBSA,PEP_Vintage_2020,18.5434366567,Benchmark
1986,National,United States,00,BIRTHS,Moodys-US,Moodys,3766145.724914937,Benchmark
1997,County or Equivalent,Pierce County,53053,POPESTIMATE,Moodys-County,Moodys,665132.0177854516,Broad
2007,National,United States,00,POPESTIMATE,Moodys-US,Moodys,301304768.0,Benchmark
2014,County or Equivalent,Pierce County,53053,RDEATH,Census-County-State-US,PEP_Vintage_2020,7.2738790133,Broad
2015,Region,Puget Sound Region,53033-53035-53053-53061,GQESTIMATES,Census-County-State-US,PEP_Vintage_2020,76989.0,Benchmark
2019,Region,Puget Sound Region,53033-53035-53053-53061,DOMESTICMIG,Census-County-State-US,PEP_Vintage_2020,4137.0,Benchmark
2013,State,Washington,53,INTERNATIONALMIG,Census-County-State-US,PEP_Vintage_2020,19729.0,Benchmark
2021,County or Equivalent,Pierce County,53053,NATURALCHG,Census-County-State-US,PEP_Vintage_2025,3309.0,Broad
1992,National,United States,00,POPESTIMATE,Moodys-US,Moodys,256565032.17016485,Benchmark
2021,Region,Puget Sound Region,53033-53035-53053-53061,GQESTIMATES,Census-County-State-US,PEP_Vintage_2025,78144.0,Benchmark
1982,National,United States,00,INTERNATIONALMIG,Moodys-US,Moodys,435122.261881027,Benchmark
2019,State,Washington,53,RDEATH,Census-County-State-US,PEP_Vintage_2020,7.7258710676,Benchmark
1986,Metropolitan Statistical Area,Seattle MSA,42660,DEATHS,Moodys-CBSA,Moodys,-16764.176497192893,Benchmark
2024,County or Equivalent,Pierce County,53053,RDEATH,Census-County-State-US,PEP_Vintage_2025,8.396777672,Broad
2004,Metropolitan Statistical Area,Seattle MSA,42660,NATURALCHG,Moodys-CBSA,Moodys,20683.70723829052,Benchmark
2022,Region,Puget Sound Region,53033-53035-53053-53061,NETMIG,Census-County-State-US,PEP_Vintage_2025,6860.0,Benchmark
1993,National,United States,00,POPESTIMATE,Moodys-US,Moodys,259971034.61085954,Benchmark
2014,Metropolitan Statistical Area,Seattle MSA,42660,INTERNATIONALMIG,Census-CBSA,PEP_Vintage_2020,25198.0,Benchmark
2011,Region,Puget Sound Region,53033-53035-53053-53061,POPESTIMATE,Census-County-State-US,PEP_Vintage_2020,3758727.0,Benchmark
2016,State,Washington,53,NETMIG,Census-County-State-US,PEP_Vintage_2020,96690.0,Benchmark
2017,Region,Puget Sound Region,53033-53035-53053-53061,RDOMESTICMIG,Census-County-State-US,PEP_Vintage_2020,31.060483512700003,Benchmark
2008,National,United States,00,INTERNATIONALMIG,Moodys-US,Moodys,933607.2810930249,Benchmark
2021,Metropolitan Statistical Area,Seattle MSA,42660,RNETMIG,Census-CBSA,PEP_Vintage_2025,-9.671035461999999,Benchmark
2004,Region,Puget Sound Region,53033-53035-53053-53061,INTERNATIONALMIG,Moodys-County,Moodys,17967.676608004982,Benchmark
2015,Place,"Fife, WA",5323795,POPESTIMATE,Census-Place,PEP_Vintage_2020,10078.0,Focus
1986,National,United States,00,POPESTIMATE,Moodys-US,Moodys,240179446.52598813,Benchmark
2008,Region,Puget Sound Region,53033-53035-53053-53061,NATURALCHG,Moodys-County,Moodys,24107.070490720518,Benchmark
2015,State,Washington,53,RNETMIG,Census-County-State-US,PEP_Vintage_2020,10.508956951,Benchmark
2016,National,United States,00,INTERNATIONALMIG,Census-County-State-US,PEP_Vintage_2020,1065017.0,Benchmark
1988,National,United States,00,BIRTHS,Moodys-US,Moodys,3850019.8853168534,Benchmark
1994,County or Equivalent,Pierce County,53053,INTERNATIONALMIG,Moodys-County,Moodys,2272.5949592412408,Broad
1996,Region,Puget Sound Region,53033-53035-53053-53061,DOMESTICMIG,Moodys-County,Moodys,11442.799622560451,Benchmark
1988,State,Washington,53,DEATHS,Moodys-State,Moodys,-36020.00129189242,Benchmark
1991,State,Washington,53,RESIDUAL,Moodys-State,Moodys,-1905.9999999999995,Benchmark
2019,National,United States,00,RBIRTH,Census-County-State-US,PEP_Vintage_2020,11.509707816,Benchmark
2017,Metropolitan Statistical Area,Seattle MSA,42660,RDEATH,Census-CBSA,PEP_Vintage_2020,20.8548356129,Benchmark
2002,Region,Puget Sound Region,53033-53035-53053-53061,NATURALCHG,Moodys-County,Moodys,20571.61940290262,Benchmark
2002,State,Washington,53,DEATHS,Moodys-State,Moodys,-44706.20585936884,Benchmark
2020,County or Equivalent,Pierce County,53053,DOMESTICMIG,Census-County-State-US,PEP_Vintage_2025,4548.0,Broad
2023,National,United States,00,BIRTHS,Census-County-State-US,PEP_Vintage_2025,3648896.0,Benchmark
2023,County or Equivalent,Pierce County,53053,NATURALCHG,Census-County-State-US,PEP_Vintage_2025,2696.0,Broad
2025,County or Equivalent,Pierce County,53053,INTERNATIONALMIG,Census-County-State-US,PEP_Vintage_2025,2600.0,Broad
2011,National,United States,00,RDEATH,Census-County-State-US,PEP_Vintage_2020,8.0927653768,Benchmark
2010,Metropolitan Statistical Area,Seattle MSA,42660,INTERNATIONALMIG,Census-CBSA,PEP_Vintage_2020,19612.0,Benchmark
1986,Region,Puget Sound Region,53033-53035-53053-53061,POPESTIMATE,Moodys-County,Moodys,2465310.804697965,Benchmark
2000,Region,Puget Sound Region,53033-53035-53053-53061,RESIDUAL,Moodys-County,Moodys,-1245.4888150129798,Benchmark
1984,State,Washington,53,POPESTIMATE,Moodys-State,Moodys,4343660.156249999,Benchmark
1999,State,Washington,53,INTERNATIONALMIG,Moodys-State,Moodys,22433.23355670883,Benchmark
2019,State,Washington,53,RINTERNATIONALMIG,Census-County-State-US,PEP_Vintage_2020,3.0954736458,Benchmark
2006,County or Equivalent,Pierce County,53053,DOMESTICMIG,Moodys-County,Moodys,7909.935759878023,Broad
2017,Metropolitan Statistical Area,Seattle MSA,42660,DEATHS,Census-CBSA,PEP_Vintage_2020,-25514.0,Benchmark
1988,National,United States,00,RESIDUAL,Moodys-US,Moodys,68901.89689718261,Benchmark
2014,Region,Puget Sound Region,53033-53035-53053-53061,RDEATH,Census-County-State-US,PEP_Vintage_2020,28.1668459444,Benchmark
1996,State,Washington,53,NATURALCHG,Moodys-State,Moodys,36489.13838564248,Benchmark
1991,Metropolitan Statistical Area,Seattle MSA,42660,RESIDUAL,Moodys-CBSA,Moodys,-997.7116774595346,Benchmark
1984,State,Washington,53,DOMESTICMIG,Moodys-State,Moodys,16033.359207337346,Benchmark
1995,County or Equivalent,Pierce County,53053,BIRTHS,Moodys-County,Moodys,9708.98247686617,Broad
2001,Metropolitan Statistical Area,Seattle MSA,42660,DOMESTICMIG,Moodys-CBSA,Moodys,4493.402656100602,Benchmark
2007,State,Washington,53,NATURALCHG,Moodys-State,Moodys,41867.1284305306,Benchmark
2021,County or Equivalent,Pierce County,53053,RNATURALCHG,Census-County-State-US,PEP_Vintage_2025,3.574601854,Broad
2023,Metropolitan Statistical Area,Seattle MSA,42660,NATURALCHG,Census-CBSA,PEP_Vintage_2025,12890.0,Benchmark
2002,Region,Puget Sound Region,53033-53035-53053-53061,BIRTHS,Moodys-County,Moodys,43378.99872746096,Benchmark
2022,County or Equivalent,Pierce County,53053,NATURALCHG,Census-County-State-US,PEP_Vintage_2025,2455.0,Broad
1982,National,United States,00,RESIDUAL,Moodys-US,Moodys,65558.25645300795,Benchmark
1989,State,Washington,53,INTERNATIONALMIG,Moodys-State,Moodys,9691.263275131232,Benchmark
1989,National,United States,00,DOMESTICMIG,Moodys-US,Moodys,997.6623914415541,Benchmark
2014,State,Washington,53,DOMESTICMIG,Census-County-State-US,PEP_Vintage_2020,24414.0,Benchmark
2007,County or Equivalent,Pierce County,53053,INTERNATIONALMIG,Moodys-County,Moodys,931.046018489044,Broad
2008,State,Washington,53,DOMESTICMIG,Moodys-State,Moodys,40243.00000000123,Benchmark
1998,Region,Puget Sound Region,53033-53035-53053-53061,POPESTIMATE,Moodys-County,Moodys,3207639.0016344343,Benchmark
2024,National,United States,00,NETMIG,Census-County-State-US,PEP_Vintage_2025,2734468.0,Benchmark
2018,State,Washington,53,BIRTHS,Census-County-State-US,PEP_Vintage_2020,86748.0,Benchmark
2011,County or Equivalent,Pierce County,53053,RDOMESTICMIG,Census-County-State-US,PEP_Vintage_2020,7.3181838029,Broad
2019,County or Equivalent,Pierce County,53053,DEATHS,Census-County-State-US,PEP_Vintage_2020,-7140.0,Broad
2012,County or Equivalent,Pierce County,53053,POPESTIMATE,Census-County-State-US,PEP_Vintage_2020,815772.0,Broad
2020,State,Washington,53,INTERNATIONALMIG,Census-County-State-US,PEP_Vintage_2025,2676.0,Benchmark
2023,State,Washington,53,RDEATH,Census-County-State-US,PEP_Vintage_2025,8.6695560067,Benchmark
2012,State,Washington,53,NPOPCHG,Census-County-State-US,PEP_Vintage_2020,71120.0,Benchmark
2011,Place,"Fife, WA",5323795,POPESTIMATE,Census-Place,PEP_Vintage_2020,9443.0,Focus
2009,County or Equivalent,Pierce County,53053,INTERNATIONALMIG,Moodys-County,Moodys,2102.6686904956846,Broad
2023,Metropolitan Statistical Area,Seattle MSA,42660,RINTERNATIONALMIG,Census-CBSA,PEP_Vintage_2025,26.479532968,Benchmark
2015,State,Washington,53,BIRTHS,Census-County-State-US,PEP_Vintage_2020,88779.0,Benchmark
2014,Metropolitan Statistical Area,Seattle MSA,42660,RDEATH,Census-CBSA,PEP_Vintage_2020,19.92351352,Benchmark
2012,National,United States,00,RESIDUAL,Census-County-State-US,PEP_Vintage_2020,0.0,Benchmark
1992,County or Equivalent,Pierce County,53053,POPESTIMATE,Moodys-County,Moodys,619059.9816286359,Broad
2024,Metropolitan Statistical Area,Seattle MSA,42660,DEATHS,Census-CBSA,PEP_Vintage_2025,-29293.0,Benchmark
2025,Region,Puget Sound Region,53033-53035-53053-53061,RDEATH,Census-County-State-US,PEP_Vintage_2025,30.994327333999998,Benchmark
2024,County or Equivalent,Pierce County,53053,RINTERNATIONALMIG,Census-County-State-US,PEP_Vintage_2025,5.053457846,Broad
2025,County or Equivalent,Pierce County,53053,NETMIG,Census-County-State-US,PEP_Vintage_2025,3782.0,Broad
1996,National,United States,00,NATURALCHG,Moodys-US,Moodys,1588772.3927252723,Benchmark
1998,National,United States,00,POPESTIMATE,Moodys-US,Moodys,275914446.30567986,Benchmark
1987,State,Washington,53,NATURALCHG,Moodys-State,Moodys,35419.0093875537,Benchmark
1985,County or Equivalent,Pierce County,53053,BIRTHS,Moodys-County,Moodys,9466.677434025696,Broad
2022,County or Equivalent,Pierce County,53053,NETMIG,Census-County-State-US,PEP_Vintage_2025,-2201.0,Broad
2005,State,Washington,53,INTERNATIONALMIG,Moodys-State,Moodys,24094.224878236288,Benchmark
1983,County or Equivalent,Pierce County,53053,INTERNATIONALMIG,Moodys-County,Moodys,-7514.470631181193,Broad
2024,Metropolitan Statistical Area,Seattle MSA,42660,RBIRTH,Census-CBSA,PEP_Vintage_2025,32.754385441,Benchmark
2011,State,Washington,53,BIRTHS,Census-County-State-US,PEP_Vintage_2020,86692.0,Benchmark
2020,County or Equivalent,Pierce County,53053,INTERNATIONALMIG,Census-County-State-US,PEP_Vintage_2025,188.0,Broad
2000,Metropolitan Statistical Area,Seattle MSA,42660,INTERNATIONALMIG,Moodys-CBSA,Moodys,12608.430057427533,Benchmark
2005,National,United States,00,RESIDUAL,Moodys-US,Moodys,70757.2343746011,Benchmark
2020,State,Washington,53,GQESTIMATES,Census-County-State-US,PEP_Vintage_2025,162476.0,Benchmark
2015,Metropolitan Statistical Area,Seattle MSA,42660,RDEATH,Census-CBSA,PEP_Vintage_2020,20.4287276108,Benchmark
2017,County or Equivalent,Pierce County,53053,DOMESTICMIG,Census-County-State-US,PEP_Vintage_2020,10399.0,Broad
2002,State,Washington,53,BIRTHS,Moodys-State,Moodys,78908.79480104828,Benchmark
1990,County or Equivalent,Pierce County,53053,DOMESTICMIG,Moodys-County,Moodys,5573.538481325993,Broad
2014,County or Equivalent,Pierce County,53053,POPESTIMATE,Census-County-State-US,PEP_Vintage_2020,833106.0,Broad
2011,County or Equivalent,Pierce County,53053,BIRTHS,Census-County-State-US,PEP_Vintage_2020,10852.0,Broad
2013,National,United States,00,RESIDUAL,Census-County-State-US,PEP_Vintage_2020,0.0,Benchmark
1998,County or Equivalent,Pierce County,53053,RESIDUAL,Moodys-County,Moodys,-257.4982260524358,Broad
1981,State,Washington,53,BIRTHS,Moodys-State,Moodys,71115.75692175105,Benchmark
2015,State,Washington,53,RDOMESTICMIG,Census-County-State-US,PEP_Vintage_2020,5.8539940546,Benchmark
2002,National,United States,00,DOMESTICMIG,Moodys-US,Moodys,532.475044210131,Benchmark
1985,National,United States,00,RESIDUAL,Moodys-US,Moodys,67268.80685209131,Benchmark
2022,National,United States,00,RINTERNATIONALMIG,Census-County-State-US,PEP_Vintage_2025,5.0206301198,Benchmark
2013,County or Equivalent,Pierce County,53053,GQESTIMATES,Census-County-State-US,PEP_Vintage_2020,20266.0,Broad
2009,National,United States,00,INTERNATIONALMIG,Moodys-US,Moodys,902193.6815080423,Benchmark
2023,Place,"Fife, WA",5323795,POPESTIMATE,Census-Place,PEP_Vintage_2025,10662.0,Focus
1988,State,Washington,53,INTERNATIONALMIG,Moodys-State,Moodys,21644.375953852646,Benchmark
1983,National,United States,00,BIRTHS,Moodys-US,Moodys,3681806.773973828,Benchmark
1990,Metropolitan Statistical Area,Seattle MSA,42660,POPESTIMATE,Moodys-CBSA,Moodys,2578806.9802057208,Benchmark
2020,County or Equivalent,Pierce County,53053,GQESTIMATES,Census-County-State-US,PEP_Vintage_2025,23303.0,Broad
1987,National,United States,00,POPESTIMATE,Moodys-US,Moodys,242336990.86705217,Benchmark
1988,Metropolitan Statistical Area,Seattle MSA,42660,BIRTHS,Moodys-CBSA,Moodys,37614.45878074588,Benchmark
2018,Metropolitan Statistical Area,Seattle MSA,42660,RBIRTH,Census-CBSA,PEP_Vintage_2020,36.143956789,Benchmark
2021,Metropolitan Statistical Area,Seattle MSA,42660,RINTERNATIONALMIG,Census-CBSA,PEP_Vintage_2025,6.549825618,Benchmark
2018,Region,Puget Sound Region,53033-53035-53053-53061,GQESTIMATES,Census-County-State-US,PEP_Vintage_2020,78782.0,Benchmark
2015,Metropolitan Statistical Area,Seattle MSA,42660,NETMIG,Census-CBSA,PEP_Vintage_2020,42819.0,Benchmark
1998,State,Washington,53,DOMESTICMIG,Moodys-State,Moodys,27418.626547898228,Benchmark
1994,National,United States,00,DEATHS,Moodys-US,Moodys,-2307873.6092694695,Benchmark
1993,Region,Puget Sound Region,53033-53035-53053-53061,DOMESTICMIG,Moodys-County,Moodys,12808.923812230416,Benchmark
2015,National,United States,00,RNETMIG,Census-County-State-US,PEP_Vintage_2020,3.3173931993,Benchmark
2025,Region,Puget Sound Region,53033-53035-53053-53061,NATURALCHG,Census-County-State-US,PEP_Vintage_2025,14040.0,Benchmark
2018,Metropolitan Statistical Area,Seattle MSA,42660,RDEATH,Census-CBSA,PEP_Vintage_2020,20.5492033405,Benchmark
2016,Metropolitan Statistical Area,Seattle MSA,42660,RNATURALCHG,Census-CBSA,PEP_Vintage_2020,18.4494760595,Benchmark
1982,State,Washington,53,DEATHS,Moodys-State,Moodys,-32108.99778365351,Benchmark
1993,State,Washington,53,RESIDUAL,Moodys-State,Moodys,-2001.9999999999993,Benchmark
1997,Region,Puget Sound Region,53033-53035-53053-53061,DEATHS,Moodys-County,Moodys,-22052.741567658282,Benchmark
1982,State,Washington,53,DOMESTICMIG,Moodys-State,Moodys,8382.01611591131,Benchmark
1992,National,United States,00,RESIDUAL,Moodys-US,Moodys,71148.22762562918,Benchmark
2024,Region,Puget Sound Region,53033-53035-53053-53061,RDEATH,Census-County-State-US,PEP_Vintage_2025,30.993651667,Benchmark
1996,State,Washington,53,POPESTIMATE,Moodys-State,Moodys,5569752.929687499,Benchmark
1998,Metropolitan Statistical Area,Seattle MSA,42660,POPESTIMATE,Moodys-CBSA,Moodys,2978761.01351274,Benchmark
2014,Metropolitan Statistical Area,Seattle MSA,42660,NETMIG,Census-CBSA,PEP_Vintage_2020,40322.0,Benchmark
1997,National,United States,00,DEATHS,Moodys-US,Moodys,-2364615.7360230675,Benchmark
2004,County or Equivalent,Pierce County,53053,NATURALCHG,Moodys-County,Moodys,4875.94982617726,Broad
1991,Metropolitan Statistical Area,Seattle MSA,42660,DOMESTICMIG,Moodys-CBSA,Moodys,18176.532800120458,Benchmark
2012,National,United States,00,RDEATH,Census-County-State-US,PEP_Vintage_2020,7.9989973094,Benchmark
2018,Region,Puget Sound Region,53033-53035-53053-53061,RESIDUAL,Census-County-State-US,PEP_Vintage_2020,13.0,Benchmark
2016,Place,"Fife, WA",5323795,POPESTIMATE,Census-Place,PEP_Vintage_2020,10229.0,Focus
1986,County or Equivalent,Pierce County,53053,RESIDUAL,Moodys-County,Moodys,-202.78502812165638,Broad
2005,Region,Puget Sound Region,53033-53035-53053-53061,DEATHS,Moodys-County,Moodys,-23007.383080492196,Benchmark
1995,State,Washington,53,DOMESTICMIG,Moodys-State,Moodys,38424.064086490325,Benchmark
2013,Region,Puget Sound Region,53033-53035-53053-53061,RINTERNATIONALMIG,Census-County-State-US,PEP_Vintage_2020,12.0240060985,Benchmark
1991,National,United States,00,POPESTIMATE,Moodys-US,Moodys,253029866.57355678,Benchmark
2021,Metropolitan Statistical Area,Seattle MSA,42660,RNATURALCHG,Census-CBSA,PEP_Vintage_2025,11.260952553,Benchmark
1987,Region,Puget Sound Region,53033-53035-53053-53061,RESIDUAL,Moodys-County,Moodys,-958.1433465175219,Benchmark
2023,County or Equivalent,Pierce County,53053,DEATHS,Census-County-State-US,PEP_Vintage_2025,-8174.0,Broad
2003,Metropolitan Statistical Area,Seattle MSA,42660,POPESTIMATE,Moodys-CBSA,Moodys,3133020.9999999995,Benchmark
1996,Region,Puget Sound Region,53033-53035-53053-53061,BIRTHS,Moodys-County,Moodys,42450.729991572254,Benchmark
2000,Region,Puget Sound Region,53033-53035-53053-53061,DEATHS,Moodys-County,Moodys,-22675.497604559332,Benchmark
2008,State,Washington,53,NATURALCHG,Moodys-State,Moodys,40750.40322240438,Benchmark
1984,National,United States,00,DOMESTICMIG,Moodys-US,Moodys,1043.1328095474382,Benchmark
1984,Region,Puget Sound Region,53033-53035-53053-53061,NATURALCHG,Moodys-County,Moodys,19434.41992463777,Benchmark
1982,Region,Puget Sound Region,53033-53035-53053-53061,RESIDUAL,Moodys-County,Moodys,-884.8450989010828,Benchmark
2010,Region,Puget Sound Region,53033-53035-53053-53061,CENSUS,Census-County-State-US,PEP_Vintage_2020,3690942.0,Benchmark
2017,State,Washington,53,NATURALCHG,Census-County-State-US,PEP_Vintage_2020,32883.0,Benchmark
2012,Metropolitan Statistical Area,Seattle MSA,42660,RESIDUAL,Census-CBSA,PEP_Vintage_2020,-74.0,Benchmark
2021,Metropolitan Statistical Area,Seattle MSA,42660,GQESTIMATES,Census-CBSA,PEP_Vintage_2025,68113.0,Benchmark
2001,Region,Puget Sound Region,53033-53035-53053-53061,DEATHS,Moodys-County,Moodys,-22671.088816315503,Benchmark
2010,County or Equivalent,Pierce County,53053,INTERNATIONALMIG,Census-County-State-US,PEP_Vintage_2020,2492.0,Broad
2013,Region,Puget Sound Region,53033-53035-53053-53061,RNETMIG,Census-County-State-US,PEP_Vintage_2020,11.3934098799,Benchmark
2020,State,Washington,53,NETMIG,Census-County-State-US,PEP_Vintage_2025,12548.0,Benchmark
2010,State,Washington,53,BIRTHS,Census-County-State-US,PEP_Vintage_2020,88932.0,Benchmark
2017,State,Washington,53,DOMESTICMIG,Census-County-State-US,PEP_Vintage_2020,64346.0,Benchmark
2018,National,United States,00,RNETMIG,Census-County-State-US,PEP_Vintage_2020,2.2083276242,Benchmark
2000,State,Washington,53,INTERNATIONALMIG,Moodys-State,Moodys,19941.210646545085,Benchmark
1988,National,United States,00,NATURALCHG,Moodys-US,Moodys,1685572.1873659748,Benchmark
2009,County or Equivalent,Pierce County,53053,BIRTHS,Moodys-County,Moodys,10966.320587318167,Broad
2001,Region,Puget Sound Region,53033-53035-53053-53061,INTERNATIONALMIG,Moodys-County,Moodys,15956.657305700815,Benchmark
1983,State,Washington,53,NATURALCHG,Moodys-State,Moodys,37023.00752773705,Benchmark
2010,County or Equivalent,Pierce County,53053,GQESTIMATESBASE,Census-County-State-US,PEP_Vintage_2020,17945.0,Broad
2014,State,Washington,53,RINTERNATIONALMIG,Census-County-State-US,PEP_Vintage_2020,4.4065142765,Benchmark
1999,Metropolitan Statistical Area,Seattle MSA,42660,RESIDUAL,Moodys-CBSA,Moodys,-1145.3099429928388,Benchmark
2025,Metropolitan Statistical Area,Seattle MSA,42660,RBIRTH,Census-CBSA,PEP_Vintage_2025,32.551290121,Benchmark
1994,County or Equivalent,Pierce County,53053,DOMESTICMIG,Moodys-County,Moodys,689.5505976654359,Broad
1983,State,Washington,53,INTERNATIONALMIG,Moodys-State,Moodys,-7898.448364469619,Benchmark
1981,State,Washington,53,DOMESTICMIG,Moodys-State,Moodys,41591.172165175085,Benchmark
2023,National,United States,00,RDEATH,Census-County-State-US,PEP_Vintage_2025,9.4052288431,Benchmark
1994,State,Washington,53,DEATHS,Moodys-State,Moodys,-39958.9803357663,Benchmark
1984,County or Equivalent,Pierce County,53053,INTERNATIONALMIG,Moodys-County,Moodys,-1393.0105467077053,Broad
1998,State,Washington,53,NATURALCHG,Moodys-State,Moodys,37771.79360910086,Benchmark
2015,National,United States,00,INTERNATIONALMIG,Census-County-State-US,PEP_Vintage_2020,1060115.0,Benchmark
2017,Region,Puget Sound Region,53033-53035-53053-53061,NATURALCHG,Census-County-State-US,PEP_Vintage_2020,22325.0,Benchmark
2015,Metropolitan Statistical Area,Seattle MSA,42660,RDOMESTICMIG,Census-CBSA,PEP_Vintage_2020,14.1217458268,Benchmark
2008,Metropolitan Statistical Area,Seattle MSA,42660,DEATHS,Moodys-CBSA,Moodys,-21652.015848757143,Benchmark
2011,State,Washington,53,POPESTIMATE,Census-County-State-US,PEP_Vintage_2020,6827479.0,Benchmark
2008,Metropolitan Statistical Area,Seattle MSA,42660,BIRTHS,Moodys-CBSA,Moodys,44746.24392896924,Benchmark
1983,County or Equivalent,Pierce County,53053,DEATHS,Moodys-County,Moodys,-3676.385379610557,Broad
2014,County or Equivalent,Pierce County,53053,INTERNATIONALMIG,Census-County-State-US,PEP_Vintage_2020,2045.0,Broad
2020,Metropolitan Statistical Area,Seattle MSA,42660,DOMESTICMIG,Census-CBSA,PEP_Vintage_2025,13080.0,Benchmark
2013,State,Washington,53,POPESTIMATE,Census-County-State-US,PEP_Vintage_2020,6966252.0,Benchmark
2002,Metropolitan Statistical Area,Seattle MSA,42660,RESIDUAL,Moodys-CBSA,Moodys,197.0,Benchmark
1989,National,United States,00,RESIDUAL,Moodys-US,Moodys,69204.55838209152,Benchmark
1994,Region,Puget Sound Region,53033-53035-53053-53061,RESIDUAL,Moodys-County,Moodys,-1133.1247683347685,Benchmark
2004,Metropolitan Statistical Area,Seattle MSA,42660,DOMESTICMIG,Moodys-CBSA,Moodys,-10895.954118438185,Benchmark
1982,Region,Puget Sound Region,53033-53035-53053-53061,BIRTHS,Moodys-County,Moodys,37047.54557694003,Benchmark
2022,Metropolitan Statistical Area,Seattle MSA,42660,DOMESTICMIG,Census-CBSA,PEP_Vintage_2025,-23229.0,Benchmark
2011,County or Equivalent,Pierce County,53053,RBIRTH,Census-County-State-US,PEP_Vintage_2020,13.538515279,Broad
2012,National,United States,00,RINTERNATIONALMIG,Census-County-State-US,PEP_Vintage_2020,2.7459291744,Benchmark
2022,County or Equivalent,Pierce County,53053,RDEATH,Census-County-State-US,PEP_Vintage_2025,9.235452841,Broad
1997,National,United States,00,DOMESTICMIG,Moodys-US,Moodys,423.7086699505062,Benchmark
2012,National,United States,00,BIRTHS,Census-County-State-US,PEP_Vintage_2020,3936976.0,Benchmark
1981,Metropolitan Statistical Area,Seattle MSA,42660,POPESTIMATE,Moodys-CBSA,Moodys,2151687.494158954,Benchmark
2014,Metropolitan Statistical Area,Seattle MSA,42660,POPESTIMATE,Census-CBSA,PEP_Vintage_2020,3676765.0,Benchmark
1995,Metropolitan Statistical Area,Seattle MSA,42660,DOMESTICMIG,Moodys-CBSA,Moodys,1452.943050948384,Benchmark
1982,Metropolitan Statistical Area,Seattle MSA,42660,NATURALCHG,Moodys-CBSA,Moodys,18727.481406592666,Benchmark
1992,Region,Puget Sound Region,53033-53035-53053-53061,BIRTHS,Moodys-County,Moodys,45624.8409993095,Benchmark
1987,County or Equivalent,Pierce County,53053,DEATHS,Moodys-County,Moodys,-3957.547154823056,Broad
2011,Metropolitan Statistical Area,Seattle MSA,42660,BIRTHS,Census-CBSA,PEP_Vintage_2020,44305.0,Benchmark
2025,Metropolitan Statistical Area,Seattle MSA,42660,BIRTHS,Census-CBSA,PEP_Vintage_2025,43366.0,Benchmark
2025,Metropolitan Statistical Area,Seattle MSA,42660,GQESTIMATES,Census-CBSA,PEP_Vintage_2025,74628.0,Benchmark
2019,Region,Puget Sound Region,53033-53035-53053-53061,RDOMESTICMIG,Census-County-State-US,PEP_Vintage_2020,13.1070908753,Benchmark
2002,Region,Puget Sound Region,53033-53035-53053-53061,RESIDUAL,Moodys-County,Moodys,-10.999999999999886,Benchmark
2019,Region,Puget Sound Region,53033-53035-53053-53061,POPESTIMATE,Census-County-State-US,PEP_Vintage_2020,4250084.0,Benchmark
2025,National,United States,00,RNETMIG,Census-County-State-US,PEP_Vintage_2025,3.7026195511,Benchmark
1986,National,United States,00,DEATHS,Moodys-US,Moodys,-2091788.0840430527,Benchmark
1994,National,United States,00,POPESTIMATE,Moodys-US,Moodys,263180019.8398121,Benchmark
1991,Metropolitan Statistical Area,Seattle MSA,42660,BIRTHS,Moodys-CBSA,Moodys,41656.73940626661,Benchmark
1995,Metropolitan Statistical Area,Seattle MSA,42660,BIRTHS,Moodys-CBSA,Moodys,39513.13697462869,Benchmark
2023,Region,Puget Sound Region,53033-53035-53053-53061,DOMESTICMIG,Census-County-State-US,PEP_Vintage_2025,-27997.0,Benchmark
2023,Region,Puget Sound Region,53033-53035-53053-53061,RBIRTH,Census-County-State-US,PEP_Vintage_2025,43.254487746,Benchmark
2014,Metropolitan Statistical Area,Seattle MSA,42660,RNETMIG,Census-CBSA,PEP_Vintage_2020,31.4901122292,Benchmark
1987,Region,Puget Sound Region,53033-53035-53053-53061,DEATHS,Moodys-County,Moodys,-17883.322485505785,Benchmark
2006,Metropolitan Statistical Area,Seattle MSA,42660,DEATHS,Moodys-CBSA,Moodys,-20836.307947687237,Benchmark
2002,Region,Puget Sound Region,53033-53035-53053-53061,INTERNATIONALMIG,Moodys-County,Moodys,13640.417795618072,Benchmark
2022,Region,Puget Sound Region,53033-53035-53053-53061,INTERNATIONALMIG,Census-County-State-US,PEP_Vintage_2025,29342.0,Benchmark
2022,National,United States,00,RBIRTH,Census-County-State-US,PEP_Vintage_2025,11.050591516,Benchmark
2001,Metropolitan Statistical Area,Seattle MSA,42660,BIRTHS,Moodys-CBSA,Moodys,40991.567550742184,Benchmark
1985,Region,Puget Sound Region,53033-53035-53053-53061,RESIDUAL,Moodys-County,Moodys,-918.527988425514,Benchmark
1986,Metropolitan Statistical Area,Seattle MSA,42660,POPESTIMATE,Moodys-CBSA,Moodys,2301013.013185649,Benchmark
2006,Region,Puget Sound Region,53033-53035-53053-53061,NATURALCHG,Moodys-County,Moodys,23837.367908666532,Benchmark
2007,Region,Puget Sound Region,53033-53035-53053-53061,DEATHS,Moodys-County,Moodys,-23211.555203236334,Benchmark
2019,Metropolitan Statistical Area,Seattle MSA,42660,RDEATH,Census-CBSA,PEP_Vintage_2020,21.0954085228,Benchmark
1988,Region,Puget Sound Region,53033-53035-53053-53061,NATURALCHG,Moodys-County,Moodys,21756.321821241414,Benchmark
2003,Region,Puget Sound Region,53033-53035-53053-53061,RESIDUAL,Moodys-County,Moodys,-563.0000000000002,Benchmark
2023,Metropolitan Statistical Area,Seattle MSA,42660,NETMIG,Census-CBSA,PEP_Vintage_2025,16300.0,Benchmark
1982,Metropolitan Statistical Area,Seattle MSA,42660,DOMESTICMIG,Moodys-CBSA,Moodys,1787.1193084137772,Benchmark
2022,Metropolitan Statistical Area,Seattle MSA,42660,BIRTHS,Census-CBSA,PEP_Vintage_2025,44387.0,Benchmark
2000,State,Washington,53,POPESTIMATE,Moodys-State,Moodys,5910512.0,Benchmark
2002,County or Equivalent,Pierce County,53053,RESIDUAL,Moodys-County,Moodys,-554.9999999999999,Broad
2025,State,Washington,53,BIRTHS,Census-County-State-US,PEP_Vintage_2025,83368.0,Benchmark
2004,Region,Puget Sound Region,53033-53035-53053-53061,DOMESTICMIG,Moodys-County,Moodys,-10664.99562201207,Benchmark
2012,Region,Puget Sound Region,53033-53035-53053-53061,DOMESTICMIG,Census-County-State-US,PEP_Vintage_2020,13025.0,Benchmark
2013,County or Equivalent,Pierce County,53053,NPOPCHG,Census-County-State-US,PEP_Vintage_2020,5535.0,Broad
2014,County or Equivalent,Pierce County,53053,RNETMIG,Census-County-State-US,PEP_Vintage_2020,7.6353365212,Broad
1984,National,United States,00,RESIDUAL,Moodys-US,Moodys,66652.76653586152,Benchmark
2022,Metropolitan Statistical Area,Seattle MSA,42660,RDEATH,Census-CBSA,PEP_Vintage_2025,24.050388227,Benchmark
1983,State,Washington,53,POPESTIMATE,Moodys-State,Moodys,4300270.019531251,Benchmark
2009,State,Washington,53,POPESTIMATE,Moodys-State,Moodys,6667426.0,Benchmark
2021,State,Washington,53,POPESTIMATE,Census-County-State-US,PEP_Vintage_2025,7744316.0,Benchmark
1997,National,United States,00,BIRTHS,Moodys-US,Moodys,3963766.670412294,Benchmark
1985,National,United States,00,INTERNATIONALMIG,Moodys-US,Moodys,368990.73681650765,Benchmark
1991,Region,Puget Sound Region,53033-53035-53053-53061,DOMESTICMIG,Moodys-County,Moodys,24317.993503161008,Benchmark
2023,County or Equivalent,Pierce County,53053,RDEATH,Census-County-State-US,PEP_Vintage_2025,8.794618649,Broad
1982,Metropolitan Statistical Area,Seattle MSA,42660,INTERNATIONALMIG,Moodys-CBSA,Moodys,6541.521197724666,Benchmark
1991,Metropolitan Statistical Area,Seattle MSA,42660,INTERNATIONALMIG,Moodys-CBSA,Moodys,11012.198364684671,Benchmark
2022,Region,Puget Sound Region,53033-53035-53053-53061,RDEATH,Census-County-State-US,PEP_Vintage_2025,33.962252707000005,Benchmark
1989,Region,Puget Sound Region,53033-53035-53053-53061,DOMESTICMIG,Moodys-County,Moodys,20038.551123822395,Benchmark
1996,Region,Puget Sound Region,53033-53035-53053-53061,POPESTIMATE,Moodys-County,Moodys,3083378.9396481784,Benchmark
2008,County or Equivalent,Pierce County,53053,RESIDUAL,Moodys-County,Moodys,-30.000000000000007,Broad
2000,National,United States,00,BIRTHS,Moodys-US,Moodys,4052965.647354771,Benchmark
1982,State,Washington,53,RESIDUAL,Moodys-State,Moodys,-1622.0,Benchmark
1990,State,Washington,53,RESIDUAL,Moodys-State,Moodys,-1858.9999999999993,Benchmark
1998,State,Washington,53,RESIDUAL,Moodys-State,Moodys,-2188.000000000001,Benchmark
2011,State,Washington,53,INTERNATIONALMIG,Census-County-State-US,PEP_Vintage_2020,20171.0,Benchmark
2018,State,Washington,53,NATURALCHG,Census-County-State-US,PEP_Vintage_2020,29914.0,Benchmark
2004,State,Washington,53,POPESTIMATE,Moodys-State,Moodys,6178644.999999999,Benchmark
2014,State,Washington,53,RESIDUAL,Census-County-State-US,PEP_Vintage_2020,-124.0,Benchmark
1989,County or Equivalent,Pierce County,53053,BIRTHS,Moodys-County,Moodys,9917.551000713524,Broad
2015,National,United States,00,NETMIG,Census-County-State-US,PEP_Vintage_2020,1060115.0,Benchmark
2016,State,Washington,53,INTERNATIONALMIG,Census-County-State-US,PEP_Vintage_2020,29102.0,Benchmark
2004,County or Equivalent,Pierce County,53053,BIRTHS,Moodys-County,Moodys,10247.79376085266,Broad
1999,Region,Puget Sound Region,53033-53035-53053-53061,RESIDUAL,Moodys-County,Moodys,-1232.3153915759888,Benchmark
2024,State,Washington,53,NPOPCHG,Census-County-State-US,PEP_Vintage_2025,89303.0,Benchmark
1983,County or Equivalent,Pierce County,53053,NATURALCHG,Moodys-County,Moodys,5737.517899011859,Broad
1992,County or Equivalent,Pierce County,53053,DOMESTICMIG,Moodys-County,Moodys,4324.546930513939,Broad
2017,Metropolitan Statistical Area,Seattle MSA,42660,RBIRTH,Census-CBSA,PEP_Vintage_2020,37.289621722,Benchmark
1983,County or Equivalent,Pierce County,53053,DOMESTICMIG,Moodys-County,Moodys,3829.445831291383,Broad
2020,Metropolitan Statistical Area,Seattle MSA,42660,INTERNATIONALMIG,Census-CBSA,PEP_Vintage_2025,2268.0,Benchmark
2003,County or Equivalent,Pierce County,53053,DEATHS,Moodys-County,Moodys,-5431.392701618735,Broad
1988,State,Washington,53,NATURALCHG,Moodys-State,Moodys,35261.00435048881,Benchmark
2013,Metropolitan Statistical Area,Seattle MSA,42660,NATURALCHG,Census-CBSA,PEP_Vintage_2020,22255.0,Benchmark
2024,State,Washington,53,GQESTIMATES,Census-County-State-US,PEP_Vintage_2025,156113.0,Benchmark
2014,National,United States,00,DOMESTICMIG,Census-County-State-US,PEP_Vintage_2020,0.0,Benchmark
2021,Region,Puget Sound Region,53033-53035-53053-53061,RBIRTH,Census-County-State-US,PEP_Vintage_2025,43.458812779,Benchmark
2011,County or Equivalent,Pierce County,53053,GQESTIMATES,Census-County-State-US,PEP_Vintage_2020,21415.0,Broad
1982,County or Equivalent,Pierce County,53053,INTERNATIONALMIG,Moodys-County,Moodys,92.40922082504655,Broad
1988,Metropolitan Statistical Area,Seattle MSA,42660,DOMESTICMIG,Moodys-CBSA,Moodys,13034.263132928527,Benchmark
2000,County or Equivalent,Pierce County,53053,NATURALCHG,Moodys-County,Moodys,4393.204879544444,Broad
2020,County or Equivalent,Pierce County,53053,POPESTIMATE,Census-County-State-US,PEP_Vintage_2025,923609.0,Broad
1994,State,Washington,53,NATURALCHG,Moodys-State,Moodys,38747.286015936545,Benchmark
2017,State,Washington,53,RNETMIG,Census-County-State-US,PEP_Vintage_2020,12.879082928,Benchmark
2017,National,United States,00,NETMIG,Census-County-State-US,PEP_Vintage_2020,948392.0,Benchmark
2020,Place,"Fife, WA",5323795,POPESTIMATE,Census-Place,PEP_Vintage_2025,10984.0,Focus
1986,Region,Puget Sound Region,53033-53035-53053-53061,RESIDUAL,Moodys-County,Moodys,-935.138465528083,Benchmark
1998,County or Equivalent,Pierce County,53053,DEATHS,Moodys-County,Moodys,-4903.994633186448,Broad
2021,County or Equivalent,Pierce County,53053,DOMESTICMIG,Census-County-State-US,PEP_Vintage_2025,-964.0,Broad
2020,National,United States,00,DOMESTICMIG,Census-County-State-US,PEP_Vintage_2025,0.0,Benchmark
1988,Metropolitan Statistical Area,Seattle MSA,42660,RESIDUAL,Moodys-CBSA,Moodys,-920.3762810210533,Benchmark
2007,Metropolitan Statistical Area,Seattle MSA,42660,RESIDUAL,Moodys-CBSA,Moodys,-652.0,Benchmark
2016,County or Equivalent,Pierce County,53053,RINTERNATIONALMIG,Census-County-State-US,PEP_Vintage_2020,2.2443088857,Broad
2012,County or Equivalent,Pierce County,53053,GQESTIMATES,Census-County-State-US,PEP_Vintage_2020,21413.0,Broad
2012,Region,Puget Sound Region,53033-53035-53053-53061,NATURALCHG,Census-County-State-US,PEP_Vintage_2020,23545.0,Benchmark
2021,Region,Puget Sound Region,53033-53035-53053-53061,BIRTHS,Census-County-State-US,PEP_Vintage_2025,46453.0,Benchmark
2024,Metropolitan Statistical Area,Seattle MSA,42660,RNATURALCHG,Census-CBSA,PEP_Vintage_2025,10.483403752000001,Benchmark
2024,Region,Puget Sound Region,53033-53035-53053-53061,POPESTIMATE,Census-County-State-US,PEP_Vintage_2025,4399543.0,Benchmark
2018,County or Equivalent,Pierce County,53053,BIRTHS,Census-County-State-US,PEP_Vintage_2020,11400.0,Broad
1986,National,United States,00,DOMESTICMIG,Moodys-US,Moodys,1106.3432238408477,Benchmark
2013,State,Washington,53,RDOMESTICMIG,Census-County-State-US,PEP_Vintage_2020,1.7279666402,Benchmark
1995,Region,Puget Sound Region,53033-53035-53053-53061,INTERNATIONALMIG,Moodys-County,Moodys,20493.403952667617,Benchmark
2018,National,United States,00,NATURALCHG,Census-County-State-US,PEP_Vintage_2020,996200.0,Benchmark
2004,National,United States,00,BIRTHS,Moodys-US,Moodys,4109947.7339676726,Benchmark
2024,Region,Puget Sound Region,53033-53035-53053-53061,NPOPCHG,Census-County-State-US,PEP_Vintage_2025,59328.0,Benchmark
2011,State,Washington,53,NATURALCHG,Census-County-State-US,PEP_Vintage_2020,36875.0,Benchmark
2014,National,United States,00,RDEATH,Census-County-State-US,PEP_Vintage_2020,8.1407933112,Benchmark
2004,National,United States,00,NATURALCHG,Moodys-US,Moodys,1661743.7424801125,Benchmark
1995,County or Equivalent,Pierce County,53053,RESIDUAL,Moodys-County,Moodys,-246.10292950576314,Broad
2024,Metropolitan Statistical Area,Seattle MSA,42660,NATURALCHG,Census-CBSA,PEP_Vintage_2025,13826.0,Benchmark
2023,Region,Puget Sound Region,53033-53035-53053-53061,RNATURALCHG,Census-County-State-US,PEP_Vintage_2025,11.114829877,Benchmark
2021,State,Washington,53,GQESTIMATES,Census-County-State-US,PEP_Vintage_2025,141213.0,Benchmark
2016,County or Equivalent,Pierce County,53053,NPOPCHG,Census-County-State-US,PEP_Vintage_2020,19687.0,Broad
2022,State,Washington,53,INTERNATIONALMIG,Census-County-State-US,PEP_Vintage_2025,35528.0,Benchmark
2005,State,Washington,53,NATURALCHG,Moodys-State,Moodys,35560.77512176363,Benchmark
2024,National,United States,00,DOMESTICMIG,Census-County-State-US,PEP_Vintage_2025,0.0,Benchmark
2000,National,United States,00,DEATHS,Moodys-US,Moodys,-2420700.318720722,Benchmark
2016,Region,Puget Sound Region,53033-53035-53053-53061,POPESTIMATE,Census-County-State-US,PEP_Vintage_2020,4083172.0,Benchmark
2000,County or Equivalent,Pierce County,53053,INTERNATIONALMIG,Moodys-County,Moodys,964.7638440388082,Broad
2016,State,Washington,53,RESIDUAL,Census-County-State-US,PEP_Vintage_2020,240.0,Benchmark
1994,County or Equivalent,Pierce County,53053,POPESTIMATE,Moodys-County,Moodys,638397.0492371615,Broad
2007,Metropolitan Statistical Area,Seattle MSA,42660,INTERNATIONALMIG,Moodys-CBSA,Moodys,12141.599939388303,Benchmark
2024,National,United States,00,NPOPCHG,Census-County-State-US,PEP_Vintage_2025,3248745.0,Benchmark
2010,County or Equivalent,Pierce County,53053,DOMESTICMIG,Census-County-State-US,PEP_Vintage_2020,-7176.0,Broad
2009,National,United States,00,DOMESTICMIG,Moodys-US,Moodys,639.7573917076552,Benchmark
2004,County or Equivalent,Pierce County,53053,RESIDUAL,Moodys-County,Moodys,-610.0,Broad
2021,Region,Puget Sound Region,53033-53035-53053-53061,RINTERNATIONALMIG,Census-County-State-US,PEP_Vintage_2025,6.904581244,Benchmark
1997,National,United States,00,POPESTIMATE,Moodys-US,Moodys,272705472.68267703,Benchmark
2020,Region,Puget Sound Region,53033-53035-53053-53061,NPOPCHG,Census-County-State-US,PEP_Vintage_2025,9245.0,Benchmark
2014,Region,Puget Sound Region,53033-53035-53053-53061,RBIRTH,Census-County-State-US,PEP_Vintage_2020,50.229695242,Benchmark
2016,Metropolitan Statistical Area,Seattle MSA,42660,GQESTIMATES,Census-CBSA,PEP_Vintage_2020,68989.0,Benchmark
2006,State,Washington,53,DOMESTICMIG,Moodys-State,Moodys,50500.99999999828,Benchmark
2004,Metropolitan Statistical Area,Seattle MSA,42660,POPESTIMATE,Moodys-CBSA,Moodys,3158966.9999999995,Benchmark
2007,Region,Puget Sound Region,53033-53035-53053-53061,BIRTHS,Moodys-County,Moodys,48313.82535371357,Benchmark
2018,County or Equivalent,Pierce County,53053,DEATHS,Census-County-State-US,PEP_Vintage_2020,-6885.0,Broad
1998,Metropolitan Statistical Area,Seattle MSA,42660,INTERNATIONALMIG,Moodys-CBSA,Moodys,20377.94467269729,Benchmark
1982,National,United States,00,DEATHS,Moodys-US,Moodys,-1968769.5807980816,Benchmark
2023,Region,Puget Sound Region,53033-53035-53053-53061,RDEATH,Census-County-State-US,PEP_Vintage_2025,32.139657869,Benchmark
1992,State,Washington,53,RESIDUAL,Moodys-State,Moodys,-1957.0000000000002,Benchmark
2016,County or Equivalent,Pierce County,53053,RESIDUAL,Census-County-State-US,PEP_Vintage_2020,62.0,Broad
2006,National,United States,00,DOMESTICMIG,Moodys-US,Moodys,1269.8140504928,Benchmark
2017,Metropolitan Statistical Area,Seattle MSA,42660,RESIDUAL,Census-CBSA,PEP_Vintage_2020,103.0,Benchmark
2023,State,Washington,53,RBIRTH,Census-County-State-US,PEP_Vintage_2025,10.516794905,Benchmark
2018,Metropolitan Statistical Area,Seattle MSA,42660,RINTERNATIONALMIG,Census-CBSA,PEP_Vintage_2020,12.30211371,Benchmark
1981,County or Equivalent,Pierce County,53053,POPESTIMATE,Moodys-County,Moodys,500128.6346832175,Broad
2022,State,Washington,53,RDEATH,Census-County-State-US,PEP_Vintage_2025,9.0938568337,Benchmark
1993,National,United States,00,DOMESTICMIG,Moodys-US,Moodys,1369.0205336799531,Benchmark
1994,County or Equivalent,Pierce County,53053,NATURALCHG,Moodys-County,Moodys,5342.9872168880775,Broad
2006,National,United States,00,DEATHS,Moodys-US,Moodys,-2416438.8543233247,Benchmark
2007,Metropolitan Statistical Area,Seattle MSA,42660,BIRTHS,Moodys-CBSA,Moodys,45255.978177403544,Benchmark
2012,Metropolitan Statistical Area,Seattle MSA,42660,INTERNATIONALMIG,Census-CBSA,PEP_Vintage_2020,18331.0,Benchmark
2023,State,Washington,53,DOMESTICMIG,Census-County-State-US,PEP_Vintage_2025,-17511.0,Benchmark
2002,County or Equivalent,Pierce County,53053,POPESTIMATE,Moodys-County,Moodys,728090.9999999999,Broad
1987,National,United States,00,DEATHS,Moodys-US,Moodys,-2105463.3544549528,Benchmark
2020,Metropolitan Statistical Area,Seattle MSA,42660,DEATHS,Census-CBSA,PEP_Vintage_2025,-27216.0,Benchmark
2009,Metropolitan Statistical Area,Seattle MSA,42660,RESIDUAL,Moodys-CBSA,Moodys,-428.00000000000017,Benchmark
2003,Metropolitan Statistical Area,Seattle MSA,42660,RESIDUAL,Moodys-CBSA,Moodys,-476.0000000000002,Benchmark
1988,Metropolitan Statistical Area,Seattle MSA,42660,DEATHS,Moodys-CBSA,Moodys,-17461.21106101564,Benchmark
1993,Metropolitan Statistical Area,Seattle MSA,42660,NATURALCHG,Moodys-CBSA,Moodys,21754.14935909537,Benchmark
2006,County or Equivalent,Pierce County,53053,DEATHS,Moodys-County,Moodys,-5358.546500437517,Broad
2019,National,United States,00,DOMESTICMIG,Census-County-State-US,PEP_Vintage_2020,0.0,Benchmark
2014,County or Equivalent,Pierce County,53053,DOMESTICMIG,Census-County-State-US,PEP_Vintage_2020,4271.0,Broad
2019,Metropolitan Statistical Area,Seattle MSA,42660,POPESTIMATE,Census-CBSA,PEP_Vintage_2020,3977785.0,Benchmark
2018,Region,Puget Sound Region,53033-53035-53053-53061,NPOPCHG,Census-County-State-US,PEP_Vintage_2020,51686.0,Benchmark
2018,County or Equivalent,Pierce County,53053,RESIDUAL,Census-County-State-US,PEP_Vintage_2020,43.0,Broad
2016,State,Washington,53,NPOPCHG,Census-County-State-US,PEP_Vintage_2020,132674.0,Benchmark
1990,Place,"Fife, WA",5323795,POPESTIMATE,Census-Place,PEP City and Town Postcensal Tables: 1990-2000,4803.0,Focus
2021,State,Washington,53,DOMESTICMIG,Census-County-State-US,PEP_Vintage_2025,-14999.0,Benchmark
1987,Region,Puget Sound Region,53033-53035-53053-53061,BIRTHS,Moodys-County,Moodys,39290.48480909759,Benchmark
2024,County or Equivalent,Pierce County,53053,GQESTIMATES,Census-County-State-US,PEP_Vintage_2025,22839.0,Broad
2005,County or Equivalent,Pierce County,53053,RESIDUAL,Moodys-County,Moodys,-771.0000000000002,Broad
1982,Region,Puget Sound Region,53033-53035-53053-53061,NATURALCHG,Moodys-County,Moodys,20328.3922405101,Benchmark
1991,State,Washington,53,INTERNATIONALMIG,Moodys-State,Moodys,14045.895548510476,Benchmark
2015,Metropolitan Statistical Area,Seattle MSA,42660,RNETMIG,Census-CBSA,PEP_Vintage_2020,31.3579418447,Benchmark
2017,State,Washington,53,RBIRTH,Census-County-State-US,PEP_Vintage_2020,12.078697917,Benchmark
2018,State,Washington,53,RBIRTH,Census-County-State-US,PEP_Vintage_2020,11.601402204,Benchmark
1999,County or Equivalent,Pierce County,53053,DEATHS,Moodys-County,Moodys,-5055.9887842718135,Broad
1997,County or Equivalent,Pierce County,53053,NATURALCHG,Moodys-County,Moodys,3838.876610489444,Broad
1981,Region,Puget Sound Region,53033-53035-53053-53061,INTERNATIONALMIG,Moodys-County,Moodys,19278.301909552447,Benchmark
1999,National,United States,00,INTERNATIONALMIG,Moodys-US,Moodys,1477139.3720881927,Benchmark
2011,Metropolitan Statistical Area,Seattle MSA,42660,RESIDUAL,Census-CBSA,PEP_Vintage_2020,62.0,Benchmark
2011,National,United States,00,DOMESTICMIG,Census-County-State-US,PEP_Vintage_2020,0.0,Benchmark
1999,Region,Puget Sound Region,53033-53035-53053-53061,POPESTIMATE,Moodys-County,Moodys,3249043.998260012,Benchmark
2006,State,Washington,53,NATURALCHG,Moodys-State,Moodys,39333.987212998036,Benchmark
1986,County or Equivalent,Pierce County,53053,POPESTIMATE,Moodys-County,Moodys,534603.3120100402,Broad
2018,Metropolitan Statistical Area,Seattle MSA,42660,RNETMIG,Census-CBSA,PEP_Vintage_2020,24.6125598657,Benchmark
2011,State,Washington,53,NETMIG,Census-County-State-US,PEP_Vintage_2020,47526.0,Benchmark
1992,Region,Puget Sound Region,53033-53035-53053-53061,DEATHS,Moodys-County,Moodys,-19431.436406218174,Benchmark
2011,Metropolitan Statistical Area,Seattle MSA,42660,RDEATH,Census-CBSA,PEP_Vintage_2020,19.9691498965,Benchmark
2019,State,Washington,53,RBIRTH,Census-County-State-US,PEP_Vintage_2020,11.391062979,Benchmark
2021,National,United States,00,BIRTHS,Census-County-State-US,PEP_Vintage_2025,3584459.0,Benchmark
1991,Metropolitan Statistical Area,Seattle MSA,42660,DEATHS,Moodys-CBSA,Moodys,-17949.715644577293,Benchmark
2003,National,United States,00,POPESTIMATE,Moodys-US,Moodys,290176611.0,Benchmark
1992,State,Washington,53,POPESTIMATE,Moodys-State,Moodys,5160756.835937499,Benchmark
2006,State,Washington,53,BIRTHS,Moodys-State,Moodys,84841.25584635306,Benchmark
1993,State,Washington,53,DOMESTICMIG,Moodys-State,Moodys,59821.256009131466,Benchmark
1991,County or Equivalent,Pierce County,53053,NATURALCHG,Moodys-County,Moodys,6176.355707726952,Broad
2008,Region,Puget Sound Region,53033-53035-53053-53061,POPESTIMATE,Moodys-County,Moodys,3601954.0,Benchmark
2023,National,United States,00,RESIDUAL,Census-County-State-US,PEP_Vintage_2025,0.0,Benchmark
1993,Region,Puget Sound Region,53033-53035-53053-53061,INTERNATIONALMIG,Moodys-County,Moodys,15673.795623978407,Benchmark
2005,Place,"Fife, WA",5323795,POPESTIMATE,Census-Place,PEP City and Town Intercensal Datasets: 2000-2010,7108.0,Focus
1996,Metropolitan Statistical Area,Seattle MSA,42660,RESIDUAL,Moodys-CBSA,Moodys,-1083.2708373486873,Benchmark
1996,National,United States,00,INTERNATIONALMIG,Moodys-US,Moodys,1452261.8926512545,Benchmark
1987,National,United States,00,INTERNATIONALMIG,Moodys-US,Moodys,410507.09400927153,Benchmark
2021,Metropolitan Statistical Area,Seattle MSA,42660,NPOPCHG,Census-CBSA,PEP_Vintage_2025,-10217.0,Benchmark
1988,County or Equivalent,Pierce County,53053,POPESTIMATE,Moodys-County,Moodys,560915.5059822502,Broad
2017,State,Washington,53,DEATHS,Census-County-State-US,PEP_Vintage_2020,-56064.0,Benchmark
2014,Metropolitan Statistical Area,Seattle MSA,42660,RNATURALCHG,Census-CBSA,PEP_Vintage_2020,18.7078209037,Benchmark
1984,State,Washington,53,RESIDUAL,Moodys-State,Moodys,-1647.0000000000002,Benchmark
2018,County or Equivalent,Pierce County,53053,RNETMIG,Census-County-State-US,PEP_Vintage_2020,10.866724935,Broad
1983,National,United States,00,DOMESTICMIG,Moodys-US,Moodys,990.2664075769717,Benchmark
2009,National,United States,00,DEATHS,Moodys-US,Moodys,-2484833.7997361245,Benchmark
2025,Metropolitan Statistical Area,Seattle MSA,42660,DOMESTICMIG,Census-CBSA,PEP_Vintage_2025,-8422.0,Benchmark
2016,Region,Puget Sound Region,53033-53035-53053-53061,INTERNATIONALMIG,Census-County-State-US,PEP_Vintage_2020,24325.0,Benchmark
2019,Region,Puget Sound Region,53033-53035-53053-53061,NETMIG,Census-County-State-US,PEP_Vintage_2020,23124.0,Benchmark
2011,County or Equivalent,Pierce County,53053,RDEATH,Census-County-State-US,PEP_Vintage_2020,7.1996656541,Broad
2010,Region,Puget Sound Region,53033-53035-53053-53061,POPESTIMATE,Census-County-State-US,PEP_Vintage_2020,3701051.0,Benchmark
2003,State,Washington,53,POPESTIMATE,Moodys-State,Moodys,6104114.999999999,Benchmark
2024,National,United States,00,DEATHS,Census-County-State-US,PEP_Vintage_2025,-3093940.0,Benchmark
2014,State,Washington,53,INTERNATIONALMIG,Census-County-State-US,PEP_Vintage_2020,30898.0,Benchmark
2021,National,United States,00,RDOMESTICMIG,Census-County-State-US,PEP_Vintage_2025,0.0,Benchmark
2021,National,United States,00,DOMESTICMIG,Census-County-State-US,PEP_Vintage_2025,0.0,Benchmark
2023,National,United States,00,GQESTIMATES,Census-County-State-US,PEP_Vintage_2025,8341542.0,Benchmark
2017,Region,Puget Sound Region,53033-53035-53053-53061,RNATURALCHG,Census-County-State-US,PEP_Vintage_2020,19.5854025553,Benchmark
2020,National,United States,00,NPOPCHG,Census-County-State-US,PEP_Vintage_2025,61991.0,Benchmark
1997,State,Washington,53,BIRTHS,Moodys-State,Moodys,78239.07539283749,Benchmark
2013,National,United States,00,NATURALCHG,Census-County-State-US,PEP_Vintage_2020,1332557.0,Benchmark
1996,Region,Puget Sound Region,53033-53035-53053-53061,RESIDUAL,Moodys-County,Moodys,-1169.1894421073225,Benchmark
2021,National,United States,00,RBIRTH,Census-County-State-US,PEP_Vintage_2025,10.801797082,Benchmark
2003,State,Washington,53,INTERNATIONALMIG,Moodys-State,Moodys,10243.73463678458,Benchmark
2011,National,United States,00,NETMIG,Census-County-State-US,PEP_Vintage_2020,795295.0,Benchmark
2007,Region,Puget Sound Region,53033-53035-53053-53061,INTERNATIONALMIG,Moodys-County,Moodys,12102.250464633187,Benchmark
2011,State,Washington,53,GQESTIMATES,Census-County-State-US,PEP_Vintage_2020,145193.0,Benchmark
2008,Metropolitan Statistical Area,Seattle MSA,42660,NATURALCHG,Moodys-CBSA,Moodys,23094.228080212102,Benchmark
2017,State,Washington,53,RDEATH,Census-County-State-US,PEP_Vintage_2020,7.6132991561,Benchmark
2021,State,Washington,53,RBIRTH,Census-County-State-US,PEP_Vintage_2025,10.672395704,Benchmark
2025,National,United States,00,POPESTIMATE,Census-County-State-US,PEP_Vintage_2025,341784857.0,Benchmark
2012,State,Washington,53,RBIRTH,Census-County-State-US,PEP_Vintage_2020,12.634344639,Benchmark
2021,Metropolitan Statistical Area,Seattle MSA,42660,NATURALCHG,Census-CBSA,PEP_Vintage_2025,15094.0,Benchmark
2014,Region,Puget Sound Region,53033-53035-53053-53061,NPOPCHG,Census-County-State-US,PEP_Vintage_2020,64199.0,Benchmark
2021,State,Washington,53,INTERNATIONALMIG,Census-County-State-US,PEP_Vintage_2025,13990.0,Benchmark
2001,National,United States,00,NATURALCHG,Moodys-US,Moodys,1627563.0426885562,Benchmark
1984,County or Equivalent,Pierce County,53053,NATURALCHG,Moodys-County,Moodys,5365.654494041906,Broad
2024,State,Washington,53,RESIDUAL,Census-County-State-US,PEP_Vintage_2025,-280.0,Benchmark
1984,County or Equivalent,Pierce County,53053,POPESTIMATE,Moodys-County,Moodys,519862.8364450578,Broad
2017,Region,Puget Sound Region,53033-53035-53053-53061,INTERNATIONALMIG,Census-County-State-US,PEP_Vintage_2020,26767.0,Benchmark
2014,State,Washington,53,RBIRTH,Census-County-State-US,PEP_Vintage_2020,12.460261258,Benchmark
2013,National,United States,00,RDOMESTICMIG,Census-County-State-US,PEP_Vintage_2020,0.0,Benchmark
2005,State,Washington,53,DOMESTICMIG,Moodys-State,Moodys,23251.000000001135,Benchmark
1986,County or Equivalent,Pierce County,53053,BIRTHS,Moodys-County,Moodys,9538.647272132566,Broad
1981,State,Washington,53,INTERNATIONALMIG,Moodys-State,Moodys,1162.5019816675608,Benchmark
2004,County or Equivalent,Pierce County,53053,POPESTIMATE,Moodys-County,Moodys,740136.9999999999,Broad
2018,County or Equivalent,Pierce County,53053,RDEATH,Census-County-State-US,PEP_Vintage_2020,7.7547057604,Broad
1995,State,Washington,53,NATURALCHG,Moodys-State,Moodys,37124.79431334717,Benchmark
2012,Region,Puget Sound Region,53033-53035-53053-53061,RNATURALCHG,Census-County-State-US,PEP_Vintage_2020,23.4620902914,Benchmark
2010,State,Washington,53,CENSUS,Census-County-State-US,PEP_Vintage_2020,6724540.0,Benchmark
2008,County or Equivalent,Pierce County,53053,POPESTIMATE,Moodys-County,Moodys,785400.0,Broad
1991,County or Equivalent,Pierce County,53053,DEATHS,Moodys-County,Moodys,-4324.290856611436,Broad
1996,Metropolitan Statistical Area,Seattle MSA,42660,NATURALCHG,Moodys-CBSA,Moodys,19529.567511944744,Benchmark
2022,Metropolitan Statistical Area,Seattle MSA,42660,RINTERNATIONALMIG,Census-CBSA,PEP_Vintage_2025,17.524774087,Benchmark
2003,County or Equivalent,Pierce County,53053,POPESTIMATE,Moodys-County,Moodys,733968.9999999999,Broad
1984,Region,Puget Sound Region,53033-53035-53053-53061,BIRTHS,Moodys-County,Moodys,36717.14173881408,Benchmark
2005,State,Washington,53,RESIDUAL,Moodys-State,Moodys,-4246.000000000001,Benchmark
2015,State,Washington,53,NATURALCHG,Census-County-State-US,PEP_Vintage_2020,34922.0,Benchmark
1995,National,United States,00,DEATHS,Moodys-US,Moodys,-2315069.0687905326,Benchmark
2008,Metropolitan Statistical Area,Seattle MSA,42660,POPESTIMATE,Moodys-CBSA,Moodys,3355042.0,Benchmark
1991,National,United States,00,DEATHS,Moodys-US,Moodys,-2146374.1586653087,Benchmark
2003,State,Washington,53,BIRTHS,Moodys-State,Moodys,79463.10744616669,Benchmark
2010,Metropolitan Statistical Area,Seattle MSA,42660,DOMESTICMIG,Census-CBSA,PEP_Vintage_2020,-5208.0,Benchmark
1994,Metropolitan Statistical Area,Seattle MSA,42660,POPESTIMATE,Moodys-CBSA,Moodys,2774159.0641362243,Benchmark
2020,National,United States,00,GQESTIMATESBASE,Census-County-State-US,PEP_Vintage_2025,8305481.0,Benchmark
2000,National,United States,00,NATURALCHG,Moodys-US,Moodys,1632265.3286340507,Benchmark
1985,Metropolitan Statistical Area,Seattle MSA,42660,POPESTIMATE,Moodys-CBSA,Moodys,2258030.2414995,Benchmark
1994,Region,Puget Sound Region,53033-53035-53053-53061,INTERNATIONALMIG,Moodys-County,Moodys,15815.017653827888,Benchmark
1989,National,United States,00,POPESTIMATE,Moodys-US,Moodys,246869927.581625,Benchmark
1983,Region,Puget Sound Region,53033-53035-53053-53061,DOMESTICMIG,Moodys-County,Moodys,-5495.7965539560255,Benchmark
1993,State,Washington,53,NATURALCHG,Moodys-State,Moodys,39237.17106478797,Benchmark
2018,State,Washington,53,RINTERNATIONALMIG,Census-County-State-US,PEP_Vintage_2020,3.1568577837,Benchmark
1996,National,United States,00,POPESTIMATE,Moodys-US,Moodys,269452048.6723563,Benchmark
2012,State,Washington,53,RDOMESTICMIG,Census-County-State-US,PEP_Vintage_2020,1.7464566353,Benchmark
2006,County or Equivalent,Pierce County,53053,RESIDUAL,Moodys-County,Moodys,-550.0000000000001,Broad
2025,National,United States,00,NATURALCHG,Census-County-State-US,PEP_Vintage_2025,518858.0,Benchmark
2006,National,United States,00,INTERNATIONALMIG,Moodys-US,Moodys,1031949.6886846363,Benchmark
2017,Region,Puget Sound Region,53033-53035-53053-53061,RBIRTH,Census-County-State-US,PEP_Vintage_2020,48.956335554,Benchmark
2017,County or Equivalent,Pierce County,53053,GQESTIMATES,Census-County-State-US,PEP_Vintage_2020,20056.0,Broad
2002,State,Washington,53,INTERNATIONALMIG,Moodys-State,Moodys,20904.411058320948,Benchmark
2003,Region,Puget Sound Region,53033-53035-53053-53061,DOMESTICMIG,Moodys-County,Moodys,-10511.9357698822,Benchmark
1986,State,Washington,53,POPESTIMATE,Moodys-State,Moodys,4452720.214843749,Benchmark
2007,State,Washington,53,INTERNATIONALMIG,Moodys-State,Moodys,18205.87156947014,Benchmark
1984,Region,Puget Sound Region,53033-53035-53053-53061,DEATHS,Moodys-County,Moodys,-17282.721814176315,Benchmark
2010,National,United States,00,INTERNATIONALMIG,Census-County-State-US,PEP_Vintage_2020,719572.0,Benchmark
1999,County or Equivalent,Pierce County,53053,DOMESTICMIG,Moodys-County,Moodys,8246.752905214104,Broad
2014,National,United States,00,NPOPCHG,Census-County-State-US,PEP_Vintage_2020,2326382.0,Benchmark
2014,County or Equivalent,Pierce County,53053,GQESTIMATES,Census-County-State-US,PEP_Vintage_2020,20603.0,Broad
2022,State,Washington,53,RINTERNATIONALMIG,Census-County-State-US,PEP_Vintage_2025,4.5750654298,Benchmark
1981,County or Equivalent,Pierce County,53053,DEATHS,Moodys-County,Moodys,-3547.832327869795,Broad
2010,County or Equivalent,Pierce County,53053,POPESTIMATE,Census-County-State-US,PEP_Vintage_2020,795402.0,Broad
1999,National,United States,00,DOMESTICMIG,Moodys-US,Moodys,623.9710714839293,Benchmark
1995,National,United States,00,DOMESTICMIG,Moodys-US,Moodys,1615.6027170571015,Benchmark
1987,Metropolitan Statistical Area,Seattle MSA,42660,DEATHS,Moodys-CBSA,Moodys,-16758.440861765244,Benchmark
2024,County or Equivalent,Pierce County,53053,RDOMESTICMIG,Census-County-State-US,PEP_Vintage_2025,1.098763677,Broad
2016,Region,Puget Sound Region,53033-53035-53053-53061,NATURALCHG,Census-County-State-US,PEP_Vintage_2020,24079.0,Benchmark
2000,County or Equivalent,Pierce County,53053,DOMESTICMIG,Moodys-County,Moodys,6239.968140719809,Broad
2014,National,United States,00,NETMIG,Census-County-State-US,PEP_Vintage_2020,945635.0,Benchmark
2017,National,United States,00,RNETMIG,Census-County-State-US,PEP_Vintage_2020,2.9262602591,Benchmark
2017,National,United States,00,BIRTHS,Census-County-State-US,PEP_Vintage_2020,3890144.0,Benchmark
2019,Metropolitan Statistical Area,Seattle MSA,42660,NETMIG,Census-CBSA,PEP_Vintage_2020,21120.0,Benchmark
1985,State,Washington,53,DOMESTICMIG,Moodys-State,Moodys,23585.38329907648,Benchmark
1995,State,Washington,53,DEATHS,Moodys-State,Moodys,-40881.12833450414,Benchmark
2014,State,Washington,53,NETMIG,Census-County-State-US,PEP_Vintage_2020,55312.0,Benchmark
2016,State,Washington,53,RNETMIG,Census-County-State-US,PEP_Vintage_2020,13.366743972,Benchmark
2023,County or Equivalent,Pierce County,53053,RESIDUAL,Census-County-State-US,PEP_Vintage_2025,-219.0,Broad
1999,National,United States,00,NATURALCHG,Moodys-US,Moodys,1631146.5788629986,Benchmark
2023,Metropolitan Statistical Area,Seattle MSA,42660,INTERNATIONALMIG,Census-CBSA,PEP_Vintage_2025,42940.0,Benchmark
2009,State,Washington,53,DOMESTICMIG,Moodys-State,Moodys,38201.00000000006,Benchmark
2016,State,Washington,53,BIRTHS,Census-County-State-US,PEP_Vintage_2020,90458.0,Benchmark
1982,National,United States,00,POPESTIMATE,Moodys-US,Moodys,231707032.6752755,Benchmark
2002,National,United States,00,POPESTIMATE,Moodys-US,Moodys,287693093.0,Benchmark
1993,Region,Puget Sound Region,53033-53035-53053-53061,POPESTIMATE,Moodys-County,Moodys,2951586.8567299442,Benchmark
2016,County or Equivalent,Pierce County,53053,NETMIG,Census-County-State-US,PEP_Vintage_2020,14267.0,Broad
1992,National,United States,00,BIRTHS,Moodys-US,Moodys,4130207.2824903005,Benchmark
2012,County or Equivalent,Pierce County,53053,NATURALCHG,Census-County-State-US,PEP_Vintage_2020,5721.0,Broad
1988,State,Washington,53,RESIDUAL,Moodys-State,Moodys,-1759.9999999999998,Benchmark
1985,County or Equivalent,Pierce County,53053,POPESTIMATE,Moodys-County,Moodys,528273.9071804434,Broad
2004,State,Washington,53,BIRTHS,Moodys-State,Moodys,81735.49231722397,Benchmark
2007,National,United States,00,DOMESTICMIG,Moodys-US,Moodys,969.5864905746121,Benchmark
2002,Metropolitan Statistical Area,Seattle MSA,42660,NATURALCHG,Moodys-CBSA,Moodys,19399.83165518475,Benchmark
2012,National,United States,00,RDOMESTICMIG,Census-County-State-US,PEP_Vintage_2020,0.0,Benchmark
2016,National,United States,00,RNATURALCHG,Census-County-State-US,PEP_Vintage_2020,3.9382504935,Benchmark
2018,Metropolitan Statistical Area,Seattle MSA,42660,RNATURALCHG,Census-CBSA,PEP_Vintage_2020,15.5947534485,Benchmark
2024,Metropolitan Statistical Area,Seattle MSA,42660,RNETMIG,Census-CBSA,PEP_Vintage_2025,28.600305093,Benchmark
2009,Metropolitan Statistical Area,Seattle MSA,42660,DOMESTICMIG,Moodys-CBSA,Moodys,21896.868655141276,Benchmark
1990,County or Equivalent,Pierce County,53053,BIRTHS,Moodys-County,Moodys,10551.781314991606,Broad
2021,Region,Puget Sound Region,53033-53035-53053-53061,NATURALCHG,Census-County-State-US,PEP_Vintage_2025,15351.0,Benchmark
1986,State,Washington,53,DEATHS,Moodys-State,Moodys,-34355.00350048329,Benchmark
2014,County or Equivalent,Pierce County,53053,BIRTHS,Census-County-State-US,PEP_Vintage_2020,11502.0,Broad
1984,National,United States,00,BIRTHS,Moodys-US,Moodys,3614552.732154452,Benchmark
2013,Region,Puget Sound Region,53033-53035-53053-53061,POPESTIMATE,Census-County-State-US,PEP_Vintage_2020,3866134.0,Benchmark
2015,County or Equivalent,Pierce County,53053,GQESTIMATES,Census-County-State-US,PEP_Vintage_2020,19446.0,Broad
2022,National,United States,00,RDEATH,Census-County-State-US,PEP_Vintage_2025,10.377938199,Benchmark
2010,County or Equivalent,Pierce County,53053,NETMIG,Census-County-State-US,PEP_Vintage_2020,-1171.0,Broad
1989,Region,Puget Sound Region,53033-53035-53053-53061,NATURALCHG,Moodys-County,Moodys,23233.225717565972,Benchmark
2025,County or Equivalent,Pierce County,53053,RBIRTH,Census-County-State-US,PEP_Vintage_2025,11.24028007,Broad
1992,Region,Puget Sound Region,53033-53035-53053-53061,POPESTIMATE,Moodys-County,Moodys,2900419.923533904,Benchmark
2004,State,Washington,53,RESIDUAL,Moodys-State,Moodys,-3907.0,Benchmark
2015,State,Washington,53,RINTERNATIONALMIG,Census-County-State-US,PEP_Vintage_2020,4.6549628965,Benchmark
2017,National,United States,00,RINTERNATIONALMIG,Census-County-State-US,PEP_Vintage_2020,2.9262602591,Benchmark
1986,State,Washington,53,NATURALCHG,Moodys-State,Moodys,35685.00696259188,Benchmark
2015,State,Washington,53,RNATURALCHG,Census-County-State-US,PEP_Vintage_2020,4.9100100964,Benchmark
2017,County or Equivalent,Pierce County,53053,NATURALCHG,Census-County-State-US,PEP_Vintage_2020,4582.0,Broad
1988,Region,Puget Sound Region,53033-53035-53053-53061,POPESTIMATE,Moodys-County,Moodys,2605321.300597227,Benchmark
2014,Region,Puget Sound Region,53033-53035-53053-53061,BIRTHS,Census-County-State-US,PEP_Vintage_2020,49085.0,Benchmark
2014,Metropolitan Statistical Area,Seattle MSA,42660,RDOMESTICMIG,Census-CBSA,PEP_Vintage_2020,15.2536997356,Benchmark
2012,National,United States,00,RBIRTH,Census-County-State-US,PEP_Vintage_2020,12.589034648,Benchmark
2015,Region,Puget Sound Region,53033-53035-53053-53061,RBIRTH,Census-County-State-US,PEP_Vintage_2020,50.303881959,Benchmark
2023,County or Equivalent,Pierce County,53053,DOMESTICMIG,Census-County-State-US,PEP_Vintage_2025,-2347.0,Broad
1989,State,Washington,53,POPESTIMATE,Moodys-State,Moodys,4746319.824218748,Benchmark
1994,State,Washington,53,INTERNATIONALMIG,Moodys-State,Moodys,23582.73543237616,Benchmark
2014,Metropolitan Statistical Area,Seattle MSA,42660,RESIDUAL,Census-CBSA,PEP_Vintage_2020,68.0,Benchmark
1987,State,Washington,53,BIRTHS,Moodys-State,Moodys,69930.01889188477,Benchmark
1988,National,United States,00,INTERNATIONALMIG,Moodys-US,Moodys,455696.1681019287,Benchmark
1998,Metropolitan Statistical Area,Seattle MSA,42660,DOMESTICMIG,Moodys-CBSA,Moodys,20709.03264860872,Benchmark
2024,National,United States,00,INTERNATIONALMIG,Census-County-State-US,PEP_Vintage_2025,2734468.0,Benchmark
2011,Metropolitan Statistical Area,Seattle MSA,42660,DEATHS,Census-CBSA,PEP_Vintage_2020,-22631.0,Benchmark
1997,Region,Puget Sound Region,53033-53035-53053-53061,NATURALCHG,Moodys-County,Moodys,20344.0135238033,Benchmark
1981,National,United States,00,DOMESTICMIG,Moodys-US,Moodys,956.731624373826,Benchmark
2008,National,United States,00,DEATHS,Moodys-US,Moodys,-2437101.68846344,Benchmark
1995,National,United States,00,BIRTHS,Moodys-US,Moodys,3979229.001507136,Benchmark
2019,County or Equivalent,Pierce County,53053,POPESTIMATE,Census-County-State-US,PEP_Vintage_2020,905719.0,Broad
2001,Region,Puget Sound Region,53033-53035-53053-53061,BIRTHS,Moodys-County,Moodys,43979.699661583014,Benchmark
2021,State,Washington,53,RINTERNATIONALMIG,Census-County-State-US,PEP_Vintage_2025,1.8085300568,Benchmark
2011,Region,Puget Sound Region,53033-53035-53053-53061,DOMESTICMIG,Census-County-State-US,PEP_Vintage_2020,17792.0,Benchmark
2019,Metropolitan Statistical Area,Seattle MSA,42660,RBIRTH,Census-CBSA,PEP_Vintage_2020,35.482750165,Benchmark
2018,Region,Puget Sound Region,53033-53035-53053-53061,RNATURALCHG,Census-County-State-US,PEP_Vintage_2020,18.216816448899998,Benchmark
2001,Region,Puget Sound Region,53033-53035-53053-53061,NATURALCHG,Moodys-County,Moodys,21308.610845267518,Benchmark
2014,Region,Puget Sound Region,53033-53035-53053-53061,RINTERNATIONALMIG,Census-County-State-US,PEP_Vintage_2020,17.6076667363,Benchmark
2021,County or Equivalent,Pierce County,53053,INTERNATIONALMIG,Census-County-State-US,PEP_Vintage_2025,865.0,Broad
1993,Region,Puget Sound Region,53033-53035-53053-53061,BIRTHS,Moodys-County,Moodys,44513.77795328507,Benchmark
2011,National,United States,00,RBIRTH,Census-County-State-US,PEP_Vintage_2020,12.798895192,Benchmark
2010,National,United States,00,CENSUS,Census-County-State-US,PEP_Vintage_2020,308745538.0,Benchmark
2021,National,United States,00,RNETMIG,Census-County-State-US,PEP_Vintage_2025,1.1331574861,Benchmark
1997,Metropolitan Statistical Area,Seattle MSA,42660,DEATHS,Moodys-CBSA,Moodys,-20438.06455950241,Benchmark
2011,National,United States,00,RNATURALCHG,Census-County-State-US,PEP_Vintage_2020,4.7061298149,Benchmark
2025,Region,Puget Sound Region,53033-53035-53053-53061,GQESTIMATES,Census-County-State-US,PEP_Vintage_2025,83995.0,Benchmark
2022,County or Equivalent,Pierce County,53053,RINTERNATIONALMIG,Census-County-State-US,PEP_Vintage_2025,2.535518277,Broad
2017,Metropolitan Statistical Area,Seattle MSA,42660,POPESTIMATE,Census-CBSA,PEP_Vintage_2020,3888807.0,Benchmark
2008,County or Equivalent,Pierce County,53053,DOMESTICMIG,Moodys-County,Moodys,6048.299352161708,Broad
2013,National,United States,00,BIRTHS,Census-County-State-US,PEP_Vintage_2020,3940576.0,Benchmark
2015,Region,Puget Sound Region,53033-53035-53053-53061,NPOPCHG,Census-County-State-US,PEP_Vintage_2020,70845.0,Benchmark
2025,Region,Puget Sound Region,53033-53035-53053-53061,DEATHS,Census-County-State-US,PEP_Vintage_2025,-32067.0,Benchmark
2021,State,Washington,53,RDOMESTICMIG,Census-County-State-US,PEP_Vintage_2025,-1.938966571,Benchmark
2010,State,Washington,53,DEATHS,Census-County-State-US,PEP_Vintage_2020,-47384.0,Benchmark
2024,State,Washington,53,RBIRTH,Census-County-State-US,PEP_Vintage_2025,10.420627436,Benchmark
2022,County or Equivalent,Pierce County,53053,POPESTIMATE,Census-County-State-US,PEP_Vintage_2025,927456.0,Broad
2012,County or Equivalent,Pierce County,53053,NPOPCHG,Census-County-State-US,PEP_Vintage_2020,8044.0,Broad
1992,County or Equivalent,Pierce County,53053,INTERNATIONALMIG,Moodys-County,Moodys,4066.567780775292,Broad
2014,National,United States,00,POPESTIMATE,Census-County-State-US,PEP_Vintage_2020,318386329.0,Benchmark
1981,Metropolitan Statistical Area,Seattle MSA,42660,DOMESTICMIG,Moodys-CBSA,Moodys,10420.90806386499,Benchmark
2023,State,Washington,53,RNETMIG,Census-County-State-US,PEP_Vintage_2025,4.8888088771,Benchmark
1996,National,United States,00,DEATHS,Moodys-US,Moodys,-2354817.4961091685,Benchmark
2005,Metropolitan Statistical Area,Seattle MSA,42660,DOMESTICMIG,Moodys-CBSA,Moodys,5014.378393615845,Benchmark
1999,Metropolitan Statistical Area,Seattle MSA,42660,DOMESTICMIG,Moodys-CBSA,Moodys,5292.436035655197,Benchmark
2019,County or Equivalent,Pierce County,53053,GQESTIMATES,Census-County-State-US,PEP_Vintage_2020,20935.0,Broad
1990,National,United States,00,BIRTHS,Moodys-US,Moodys,4091785.5091165276,Benchmark
2022,Region,Puget Sound Region,53033-53035-53053-53061,DEATHS,Census-County-State-US,PEP_Vintage_2025,-33368.0,Benchmark
2016,Region,Puget Sound Region,53033-53035-53053-53061,RDOMESTICMIG,Census-County-State-US,PEP_Vintage_2020,41.8401576539,Benchmark
2004,National,United States,00,DOMESTICMIG,Moodys-US,Moodys,966.5706684521235,Benchmark
2007,State,Washington,53,BIRTHS,Moodys-State,Moodys,88315.40131757109,Benchmark
2001,County or Equivalent,Pierce County,53053,POPESTIMATE,Moodys-County,Moodys,716447.0000000001,Broad
2017,County or Equivalent,Pierce County,53053,RNATURALCHG,Census-County-State-US,PEP_Vintage_2020,5.2523314242,Broad
2012,National,United States,00,POPESTIMATE,Census-County-State-US,PEP_Vintage_2020,313877662.0,Benchmark
2016,Metropolitan Statistical Area,Seattle MSA,42660,RNETMIG,Census-CBSA,PEP_Vintage_2020,46.230041189,Benchmark
2011,Region,Puget Sound Region,53033-53035-53053-53061,DEATHS,Census-County-State-US,PEP_Vintage_2020,-24664.0,Benchmark
2023,Metropolitan Statistical Area,Seattle MSA,42660,NPOPCHG,Census-CBSA,PEP_Vintage_2025,28719.0,Benchmark
2020,County or Equivalent,Pierce County,53053,DEATHS,Census-County-State-US,PEP_Vintage_2025,-6928.0,Broad
1996,Metropolitan Statistical Area,Seattle MSA,42660,INTERNATIONALMIG,Moodys-CBSA,Moodys,14425.669706843773,Benchmark
2017,Region,Puget Sound Region,53033-53035-53053-53061,NPOPCHG,Census-County-State-US,PEP_Vintage_2020,72271.0,Benchmark
2002,State,Washington,53,NATURALCHG,Moodys-State,Moodys,34202.588941679445,Benchmark
2025,Metropolitan Statistical Area,Seattle MSA,42660,RINTERNATIONALMIG,Census-CBSA,PEP_Vintage_2025,22.255176106,Benchmark
2010,Region,Puget Sound Region,53033-53035-53053-53061,GQESTIMATES,Census-County-State-US,PEP_Vintage_2020,74169.0,Benchmark
2011,State,Washington,53,RESIDUAL,Census-County-State-US,PEP_Vintage_2020,69.0,Benchmark
1998,National,United States,00,DOMESTICMIG,Moodys-US,Moodys,1435.2383922124864,Benchmark
1989,Region,Puget Sound Region,53033-53035-53053-53061,BIRTHS,Moodys-County,Moodys,42141.625476397705,Benchmark
2025,State,Washington,53,POPESTIMATE,Census-County-State-US,PEP_Vintage_2025,8001020.0,Benchmark
2000,Metropolitan Statistical Area,Seattle MSA,42660,BIRTHS,Moodys-CBSA,Moodys,40605.42968406646,Benchmark
1983,National,United States,00,POPESTIMATE,Moodys-US,Moodys,233835171.8093883,Benchmark
1981,National,United States,00,RESIDUAL,Moodys-US,Moodys,65260.61378073723,Benchmark
2025,Metropolitan Statistical Area,Seattle MSA,42660,NATURALCHG,Census-CBSA,PEP_Vintage_2025,13748.0,Benchmark
1987,Metropolitan Statistical Area,Seattle MSA,42660,BIRTHS,Moodys-CBSA,Moodys,36493.884328120614,Benchmark
2021,National,United States,00,RESIDUAL,Census-County-State-US,PEP_Vintage_2025,0.0,Benchmark
2000,Region,Puget Sound Region,53033-53035-53053-53061,POPESTIMATE,Moodys-County,Moodys,3284907.0,Benchmark
2016,Metropolitan Statistical Area,Seattle MSA,42660,DEATHS,Census-CBSA,PEP_Vintage_2020,-24758.0,Benchmark
2008,County or Equivalent,Pierce County,53053,DEATHS,Moodys-County,Moodys,-5644.271502856584,Broad
2010,County or Equivalent,Pierce County,53053,RESIDUAL,Census-County-State-US,PEP_Vintage_2020,48.0,Broad
1992,Region,Puget Sound Region,53033-53035-53053-53061,INTERNATIONALMIG,Moodys-County,Moodys,20075.88042587442,Benchmark
2019,Region,Puget Sound Region,53033-53035-53053-53061,RINTERNATIONALMIG,Census-County-State-US,PEP_Vintage_2020,11.3798040723,Benchmark
2010,National,United States,00,DEATHS,Census-County-State-US,PEP_Vintage_2020,-2394764.0,Benchmark
2008,Region,Puget Sound Region,53033-53035-53053-53061,BIRTHS,Moodys-County,Moodys,47720.54531592255,Benchmark
2004,Region,Puget Sound Region,53033-53035-53053-53061,POPESTIMATE,Moodys-County,Moodys,3400926.9999999995,Benchmark
2014,Metropolitan Statistical Area,Seattle MSA,42660,BIRTHS,Census-CBSA,PEP_Vintage_2020,46150.0,Benchmark
2024,Metropolitan Statistical Area,Seattle MSA,42660,POPESTIMATE,Census-CBSA,PEP_Vintage_2025,4118815.0,Benchmark
1985,Metropolitan Statistical Area,Seattle MSA,42660,RESIDUAL,Moodys-CBSA,Moodys,-856.4924409492573,Benchmark
2013,Metropolitan Statistical Area,Seattle MSA,42660,RDOMESTICMIG,Census-CBSA,PEP_Vintage_2020,11.5638521745,Benchmark
1997,Region,Puget Sound Region,53033-53035-53053-53061,DOMESTICMIG,Moodys-County,Moodys,24791.138995628062,Benchmark
2009,Region,Puget Sound Region,53033-53035-53053-53061,RESIDUAL,Moodys-County,Moodys,-392.00000000000017,Benchmark
1989,National,United States,00,BIRTHS,Moodys-US,Moodys,3948512.4039041763,Benchmark
2016,Metropolitan Statistical Area,Seattle MSA,42660,NPOPCHG,Census-CBSA,PEP_Vintage_2020,78042.0,Benchmark
2022,State,Washington,53,RNETMIG,Census-County-State-US,PEP_Vintage_2025,4.1483100021,Benchmark
2014,County or Equivalent,Pierce County,53053,NPOPCHG,Census-County-State-US,PEP_Vintage_2020,11799.0,Broad
2003,State,Washington,53,NATURALCHG,Moodys-State,Moodys,34370.26536321502,Benchmark
2006,State,Washington,53,RESIDUAL,Moodys-State,Moodys,-2984.0000000000005,Benchmark
2004,Metropolitan Statistical Area,Seattle MSA,42660,DEATHS,Moodys-CBSA,Moodys,-21039.30157029848,Benchmark
2023,Region,Puget Sound Region,53033-53035-53053-53061,DEATHS,Census-County-State-US,PEP_Vintage_2025,-32761.0,Benchmark
2019,State,Washington,53,DOMESTICMIG,Census-County-State-US,PEP_Vintage_2020,35962.0,Benchmark
1985,State,Washington,53,DEATHS,Moodys-State,Moodys,-34339.001388212986,Benchmark
2018,County or Equivalent,Pierce County,53053,INTERNATIONALMIG,Census-County-State-US,PEP_Vintage_2020,1088.0,Broad
2015,Metropolitan Statistical Area,Seattle MSA,42660,RNATURALCHG,Census-CBSA,PEP_Vintage_2020,18.024111046999998,Benchmark
1983,State,Washington,53,DEATHS,Moodys-State,Moodys,-32569.003963219293,Benchmark
2003,State,Washington,53,DOMESTICMIG,Moodys-State,Moodys,10312.000000000564,Benchmark
2010,National,United States,00,RESIDUAL,Census-County-State-US,PEP_Vintage_2020,0.0,Benchmark
2016,Metropolitan Statistical Area,Seattle MSA,42660,RINTERNATIONALMIG,Census-CBSA,PEP_Vintage_2020,14.900778836199999,Benchmark
2022,State,Washington,53,NETMIG,Census-County-State-US,PEP_Vintage_2025,32214.0,Benchmark
2024,National,United States,00,GQESTIMATES,Census-County-State-US,PEP_Vintage_2025,8433491.0,Benchmark
2018,Region,Puget Sound Region,53033-53035-53053-53061,RDEATH,Census-County-State-US,PEP_Vintage_2020,28.9972441596,Benchmark
1991,National,United States,00,NATURALCHG,Moodys-US,Moodys,2001053.809052832,Benchmark
2022,National,United States,00,RESIDUAL,Census-County-State-US,PEP_Vintage_2025,0.0,Benchmark
1990,Metropolitan Statistical Area,Seattle MSA,42660,DEATHS,Moodys-CBSA,Moodys,-17864.886226626637,Benchmark
2018,National,United States,00,NETMIG,Census-County-State-US,PEP_Vintage_2020,719871.0,Benchmark
1999,Region,Puget Sound Region,53033-53035-53053-53061,INTERNATIONALMIG,Moodys-County,Moodys,13993.689032343229,Benchmark
1981,Metropolitan Statistical Area,Seattle MSA,42660,NATURALCHG,Moodys-CBSA,Moodys,19467.330154687443,Benchmark
2011,Region,Puget Sound Region,53033-53035-53053-53061,GQESTIMATES,Census-County-State-US,PEP_Vintage_2020,79050.0,Benchmark
2024,Region,Puget Sound Region,53033-53035-53053-53061,BIRTHS,Census-County-State-US,PEP_Vintage_2025,45834.0,Benchmark
2019,Region,Puget Sound Region,53033-53035-53053-53061,BIRTHS,Census-County-State-US,PEP_Vintage_2020,48617.0,Benchmark
2014,Region,Puget Sound Region,53033-53035-53053-53061,RNATURALCHG,Census-County-State-US,PEP_Vintage_2020,22.062849297,Benchmark
2017,County or Equivalent,Pierce County,53053,RDOMESTICMIG,Census-County-State-US,PEP_Vintage_2020,11.920339258,Broad
2011,Region,Puget Sound Region,53033-53035-53053-53061,NPOPCHG,Census-County-State-US,PEP_Vintage_2020,57676.0,Benchmark
1996,State,Washington,53,RESIDUAL,Moodys-State,Moodys,-2111.9999999999995,Benchmark
2017,Metropolitan Statistical Area,Seattle MSA,42660,RINTERNATIONALMIG,Census-CBSA,PEP_Vintage_2020,15.8839963279,Benchmark
1986,State,Washington,53,BIRTHS,Moodys-State,Moodys,70040.01046307516,Benchmark
2014,County or Equivalent,Pierce County,53053,RNATURALCHG,Census-County-State-US,PEP_Vintage_2020,6.6307506046,Broad
2000,County or Equivalent,Pierce County,53053,RESIDUAL,Moodys-County,Moodys,-266.9224447898929,Broad
2012,National,United States,00,NATURALCHG,Census-County-State-US,PEP_Vintage_2020,1435445.0,Benchmark
1984,State,Washington,53,NATURALCHG,Moodys-State,Moodys,34773.002819152876,Benchmark
2024,Metropolitan Statistical Area,Seattle MSA,42660,NPOPCHG,Census-CBSA,PEP_Vintage_2025,55958.0,Benchmark
2000,Place,"Fife, WA",5323795,POPESTIMATE,Census-Place,PEP City and Town Intercensal Datasets: 2000-2010,5003.0,Focus
2011,State,Washington,53,RBIRTH,Census-County-State-US,PEP_Vintage_2020,12.77654864,Benchmark
1986,Metropolitan Statistical Area,Seattle MSA,42660,NATURALCHG,Moodys-CBSA,Moodys,19303.36490152236,Benchmark
2007,Metropolitan Statistical Area,Seattle MSA,42660,DOMESTICMIG,Moodys-CBSA,Moodys,12032.597980709554,Benchmark
1993,Region,Puget Sound Region,53033-53035-53053-53061,NATURALCHG,Moodys-County,Moodys,23803.602655074534,Benchmark
2014,Metropolitan Statistical Area,Seattle MSA,42660,RINTERNATIONALMIG,Census-CBSA,PEP_Vintage_2020,16.236412493099998,Benchmark
2013,State,Washington,53,RDEATH,Census-County-State-US,PEP_Vintage_2020,7.4010171476,Benchmark
2017,County or Equivalent,Pierce County,53053,NETMIG,Census-County-State-US,PEP_Vintage_2020,12109.0,Broad
2009,Region,Puget Sound Region,53033-53035-53053-53061,DEATHS,Moodys-County,Moodys,-23635.02080221664,Benchmark
1998,County or Equivalent,Pierce County,53053,BIRTHS,Moodys-County,Moodys,10320.40504661917,Broad
2025,Region,Puget Sound Region,53033-53035-53053-53061,RNETMIG,Census-County-State-US,PEP_Vintage_2025,27.357650895,Benchmark
1985,State,Washington,53,POPESTIMATE,Moodys-State,Moodys,4400100.097656246,Benchmark
1995,State,Washington,53,BIRTHS,Moodys-State,Moodys,78005.9226478513,Benchmark
1981,National,United States,00,NATURALCHG,Moodys-US,Moodys,1660768.7821023038,Benchmark
1991,Region,Puget Sound Region,53033-53035-53053-53061,RESIDUAL,Moodys-County,Moodys,-1073.4249059403667,Benchmark
2008,Region,Puget Sound Region,53033-53035-53053-53061,DEATHS,Moodys-County,Moodys,-23613.474825202033,Benchmark
2001,State,Washington,53,INTERNATIONALMIG,Moodys-State,Moodys,24418.070300048723,Benchmark
2015,National,United States,00,RDOMESTICMIG,Census-County-State-US,PEP_Vintage_2020,0.0,Benchmark
1983,Metropolitan Statistical Area,Seattle MSA,42660,DOMESTICMIG,Moodys-CBSA,Moodys,-1498.085411939577,Benchmark
2003,National,United States,00,DOMESTICMIG,Moodys-US,Moodys,833.3693872798959,Benchmark
2013,State,Washington,53,RESIDUAL,Census-County-State-US,PEP_Vintage_2020,1.0,Benchmark
2022,Region,Puget Sound Region,53033-53035-53053-53061,NPOPCHG,Census-County-State-US,PEP_Vintage_2025,17664.0,Benchmark
1998,County or Equivalent,Pierce County,53053,POPESTIMATE,Moodys-County,Moodys,678999.9922838666,Broad
2019,County or Equivalent,Pierce County,53053,RDEATH,Census-County-State-US,PEP_Vintage_2020,7.9303814691,Broad
1997,Region,Puget Sound Region,53033-53035-53053-53061,RESIDUAL,Moodys-County,Moodys,-1193.5975379481129,Benchmark
2025,State,Washington,53,NETMIG,Census-County-State-US,PEP_Vintage_2025,55440.0,Benchmark
2014,National,United States,00,RNETMIG,Census-County-State-US,PEP_Vintage_2020,2.9809773838,Benchmark
2024,Metropolitan Statistical Area,Seattle MSA,42660,RDEATH,Census-CBSA,PEP_Vintage_2025,22.270981684000002,Benchmark
2013,County or Equivalent,Pierce County,53053,DEATHS,Census-County-State-US,PEP_Vintage_2020,-5867.0,Broad
2016,National,United States,00,RDEATH,Census-County-State-US,PEP_Vintage_2020,8.3975454097,Benchmark
1982,County or Equivalent,Pierce County,53053,POPESTIMATE,Moodys-County,Moodys,509978.9925988453,Broad
1988,National,United States,00,POPESTIMATE,Moodys-US,Moodys,244548288.41298276,Benchmark
2012,National,United States,00,INTERNATIONALMIG,Census-County-State-US,PEP_Vintage_2020,858736.0,Benchmark
2024,County or Equivalent,Pierce County,53053,RNETMIG,Census-County-State-US,PEP_Vintage_2025,6.152221523,Broad
1988,County or Equivalent,Pierce County,53053,INTERNATIONALMIG,Moodys-County,Moodys,5580.5223581359405,Broad
2011,National,United States,00,RINTERNATIONALMIG,Census-County-State-US,PEP_Vintage_2020,2.5617052415,Benchmark
2011,National,United States,00,RNETMIG,Census-County-State-US,PEP_Vintage_2020,2.5617052415,Benchmark
1995,Metropolitan Statistical Area,Seattle MSA,42660,POPESTIMATE,Moodys-CBSA,Moodys,2814629.882508587,Benchmark
2016,Region,Puget Sound Region,53033-53035-53053-53061,DEATHS,Census-County-State-US,PEP_Vintage_2020,-26925.0,Benchmark
2015,Region,Puget Sound Region,53033-53035-53053-53061,INTERNATIONALMIG,Census-County-State-US,PEP_Vintage_2020,27609.0,Benchmark
2005,Region,Puget Sound Region,53033-53035-53053-53061,POPESTIMATE,Moodys-County,Moodys,3438071.0,Benchmark
2010,Region,Puget Sound Region,53033-53035-53053-53061,GQESTIMATESBASE,Census-County-State-US,PEP_Vintage_2020,74192.0,Benchmark
2006,Metropolitan Statistical Area,Seattle MSA,42660,RESIDUAL,Moodys-CBSA,Moodys,-1232.0000000000005,Benchmark
2017,County or Equivalent,Pierce County,53053,DEATHS,Census-County-State-US,PEP_Vintage_2020,-6902.0,Broad
2016,Metropolitan Statistical Area,Seattle MSA,42660,RDEATH,Census-CBSA,PEP_Vintage_2020,20.467525256800002,Benchmark
2014,Place,"Fife, WA",5323795,POPESTIMATE,Census-Place,PEP_Vintage_2020,9651.0,Focus
2025,Place,"Fife, WA",5323795,POPESTIMATE,Census-Place,PEP_Vintage_2025,11061.0,Focus
2013,State,Washington,53,DOMESTICMIG,Census-County-State-US,PEP_Vintage_2020,11979.0,Benchmark
2024,State,Washington,53,RDEATH,Census-County-State-US,PEP_Vintage_2025,8.3029880926,Benchmark
2016,National,United States,00,RBIRTH,Census-County-State-US,PEP_Vintage_2020,12.335795903,Benchmark
1991,National,United States,00,INTERNATIONALMIG,Moodys-US,Moodys,1287159.9240822375,Benchmark
2014,County or Equivalent,Pierce County,53053,RDOMESTICMIG,Census-County-State-US,PEP_Vintage_2020,5.1631605893,Broad
2013,Metropolitan Statistical Area,Seattle MSA,42660,RINTERNATIONALMIG,Census-CBSA,PEP_Vintage_2020,10.8759684145,Benchmark
1993,State,Washington,53,POPESTIMATE,Moodys-State,Moodys,5278841.796875002,Benchmark
2004,National,United States,00,POPESTIMATE,Moodys-US,Moodys,292875059.0,Benchmark
2017,Metropolitan Statistical Area,Seattle MSA,42660,GQESTIMATES,Census-CBSA,PEP_Vintage_2020,68678.0,Benchmark
2018,State,Washington,53,GQESTIMATES,Census-County-State-US,PEP_Vintage_2020,146271.0,Benchmark
2013,Region,Puget Sound Region,53033-53035-53053-53061,RNATURALCHG,Census-County-State-US,PEP_Vintage_2020,21.9441530953,Benchmark
2019,National,United States,00,NATURALCHG,Census-County-State-US,PEP_Vintage_2020,923115.0,Benchmark
2022,National,United States,00,GQESTIMATES,Census-County-State-US,PEP_Vintage_2025,8187501.0,Benchmark
2002,Metropolitan Statistical Area,Seattle MSA,42660,BIRTHS,Moodys-CBSA,Moodys,40369.277065609625,Benchmark
2007,National,United States,00,INTERNATIONALMIG,Moodys-US,Moodys,736147.6061639251,Benchmark
1988,Metropolitan Statistical Area,Seattle MSA,42660,NATURALCHG,Moodys-CBSA,Moodys,20153.247719730236,Benchmark
2016,State,Washington,53,RINTERNATIONALMIG,Census-County-State-US,PEP_Vintage_2020,4.0231563045,Benchmark
2009,Metropolitan Statistical Area,Seattle MSA,42660,DEATHS,Moodys-CBSA,Moodys,-21741.427994175807,Benchmark
2011,County or Equivalent,Pierce County,53053,RNATURALCHG,Census-County-State-US,PEP_Vintage_2020,6.3388496254,Broad
2014,National,United States,00,RDOMESTICMIG,Census-County-State-US,PEP_Vintage_2020,0.0,Benchmark
1990,Region,Puget Sound Region,53033-53035-53053-53061,BIRTHS,Moodys-County,Moodys,45201.18784219248,Benchmark
2025,County or Equivalent,Pierce County,53053,RDOMESTICMIG,Census-County-State-US,PEP_Vintage_2025,1.253397269,Broad
1985,State,Washington,53,NATURALCHG,Moodys-State,Moodys,35638.99934405452,Benchmark
2020,Metropolitan Statistical Area,Seattle MSA,42660,GQESTIMATES,Census-CBSA,PEP_Vintage_2025,76801.0,Benchmark
1992,Metropolitan Statistical Area,Seattle MSA,42660,INTERNATIONALMIG,Moodys-CBSA,Moodys,19013.300214846033,Benchmark
2015,Metropolitan Statistical Area,Seattle MSA,42660,NATURALCHG,Census-CBSA,PEP_Vintage_2020,22145.0,Benchmark
1990,County or Equivalent,Pierce County,53053,INTERNATIONALMIG,Moodys-County,Moodys,8331.725309971798,Broad
2022,State,Washington,53,NATURALCHG,Census-County-State-US,PEP_Vintage_2025,13336.0,Benchmark
2017,State,Washington,53,NETMIG,Census-County-State-US,PEP_Vintage_2020,94841.0,Benchmark
1989,Metropolitan Statistical Area,Seattle MSA,42660,POPESTIMATE,Moodys-CBSA,Moodys,2493223.048609659,Benchmark
2002,National,United States,00,BIRTHS,Moodys-US,Moodys,4005140.298994108,Benchmark
2021,County or Equivalent,Pierce County,53053,RNETMIG,Census-County-State-US,PEP_Vintage_2025,-0.106946384,Broad
2017,Region,Puget Sound Region,53033-53035-53053-53061,RESIDUAL,Census-County-State-US,PEP_Vintage_2020,108.0,Benchmark
2012,County or Equivalent,Pierce County,53053,RNETMIG,Census-County-State-US,PEP_Vintage_2020,3.1056359717,Broad
2014,Region,Puget Sound Region,53033-53035-53053-53061,GQESTIMATES,Census-County-State-US,PEP_Vintage_2020,78132.0,Benchmark
2013,National,United States,00,RDEATH,Census-County-State-US,PEP_Vintage_2020,8.2802454171,Benchmark
2012,Region,Puget Sound Region,53033-53035-53053-53061,RBIRTH,Census-County-State-US,PEP_Vintage_2020,50.533627098,Benchmark
2011,County or Equivalent,Pierce County,53053,RNETMIG,Census-County-State-US,PEP_Vintage_2020,8.9973988385,Broad
2015,State,Washington,53,POPESTIMATE,Census-County-State-US,PEP_Vintage_2020,7167287.0,Benchmark
2003,County or Equivalent,Pierce County,53053,RESIDUAL,Moodys-County,Moodys,-797.0000000000002,Broad
2019,Metropolitan Statistical Area,Seattle MSA,42660,RNETMIG,Census-CBSA,PEP_Vintage_2020,17.090450703800002,Benchmark
2019,National,United States,00,RDEATH,Census-County-State-US,PEP_Vintage_2020,8.6917594859,Benchmark
2019,State,Washington,53,GQESTIMATES,Census-County-State-US,PEP_Vintage_2020,148155.0,Benchmark
2017,Metropolitan Statistical Area,Seattle MSA,42660,INTERNATIONALMIG,Census-CBSA,PEP_Vintage_2020,26572.0,Benchmark
2013,State,Washington,53,DEATHS,Census-County-State-US,PEP_Vintage_2020,-51307.0,Benchmark
1983,Metropolitan Statistical Area,Seattle MSA,42660,INTERNATIONALMIG,Moodys-CBSA,Moodys,-6058.07096175918,Benchmark
2021,State,Washington,53,RESIDUAL,Census-County-State-US,PEP_Vintage_2025,697.0,Benchmark
2005,Metropolitan Statistical Area,Seattle MSA,42660,DEATHS,Moodys-CBSA,Moodys,-21180.943809213102,Benchmark
1993,National,United States,00,NATURALCHG,Moodys-US,Moodys,1816163.2996129473,Benchmark
2016,Metropolitan Statistical Area,Seattle MSA,42660,BIRTHS,Census-CBSA,PEP_Vintage_2020,47912.0,Benchmark
1988,County or Equivalent,Pierce County,53053,BIRTHS,Moodys-County,Moodys,9761.472112992607,Broad
2019,National,United States,00,NETMIG,Census-County-State-US,PEP_Vintage_2020,568639.0,Benchmark
2024,Metropolitan Statistical Area,Seattle MSA,42660,DOMESTICMIG,Census-CBSA,PEP_Vintage_2025,-11796.0,Benchmark
1985,County or Equivalent,Pierce County,53053,INTERNATIONALMIG,Moodys-County,Moodys,-1333.699398708811,Broad
1989,National,United States,00,DEATHS,Moodys-US,Moodys,-2162242.5203783186,Benchmark
2021,County or Equivalent,Pierce County,53053,DEATHS,Census-County-State-US,PEP_Vintage_2025,-7720.0,Broad
2015,County or Equivalent,Pierce County,53053,DOMESTICMIG,Census-County-State-US,PEP_Vintage_2020,3700.0,Broad
2014,National,United States,00,DEATHS,Census-County-State-US,PEP_Vintage_2020,-2582448.0,Benchmark
2003,Metropolitan Statistical Area,Seattle MSA,42660,NATURALCHG,Moodys-CBSA,Moodys,19394.45107048937,Benchmark
1995,National,United States,00,RESIDUAL,Moodys-US,Moodys,74320.5360925766,Benchmark
2012,Metropolitan Statistical Area,Seattle MSA,42660,GQESTIMATES,Census-CBSA,PEP_Vintage_2020,69388.0,Benchmark
2016,State,Washington,53,DEATHS,Census-County-State-US,PEP_Vintage_2020,-54714.0,Benchmark
2014,County or Equivalent,Pierce County,53053,RESIDUAL,Census-County-State-US,PEP_Vintage_2020,-2.0,Broad
2021,National,United States,00,GQESTIMATES,Census-County-State-US,PEP_Vintage_2025,7879040.0,Benchmark
2005,National,United States,00,BIRTHS,Moodys-US,Moodys,4118544.8079722,Benchmark
1994,Metropolitan Statistical Area,Seattle MSA,42660,BIRTHS,Moodys-CBSA,Moodys,40421.17044055807,Benchmark
1984,County or Equivalent,Pierce County,53053,DOMESTICMIG,Moodys-County,Moodys,4249.953821699768,Broad
2003,Region,Puget Sound Region,53033-53035-53053-53061,NATURALCHG,Moodys-County,Moodys,20673.84574118541,Benchmark
2005,County or Equivalent,Pierce County,53053,INTERNATIONALMIG,Moodys-County,Moodys,1587.3834532922274,Broad
2017,Region,Puget Sound Region,53033-53035-53053-53061,DOMESTICMIG,Census-County-State-US,PEP_Vintage_2020,23071.0,Benchmark
2012,State,Washington,53,GQESTIMATES,Census-County-State-US,PEP_Vintage_2020,145929.0,Benchmark
2010,State,Washington,53,DOMESTICMIG,Census-County-State-US,PEP_Vintage_2020,9196.0,Benchmark
2005,County or Equivalent,Pierce County,53053,POPESTIMATE,Moodys-County,Moodys,748148.0,Broad
2014,State,Washington,53,NATURALCHG,Census-County-State-US,PEP_Vintage_2020,36091.0,Benchmark
2024,Region,Puget Sound Region,53033-53035-53053-53061,RINTERNATIONALMIG,Census-County-State-US,PEP_Vintage_2025,36.764572931000004,Benchmark
2001,State,Washington,53,DOMESTICMIG,Moodys-State,Moodys,16855.000000001208,Benchmark
1996,National,United States,00,BIRTHS,Moodys-US,Moodys,3943589.8888344406,Benchmark
1992,Metropolitan Statistical Area,Seattle MSA,42660,NATURALCHG,Moodys-CBSA,Moodys,24018.01177679113,Benchmark
2005,Metropolitan Statistical Area,Seattle MSA,42660,POPESTIMATE,Moodys-CBSA,Moodys,3198265.0,Benchmark
1997,County or Equivalent,Pierce County,53053,INTERNATIONALMIG,Moodys-County,Moodys,1996.414305462746,Broad
1996,State,Washington,53,BIRTHS,Moodys-State,Moodys,78125.71948199105,Benchmark
2023,State,Washington,53,RNATURALCHG,Census-County-State-US,PEP_Vintage_2025,1.8472388982,Benchmark
1988,County or Equivalent,Pierce County,53053,DEATHS,Moodys-County,Moodys,-4185.152029537147,Broad
1987,State,Washington,53,RESIDUAL,Moodys-State,Moodys,-1719.0,Benchmark
2019,Metropolitan Statistical Area,Seattle MSA,42660,DEATHS,Census-CBSA,PEP_Vintage_2020,-26536.0,Benchmark
1995,Metropolitan Statistical Area,Seattle MSA,42660,NATURALCHG,Moodys-CBSA,Moodys,19930.716447304196,Benchmark
2013,National,United States,00,DOMESTICMIG,Census-County-State-US,PEP_Vintage_2020,0.0,Benchmark
2020,Region,Puget Sound Region,53033-53035-53053-53061,DEATHS,Census-County-State-US,PEP_Vintage_2025,-29500.0,Benchmark
2015,County or Equivalent,Pierce County,53053,NATURALCHG,Census-County-State-US,PEP_Vintage_2020,5143.0,Broad
2025,National,United States,00,NETMIG,Census-County-State-US,PEP_Vintage_2025,1262202.0,Benchmark
2023,Metropolitan Statistical Area,Seattle MSA,42660,POPESTIMATE,Census-CBSA,PEP_Vintage_2025,4062857.0,Benchmark
1987,County or Equivalent,Pierce County,53053,NATURALCHG,Moodys-County,Moodys,5608.927301720234,Broad
1984,National,United States,00,DEATHS,Moodys-US,Moodys,-2033566.9261921379,Benchmark
2010,National,United States,00,BIRTHS,Census-County-State-US,PEP_Vintage_2020,3951344.0,Benchmark
1992,County or Equivalent,Pierce County,53053,DEATHS,Moodys-County,Moodys,-4388.164644650453,Broad
2022,National,United States,00,NATURALCHG,Census-County-State-US,PEP_Vintage_2025,224026.0,Benchmark
2010,State,Washington,53,GQESTIMATES,Census-County-State-US,PEP_Vintage_2020,139348.0,Benchmark
2015,National,United States,00,NPOPCHG,Census-County-State-US,PEP_Vintage_2020,2352665.0,Benchmark
1997,State,Washington,53,RESIDUAL,Moodys-State,Moodys,-2151.9999999999995,Benchmark
2019,Metropolitan Statistical Area,Seattle MSA,42660,BIRTHS,Census-CBSA,PEP_Vintage_2020,45567.0,Benchmark
2012,County or Equivalent,Pierce County,53053,RESIDUAL,Census-County-State-US,PEP_Vintage_2020,-198.0,Broad
2007,County or Equivalent,Pierce County,53053,RESIDUAL,Moodys-County,Moodys,-149.0,Broad
2012,County or Equivalent,Pierce County,53053,INTERNATIONALMIG,Census-County-State-US,PEP_Vintage_2020,2550.0,Broad
1983,National,United States,00,NATURALCHG,Moodys-US,Moodys,1682820.768168798,Benchmark
2016,National,United States,00,NATURALCHG,Census-County-State-US,PEP_Vintage_2020,1267744.0,Benchmark
2012,State,Washington,53,NATURALCHG,Census-County-State-US,PEP_Vintage_2020,37281.0,Benchmark
2018,Metropolitan Statistical Area,Seattle MSA,42660,NETMIG,Census-CBSA,PEP_Vintage_2020,28268.0,Benchmark
2022,State,Washington,53,RBIRTH,Census-County-State-US,PEP_Vintage_2025,10.811180426,Benchmark
2013,County or Equivalent,Pierce County,53053,RNETMIG,Census-County-State-US,PEP_Vintage_2020,0.6584899079,Broad
2014,County or Equivalent,Pierce County,53053,NATURALCHG,Census-County-State-US,PEP_Vintage_2020,5485.0,Broad
2018,State,Washington,53,NPOPCHG,Census-County-State-US,PEP_Vintage_2020,98842.0,Benchmark
2015,Region,Puget Sound Region,53033-53035-53053-53061,NATURALCHG,Census-County-State-US,PEP_Vintage_2020,23031.0,Benchmark
2020,County or Equivalent,Pierce County,53053,GQESTIMATESBASE,Census-County-State-US,PEP_Vintage_2025,23320.0,Broad
2015,National,United States,00,RNATURALCHG,Census-County-State-US,PEP_Vintage_2020,4.0447466357,Benchmark
2002,County or Equivalent,Pierce County,53053,BIRTHS,Moodys-County,Moodys,10094.199190634912,Broad
2017,National,United States,00,DEATHS,Census-County-State-US,PEP_Vintage_2020,-2788163.0,Benchmark
2000,Metropolitan Statistical Area,Seattle MSA,42660,NATURALCHG,Moodys-CBSA,Moodys,19663.513807730582,Benchmark
2010,Region,Puget Sound Region,53033-53035-53053-53061,RESIDUAL,Census-County-State-US,PEP_Vintage_2020,-231.0,Benchmark
2015,Metropolitan Statistical Area,Seattle MSA,42660,BIRTHS,Census-CBSA,PEP_Vintage_2020,46490.0,Benchmark
1989,State,Washington,53,RESIDUAL,Moodys-State,Moodys,-1800.0,Benchmark
2000,National,United States,00,RESIDUAL,Moodys-US,Moodys,79190.78512037767,Benchmark
1993,National,United States,00,DEATHS,Moodys-US,Moodys,-2244966.319491201,Benchmark
1992,Region,Puget Sound Region,53033-53035-53053-53061,DOMESTICMIG,Moodys-County,Moodys,24909.47527224269,Benchmark
2016,County or Equivalent,Pierce County,53053,RNETMIG,Census-County-State-US,PEP_Vintage_2020,16.702949855,Broad
1993,National,United States,00,INTERNATIONALMIG,Moodys-US,Moodys,1516243.275857784,Benchmark
2024,National,United States,00,RINTERNATIONALMIG,Census-County-State-US,PEP_Vintage_2025,8.0810705439,Benchmark
2013,Metropolitan Statistical Area,Seattle MSA,42660,RNETMIG,Census-CBSA,PEP_Vintage_2020,22.439820589900002,Benchmark
1998,Region,Puget Sound Region,53033-53035-53053-53061,INTERNATIONALMIG,Moodys-County,Moodys,20321.884332823014,Benchmark
2010,Region,Puget Sound Region,53033-53035-53053-53061,DEATHS,Census-County-State-US,PEP_Vintage_2020,-22696.0,Benchmark
1983,Region,Puget Sound Region,53033-53035-53053-53061,INTERNATIONALMIG,Moodys-County,Moodys,1779.4503087729627,Benchmark
1990,Region,Puget Sound Region,53033-53035-53053-53061,NATURALCHG,Moodys-County,Moodys,26014.00992707306,Benchmark
2019,County or Equivalent,Pierce County,53053,NETMIG,Census-County-State-US,PEP_Vintage_2020,6599.0,Broad
2012,State,Washington,53,DOMESTICMIG,Census-County-State-US,PEP_Vintage_2020,11986.0,Benchmark
2023,Region,Puget Sound Region,53033-53035-53053-53061,RDOMESTICMIG,Census-County-State-US,PEP_Vintage_2025,-20.07377886,Benchmark
2017,State,Washington,53,INTERNATIONALMIG,Census-County-State-US,PEP_Vintage_2020,30495.0,Benchmark
1982,State,Washington,53,INTERNATIONALMIG,Moodys-State,Moodys,-3737.18423491376,Benchmark
2025,State,Washington,53,RNETMIG,Census-County-State-US,PEP_Vintage_2025,6.9608985586,Benchmark
2023,National,United States,00,DOMESTICMIG,Census-County-State-US,PEP_Vintage_2025,0.0,Benchmark
2013,Metropolitan Statistical Area,Seattle MSA,42660,RESIDUAL,Census-CBSA,PEP_Vintage_2020,82.0,Benchmark
2021,State,Washington,53,BIRTHS,Census-County-State-US,PEP_Vintage_2025,82557.0,Benchmark
2005,National,United States,00,DEATHS,Moodys-US,Moodys,-2431907.9559331518,Benchmark
2003,County or Equivalent,Pierce County,53053,BIRTHS,Moodys-County,Moodys,9985.331577821054,Broad
2025,Metropolitan Statistical Area,Seattle MSA,42660,DEATHS,Census-CBSA,PEP_Vintage_2025,-29618.0,Benchmark
2020,Region,Puget Sound Region,53033-53035-53053-53061,RESIDUAL,Census-County-State-US,PEP_Vintage_2025,919.0,Benchmark
2011,Metropolitan Statistical Area,Seattle MSA,42660,GQESTIMATES,Census-CBSA,PEP_Vintage_2020,69523.0,Benchmark
1988,National,United States,00,DEATHS,Moodys-US,Moodys,-2164447.697950879,Benchmark
1995,County or Equivalent,Pierce County,53053,POPESTIMATE,Moodys-County,Moodys,648819.9931845214,Broad
2013,National,United States,00,NPOPCHG,Census-County-State-US,PEP_Vintage_2020,2182285.0,Benchmark
2023,National,United States,00,RINTERNATIONALMIG,Census-County-State-US,PEP_Vintage_2025,6.7510471049,Benchmark
2012,State,Washington,53,INTERNATIONALMIG,Census-County-State-US,PEP_Vintage_2020,22202.0,Benchmark
1997,County or Equivalent,Pierce County,53053,DOMESTICMIG,Moodys-County,Moodys,3302.9983106061345,Broad
2017,Metropolitan Statistical Area,Seattle MSA,42660,NETMIG,Census-CBSA,PEP_Vintage_2020,47461.0,Benchmark
2012,National,United States,00,DEATHS,Census-County-State-US,PEP_Vintage_2020,-2501531.0,Benchmark
2018,State,Washington,53,RESIDUAL,Census-County-State-US,PEP_Vintage_2020,103.0,Benchmark
2012,Metropolitan Statistical Area,Seattle MSA,42660,RBIRTH,Census-CBSA,PEP_Vintage_2020,38.626361465,Benchmark
1998,National,United States,00,INTERNATIONALMIG,Moodys-US,Moodys,1511656.3571522206,Benchmark
2012,National,United States,00,NPOPCHG,Census-County-State-US,PEP_Vintage_2020,2294181.0,Benchmark
2014,Region,Puget Sound Region,53033-53035-53053-53061,INTERNATIONALMIG,Census-County-State-US,PEP_Vintage_2020,25545.0,Benchmark
2000,State,Washington,53,NATURALCHG,Moodys-State,Moodys,36287.35959160536,Benchmark
1996,Region,Puget Sound Region,53033-53035-53053-53061,INTERNATIONALMIG,Moodys-County,Moodys,13806.725658015657,Benchmark
2024,Region,Puget Sound Region,53033-53035-53053-53061,GQESTIMATES,Census-County-State-US,PEP_Vintage_2025,84160.0,Benchmark
1986,Region,Puget Sound Region,53033-53035-53053-53061,NATURALCHG,Moodys-County,Moodys,20990.612667576468,Benchmark
1991,National,United States,00,BIRTHS,Moodys-US,Moodys,4147427.967718141,Benchmark
1996,Region,Puget Sound Region,53033-53035-53053-53061,DEATHS,Moodys-County,Moodys,-21173.010291827683,Benchmark
2022,Metropolitan Statistical Area,Seattle MSA,42660,RESIDUAL,Census-CBSA,PEP_Vintage_2025,-2970.0,Benchmark
2025,Region,Puget Sound Region,53033-53035-53053-53061,POPESTIMATE,Census-County-State-US,PEP_Vintage_2025,4445257.0,Benchmark
2019,Region,Puget Sound Region,53033-53035-53053-53061,RESIDUAL,Census-County-State-US,PEP_Vintage_2020,96.0,Benchmark
2014,County or Equivalent,Pierce County,53053,RINTERNATIONALMIG,Census-County-State-US,PEP_Vintage_2020,2.4721759319,Broad
2025,National,United States,00,GQESTIMATES,Census-County-State-US,PEP_Vintage_2025,8439257.0,Benchmark
2023,Metropolitan Statistical Area,Seattle MSA,42660,RNATURALCHG,Census-CBSA,PEP_Vintage_2025,9.904374569,Benchmark
1989,County or Equivalent,Pierce County,53053,INTERNATIONALMIG,Moodys-County,Moodys,-996.6810759696415,Broad
2021,Place,"Fife, WA",5323795,POPESTIMATE,Census-Place,PEP_Vintage_2025,10928.0,Focus
2016,County or Equivalent,Pierce County,53053,RBIRTH,Census-County-State-US,PEP_Vintage_2020,13.903710134,Broad
2010,Place,"Fife, WA",5323795,POPESTIMATE,Census-Place,PEP_Vintage_2020,9346.0,Focus
2021,National,United States,00,NETMIG,Census-County-State-US,PEP_Vintage_2025,376026.0,Benchmark
2004,Region,Puget Sound Region,53033-53035-53053-53061,NATURALCHG,Moodys-County,Moodys,21855.319014007,Benchmark
2000,Metropolitan Statistical Area,Seattle MSA,42660,DOMESTICMIG,Moodys-CBSA,Moodys,1421.3145453061134,Benchmark
1987,County or Equivalent,Pierce County,53053,INTERNATIONALMIG,Moodys-County,Moodys,339.9385593975098,Broad
1997,Metropolitan Statistical Area,Seattle MSA,42660,DOMESTICMIG,Moodys-CBSA,Moodys,23967.831998604393,Benchmark
1996,County or Equivalent,Pierce County,53053,BIRTHS,Moodys-County,Moodys,9682.95192489918,Broad
2002,National,United States,00,INTERNATIONALMIG,Moodys-US,Moodys,1013682.2660041114,Benchmark
2011,County or Equivalent,Pierce County,53053,INTERNATIONALMIG,Census-County-State-US,PEP_Vintage_2020,1346.0,Broad
2025,Region,Puget Sound Region,53033-53035-53053-53061,BIRTHS,Census-County-State-US,PEP_Vintage_2025,46107.0,Benchmark
2018,Region,Puget Sound Region,53033-53035-53053-53061,INTERNATIONALMIG,Census-County-State-US,PEP_Vintage_2020,21313.0,Benchmark
1984,Region,Puget Sound Region,53033-53035-53053-53061,DOMESTICMIG,Moodys-County,Moodys,2436.6732191854453,Benchmark
2013,Region,Puget Sound Region,53033-53035-53053-53061,RBIRTH,Census-County-State-US,PEP_Vintage_2020,49.794007471,Benchmark
2017,Metropolitan Statistical Area,Seattle MSA,42660,BIRTHS,Census-CBSA,PEP_Vintage_2020,47004.0,Benchmark
2024,National,United States,00,RBIRTH,Census-County-State-US,PEP_Vintage_2025,10.663228136,Benchmark
2013,County or Equivalent,Pierce County,53053,RDOMESTICMIG,Census-County-State-US,PEP_Vintage_2020,-1.290102677,Broad
2015,County or Equivalent,Pierce County,53053,RDOMESTICMIG,Census-County-State-US,PEP_Vintage_2020,4.4115288749,Broad
2001,County or Equivalent,Pierce County,53053,DEATHS,Moodys-County,Moodys,-5333.0526313831115,Broad
2000,Region,Puget Sound Region,53033-53035-53053-53061,NATURALCHG,Moodys-County,Moodys,21212.194727976934,Benchmark
1981,County or Equivalent,Pierce County,53053,INTERNATIONALMIG,Moodys-County,Moodys,845.0457091526913,Broad
2022,County or Equivalent,Pierce County,53053,RDOMESTICMIG,Census-County-State-US,PEP_Vintage_2025,-4.908254557,Broad
2006,County or Equivalent,Pierce County,53053,INTERNATIONALMIG,Moodys-County,Moodys,2336.0232504225396,Broad
2004,County or Equivalent,Pierce County,53053,INTERNATIONALMIG,Moodys-County,Moodys,2946.3869502694342,Broad
2021,County or Equivalent,Pierce County,53053,BIRTHS,Census-County-State-US,PEP_Vintage_2025,11029.0,Broad
1997,National,United States,00,INTERNATIONALMIG,Moodys-US,Moodys,1577679.6754052148,Benchmark
1996,National,United States,00,RESIDUAL,Moodys-US,Moodys,75245.05436184461,Benchmark
1990,Metropolitan Statistical Area,Seattle MSA,42660,NATURALCHG,Moodys-CBSA,Moodys,24041.728328971694,Benchmark
2024,Metropolitan Statistical Area,Seattle MSA,42660,RESIDUAL,Census-CBSA,PEP_Vintage_2025,-115.0,Benchmark
2013,National,United States,00,INTERNATIONALMIG,Census-County-State-US,PEP_Vintage_2020,849728.0,Benchmark
2005,County or Equivalent,Pierce County,53053,NATURALCHG,Moodys-County,Moodys,4730.686351642146,Broad
1985,Metropolitan Statistical Area,Seattle MSA,42660,NATURALCHG,Moodys-CBSA,Moodys,18682.845462207755,Benchmark
2015,Region,Puget Sound Region,53033-53035-53053-53061,RDOMESTICMIG,Census-County-State-US,PEP_Vintage_2020,31.8008515408,Benchmark
1993,State,Washington,53,BIRTHS,Moodys-State,Moodys,79378.15925207904,Benchmark
2025,State,Washington,53,RBIRTH,Census-County-State-US,PEP_Vintage_2025,10.467463763,Benchmark
1985,National,United States,00,POPESTIMATE,Moodys-US,Moodys,237969068.7003573,Benchmark
1987,State,Washington,53,POPESTIMATE,Moodys-State,Moodys,4531899.902343751,Benchmark
2024,State,Washington,53,NATURALCHG,Census-County-State-US,PEP_Vintage_2025,16694.0,Benchmark
1984,Metropolitan Statistical Area,Seattle MSA,42660,INTERNATIONALMIG,Moodys-CBSA,Moodys,7286.83823844139,Benchmark
1986,Region,Puget Sound Region,53033-53035-53053-53061,INTERNATIONALMIG,Moodys-County,Moodys,17473.212523683782,Benchmark
1996,Metropolitan Statistical Area,Seattle MSA,42660,DOMESTICMIG,Moodys-CBSA,Moodys,9293.094276585309,Benchmark
2013,County or Equivalent,Pierce County,53053,RBIRTH,Census-County-State-US,PEP_Vintage_2020,13.403140594,Broad
1994,Region,Puget Sound Region,53033-53035-53053-53061,NATURALCHG,Moodys-County,Moodys,23045.87262407255,Benchmark
1998,County or Equivalent,Pierce County,53053,DOMESTICMIG,Moodys-County,Moodys,6568.070337171364,Broad
2005,State,Washington,53,BIRTHS,Moodys-State,Moodys,81705.09248808601,Benchmark
1998,County or Equivalent,Pierce County,53053,INTERNATIONALMIG,Moodys-County,Moodys,2140.9919738637263,Broad
2018,Metropolitan Statistical Area,Seattle MSA,42660,RDOMESTICMIG,Census-CBSA,PEP_Vintage_2020,12.3104461552,Benchmark
2015,State,Washington,53,NPOPCHG,Census-County-State-US,PEP_Vintage_2020,109756.0,Benchmark
2025,National,United States,00,RDOMESTICMIG,Census-County-State-US,PEP_Vintage_2025,0.0,Benchmark
2011,Metropolitan Statistical Area,Seattle MSA,42660,INTERNATIONALMIG,Census-CBSA,PEP_Vintage_2020,17027.0,Benchmark
2012,National,United States,00,DOMESTICMIG,Census-County-State-US,PEP_Vintage_2020,0.0,Benchmark
2010,County or Equivalent,Pierce County,53053,BIRTHS,Census-County-State-US,PEP_Vintage_2020,10664.0,Broad
2013,County or Equivalent,Pierce County,53053,POPESTIMATE,Census-County-State-US,PEP_Vintage_2020,821307.0,Broad
2019,Region,Puget Sound Region,53033-53035-53053-53061,RBIRTH,Census-County-State-US,PEP_Vintage_2020,46.739813511,Benchmark
2022,Metropolitan Statistical Area,Seattle MSA,42660,RNATURALCHG,Census-CBSA,PEP_Vintage_2025,10.062995902,Benchmark
2006,County or Equivalent,Pierce County,53053,NATURALCHG,Moodys-County,Moodys,5564.040989699201,Broad
2005,Metropolitan Statistical Area,Seattle MSA,42660,RESIDUAL,Moodys-CBSA,Moodys,-1576.0000000000005,Benchmark
1989,County or Equivalent,Pierce County,53053,DOMESTICMIG,Moodys-County,Moodys,5162.5208519474045,Broad
2020,Region,Puget Sound Region,53033-53035-53053-53061,NATURALCHG,Census-County-State-US,PEP_Vintage_2025,17884.0,Benchmark
2017,National,United States,00,RDOMESTICMIG,Census-County-State-US,PEP_Vintage_2020,0.0,Benchmark
2013,Metropolitan Statistical Area,Seattle MSA,42660,RDEATH,Census-CBSA,PEP_Vintage_2020,19.900383813799998,Benchmark
2017,Region,Puget Sound Region,53033-53035-53053-53061,RDEATH,Census-County-State-US,PEP_Vintage_2020,29.370932999,Benchmark
2018,County or Equivalent,Pierce County,53053,RDOMESTICMIG,Census-County-State-US,PEP_Vintage_2020,9.6412899505,Broad
1991,National,United States,00,DOMESTICMIG,Moodys-US,Moodys,1335.7187454981022,Benchmark
2021,National,United States,00,RNATURALCHG,Census-County-State-US,PEP_Vintage_2025,0.4400807036,Benchmark
2004,Region,Puget Sound Region,53033-53035-53053-53061,BIRTHS,Moodys-County,Moodys,44725.805997796124,Benchmark
1981,Region,Puget Sound Region,53033-53035-53053-53061,NATURALCHG,Moodys-County,Moodys,21154.3783878169,Benchmark
2016,Region,Puget Sound Region,53033-53035-53053-53061,GQESTIMATES,Census-County-State-US,PEP_Vintage_2020,78422.0,Benchmark
2012,National,United States,00,NETMIG,Census-County-State-US,PEP_Vintage_2020,858736.0,Benchmark
2024,Region,Puget Sound Region,53033-53035-53053-53061,RESIDUAL,Census-County-State-US,PEP_Vintage_2025,-111.0,Benchmark
2019,State,Washington,53,NETMIG,Census-County-State-US,PEP_Vintage_2020,59396.0,Benchmark
2023,Metropolitan Statistical Area,Seattle MSA,42660,RNETMIG,Census-CBSA,PEP_Vintage_2025,11.294408428,Benchmark
2002,Place,"Fife, WA",5323795,POPESTIMATE,Census-Place,PEP City and Town Intercensal Datasets: 2000-2010,5902.0,Focus
1985,Region,Puget Sound Region,53033-53035-53053-53061,POPESTIMATE,Moodys-County,Moodys,2421578.844560276,Benchmark
1996,County or Equivalent,Pierce County,53053,DOMESTICMIG,Moodys-County,Moodys,2544.5717439407144,Broad
2012,County or Equivalent,Pierce County,53053,RINTERNATIONALMIG,Census-County-State-US,PEP_Vintage_2020,3.1413612565,Broad
2008,National,United States,00,NATURALCHG,Moodys-US,Moodys,1842619.8403925642,Benchmark
2018,Metropolitan Statistical Area,Seattle MSA,42660,NPOPCHG,Census-CBSA,PEP_Vintage_2020,48739.0,Benchmark
2025,Metropolitan Statistical Area,Seattle MSA,42660,RESIDUAL,Census-CBSA,PEP_Vintage_2025,389.0,Benchmark
1999,Metropolitan Statistical Area,Seattle MSA,42660,POPESTIMATE,Moodys-CBSA,Moodys,3019650.993459932,Benchmark
1989,Metropolitan Statistical Area,Seattle MSA,42660,NATURALCHG,Moodys-CBSA,Moodys,21556.762503801237,Benchmark
2018,Metropolitan Statistical Area,Seattle MSA,42660,NATURALCHG,Census-CBSA,PEP_Vintage_2020,20466.0,Benchmark
2018,National,United States,00,RNATURALCHG,Census-County-State-US,PEP_Vintage_2020,3.0560141737,Benchmark
2021,National,United States,00,POPESTIMATE,Census-County-State-US,PEP_Vintage_2025,332100166.0,Benchmark
2012,County or Equivalent,Pierce County,53053,DOMESTICMIG,Census-County-State-US,PEP_Vintage_2020,-29.0,Broad
1999,National,United States,00,RESIDUAL,Moodys-US,Moodys,78149.494677087,Benchmark
1997,State,Washington,53,INTERNATIONALMIG,Moodys-State,Moodys,32159.892093617862,Benchmark
2001,State,Washington,53,NATURALCHG,Moodys-State,Moodys,36206.929699951295,Benchmark
1999,State,Washington,53,DOMESTICMIG,Moodys-State,Moodys,15619.263240617996,Benchmark
1993,Metropolitan Statistical Area,Seattle MSA,42660,DEATHS,Moodys-CBSA,Moodys,-19355.37924202588,Benchmark
2023,National,United States,00,RBIRTH,Census-County-State-US,PEP_Vintage_2025,10.880025713,Benchmark
1999,Metropolitan Statistical Area,Seattle MSA,42660,NATURALCHG,Moodys-CBSA,Moodys,19753.146041838627,Benchmark
2025,State,Washington,53,DEATHS,Census-County-State-US,PEP_Vintage_2025,-66138.0,Benchmark
2017,State,Washington,53,RESIDUAL,Census-County-State-US,PEP_Vintage_2020,266.0,Benchmark
2012,National,United States,00,RNETMIG,Census-County-State-US,PEP_Vintage_2020,2.7459291744,Benchmark
1982,County or Equivalent,Pierce County,53053,DOMESTICMIG,Moodys-County,Moodys,4123.815915893162,Broad
2021,National,United States,00,RDEATH,Census-County-State-US,PEP_Vintage_2025,10.361716378,Benchmark
1999,Metropolitan Statistical Area,Seattle MSA,42660,INTERNATIONALMIG,Moodys-CBSA,Moodys,16989.707812690154,Benchmark
2022,County or Equivalent,Pierce County,53053,NPOPCHG,Census-County-State-US,PEP_Vintage_2025,-330.0,Broad
2001,Region,Puget Sound Region,53033-53035-53053-53061,POPESTIMATE,Moodys-County,Moodys,3327440.000000001,Benchmark
2011,National,United States,00,POPESTIMATE,Census-County-State-US,PEP_Vintage_2020,311583481.0,Benchmark
2018,State,Washington,53,RNETMIG,Census-County-State-US,PEP_Vintage_2020,9.2044370669,Benchmark
2019,County or Equivalent,Pierce County,53053,RESIDUAL,Census-County-State-US,PEP_Vintage_2020,30.0,Broad
2016,National,United States,00,RDOMESTICMIG,Census-County-State-US,PEP_Vintage_2020,0.0,Benchmark
2022,Metropolitan Statistical Area,Seattle MSA,42660,RBIRTH,Census-CBSA,PEP_Vintage_2025,34.11338413,Benchmark
2007,County or Equivalent,Pierce County,53053,POPESTIMATE,Moodys-County,Moodys,772484.0,Broad
1998,Metropolitan Statistical Area,Seattle MSA,42660,NATURALCHG,Moodys-CBSA,Moodys,20732.636971422013,Benchmark
2025,Metropolitan Statistical Area,Seattle MSA,42660,POPESTIMATE,Census-CBSA,PEP_Vintage_2025,4161883.0,Benchmark
2024,State,Washington,53,BIRTHS,Census-County-State-US,PEP_Vintage_2025,82149.0,Benchmark
1983,National,United States,00,INTERNATIONALMIG,Moodys-US,Moodys,378287.4712260281,Benchmark
2019,County or Equivalent,Pierce County,53053,RINTERNATIONALMIG,Census-County-State-US,PEP_Vintage_2020,1.2584204768,Broad
2022,National,United States,00,RDOMESTICMIG,Census-County-State-US,PEP_Vintage_2025,0.0,Benchmark
2019,National,United States,00,BIRTHS,Census-County-State-US,PEP_Vintage_2020,3770397.0,Benchmark
1983,County or Equivalent,Pierce County,53053,RESIDUAL,Moodys-County,Moodys,-194.12890937792486,Broad
1989,Metropolitan Statistical Area,Seattle MSA,42660,DOMESTICMIG,Moodys-CBSA,Moodys,15124.694638033603,Benchmark
2025,National,United States,00,INTERNATIONALMIG,Census-County-State-US,PEP_Vintage_2025,1262202.0,Benchmark
2018,Metropolitan Statistical Area,Seattle MSA,42660,DEATHS,Census-CBSA,PEP_Vintage_2020,-25526.0,Benchmark
1995,Region,Puget Sound Region,53033-53035-53053-53061,DEATHS,Moodys-County,Moodys,-21063.613579831,Benchmark
2018,National,United States,00,RBIRTH,Census-County-State-US,PEP_Vintage_2020,11.76598281,Benchmark
1997,Region,Puget Sound Region,53033-53035-53053-53061,BIRTHS,Moodys-County,Moodys,42396.755091461586,Benchmark
2000,Region,Puget Sound Region,53033-53035-53053-53061,BIRTHS,Moodys-County,Moodys,43887.692332536266,Benchmark
1994,State,Washington,53,POPESTIMATE,Moodys-State,Moodys,5375161.132812498,Benchmark
2023,County or Equivalent,Pierce County,53053,RNETMIG,Census-County-State-US,PEP_Vintage_2025,1.586990764,Broad
2007,Region,Puget Sound Region,53033-53035-53053-53061,DOMESTICMIG,Moodys-County,Moodys,9837.47938489039,Benchmark
2022,Region,Puget Sound Region,53033-53035-53053-53061,RESIDUAL,Census-County-State-US,PEP_Vintage_2025,-3101.0,Benchmark
2015,State,Washington,53,INTERNATIONALMIG,Census-County-State-US,PEP_Vintage_2020,33108.0,Benchmark
1990,County or Equivalent,Pierce County,53053,POPESTIMATE,Moodys-County,Moodys,590518.9828237576,Broad
2014,Region,Puget Sound Region,53033-53035-53053-53061,DOMESTICMIG,Census-County-State-US,PEP_Vintage_2020,15012.0,Benchmark
2015,State,Washington,53,RDEATH,Census-County-State-US,PEP_Vintage_2020,7.5722585695,Benchmark
2017,Region,Puget Sound Region,53033-53035-53053-53061,NETMIG,Census-County-State-US,PEP_Vintage_2020,49838.0,Benchmark
2002,County or Equivalent,Pierce County,53053,INTERNATIONALMIG,Moodys-County,Moodys,583.7218701142242,Broad
2020,County or Equivalent,Pierce County,53053,RESIDUAL,Census-County-State-US,PEP_Vintage_2025,214.0,Broad
1983,Metropolitan Statistical Area,Seattle MSA,42660,POPESTIMATE,Moodys-CBSA,Moodys,2188096.563516369,Benchmark
2000,National,United States,00,INTERNATIONALMIG,Moodys-US,Moodys,1415600.0274481117,Benchmark
2014,Metropolitan Statistical Area,Seattle MSA,42660,DEATHS,Census-CBSA,PEP_Vintage_2020,-23371.0,Benchmark
1986,Metropolitan Statistical Area,Seattle MSA,42660,RESIDUAL,Moodys-CBSA,Moodys,-872.8172424386062,Benchmark
1987,County or Equivalent,Pierce County,53053,BIRTHS,Moodys-County,Moodys,9566.47445654329,Broad
2015,County or Equivalent,Pierce County,53053,RBIRTH,Census-County-State-US,PEP_Vintage_2020,13.728200937,Broad
2022,National,United States,00,RNETMIG,Census-County-State-US,PEP_Vintage_2025,5.0206301198,Benchmark
2006,Region,Puget Sound Region,53033-53035-53053-53061,INTERNATIONALMIG,Moodys-County,Moodys,17279.419470477835,Benchmark
1990,State,Washington,53,INTERNATIONALMIG,Moodys-State,Moodys,34111.45602249961,Benchmark
2013,Metropolitan Statistical Area,Seattle MSA,42660,POPESTIMATE,Census-CBSA,PEP_Vintage_2020,3613596.0,Benchmark
2015,National,United States,00,RDEATH,Census-County-State-US,PEP_Vintage_2020,8.4485026734,Benchmark
2021,State,Washington,53,NATURALCHG,Census-County-State-US,PEP_Vintage_2025,17816.0,Benchmark
2022,County or Equivalent,Pierce County,53053,DEATHS,Census-County-State-US,PEP_Vintage_2025,-8567.0,Broad
1982,Region,Puget Sound Region,53033-53035-53053-53061,DOMESTICMIG,Moodys-County,Moodys,-606.0160106090138,Benchmark
2012,County or Equivalent,Pierce County,53053,DEATHS,Census-County-State-US,PEP_Vintage_2020,-5723.0,Broad
1997,Metropolitan Statistical Area,Seattle MSA,42660,NATURALCHG,Moodys-CBSA,Moodys,18567.557686986533,Benchmark
1994,County or Equivalent,Pierce County,53053,DEATHS,Moodys-County,Moodys,-4648.196946883403,Broad
1989,Metropolitan Statistical Area,Seattle MSA,42660,DEATHS,Moodys-CBSA,Moodys,-17633.495410235468,Benchmark
2004,Metropolitan Statistical Area,Seattle MSA,42660,RESIDUAL,Moodys-CBSA,Moodys,-780.0,Benchmark
2017,County or Equivalent,Pierce County,53053,RESIDUAL,Census-County-State-US,PEP_Vintage_2020,50.0,Broad
1985,State,Washington,53,BIRTHS,Moodys-State,Moodys,69978.0007322675,Benchmark
2025,National,United States,00,DEATHS,Census-County-State-US,PEP_Vintage_2025,-3101603.0,Benchmark
2010,National,United States,00,POPESTIMATE,Census-County-State-US,PEP_Vintage_2020,309327143.0,Benchmark
2023,County or Equivalent,Pierce County,53053,RDOMESTICMIG,Census-County-State-US,PEP_Vintage_2025,-2.525198186,Broad
2024,Metropolitan Statistical Area,Seattle MSA,42660,BIRTHS,Census-CBSA,PEP_Vintage_2025,43119.0,Benchmark
1982,County or Equivalent,Pierce County,53053,DEATHS,Moodys-County,Moodys,-3650.609630257113,Broad
2011,Region,Puget Sound Region,53033-53035-53053-53061,RBIRTH,Census-County-State-US,PEP_Vintage_2020,50.214917166999996,Benchmark
1997,County or Equivalent,Pierce County,53053,RESIDUAL,Moodys-County,Moodys,-252.23399114340938,Broad
2007,State,Washington,53,DEATHS,Moodys-State,Moodys,-46448.27288704047,Benchmark
1995,County or Equivalent,Pierce County,53053,INTERNATIONALMIG,Moodys-County,Moodys,2656.8862985858555,Broad
2017,County or Equivalent,Pierce County,53053,NPOPCHG,Census-County-State-US,PEP_Vintage_2020,16741.0,Broad
2012,Region,Puget Sound Region,53033-53035-53053-53061,NETMIG,Census-County-State-US,PEP_Vintage_2020,31933.0,Benchmark
1997,State,Washington,53,DOMESTICMIG,Moodys-State,Moodys,39766.419337985106,Benchmark
2021,Metropolitan Statistical Area,Seattle MSA,42660,NETMIG,Census-CBSA,PEP_Vintage_2025,-25925.0,Benchmark
2017,National,United States,00,NATURALCHG,Census-County-State-US,PEP_Vintage_2020,1101981.0,Benchmark
2004,National,United States,00,DEATHS,Moodys-US,Moodys,-2448203.9914875594,Benchmark
1989,Region,Puget Sound Region,53033-53035-53053-53061,RESIDUAL,Moodys-County,Moodys,-1014.7278017244262,Benchmark
1998,County or Equivalent,Pierce County,53053,NATURALCHG,Moodys-County,Moodys,5416.410413432722,Broad
1981,Region,Puget Sound Region,53033-53035-53053-53061,RESIDUAL,Moodys-County,Moodys,-874.557395651796,Benchmark
2012,Region,Puget Sound Region,53033-53035-53053-53061,RDEATH,Census-County-State-US,PEP_Vintage_2020,27.071536807,Benchmark
2004,Region,Puget Sound Region,53033-53035-53053-53061,RESIDUAL,Moodys-County,Moodys,-1010.0,Benchmark
2023,State,Washington,53,RINTERNATIONALMIG,Census-County-State-US,PEP_Vintage_2025,7.1301475929,Benchmark
2012,County or Equivalent,Pierce County,53053,RDOMESTICMIG,Census-County-State-US,PEP_Vintage_2020,-0.035725285,Broad
2016,State,Washington,53,POPESTIMATE,Census-County-State-US,PEP_Vintage_2020,7299961.0,Benchmark
2019,National,United States,00,NPOPCHG,Census-County-State-US,PEP_Vintage_2020,1491754.0,Benchmark
2019,Region,Puget Sound Region,53033-53035-53053-53061,DEATHS,Census-County-State-US,PEP_Vintage_2020,-28882.0,Benchmark
2010,State,Washington,53,GQESTIMATESBASE,Census-County-State-US,PEP_Vintage_2020,139375.0,Benchmark
2021,State,Washington,53,DEATHS,Census-County-State-US,PEP_Vintage_2025,-64741.0,Benchmark
1983,Region,Puget Sound Region,53033-53035-53053-53061,NATURALCHG,Moodys-County,Moodys,20244.608012961606,Benchmark
2002,County or Equivalent,Pierce County,53053,DEATHS,Moodys-County,Moodys,-5477.40846213194,Broad
2003,National,United States,00,RESIDUAL,Moodys-US,Moodys,69424.35574127502,Benchmark
1987,Metropolitan Statistical Area,Seattle MSA,42660,RESIDUAL,Moodys-CBSA,Moodys,-893.7499156862555,Benchmark
2023,National,United States,00,NATURALCHG,Census-County-State-US,PEP_Vintage_2025,494611.0,Benchmark
2018,Metropolitan Statistical Area,Seattle MSA,42660,POPESTIMATE,Census-CBSA,PEP_Vintage_2020,3937546.0,Benchmark
2016,State,Washington,53,RBIRTH,Census-County-State-US,PEP_Vintage_2020,12.505211772,Benchmark
2024,State,Washington,53,INTERNATIONALMIG,Census-County-State-US,PEP_Vintage_2025,71161.0,Benchmark
1981,National,United States,00,POPESTIMATE,Moodys-US,Moodys,229507768.19637826,Benchmark
2005,National,United States,00,NATURALCHG,Moodys-US,Moodys,1686636.852039049,Benchmark
2008,National,United States,00,BIRTHS,Moodys-US,Moodys,4279721.5288560055,Benchmark
2021,County or Equivalent,Pierce County,53053,RINTERNATIONALMIG,Census-County-State-US,PEP_Vintage_2025,0.934430524,Broad
2019,National,United States,00,RNATURALCHG,Census-County-State-US,PEP_Vintage_2020,2.8179483303,Benchmark
2018,Metropolitan Statistical Area,Seattle MSA,42660,DOMESTICMIG,Census-CBSA,PEP_Vintage_2020,7004.0,Benchmark
1993,County or Equivalent,Pierce County,53053,NATURALCHG,Moodys-County,Moodys,5574.057039773036,Broad
1987,National,United States,00,BIRTHS,Moodys-US,Moodys,3782889.7718070187,Benchmark
1981,County or Equivalent,Pierce County,53053,BIRTHS,Moodys-County,Moodys,9518.775738031109,Broad
1981,Metropolitan Statistical Area,Seattle MSA,42660,BIRTHS,Moodys-CBSA,Moodys,34770.14398534173,Benchmark
1989,Region,Puget Sound Region,53033-53035-53053-53061,INTERNATIONALMIG,Moodys-County,Moodys,28100.917868973538,Benchmark
1999,State,Washington,53,RESIDUAL,Moodys-State,Moodys,-2216.0000000000005,Benchmark
1981,County or Equivalent,Pierce County,53053,DOMESTICMIG,Moodys-County,Moodys,4790.577835798801,Broad
2022,Metropolitan Statistical Area,Seattle MSA,42660,DEATHS,Census-CBSA,PEP_Vintage_2025,-30620.0,Benchmark
2024,Region,Puget Sound Region,53033-53035-53053-53061,NETMIG,Census-County-State-US,PEP_Vintage_2025,45332.0,Benchmark
2012,State,Washington,53,RNETMIG,Census-County-State-US,PEP_Vintage_2020,4.9814666651,Benchmark
1994,National,United States,00,NATURALCHG,Moodys-US,Moodys,1706565.9716413347,Benchmark
2025,Metropolitan Statistical Area,Seattle MSA,42660,INTERNATIONALMIG,Census-CBSA,PEP_Vintage_2025,37353.0,Benchmark
2022,Region,Puget Sound Region,53033-53035-53053-53061,RBIRTH,Census-County-State-US,PEP_Vintage_2025,44.523006,Benchmark
2001,County or Equivalent,Pierce County,53053,BIRTHS,Moodys-County,Moodys,10171.810248538202,Broad
2018,State,Washington,53,DOMESTICMIG,Census-County-State-US,PEP_Vintage_2020,45220.0,Benchmark
2001,National,United States,00,INTERNATIONALMIG,Moodys-US,Moodys,1099194.7413065876,Benchmark
1998,Metropolitan Statistical Area,Seattle MSA,42660,RESIDUAL,Moodys-CBSA,Moodys,-1129.6401848750231,Benchmark
2012,Metropolitan Statistical Area,Seattle MSA,42660,RNETMIG,Census-CBSA,PEP_Vintage_2020,23.5458723682,Benchmark
2009,Region,Puget Sound Region,53033-53035-53053-53061,BIRTHS,Moodys-County,Moodys,46537.18569099105,Benchmark
2015,National,United States,00,RBIRTH,Census-County-State-US,PEP_Vintage_2020,12.493249309,Benchmark
2017,County or Equivalent,Pierce County,53053,BIRTHS,Census-County-State-US,PEP_Vintage_2020,11484.0,Broad
2021,County or Equivalent,Pierce County,53053,RDEATH,Census-County-State-US,PEP_Vintage_2025,8.339657394,Broad
2023,Metropolitan Statistical Area,Seattle MSA,42660,BIRTHS,Census-CBSA,PEP_Vintage_2025,43205.0,Benchmark
2024,State,Washington,53,RNETMIG,Census-County-State-US,PEP_Vintage_2025,9.2459934166,Benchmark
2016,Metropolitan Statistical Area,Seattle MSA,42660,POPESTIMATE,Census-CBSA,PEP_Vintage_2020,3819753.0,Benchmark
2013,Region,Puget Sound Region,53033-53035-53053-53061,BIRTHS,Census-County-State-US,PEP_Vintage_2020,48337.0,Benchmark
2011,Region,Puget Sound Region,53033-53035-53053-53061,RDOMESTICMIG,Census-County-State-US,PEP_Vintage_2020,18.904565595,Benchmark
2010,Region,Puget Sound Region,53033-53035-53053-53061,NATURALCHG,Census-County-State-US,PEP_Vintage_2020,25672.0,Benchmark
2017,State,Washington,53,BIRTHS,Census-County-State-US,PEP_Vintage_2020,88947.0,Benchmark
2012,County or Equivalent,Pierce County,53053,BIRTHS,Census-County-State-US,PEP_Vintage_2020,11444.0,Broad
2025,County or Equivalent,Pierce County,53053,GQESTIMATES,Census-County-State-US,PEP_Vintage_2025,22654.0,Broad
1986,Region,Puget Sound Region,53033-53035-53053-53061,BIRTHS,Moodys-County,Moodys,38870.6662805962,Benchmark
2023,County or Equivalent,Pierce County,53053,RNATURALCHG,Census-County-State-US,PEP_Vintage_2025,2.900696339,Broad
2002,National,United States,00,DEATHS,Moodys-US,Moodys,-2429080.9438479412,Benchmark
2004,State,Washington,53,DOMESTICMIG,Moodys-State,Moodys,14690.99999999922,Benchmark
1998,Metropolitan Statistical Area,Seattle MSA,42660,DEATHS,Moodys-CBSA,Moodys,-20242.667466839972,Benchmark
2021,Metropolitan Statistical Area,Seattle MSA,42660,RBIRTH,Census-CBSA,PEP_Vintage_2025,33.48221579,Benchmark
2024,National,United States,00,NATURALCHG,Census-County-State-US,PEP_Vintage_2025,514277.0,Benchmark
1990,Region,Puget Sound Region,53033-53035-53053-53061,POPESTIMATE,Moodys-County,Moodys,2770685.978297699,Benchmark
2018,County or Equivalent,Pierce County,53053,NPOPCHG,Census-County-State-US,PEP_Vintage_2020,14206.0,Broad
2000,State,Washington,53,RESIDUAL,Moodys-State,Moodys,-2240.999999999999,Benchmark
2011,State,Washington,53,RDOMESTICMIG,Census-County-State-US,PEP_Vintage_2020,4.031542565,Benchmark
2010,State,Washington,53,RESIDUAL,Census-County-State-US,PEP_Vintage_2020,-301.0,Benchmark
2009,County or Equivalent,Pierce County,53053,POPESTIMATE,Moodys-County,Moodys,796483.0000000001,Broad
2020,State,Washington,53,GQESTIMATESBASE,Census-County-State-US,PEP_Vintage_2025,162468.0,Benchmark
2002,National,United States,00,NATURALCHG,Moodys-US,Moodys,1576059.3551461643,Benchmark
2012,Region,Puget Sound Region,53033-53035-53053-53061,POPESTIMATE,Census-County-State-US,PEP_Vintage_2020,3814133.0,Benchmark
2015,Region,Puget Sound Region,53033-53035-53053-53061,DOMESTICMIG,Census-County-State-US,PEP_Vintage_2020,20162.0,Benchmark
2024,Place,"Fife, WA",5323795,POPESTIMATE,Census-Place,PEP_Vintage_2025,10977.0,Focus
1981,Metropolitan Statistical Area,Seattle MSA,42660,DEATHS,Moodys-CBSA,Moodys,-15302.813830654291,Benchmark
1991,County or Equivalent,Pierce County,53053,RESIDUAL,Moodys-County,Moodys,-229.3587253440395,Broad
2021,County or Equivalent,Pierce County,53053,RESIDUAL,Census-County-State-US,PEP_Vintage_2025,967.0,Broad
2025,National,United States,00,DOMESTICMIG,Census-County-State-US,PEP_Vintage_2025,0.0,Benchmark
1984,Metropolitan Statistical Area,Seattle MSA,42660,BIRTHS,Moodys-CBSA,Moodys,33932.42025195666,Benchmark
2015,Metropolitan Statistical Area,Seattle MSA,42660,NPOPCHG,Census-CBSA,PEP_Vintage_2020,64946.0,Benchmark
2014,National,United States,00,RNATURALCHG,Census-County-State-US,PEP_Vintage_2020,4.3526049478,Benchmark
1992,Metropolitan Statistical Area,Seattle MSA,42660,DEATHS,Moodys-CBSA,Moodys,-18052.729237367523,Benchmark
2024,County or Equivalent,Pierce County,53053,NATURALCHG,Census-County-State-US,PEP_Vintage_2025,2676.0,Broad
2012,Region,Puget Sound Region,53033-53035-53053-53061,NPOPCHG,Census-County-State-US,PEP_Vintage_2020,55406.0,Benchmark
1981,Region,Puget Sound Region,53033-53035-53053-53061,DEATHS,Moodys-County,Moodys,-16382.724409903543,Benchmark
1997,State,Washington,53,DEATHS,Moodys-State,Moodys,-43019.246199440335,Benchmark
2020,Region,Puget Sound Region,53033-53035-53053-53061,POPESTIMATE,Census-County-State-US,PEP_Vintage_2025,4303625.0,Benchmark
2012,State,Washington,53,RDEATH,Census-County-State-US,PEP_Vintage_2020,7.2022029891,Benchmark
2019,State,Washington,53,NPOPCHG,Census-County-State-US,PEP_Vintage_2020,87231.0,Benchmark
2025,National,United States,00,RNATURALCHG,Census-County-State-US,PEP_Vintage_2025,1.5220493828,Benchmark
1991,State,Washington,53,NATURALCHG,Moodys-State,Moodys,42440.97973333027,Benchmark
2015,National,United States,00,DOMESTICMIG,Census-County-State-US,PEP_Vintage_2020,0.0,Benchmark
2000,State,Washington,53,DOMESTICMIG,Moodys-State,Moodys,13960.46491809934,Benchmark
2002,State,Washington,53,RESIDUAL,Moodys-State,Moodys,-2186.9999999999995,Benchmark
2025,County or Equivalent,Pierce County,53053,RESIDUAL,Census-County-State-US,PEP_Vintage_2025,94.0,Broad
2023,State,Washington,53,DEATHS,Census-County-State-US,PEP_Vintage_2025,-67733.0,Benchmark
1987,County or Equivalent,Pierce County,53053,DOMESTICMIG,Moodys-County,Moodys,4666.011518106354,Broad
2020,State,Washington,53,POPESTIMATE,Census-County-State-US,PEP_Vintage_2025,7726812.0,Benchmark
2022,Metropolitan Statistical Area,Seattle MSA,42660,POPESTIMATE,Census-CBSA,PEP_Vintage_2025,4034138.0,Benchmark
1993,County or Equivalent,Pierce County,53053,BIRTHS,Moodys-County,Moodys,10223.813796141101,Broad
2006,Metropolitan Statistical Area,Seattle MSA,42660,NATURALCHG,Moodys-CBSA,Moodys,22507.053007073242,Benchmark
1998,State,Washington,53,INTERNATIONALMIG,Moodys-State,Moodys,31812.52124925109,Benchmark
1999,National,United States,00,POPESTIMATE,Moodys-US,Moodys,279101505.7223796,Benchmark
2013,County or Equivalent,Pierce County,53053,NATURALCHG,Census-County-State-US,PEP_Vintage_2020,5104.0,Broad
2017,State,Washington,53,RDOMESTICMIG,Census-County-State-US,PEP_Vintage_2020,8.7379663865,Benchmark
2022,Region,Puget Sound Region,53033-53035-53053-53061,RNATURALCHG,Census-County-State-US,PEP_Vintage_2025,10.560753289,Benchmark
2021,National,United States,00,RINTERNATIONALMIG,Census-County-State-US,PEP_Vintage_2025,1.1331574861,Benchmark
2012,Region,Puget Sound Region,53033-53035-53053-53061,BIRTHS,Census-County-State-US,PEP_Vintage_2020,47857.0,Benchmark
1991,County or Equivalent,Pierce County,53053,POPESTIMATE,Moodys-County,Moodys,604759.0346663214,Broad
2001,State,Washington,53,POPESTIMATE,Moodys-State,Moodys,5985722.000000001,Benchmark
2025,State,Washington,53,NPOPCHG,Census-County-State-US,PEP_Vintage_2025,73062.0,Benchmark
2011,National,United States,00,BIRTHS,Census-County-State-US,PEP_Vintage_2020,3973485.0,Benchmark
1999,Metropolitan Statistical Area,Seattle MSA,42660,DEATHS,Moodys-CBSA,Moodys,-20854.05159019552,Benchmark
1999,Region,Puget Sound Region,53033-53035-53053-53061,DEATHS,Moodys-County,Moodys,-22497.78070532421,Benchmark
2006,State,Washington,53,INTERNATIONALMIG,Moodys-State,Moodys,26597.01278700138,Benchmark
2010,State,Washington,53,NATURALCHG,Census-County-State-US,PEP_Vintage_2020,41548.0,Benchmark
2010,Region,Puget Sound Region,53033-53035-53053-53061,BIRTHS,Census-County-State-US,PEP_Vintage_2020,48368.0,Benchmark
2005,National,United States,00,POPESTIMATE,Moodys-US,Moodys,295587610.0,Benchmark
2010,Metropolitan Statistical Area,Seattle MSA,42660,NATURALCHG,Census-CBSA,PEP_Vintage_2020,24632.0,Benchmark
2022,Metropolitan Statistical Area,Seattle MSA,42660,NPOPCHG,Census-CBSA,PEP_Vintage_2025,16541.0,Benchmark
1992,Metropolitan Statistical Area,Seattle MSA,42660,POPESTIMATE,Moodys-CBSA,Moodys,2690857.932466496,Benchmark
1997,County or Equivalent,Pierce County,53053,BIRTHS,Moodys-County,Moodys,8796.289088387834,Broad
1983,National,United States,00,RESIDUAL,Moodys-US,Moodys,66040.62831037084,Benchmark
2018,State,Washington,53,RDOMESTICMIG,Census-County-State-US,PEP_Vintage_2020,6.0475792832,Benchmark
2011,National,United States,00,INTERNATIONALMIG,Census-County-State-US,PEP_Vintage_2020,795295.0,Benchmark
2012,Metropolitan Statistical Area,Seattle MSA,42660,RINTERNATIONALMIG,Census-CBSA,PEP_Vintage_2020,13.0095079306,Benchmark
2025,Metropolitan Statistical Area,Seattle MSA,42660,RDEATH,Census-CBSA,PEP_Vintage_2025,22.311500469,Benchmark
2021,Metropolitan Statistical Area,Seattle MSA,42660,POPESTIMATE,Census-CBSA,PEP_Vintage_2025,4017597.0,Benchmark
2014,State,Washington,53,RDEATH,Census-County-State-US,PEP_Vintage_2020,7.3131479573,Benchmark
2011,Region,Puget Sound Region,53033-53035-53053-53061,RESIDUAL,Census-County-State-US,PEP_Vintage_2020,66.0,Benchmark
1984,Metropolitan Statistical Area,Seattle MSA,42660,DEATHS,Moodys-CBSA,Moodys,-16163.624402953319,Benchmark
2012,Region,Puget Sound Region,53033-53035-53053-53061,INTERNATIONALMIG,Census-County-State-US,PEP_Vintage_2020,18908.0,Benchmark
1989,Region,Puget Sound Region,53033-53035-53053-53061,POPESTIMATE,Moodys-County,Moodys,2675679.267505865,Benchmark
2019,State,Washington,53,RNETMIG,Census-County-State-US,PEP_Vintage_2020,7.8458117551,Benchmark
2015,County or Equivalent,Pierce County,53053,RNATURALCHG,Census-County-State-US,PEP_Vintage_2020,6.1320251362,Broad
2013,National,United States,00,RINTERNATIONALMIG,Census-County-State-US,PEP_Vintage_2020,2.6978163801,Benchmark
2005,Metropolitan Statistical Area,Seattle MSA,42660,NATURALCHG,Moodys-CBSA,Moodys,20426.550295302342,Benchmark
2012,County or Equivalent,Pierce County,53053,RDEATH,Census-County-State-US,PEP_Vintage_2020,7.0502001848,Broad
2021,State,Washington,53,RNATURALCHG,Census-County-State-US,PEP_Vintage_2025,2.3031287699,Benchmark
2001,State,Washington,53,RESIDUAL,Moodys-State,Moodys,-2270.000000000002,Benchmark
1996,County or Equivalent,Pierce County,53053,POPESTIMATE,Moodys-County,Moodys,656245.9625500365,Broad
2021,National,United States,00,DEATHS,Census-County-State-US,PEP_Vintage_2025,-3438423.0,Benchmark
2006,County or Equivalent,Pierce County,53053,BIRTHS,Moodys-County,Moodys,10922.587490136719,Broad
2010,County or Equivalent,Pierce County,53053,DEATHS,Census-County-State-US,PEP_Vintage_2020,-5444.0,Broad
2001,National,United States,00,RESIDUAL,Moodys-US,Moodys,79965.19000325842,Benchmark
1990,County or Equivalent,Pierce County,53053,DEATHS,Moodys-County,Moodys,-4280.849027908005,Broad
1993,National,United States,00,RESIDUAL,Moodys-US,Moodys,72226.8446902976,Benchmark
2019,County or Equivalent,Pierce County,53053,RBIRTH,Census-County-State-US,PEP_Vintage_2020,12.527559186,Broad
2023,National,United States,00,NETMIG,Census-County-State-US,PEP_Vintage_2025,2264137.0,Benchmark
2015,County or Equivalent,Pierce County,53053,POPESTIMATE,Census-County-State-US,PEP_Vintage_2020,844317.0,Broad
1985,National,United States,00,NATURALCHG,Moodys-US,Moodys,1662611.6353321262,Benchmark
1992,Metropolitan Statistical Area,Seattle MSA,42660,RESIDUAL,Moodys-CBSA,Moodys,-1020.3947097771589,Benchmark
2016,County or Equivalent,Pierce County,53053,BIRTHS,Census-County-State-US,PEP_Vintage_2020,11876.0,Broad
1996,Place,"Fife, WA",5323795,POPESTIMATE,Census-Place,PEP City and Town Postcensal Tables: 1990-2000,4578.0,Focus
2008,State,Washington,53,BIRTHS,Moodys-State,Moodys,88134.984472559,Benchmark
2021,County or Equivalent,Pierce County,53053,POPESTIMATE,Census-County-State-US,PEP_Vintage_2025,927786.0,Broad
2025,Region,Puget Sound Region,53033-53035-53053-53061,DOMESTICMIG,Census-County-State-US,PEP_Vintage_2025,-6621.0,Benchmark
2007,State,Washington,53,RESIDUAL,Moodys-State,Moodys,-515.0,Benchmark
2010,Metropolitan Statistical Area,Seattle MSA,42660,NPOPCHG,Census-CBSA,PEP_Vintage_2020,9547.0,Benchmark
2023,County or Equivalent,Pierce County,53053,POPESTIMATE,Census-County-State-US,PEP_Vintage_2025,931408.0,Broad
2022,Region,Puget Sound Region,53033-53035-53053-53061,NATURALCHG,Census-County-State-US,PEP_Vintage_2025,13905.0,Benchmark
1982,State,Washington,53,NATURALCHG,Moodys-State,Moodys,37796.992337752214,Benchmark
2008,State,Washington,53,DEATHS,Moodys-State,Moodys,-47384.58125015459,Benchmark
2025,County or Equivalent,Pierce County,53053,NPOPCHG,Census-County-State-US,PEP_Vintage_2025,6502.0,Broad
2022,National,United States,00,POPESTIMATE,Census-County-State-US,PEP_Vintage_2025,333996304.0,Benchmark
2012,Region,Puget Sound Region,53033-53035-53053-53061,DEATHS,Census-County-State-US,PEP_Vintage_2020,-24312.0,Benchmark
2021,National,United States,00,NATURALCHG,Census-County-State-US,PEP_Vintage_2025,146036.0,Benchmark
2020,Region,Puget Sound Region,53033-53035-53053-53061,DOMESTICMIG,Census-County-State-US,PEP_Vintage_2025,13164.0,Benchmark
2016,County or Equivalent,Pierce County,53053,POPESTIMATE,Census-County-State-US,PEP_Vintage_2020,864004.0,Broad
2023,Region,Puget Sound Region,53033-53035-53053-53061,NPOPCHG,Census-County-State-US,PEP_Vintage_2025,28272.0,Benchmark
2025,Metropolitan Statistical Area,Seattle MSA,42660,RDOMESTICMIG,Census-CBSA,PEP_Vintage_2025,-3.247079018,Benchmark
1981,County or Equivalent,Pierce County,53053,NATURALCHG,Moodys-County,Moodys,5970.943410161313,Broad
2005,State,Washington,53,POPESTIMATE,Moodys-State,Moodys,6257305.0,Benchmark
2011,Region,Puget Sound Region,53033-53035-53053-53061,RINTERNATIONALMIG,Census-County-State-US,PEP_Vintage_2020,12.356055127400001,Benchmark
2015,Region,Puget Sound Region,53033-53035-53053-53061,RNATURALCHG,Census-County-State-US,PEP_Vintage_2020,21.4780664302,Benchmark
2010,State,Washington,53,NETMIG,Census-County-State-US,PEP_Vintage_2020,8383.0,Benchmark
1984,State,Washington,53,BIRTHS,Moodys-State,Moodys,68144.00621079799,Benchmark
2017,Metropolitan Statistical Area,Seattle MSA,42660,RNATURALCHG,Census-CBSA,PEP_Vintage_2020,16.4347861098,Benchmark
2023,State,Washington,53,RDOMESTICMIG,Census-County-State-US,PEP_Vintage_2025,-2.241338716,Benchmark
2006,Region,Puget Sound Region,53033-53035-53053-53061,POPESTIMATE,Moodys-County,Moodys,3502134.9999999986,Benchmark
2013,County or Equivalent,Pierce County,53053,DOMESTICMIG,Census-County-State-US,PEP_Vintage_2020,-1056.0,Broad
2012,Place,"Fife, WA",5323795,POPESTIMATE,Census-Place,PEP_Vintage_2020,9470.0,Focus
1992,National,United States,00,DEATHS,Moodys-US,Moodys,-2193256.592709297,Benchmark
1981,Region,Puget Sound Region,53033-53035-53053-53061,DOMESTICMIG,Moodys-County,Moodys,12657.703700182938,Benchmark
2008,Place,"Fife, WA",5323795,POPESTIMATE,Census-Place,PEP City and Town Intercensal Datasets: 2000-2010,8478.0,Focus
2024,State,Washington,53,DEATHS,Census-County-State-US,PEP_Vintage_2025,-65455.0,Benchmark
2019,County or Equivalent,Pierce County,53053,RNATURALCHG,Census-County-State-US,PEP_Vintage_2020,4.5971777172,Broad
1982,Metropolitan Statistical Area,Seattle MSA,42660,DEATHS,Moodys-CBSA,Moodys,-15628.361501373018,Benchmark
2017,National,United States,00,POPESTIMATE,Census-County-State-US,PEP_Vintage_2020,325122128.0,Benchmark
1985,Metropolitan Statistical Area,Seattle MSA,42660,DOMESTICMIG,Moodys-CBSA,Moodys,5690.44382879732,Benchmark
2014,State,Washington,53,POPESTIMATE,Census-County-State-US,PEP_Vintage_2020,7057531.0,Benchmark
2007,County or Equivalent,Pierce County,53053,DOMESTICMIG,Moodys-County,Moodys,2542.4564814723535,Broad
1983,Metropolitan Statistical Area,Seattle MSA,42660,BIRTHS,Moodys-CBSA,Moodys,34376.703560266826,Benchmark
2006,National,United States,00,RESIDUAL,Moodys-US,Moodys,72141.75002854748,Benchmark
2022,National,United States,00,NETMIG,Census-County-State-US,PEP_Vintage_2025,1672112.0,Benchmark
2006,Metropolitan Statistical Area,Seattle MSA,42660,BIRTHS,Moodys-CBSA,Moodys,43343.36095476047,Benchmark
2020,National,United States,00,NETMIG,Census-County-State-US,PEP_Vintage_2025,19892.0,Benchmark
2014,Region,Puget Sound Region,53033-53035-53053-53061,NATURALCHG,Census-County-State-US,PEP_Vintage_2020,23628.0,Benchmark
2000,County or Equivalent,Pierce County,53053,DEATHS,Moodys-County,Moodys,-5216.3824886721595,Broad
2009,National,United States,00,RESIDUAL,Moodys-US,Moodys,18.012118373605233,Benchmark
1996,County or Equivalent,Pierce County,53053,DEATHS,Moodys-County,Moodys,-4936.7647315198565,Broad
1982,State,Washington,53,POPESTIMATE,Moodys-State,Moodys,4276549.804687502,Benchmark
2018,State,Washington,53,NETMIG,Census-County-State-US,PEP_Vintage_2020,68825.0,Benchmark
2018,State,Washington,53,RNATURALCHG,Census-County-State-US,PEP_Vintage_2020,4.0006034206,Benchmark
2016,Metropolitan Statistical Area,Seattle MSA,42660,INTERNATIONALMIG,Census-CBSA,PEP_Vintage_2020,24052.0,Benchmark
2024,County or Equivalent,Pierce County,53053,POPESTIMATE,Census-County-State-US,PEP_Vintage_2025,939786.0,Broad
1990,Region,Puget Sound Region,53033-53035-53053-53061,DEATHS,Moodys-County,Moodys,-19187.177915119413,Benchmark
2016,Region,Puget Sound Region,53033-53035-53053-53061,RINTERNATIONALMIG,Census-County-State-US,PEP_Vintage_2020,15.9449835003,Benchmark
2018,County or Equivalent,Pierce County,53053,GQESTIMATES,Census-County-State-US,PEP_Vintage_2020,20749.0,Broad
2017,Metropolitan Statistical Area,Seattle MSA,42660,DOMESTICMIG,Census-CBSA,PEP_Vintage_2020,20889.0,Benchmark
2014,State,Washington,53,BIRTHS,Census-County-State-US,PEP_Vintage_2020,87370.0,Benchmark
2023,Region,Puget Sound Region,53033-53035-53053-53061,NATURALCHG,Census-County-State-US,PEP_Vintage_2025,13226.0,Benchmark
1995,Metropolitan Statistical Area,Seattle MSA,42660,INTERNATIONALMIG,Moodys-CBSA,Moodys,20154.77187438101,Benchmark
2002,Metropolitan Statistical Area,Seattle MSA,42660,POPESTIMATE,Moodys-CBSA,Moodys,3118301.9999999995,Benchmark
1991,Region,Puget Sound Region,53033-53035-53053-53061,POPESTIMATE,Moodys-County,Moodys,2830341.025524683,Benchmark
2025,National,United States,00,RINTERNATIONALMIG,Census-County-State-US,PEP_Vintage_2025,3.7026195511,Benchmark
2006,State,Washington,53,POPESTIMATE,Moodys-State,Moodys,6370752.999999999,Benchmark
2011,State,Washington,53,NPOPCHG,Census-County-State-US,PEP_Vintage_2020,84470.0,Benchmark
2025,County or Equivalent,Pierce County,53053,DEATHS,Census-County-State-US,PEP_Vintage_2025,-7974.0,Broad
2023,State,Washington,53,POPESTIMATE,Census-County-State-US,PEP_Vintage_2025,7838655.0,Benchmark
2021,Metropolitan Statistical Area,Seattle MSA,42660,RESIDUAL,Census-CBSA,PEP_Vintage_2025,614.0,Benchmark
1988,Region,Puget Sound Region,53033-53035-53053-53061,DEATHS,Moodys-County,Moodys,-18680.069664002724,Benchmark
1987,Metropolitan Statistical Area,Seattle MSA,42660,INTERNATIONALMIG,Moodys-CBSA,Moodys,26923.307046889993,Benchmark
1999,State,Washington,53,BIRTHS,Moodys-State,Moodys,81024.6129877541,Benchmark
2023,State,Washington,53,RESIDUAL,Census-County-State-US,PEP_Vintage_2025,-800.0,Benchmark
2017,County or Equivalent,Pierce County,53053,RDEATH,Census-County-State-US,PEP_Vintage_2020,7.9117397402,Broad
2004,Region,Puget Sound Region,53033-53035-53053-53061,DEATHS,Moodys-County,Moodys,-22870.48698378912,Benchmark
2009,State,Washington,53,DEATHS,Moodys-State,Moodys,-47746.05246129171,Benchmark
2020,National,United States,00,POPESTIMATE,Census-County-State-US,PEP_Vintage_2025,331578104.0,Benchmark
2001,National,United States,00,BIRTHS,Moodys-US,Moodys,4046459.4057069444,Benchmark
2017,Region,Puget Sound Region,53033-53035-53053-53061,GQESTIMATES,Census-County-State-US,PEP_Vintage_2020,77978.0,Benchmark
2024,State,Washington,53,DOMESTICMIG,Census-County-State-US,PEP_Vintage_2025,1728.0,Benchmark
1984,Region,Puget Sound Region,53033-53035-53053-53061,POPESTIMATE,Moodys-County,Moodys,2377755.6019123467,Benchmark
2018,National,United States,00,RDOMESTICMIG,Census-County-State-US,PEP_Vintage_2020,0.0,Benchmark
2017,Region,Puget Sound Region,53033-53035-53053-53061,BIRTHS,Census-County-State-US,PEP_Vintage_2020,50096.0,Benchmark
2015,County or Equivalent,Pierce County,53053,RNETMIG,Census-County-State-US,PEP_Vintage_2020,7.2790226437,Broad
2000,County or Equivalent,Pierce County,53053,BIRTHS,Moodys-County,Moodys,9609.587368216604,Broad
1981,Metropolitan Statistical Area,Seattle MSA,42660,INTERNATIONALMIG,Moodys-CBSA,Moodys,17008.428698004544,Benchmark
2001,Metropolitan Statistical Area,Seattle MSA,42660,RESIDUAL,Moodys-CBSA,Moodys,275.00000000000034,Benchmark
2018,Region,Puget Sound Region,53033-53035-53053-53061,RINTERNATIONALMIG,Census-County-State-US,PEP_Vintage_2020,12.484874858,Benchmark
1994,Region,Puget Sound Region,53033-53035-53053-53061,POPESTIMATE,Moodys-County,Moodys,2988581.0664279773,Benchmark
2008,Metropolitan Statistical Area,Seattle MSA,42660,DOMESTICMIG,Moodys-CBSA,Moodys,15006.182712413969,Benchmark
2020,County or Equivalent,Pierce County,53053,NATURALCHG,Census-County-State-US,PEP_Vintage_2025,4240.0,Broad
2000,Metropolitan Statistical Area,Seattle MSA,42660,POPESTIMATE,Moodys-CBSA,Moodys,3052187.0,Benchmark
1986,State,Washington,53,DOMESTICMIG,Moodys-State,Moodys,25417.42873988007,Benchmark
2008,County or Equivalent,Pierce County,53053,BIRTHS,Moodys-County,Moodys,11168.314836875314,Broad
1994,Region,Puget Sound Region,53033-53035-53053-53061,BIRTHS,Moodys-County,Moodys,43594.04630428111,Benchmark
2018,Region,Puget Sound Region,53033-53035-53053-53061,POPESTIMATE,Census-County-State-US,PEP_Vintage_2020,4207129.0,Benchmark
1993,Place,"Fife, WA",5323795,POPESTIMATE,Census-Place,PEP City and Town Postcensal Tables: 1990-2000,4812.0,Focus
1992,County or Equivalent,Pierce County,53053,NATURALCHG,Moodys-County,Moodys,6144.584715162169,Broad
1981,State,Washington,53,RESIDUAL,Moodys-State,Moodys,-1605.9999999999998,Benchmark
2016,State,Washington,53,NATURALCHG,Census-County-State-US,PEP_Vintage_2020,35744.0,Benchmark
2025,State,Washington,53,RNATURALCHG,Census-County-State-US,PEP_Vintage_2025,2.1633528529,Benchmark
2024,Metropolitan Statistical Area,Seattle MSA,42660,GQESTIMATES,Census-CBSA,PEP_Vintage_2025,74772.0,Benchmark
1985,Metropolitan Statistical Area,Seattle MSA,42660,BIRTHS,Moodys-CBSA,Moodys,35419.3493934271,Benchmark
1982,National,United States,00,NATURALCHG,Moodys-US,Moodys,1697666.5951932117,Benchmark
2005,Region,Puget Sound Region,53033-53035-53053-53061,RESIDUAL,Moodys-County,Moodys,-1764.0000000000005,Benchmark
2013,State,Washington,53,NATURALCHG,Census-County-State-US,PEP_Vintage_2020,35944.0,Benchmark
1990,State,Washington,53,BIRTHS,Moodys-State,Moodys,79016.9956195256,Benchmark
2008,County or Equivalent,Pierce County,53053,INTERNATIONALMIG,Moodys-County,Moodys,1373.6573138195026,Broad
2015,State,Washington,53,DOMESTICMIG,Census-County-State-US,PEP_Vintage_2020,41636.0,Benchmark
2020,Metropolitan Statistical Area,Seattle MSA,42660,BIRTHS,Census-CBSA,PEP_Vintage_2025,44704.0,Benchmark
2022,National,United States,00,BIRTHS,Census-County-State-US,PEP_Vintage_2025,3680380.0,Benchmark
2023,Metropolitan Statistical Area,Seattle MSA,42660,DEATHS,Census-CBSA,PEP_Vintage_2025,-30315.0,Benchmark
2020,National,United States,00,RESIDUAL,Census-County-State-US,PEP_Vintage_2025,0.0,Benchmark
2015,Metropolitan Statistical Area,Seattle MSA,42660,RINTERNATIONALMIG,Census-CBSA,PEP_Vintage_2020,17.2361960182,Benchmark
2022,State,Washington,53,NPOPCHG,Census-County-State-US,PEP_Vintage_2025,42512.0,Benchmark
2014,Metropolitan Statistical Area,Seattle MSA,42660,DOMESTICMIG,Census-CBSA,PEP_Vintage_2020,15124.0,Benchmark
2006,Metropolitan Statistical Area,Seattle MSA,42660,INTERNATIONALMIG,Moodys-CBSA,Moodys,16670.716994725622,Benchmark
2006,County or Equivalent,Pierce County,53053,POPESTIMATE,Moodys-County,Moodys,763407.9999999998,Broad
2011,Metropolitan Statistical Area,Seattle MSA,42660,POPESTIMATE,Census-CBSA,PEP_Vintage_2020,3504376.0,Benchmark
2021,Region,Puget Sound Region,53033-53035-53053-53061,RESIDUAL,Census-County-State-US,PEP_Vintage_2025,774.0,Benchmark
2003,Region,Puget Sound Region,53033-53035-53053-53061,BIRTHS,Moodys-County,Moodys,43461.829667646154,Benchmark
1983,Region,Puget Sound Region,53033-53035-53053-53061,DEATHS,Moodys-County,Moodys,-16938.850313364153,Benchmark
2019,Metropolitan Statistical Area,Seattle MSA,42660,RNATURALCHG,Census-CBSA,PEP_Vintage_2020,14.387341642500001,Benchmark
2021,County or Equivalent,Pierce County,53053,GQESTIMATES,Census-County-State-US,PEP_Vintage_2025,22180.0,Broad
2022,National,United States,00,DEATHS,Census-County-State-US,PEP_Vintage_2025,-3456354.0,Benchmark
2019,County or Equivalent,Pierce County,53053,INTERNATIONALMIG,Census-County-State-US,PEP_Vintage_2020,1133.0,Broad
1994,Metropolitan Statistical Area,Seattle MSA,42660,NATURALCHG,Moodys-CBSA,Moodys,21262.217299503194,Benchmark
2024,Metropolitan Statistical Area,Seattle MSA,42660,INTERNATIONALMIG,Census-CBSA,PEP_Vintage_2025,54043.0,Benchmark
2013,Region,Puget Sound Region,53033-53035-53053-53061,RESIDUAL,Census-County-State-US,PEP_Vintage_2020,144.0,Benchmark
2006,Region,Puget Sound Region,53033-53035-53053-53061,RESIDUAL,Moodys-County,Moodys,-1374.0000000000005,Benchmark
2016,Metropolitan Statistical Area,Seattle MSA,42660,DOMESTICMIG,Census-CBSA,PEP_Vintage_2020,30672.0,Benchmark
1984,State,Washington,53,INTERNATIONALMIG,Moodys-State,Moodys,-5769.225307739897,Benchmark
2023,State,Washington,53,GQESTIMATES,Census-County-State-US,PEP_Vintage_2025,155893.0,Benchmark
2025,State,Washington,53,RINTERNATIONALMIG,Census-County-State-US,PEP_Vintage_2025,5.8009999135,Benchmark
2014,County or Equivalent,Pierce County,53053,DEATHS,Census-County-State-US,PEP_Vintage_2020,-6017.0,Broad
2000,National,United States,00,POPESTIMATE,Moodys-US,Moodys,282229308.0,Benchmark
2016,National,United States,00,BIRTHS,Census-County-State-US,PEP_Vintage_2020,3970959.0,Benchmark
1998,Region,Puget Sound Region,53033-53035-53053-53061,BIRTHS,Moodys-County,Moodys,44342.748509370125,Benchmark
2019,Region,Puget Sound Region,53033-53035-53053-53061,RDEATH,Census-County-State-US,PEP_Vintage_2020,29.754120198,Benchmark
2025,County or Equivalent,Pierce County,53053,RNATURALCHG,Census-County-State-US,PEP_Vintage_2025,2.784620328,Broad
2021,Region,Puget Sound Region,53033-53035-53053-53061,RDEATH,Census-County-State-US,PEP_Vintage_2025,31.267531694,Benchmark
2008,Metropolitan Statistical Area,Seattle MSA,42660,RESIDUAL,Moodys-CBSA,Moodys,-366.00000000000006,Benchmark
2001,National,United States,00,DEATHS,Moodys-US,Moodys,-2418896.3630183884,Benchmark
1990,State,Washington,53,DEATHS,Moodys-State,Moodys,-36782.77614470613,Benchmark
2005,County or Equivalent,Pierce County,53053,DEATHS,Moodys-County,Moodys,-5399.533830380987,Broad
2003,National,United States,00,BIRTHS,Moodys-US,Moodys,4050425.3414235706,Benchmark
2014,Metropolitan Statistical Area,Seattle MSA,42660,GQESTIMATES,Census-CBSA,PEP_Vintage_2020,69199.0,Benchmark
2014,National,United States,00,BIRTHS,Census-County-State-US,PEP_Vintage_2020,3963195.0,Benchmark
2012,Region,Puget Sound Region,53033-53035-53053-53061,RNETMIG,Census-County-State-US,PEP_Vintage_2020,19.426092116200003,Benchmark
2006,Place,"Fife, WA",5323795,POPESTIMATE,Census-Place,PEP City and Town Intercensal Datasets: 2000-2010,7588.0,Focus
2019,State,Washington,53,RDOMESTICMIG,Census-County-State-US,PEP_Vintage_2020,4.7503381092,Benchmark
2019,State,Washington,53,RNATURALCHG,Census-County-State-US,PEP_Vintage_2020,3.6651919114,Benchmark
2014,National,United States,00,INTERNATIONALMIG,Census-County-State-US,PEP_Vintage_2020,945635.0,Benchmark
2008,Region,Puget Sound Region,53033-53035-53053-53061,INTERNATIONALMIG,Moodys-County,Moodys,13058.190718285476,Benchmark
2006,National,United States,00,BIRTHS,Moodys-US,Moodys,4175889.60155964,Benchmark
2024,National,United States,00,RNETMIG,Census-County-State-US,PEP_Vintage_2025,8.0810705439,Benchmark
2015,County or Equivalent,Pierce County,53053,NPOPCHG,Census-County-State-US,PEP_Vintage_2020,11211.0,Broad
1994,State,Washington,53,DOMESTICMIG,Moodys-State,Moodys,36027.31448918748,Benchmark
2000,Metropolitan Statistical Area,Seattle MSA,42660,RESIDUAL,Moodys-CBSA,Moodys,-1157.2518703963374,Benchmark
2022,Region,Puget Sound Region,53033-53035-53053-53061,RDOMESTICMIG,Census-County-State-US,PEP_Vintage_2025,-12.149693744,Benchmark
2002,County or Equivalent,Pierce County,53053,NATURALCHG,Moodys-County,Moodys,4616.790728502972,Broad
2016,State,Washington,53,RNATURALCHG,Census-County-State-US,PEP_Vintage_2020,4.9413682547,Benchmark
2025,State,Washington,53,RDEATH,Census-County-State-US,PEP_Vintage_2025,8.3041109103,Benchmark
2025,State,Washington,53,RESIDUAL,Census-County-State-US,PEP_Vintage_2025,392.0,Benchmark
2021,Region,Puget Sound Region,53033-53035-53053-53061,INTERNATIONALMIG,Census-County-State-US,PEP_Vintage_2025,11115.0,Benchmark
2015,State,Washington,53,DEATHS,Census-County-State-US,PEP_Vintage_2020,-53857.0,Benchmark
2025,Metropolitan Statistical Area,Seattle MSA,42660,NETMIG,Census-CBSA,PEP_Vintage_2025,28931.0,Benchmark
2011,Metropolitan Statistical Area,Seattle MSA,42660,RNATURALCHG,Census-CBSA,PEP_Vintage_2020,18.543296947,Benchmark
1989,State,Washington,53,BIRTHS,Moodys-State,Moodys,73592.01179931652,Benchmark
2016,National,United States,00,RINTERNATIONALMIG,Census-County-State-US,PEP_Vintage_2020,3.3084784672,Benchmark
1990,County or Equivalent,Pierce County,53053,NATURALCHG,Moodys-County,Moodys,6270.9322870836,Broad
2011,State,Washington,53,RINTERNATIONALMIG,Census-County-State-US,PEP_Vintage_2020,2.97277445,Benchmark
2000,County or Equivalent,Pierce County,53053,POPESTIMATE,Moodys-County,Moodys,703993.0,Broad
2021,National,United States,00,INTERNATIONALMIG,Census-County-State-US,PEP_Vintage_2025,376026.0,Benchmark
1998,Place,"Fife, WA",5323795,POPESTIMATE,Census-Place,PEP City and Town Postcensal Tables: 1990-2000,4597.0,Focus
2023,Region,Puget Sound Region,53033-53035-53053-53061,BIRTHS,Census-County-State-US,PEP_Vintage_2025,45987.0,Benchmark
1991,State,Washington,53,BIRTHS,Moodys-State,Moodys,79575.3499181732,Benchmark
2012,County or Equivalent,Pierce County,53053,RNATURALCHG,Census-County-State-US,PEP_Vintage_2020,7.047736372,Broad
2012,Metropolitan Statistical Area,Seattle MSA,42660,RDEATH,Census-CBSA,PEP_Vintage_2020,19.523847795400002,Benchmark
2018,County or Equivalent,Pierce County,53053,NATURALCHG,Census-County-State-US,PEP_Vintage_2020,4515.0,Broad
2013,Region,Puget Sound Region,53033-53035-53053-53061,RDOMESTICMIG,Census-County-State-US,PEP_Vintage_2020,-0.6305962154999998,Benchmark
2014,National,United States,00,RESIDUAL,Census-County-State-US,PEP_Vintage_2020,0.0,Benchmark
2000,State,Washington,53,BIRTHS,Moodys-State,Moodys,80624.72198611329,Benchmark
2017,Place,"Fife, WA",5323795,POPESTIMATE,Census-Place,PEP_Vintage_2020,10317.0,Focus
2022,State,Washington,53,RESIDUAL,Census-County-State-US,PEP_Vintage_2025,-3038.0,Benchmark
2016,Region,Puget Sound Region,53033-53035-53053-53061,NPOPCHG,Census-County-State-US,PEP_Vintage_2020,81994.0,Benchmark
2017,Metropolitan Statistical Area,Seattle MSA,42660,NATURALCHG,Census-CBSA,PEP_Vintage_2020,21490.0,Benchmark
2003,County or Equivalent,Pierce County,53053,DOMESTICMIG,Moodys-County,Moodys,3805.608340122099,Broad
2017,National,United States,00,NPOPCHG,Census-County-State-US,PEP_Vintage_2020,2050373.0,Benchmark
2011,County or Equivalent,Pierce County,53053,NPOPCHG,Census-County-State-US,PEP_Vintage_2020,12326.0,Broad
2017,Metropolitan Statistical Area,Seattle MSA,42660,RNETMIG,Census-CBSA,PEP_Vintage_2020,38.711371955,Benchmark
1988,State,Washington,53,POPESTIMATE,Moodys-State,Moodys,4639890.136718749,Benchmark
2023,National,United States,00,POPESTIMATE,Census-County-State-US,PEP_Vintage_2025,336755052.0,Benchmark
1985,Region,Puget Sound Region,53033-53035-53053-53061,DOMESTICMIG,Moodys-County,Moodys,5468.308476596354,Benchmark
2019,National,United States,00,RNETMIG,Census-County-State-US,PEP_Vintage_2020,1.7358566599,Benchmark
2015,Region,Puget Sound Region,53033-53035-53053-53061,BIRTHS,Census-County-State-US,PEP_Vintage_2020,49530.0,Benchmark
1983,State,Washington,53,BIRTHS,Moodys-State,Moodys,69592.01149095633,Benchmark
1999,State,Washington,53,NATURALCHG,Moodys-State,Moodys,37165.4563276734,Benchmark
1992,Metropolitan Statistical Area,Seattle MSA,42660,BIRTHS,Moodys-CBSA,Moodys,42070.74101415865,Benchmark
1986,County or Equivalent,Pierce County,53053,INTERNATIONALMIG,Moodys-County,Moodys,-3513.9256976499214,Broad
1981,National,United States,00,INTERNATIONALMIG,Moodys-US,Moodys,484709.4549561676,Benchmark
1998,State,Washington,53,POPESTIMATE,Moodys-State,Moodys,5769562.011718747,Benchmark
2007,Metropolitan Statistical Area,Seattle MSA,42660,POPESTIMATE,Moodys-CBSA,Moodys,3304467.0,Benchmark
2023,Region,Puget Sound Region,53033-53035-53053-53061,NETMIG,Census-County-State-US,PEP_Vintage_2025,15579.0,Benchmark
2014,National,United States,00,RINTERNATIONALMIG,Census-County-State-US,PEP_Vintage_2020,2.9809773838,Benchmark
2015,Region,Puget Sound Region,53033-53035-53053-53061,DEATHS,Census-County-State-US,PEP_Vintage_2020,-26499.0,Benchmark
2018,National,United States,00,POPESTIMATE,Census-County-State-US,PEP_Vintage_2020,326838199.0,Benchmark
2001,Place,"Fife, WA",5323795,POPESTIMATE,Census-Place,PEP City and Town Intercensal Datasets: 2000-2010,5456.0,Focus
2023,National,United States,00,RDOMESTICMIG,Census-County-State-US,PEP_Vintage_2025,0.0,Benchmark
2025,County or Equivalent,Pierce County,53053,BIRTHS,Census-County-State-US,PEP_Vintage_2025,10600.0,Broad
2021,State,Washington,53,RDEATH,Census-County-State-US,PEP_Vintage_2025,8.3692669339,Benchmark
2003,Region,Puget Sound Region,53033-53035-53053-53061,POPESTIMATE,Moodys-County,Moodys,3372778.9999999995,Benchmark
1988,Region,Puget Sound Region,53033-53035-53053-53061,BIRTHS,Moodys-County,Moodys,40436.39148524414,Benchmark
2010,County or Equivalent,Pierce County,53053,GQESTIMATES,Census-County-State-US,PEP_Vintage_2020,17937.0,Broad
2012,Metropolitan Statistical Area,Seattle MSA,42660,NATURALCHG,Census-CBSA,PEP_Vintage_2020,22436.0,Benchmark
2004,State,Washington,53,DEATHS,Moodys-State,Moodys,-45734.87197037872,Benchmark
2022,National,United States,00,NPOPCHG,Census-County-State-US,PEP_Vintage_2025,1896138.0,Benchmark
1994,National,United States,00,INTERNATIONALMIG,Moodys-US,Moodys,1427678.418995827,Benchmark
1993,Metropolitan Statistical Area,Seattle MSA,42660,DOMESTICMIG,Moodys-CBSA,Moodys,13558.224281515144,Benchmark
2023,Region,Puget Sound Region,53033-53035-53053-53061,RESIDUAL,Census-County-State-US,PEP_Vintage_2025,-533.0,Benchmark
1993,State,Washington,53,INTERNATIONALMIG,Moodys-State,Moodys,21028.533863580753,Benchmark
2011,Metropolitan Statistical Area,Seattle MSA,42660,RDOMESTICMIG,Census-CBSA,PEP_Vintage_2020,12.8418876224,Benchmark
1999,County or Equivalent,Pierce County,53053,INTERNATIONALMIG,Moodys-County,Moodys,1596.0073556170864,Broad
2011,County or Equivalent,Pierce County,53053,NETMIG,Census-County-State-US,PEP_Vintage_2020,7212.0,Broad
2001,Region,Puget Sound Region,53033-53035-53053-53061,RESIDUAL,Moodys-County,Moodys,22.000000000000114,Benchmark
2017,County or Equivalent,Pierce County,53053,RNETMIG,Census-County-State-US,PEP_Vintage_2020,13.880506594,Broad
2007,Place,"Fife, WA",5323795,POPESTIMATE,Census-Place,PEP City and Town Intercensal Datasets: 2000-2010,8012.0,Focus
2017,Region,Puget Sound Region,53033-53035-53053-53061,RNETMIG,Census-County-State-US,PEP_Vintage_2020,47.6802525429,Benchmark
1994,Place,"Fife, WA",5323795,POPESTIMATE,Census-Place,PEP City and Town Postcensal Tables: 1990-2000,4682.0,Focus
1998,National,United States,00,DEATHS,Moodys-US,Moodys,-2368431.5491407122,Benchmark
2002,Metropolitan Statistical Area,Seattle MSA,42660,INTERNATIONALMIG,Moodys-CBSA,Moodys,14091.845351777356,Benchmark
1995,National,United States,00,POPESTIMATE,Moodys-US,Moodys,266334532.09585422,Benchmark
1996,National,United States,00,DOMESTICMIG,Moodys-US,Moodys,1237.2367637644843,Benchmark
2005,Region,Puget Sound Region,53033-53035-53053-53061,BIRTHS,Moodys-County,Moodys,44590.90138598877,Benchmark
2021,Metropolitan Statistical Area,Seattle MSA,42660,RDEATH,Census-CBSA,PEP_Vintage_2025,22.221263234,Benchmark
2010,Region,Puget Sound Region,53033-53035-53053-53061,NPOPCHG,Census-County-State-US,PEP_Vintage_2020,10100.0,Benchmark
2019,National,United States,00,INTERNATIONALMIG,Census-County-State-US,PEP_Vintage_2020,568639.0,Benchmark
2022,State,Washington,53,RNATURALCHG,Census-County-State-US,PEP_Vintage_2025,1.7173235919,Benchmark
2017,County or Equivalent,Pierce County,53053,RBIRTH,Census-County-State-US,PEP_Vintage_2020,13.164071164,Broad
2015,National,United States,00,RESIDUAL,Census-County-State-US,PEP_Vintage_2020,0.0,Benchmark
1996,Metropolitan Statistical Area,Seattle MSA,42660,DEATHS,Moodys-CBSA,Moodys,-19633.871634050818,Benchmark
1992,State,Washington,53,NATURALCHG,Moodys-State,Moodys,43254.88914409717,Benchmark
1984,County or Equivalent,Pierce County,53053,RESIDUAL,Moodys-County,Moodys,-197.11811256528034,Broad
2009,National,United States,00,NATURALCHG,Moodys-US,Moodys,1775540.5489818766,Benchmark
2009,Region,Puget Sound Region,53033-53035-53053-53061,DOMESTICMIG,Moodys-County,Moodys,22231.795559228092,Benchmark
2014,National,United States,00,RBIRTH,Census-County-State-US,PEP_Vintage_2020,12.493398259,Benchmark
2017,State,Washington,53,POPESTIMATE,Census-County-State-US,PEP_Vintage_2020,7427951.0,Benchmark
1992,State,Washington,53,DEATHS,Moodys-State,Moodys,-37734.200294017865,Benchmark
2023,County or Equivalent,Pierce County,53053,GQESTIMATES,Census-County-State-US,PEP_Vintage_2025,22637.0,Broad
2015,National,United States,00,POPESTIMATE,Census-County-State-US,PEP_Vintage_2020,320738994.0,Benchmark
1997,Metropolitan Statistical Area,Seattle MSA,42660,BIRTHS,Moodys-CBSA,Moodys,39005.62224648894,Benchmark
2010,Metropolitan Statistical Area,Seattle MSA,42660,NETMIG,Census-CBSA,PEP_Vintage_2020,3601.0,Benchmark
2019,Region,Puget Sound Region,53033-53035-53053-53061,NATURALCHG,Census-County-State-US,PEP_Vintage_2020,19735.0,Benchmark
2024,Region,Puget Sound Region,53033-53035-53053-53061,RNATURALCHG,Census-County-State-US,PEP_Vintage_2025,11.490417008,Benchmark
2012,Region,Puget Sound Region,53033-53035-53053-53061,RDOMESTICMIG,Census-County-State-US,PEP_Vintage_2020,4.148346393700001,Benchmark
1988,County or Equivalent,Pierce County,53053,NATURALCHG,Moodys-County,Moodys,5576.32008345546,Broad
2023,County or Equivalent,Pierce County,53053,NPOPCHG,Census-County-State-US,PEP_Vintage_2025,3952.0,Broad
2019,Place,"Fife, WA",5323795,POPESTIMATE,Census-Place,PEP_Vintage_2020,10351.0,Focus
2004,National,United States,00,RESIDUAL,Moodys-US,Moodys,69522.7681972339,Benchmark
2025,Metropolitan Statistical Area,Seattle MSA,42660,NPOPCHG,Census-CBSA,PEP_Vintage_2025,43068.0,Benchmark
1982,State,Washington,53,BIRTHS,Moodys-State,Moodys,69905.99012140572,Benchmark
2012,Metropolitan Statistical Area,Seattle MSA,42660,RNATURALCHG,Census-CBSA,PEP_Vintage_2020,19.1025136696,Benchmark
2017,State,Washington,53,RINTERNATIONALMIG,Census-County-State-US,PEP_Vintage_2020,4.1411165412,Benchmark
2013,Metropolitan Statistical Area,Seattle MSA,42660,DOMESTICMIG,Census-CBSA,PEP_Vintage_2020,15181.0,Benchmark
1981,State,Washington,53,POPESTIMATE,Moodys-State,Moodys,4235729.980468749,Benchmark
1995,County or Equivalent,Pierce County,53053,DOMESTICMIG,Moodys-County,Moodys,3184.657295628795,Broad
1989,State,Washington,53,DEATHS,Moodys-State,Moodys,-36377.00237805571,Benchmark
2012,County or Equivalent,Pierce County,53053,RBIRTH,Census-County-State-US,PEP_Vintage_2020,14.097936557,Broad
2021,State,Washington,53,RNETMIG,Census-County-State-US,PEP_Vintage_2025,-0.130436514,Benchmark
2021,Region,Puget Sound Region,53033-53035-53053-53061,RDOMESTICMIG,Census-County-State-US,PEP_Vintage_2025,-14.932156976000002,Benchmark
2010,National,United States,00,NATURALCHG,Census-County-State-US,PEP_Vintage_2020,1556580.0,Benchmark
2013,Region,Puget Sound Region,53033-53035-53053-53061,NATURALCHG,Census-County-State-US,PEP_Vintage_2020,23117.0,Benchmark
1985,Metropolitan Statistical Area,Seattle MSA,42660,INTERNATIONALMIG,Moodys-CBSA,Moodys,18495.483074810003,Benchmark
2010,Metropolitan Statistical Area,Seattle MSA,42660,BIRTHS,Census-CBSA,PEP_Vintage_2020,45304.0,Benchmark
1992,Region,Puget Sound Region,53033-53035-53053-53061,NATURALCHG,Moodys-County,Moodys,26193.404593091323,Benchmark
2011,Metropolitan Statistical Area,Seattle MSA,42660,RBIRTH,Census-CBSA,PEP_Vintage_2020,38.512446843,Benchmark
2014,Metropolitan Statistical Area,Seattle MSA,42660,NPOPCHG,Census-CBSA,PEP_Vintage_2020,63169.0,Benchmark
2009,County or Equivalent,Pierce County,53053,DOMESTICMIG,Moodys-County,Moodys,3855.8637034918725,Broad
2016,County or Equivalent,Pierce County,53053,RNATURALCHG,Census-County-State-US,PEP_Vintage_2020,6.2728257745,Broad
2024,Region,Puget Sound Region,53033-53035-53053-53061,DEATHS,Census-County-State-US,PEP_Vintage_2025,-31727.0,Benchmark
2017,Region,Puget Sound Region,53033-53035-53053-53061,DEATHS,Census-County-State-US,PEP_Vintage_2020,-27771.0,Benchmark
2008,Region,Puget Sound Region,53033-53035-53053-53061,DOMESTICMIG,Moodys-County,Moodys,16602.73879099421,Benchmark
2015,State,Washington,53,RESIDUAL,Census-County-State-US,PEP_Vintage_2020,90.0,Benchmark
2023,Region,Puget Sound Region,53033-53035-53053-53061,POPESTIMATE,Census-County-State-US,PEP_Vintage_2025,4340215.0,Benchmark
2023,Metropolitan Statistical Area,Seattle MSA,42660,RBIRTH,Census-CBSA,PEP_Vintage_2025,33.232206006,Benchmark
2012,National,United States,00,RNATURALCHG,Census-County-State-US,PEP_Vintage_2020,4.5900373383,Benchmark
2022,State,Washington,53,POPESTIMATE,Census-County-State-US,PEP_Vintage_2025,7786828.0,Benchmark
1994,County or Equivalent,Pierce County,53053,RESIDUAL,Moodys-County,Moodys,-242.0491505646402,Broad
2019,Metropolitan Statistical Area,Seattle MSA,42660,GQESTIMATES,Census-CBSA,PEP_Vintage_2020,71008.0,Benchmark
2013,Region,Puget Sound Region,53033-53035-53053-53061,DEATHS,Census-County-State-US,PEP_Vintage_2020,-25220.0,Benchmark
1986,Metropolitan Statistical Area,Seattle MSA,42660,DOMESTICMIG,Moodys-CBSA,Moodys,6161.200828069013,Benchmark
1999,Region,Puget Sound Region,53033-53035-53053-53061,BIRTHS,Moodys-County,Moodys,44132.875012529366,Benchmark
2006,Metropolitan Statistical Area,Seattle MSA,42660,POPESTIMATE,Moodys-CBSA,Moodys,3257080.999999999,Benchmark
2023,Region,Puget Sound Region,53033-53035-53053-53061,RNETMIG,Census-County-State-US,PEP_Vintage_2025,8.69697308,Benchmark
2003,State,Washington,53,DEATHS,Moodys-State,Moodys,-45092.84208295164,Benchmark
