Topic,Topic Summary,Complete Summary,Comparison Period,Current Period,Data Source,Variables,Metric,Metric Type,Description,Internal Insight,Comparative Insight (Broad),Comparative Insight (Benchmarks),Comparative Insight (Peers),Comparative Insight (Peers - Detailed),Overall Insight,Math/Prompt Debug
Population,"In 2025, Pierce County recorded a population of 946,288, a figure considerably smaller than the Seattle Metropolitan Statistical Area (4.16 million) and the Puget Sound Region (4.45 million), and dwarfed by the United States' 341.78 million. Despite its smaller size, Pierce County experienced a recent population growth of 0.7% between 2024 and 2025, outpacing the United States' 0.5% but slightly trailing Washington's 0.9%. Over the longer term, Pierce County's cumulative population change of 60.2% significantly exceeded the United States' 36.9% and closely mirrored the Puget Sound Region and Seattle Metropolitan Statistical Area. A notable distinction lies in the drivers of recent change: Pierce County's growth was primarily fueled by natural change, adding +2,626 individuals, contrasting sharply with the United States, Puget Sound Region, Washington, and Seattle Metropolitan Statistical Area, all of which saw international migration as their dominant recent growth factor, with the United States gaining over 1.2 million from this source. Cumulatively, however, natural change has been a significant driver across all regions, including Pierce County (+170,815), though at substantially higher magnitudes for larger entities like Washington (+1,216,498).","Pierce County's population grew by 0.7% between 2024 and 2025, outpacing the United States, with long-term growth significantly exceeding national trends, primarily driven by natural change rather than international migration. The county's demographic profile is anchored by the 30-34 age group and a predominant white population, though the hispanic population drove the largest race-ethnicity growth. Within Pierce County, Fife, WA presents a distinctly younger demographic with a median age of 31.3, notably below the county average. Despite its robust labor force participation rate of 76.1%, significantly higher than the United States, Fife faces considerable economic challenges. Its median household income of $90,532, while above the national average, lags behind Pierce County and saw minimal growth. This is compounded by a higher poverty rate (11.2%) and increased SNAP benefit receipt (13.6%). Housing affordability is a major concern, particularly for owner households in Fife, who bear a substantially higher cost burden at 36.1%, 9.5 percentage points above Pierce County, with a significant 2.8% increase in cost-burdened owners. Female earnings in Fife also saw a decline, contrasting with positive growth observed in other areas.",2025,2025,components_of_change,"{""Value Type"": ""POPESTIMATE""}",Population,Numeric,Current population for the geography,"In 2025, Pierce County recorded a population of 946,288.",N/A,"Pierce County's population of 946,288 is smaller than Seattle MSA (4.16 million), is smaller than Puget Sound Region (4.45 million), is smaller than Washington (8.00 million), and is smaller than United States (341.78 million).",N/A,N/A,"Pierce County recorded a population of 946,288 in 2025, which is considerably smaller than the Seattle MSA, the Puget Sound Region, and Washington, and dwarfed by the United States' population of 341.78 million.","Math Context: Focus value: 946,288; Seattle MSA: 4.16 million (diff: -3.22 million); Puget Sound Region: 4.45 million (diff: -3.50 million); Washington: 8.00 million (diff: -7.05 million); United States: 341.78 million (diff: -340.84 million)"
Population,"In 2025, Pierce County recorded a population of 946,288, a figure considerably smaller than the Seattle Metropolitan Statistical Area (4.16 million) and the Puget Sound Region (4.45 million), and dwarfed by the United States' 341.78 million. Despite its smaller size, Pierce County experienced a recent population growth of 0.7% between 2024 and 2025, outpacing the United States' 0.5% but slightly trailing Washington's 0.9%. Over the longer term, Pierce County's cumulative population change of 60.2% significantly exceeded the United States' 36.9% and closely mirrored the Puget Sound Region and Seattle Metropolitan Statistical Area. A notable distinction lies in the drivers of recent change: Pierce County's growth was primarily fueled by natural change, adding +2,626 individuals, contrasting sharply with the United States, Puget Sound Region, Washington, and Seattle Metropolitan Statistical Area, all of which saw international migration as their dominant recent growth factor, with the United States gaining over 1.2 million from this source. Cumulatively, however, natural change has been a significant driver across all regions, including Pierce County (+170,815), though at substantially higher magnitudes for larger entities like Washington (+1,216,498).","Pierce County's population grew by 0.7% between 2024 and 2025, outpacing the United States, with long-term growth significantly exceeding national trends, primarily driven by natural change rather than international migration. The county's demographic profile is anchored by the 30-34 age group and a predominant white population, though the hispanic population drove the largest race-ethnicity growth. Within Pierce County, Fife, WA presents a distinctly younger demographic with a median age of 31.3, notably below the county average. Despite its robust labor force participation rate of 76.1%, significantly higher than the United States, Fife faces considerable economic challenges. Its median household income of $90,532, while above the national average, lags behind Pierce County and saw minimal growth. This is compounded by a higher poverty rate (11.2%) and increased SNAP benefit receipt (13.6%). Housing affordability is a major concern, particularly for owner households in Fife, who bear a substantially higher cost burden at 36.1%, 9.5 percentage points above Pierce County, with a significant 2.8% increase in cost-burdened owners. Female earnings in Fife also saw a decline, contrasting with positive growth observed in other areas.",2024,2025,components_of_change,"{""Value Type"": ""POPESTIMATE""}",Recent Percentage Population Change,Percentage,Percent difference in population for the geography from previous to current,"Between 2024 and 2025, Pierce County experienced a recent population change of 0.7%.",N/A,"Pierce County's recent population change of 0.7% is 0.2 percentage points higher than United States (0.5%), is 0.2 percentage points lower than Washington (0.9%), is 0.3 percentage points lower than Puget Sound Region (1.0%), and is 0.4 percentage points lower than Seattle MSA (1.0%).",N/A,N/A,"Pierce County experienced a recent population change of 0.7% between 2024 and 2025, which was 0.2 percentage points higher than the United States (0.5%) but ranged from 0.2 to 0.4 percentage points lower than Washington, Puget Sound Region, and Seattle MSA.",Math Context: Focus value: 0.7%; United States: 0.5% (diff: +0.2 pp); Washington: 0.9% (diff: -0.2 pp); Puget Sound Region: 1.0% (diff: -0.3 pp); Seattle MSA: 1.0% (diff: -0.4 pp)
Population,"In 2025, Pierce County recorded a population of 946,288, a figure considerably smaller than the Seattle Metropolitan Statistical Area (4.16 million) and the Puget Sound Region (4.45 million), and dwarfed by the United States' 341.78 million. Despite its smaller size, Pierce County experienced a recent population growth of 0.7% between 2024 and 2025, outpacing the United States' 0.5% but slightly trailing Washington's 0.9%. Over the longer term, Pierce County's cumulative population change of 60.2% significantly exceeded the United States' 36.9% and closely mirrored the Puget Sound Region and Seattle Metropolitan Statistical Area. A notable distinction lies in the drivers of recent change: Pierce County's growth was primarily fueled by natural change, adding +2,626 individuals, contrasting sharply with the United States, Puget Sound Region, Washington, and Seattle Metropolitan Statistical Area, all of which saw international migration as their dominant recent growth factor, with the United States gaining over 1.2 million from this source. Cumulatively, however, natural change has been a significant driver across all regions, including Pierce County (+170,815), though at substantially higher magnitudes for larger entities like Washington (+1,216,498).","Pierce County's population grew by 0.7% between 2024 and 2025, outpacing the United States, with long-term growth significantly exceeding national trends, primarily driven by natural change rather than international migration. The county's demographic profile is anchored by the 30-34 age group and a predominant white population, though the hispanic population drove the largest race-ethnicity growth. Within Pierce County, Fife, WA presents a distinctly younger demographic with a median age of 31.3, notably below the county average. Despite its robust labor force participation rate of 76.1%, significantly higher than the United States, Fife faces considerable economic challenges. Its median household income of $90,532, while above the national average, lags behind Pierce County and saw minimal growth. This is compounded by a higher poverty rate (11.2%) and increased SNAP benefit receipt (13.6%). Housing affordability is a major concern, particularly for owner households in Fife, who bear a substantially higher cost burden at 36.1%, 9.5 percentage points above Pierce County, with a significant 2.8% increase in cost-burdened owners. Female earnings in Fife also saw a decline, contrasting with positive growth observed in other areas.",1990,2025,components_of_change,"{""Value Type"": ""POPESTIMATE""}",Cumulative Percentage Population Change,Percentage,Percent difference in population for the geography from 1990 to current,"In 2025, Pierce County recorded a cumulative population change of 60.2%.",N/A,"Pierce County's cumulative population change of 60.2% is 23.4 percentage points higher than United States (36.9%), is 0.2 percentage points lower than Puget Sound Region (60.4%), is 1.1 percentage points lower than Seattle MSA (61.4%), and is 2.9 percentage points lower than Washington (63.2%).",N/A,N/A,"Pierce County recorded a cumulative population change of 60.2% in 2025, significantly exceeding the United States by 23.4 percentage points, and closely mirroring the Puget Sound Region and Seattle MSA, though slightly lower than Washington by 2.9 percentage points.",Math Context: Focus value: 60.2%; United States: 36.9% (diff: +23.4 pp); Puget Sound Region: 60.4% (diff: -0.2 pp); Seattle MSA: 61.4% (diff: -1.1 pp); Washington: 63.2% (diff: -2.9 pp)
Population,"In 2025, Pierce County recorded a population of 946,288, a figure considerably smaller than the Seattle Metropolitan Statistical Area (4.16 million) and the Puget Sound Region (4.45 million), and dwarfed by the United States' 341.78 million. Despite its smaller size, Pierce County experienced a recent population growth of 0.7% between 2024 and 2025, outpacing the United States' 0.5% but slightly trailing Washington's 0.9%. Over the longer term, Pierce County's cumulative population change of 60.2% significantly exceeded the United States' 36.9% and closely mirrored the Puget Sound Region and Seattle Metropolitan Statistical Area. A notable distinction lies in the drivers of recent change: Pierce County's growth was primarily fueled by natural change, adding +2,626 individuals, contrasting sharply with the United States, Puget Sound Region, Washington, and Seattle Metropolitan Statistical Area, all of which saw international migration as their dominant recent growth factor, with the United States gaining over 1.2 million from this source. Cumulatively, however, natural change has been a significant driver across all regions, including Pierce County (+170,815), though at substantially higher magnitudes for larger entities like Washington (+1,216,498).","Pierce County's population grew by 0.7% between 2024 and 2025, outpacing the United States, with long-term growth significantly exceeding national trends, primarily driven by natural change rather than international migration. The county's demographic profile is anchored by the 30-34 age group and a predominant white population, though the hispanic population drove the largest race-ethnicity growth. Within Pierce County, Fife, WA presents a distinctly younger demographic with a median age of 31.3, notably below the county average. Despite its robust labor force participation rate of 76.1%, significantly higher than the United States, Fife faces considerable economic challenges. Its median household income of $90,532, while above the national average, lags behind Pierce County and saw minimal growth. This is compounded by a higher poverty rate (11.2%) and increased SNAP benefit receipt (13.6%). Housing affordability is a major concern, particularly for owner households in Fife, who bear a substantially higher cost burden at 36.1%, 9.5 percentage points above Pierce County, with a significant 2.8% increase in cost-burdened owners. Female earnings in Fife also saw a decline, contrasting with positive growth observed in other areas.",2025,2025,components_of_change,"{""Value Type"": ""NATURALCHG"", ""Value Type"": ""DOMESTICMIG"", ""Value Type"": ""INTERNATIONALMIG""}",Largest Driver of Change,Ordinal,Largest component of population change for the geography (or county-level counterpart) in current year,"In 2025, Pierce County's primary largest driver of change was Natural Change (+2,626).",N/A,"while Pierce County's primary largest driver of change is Natural Change (+2,626), United States is primarily driven by International Migration (+1,262,202). While Pierce County's primary largest driver of change is Natural Change (+2,626), Puget Sound Region is primarily driven by International Migration (+37,907). While Pierce County's primary largest driver of change is Natural Change (+2,626), Washington is primarily driven by International Migration (+46,202). While Pierce County's primary largest driver of change is Natural Change (+2,626), Seattle MSA is primarily driven by International Migration (+37,353).",N/A,N/A,"Pierce County's largest driver of change in 2025 was natural change (+2,626), contrasting with the United States, Puget Sound Region, Washington, and Seattle MSA, all primarily driven by international migration, with the United States experiencing over 1.2 million from this source.","Math Context: Focus value: +2,626; United States: +1,262,202 (diff: -+1,259,576); Puget Sound Region: +37,907 (diff: -+35,281); Washington: +46,202 (diff: -+43,576); Seattle MSA: +37,353 (diff: -+34,727)"
Population,"In 2025, Pierce County recorded a population of 946,288, a figure considerably smaller than the Seattle Metropolitan Statistical Area (4.16 million) and the Puget Sound Region (4.45 million), and dwarfed by the United States' 341.78 million. Despite its smaller size, Pierce County experienced a recent population growth of 0.7% between 2024 and 2025, outpacing the United States' 0.5% but slightly trailing Washington's 0.9%. Over the longer term, Pierce County's cumulative population change of 60.2% significantly exceeded the United States' 36.9% and closely mirrored the Puget Sound Region and Seattle Metropolitan Statistical Area. A notable distinction lies in the drivers of recent change: Pierce County's growth was primarily fueled by natural change, adding +2,626 individuals, contrasting sharply with the United States, Puget Sound Region, Washington, and Seattle Metropolitan Statistical Area, all of which saw international migration as their dominant recent growth factor, with the United States gaining over 1.2 million from this source. Cumulatively, however, natural change has been a significant driver across all regions, including Pierce County (+170,815), though at substantially higher magnitudes for larger entities like Washington (+1,216,498).","Pierce County's population grew by 0.7% between 2024 and 2025, outpacing the United States, with long-term growth significantly exceeding national trends, primarily driven by natural change rather than international migration. The county's demographic profile is anchored by the 30-34 age group and a predominant white population, though the hispanic population drove the largest race-ethnicity growth. Within Pierce County, Fife, WA presents a distinctly younger demographic with a median age of 31.3, notably below the county average. Despite its robust labor force participation rate of 76.1%, significantly higher than the United States, Fife faces considerable economic challenges. Its median household income of $90,532, while above the national average, lags behind Pierce County and saw minimal growth. This is compounded by a higher poverty rate (11.2%) and increased SNAP benefit receipt (13.6%). Housing affordability is a major concern, particularly for owner households in Fife, who bear a substantially higher cost burden at 36.1%, 9.5 percentage points above Pierce County, with a significant 2.8% increase in cost-burdened owners. Female earnings in Fife also saw a decline, contrasting with positive growth observed in other areas.",2024,2025,components_of_change,"{""Value Type"": ""NATURALCHG"", ""Value Type"": ""DOMESTICMIG"", ""Value Type"": ""INTERNATIONALMIG""}",Recent Dynamics in Drivers of Change,Numeric,Difference in current largest component of population change for the geography (or county-level counterpart) from previous,"In 2025, Pierce County's primary recent dynamics in drivers of change was Natural Change (+2,626).",N/A,"while Pierce County's primary recent dynamics in drivers of change is Natural Change (+2,626), Puget Sound Region is primarily driven by International Migration (+37,907). While Pierce County's primary recent dynamics in drivers of change is Natural Change (+2,626), Washington is primarily driven by International Migration (+46,202). While Pierce County's primary recent dynamics in drivers of change is Natural Change (+2,626), Seattle MSA is primarily driven by International Migration (+37,353). While Pierce County's primary recent dynamics in drivers of change is Natural Change (+2,626), United States is primarily driven by International Migration (+1,262,202).",N/A,N/A,"Pierce County's primary recent dynamics in drivers of change in 2025 were natural change (+2,626), significantly differing from the Puget Sound Region (+37,907), Washington (+46,202), Seattle MSA (+37,353), and the United States (+1,262,202), all primarily driven by international migration.","Math Context: Focus value: +2,626; Puget Sound Region: +37,907 (diff: -+35,281); Washington: +46,202 (diff: -+43,576); Seattle MSA: +37,353 (diff: -+34,727); United States: +1,262,202 (diff: -+1,259,576)"
Population,"In 2025, Pierce County recorded a population of 946,288, a figure considerably smaller than the Seattle Metropolitan Statistical Area (4.16 million) and the Puget Sound Region (4.45 million), and dwarfed by the United States' 341.78 million. Despite its smaller size, Pierce County experienced a recent population growth of 0.7% between 2024 and 2025, outpacing the United States' 0.5% but slightly trailing Washington's 0.9%. Over the longer term, Pierce County's cumulative population change of 60.2% significantly exceeded the United States' 36.9% and closely mirrored the Puget Sound Region and Seattle Metropolitan Statistical Area. A notable distinction lies in the drivers of recent change: Pierce County's growth was primarily fueled by natural change, adding +2,626 individuals, contrasting sharply with the United States, Puget Sound Region, Washington, and Seattle Metropolitan Statistical Area, all of which saw international migration as their dominant recent growth factor, with the United States gaining over 1.2 million from this source. Cumulatively, however, natural change has been a significant driver across all regions, including Pierce County (+170,815), though at substantially higher magnitudes for larger entities like Washington (+1,216,498).","Pierce County's population grew by 0.7% between 2024 and 2025, outpacing the United States, with long-term growth significantly exceeding national trends, primarily driven by natural change rather than international migration. The county's demographic profile is anchored by the 30-34 age group and a predominant white population, though the hispanic population drove the largest race-ethnicity growth. Within Pierce County, Fife, WA presents a distinctly younger demographic with a median age of 31.3, notably below the county average. Despite its robust labor force participation rate of 76.1%, significantly higher than the United States, Fife faces considerable economic challenges. Its median household income of $90,532, while above the national average, lags behind Pierce County and saw minimal growth. This is compounded by a higher poverty rate (11.2%) and increased SNAP benefit receipt (13.6%). Housing affordability is a major concern, particularly for owner households in Fife, who bear a substantially higher cost burden at 36.1%, 9.5 percentage points above Pierce County, with a significant 2.8% increase in cost-burdened owners. Female earnings in Fife also saw a decline, contrasting with positive growth observed in other areas.",1990,2025,components_of_change,"{""Value Type"": ""NATURALCHG"", ""Value Type"": ""DOMESTICMIG"", ""Value Type"": ""INTERNATIONALMIG""}",Cumulative Dynamics in Drivers of Change,Numeric,Largest cumulative component of population change for the geography (or county-level counterpart) from 1990 to current year,"In 2025, Pierce County's primary cumulative dynamics in drivers of change was Natural Change (+170,815).",N/A,"Pierce County and Washington both share Natural Change as their primary cumulative dynamics in drivers of change, with Pierce County at +170,815 and Washington at +1,216,498. Pierce County and United States both share Natural Change as their primary cumulative dynamics in drivers of change, with Pierce County at +170,815 and United States at +49,389,449. Pierce County and Puget Sound Region both share Natural Change as their primary cumulative dynamics in drivers of change, with Pierce County at +170,815 and Puget Sound Region at +772,949. Pierce County and Seattle MSA both share Natural Change as their primary cumulative dynamics in drivers of change, with Pierce County at +170,815 and Seattle MSA at +731,096.",N/A,N/A,"Pierce County's primary cumulative dynamic in drivers of change in 2025 was natural change at +170,815, a trend also observed in Washington, the Puget Sound Region, Seattle MSA, and the United States, though at considerably higher magnitudes, such as Washington's +1,216,498.","Math Context: Focus value: +170,815; Washington: +1,216,498 (diff: -+1,045,683); United States: +49,389,449 (diff: -+49,218,633); Puget Sound Region: +772,949 (diff: -+602,134); Seattle MSA: +731,096 (diff: -+560,281)"
Demographics,"Pierce County's demographic profile in 2024 is anchored by its largest age group, 30 to 34, comprising 152,188 individuals, a trend consistent across the broader Puget Sound Region, Washington, and the United States. The white population also remains the predominant race-ethnicity group in Pierce County, totaling 574,289, mirroring national patterns where it accounts for 195.43 million. While Pierce County's most notable age group change was an increase of 4,018 in the 45 to 49 cohort, this contrasts with the United States' significant growth of over 1.2 million in the 75 to 79 age group and other regional shifts primarily driven by the 35 to 39 age group. Furthermore, the hispanic population drove Pierce County's largest race-ethnicity growth, increasing by 4,807, aligning with the United States' substantial increase of nearly 1.9 million in its hispanic population, yet differing from Washington and the Puget Sound Region, which saw primary growth in their asian populations. Locally, Fife, WA presents a distinctly younger demographic, with a median age of 31.3, notably below Pierce County's 37.0 and the United States' 38.9, a significant difference of 7.6 years. The gender distribution in Fife, WA, remained exceptionally stable between 2023 and 2024, showing a change of +0, a stability also observed across Pierce County and other larger regions.","Pierce County's population grew by 0.7% between 2024 and 2025, outpacing the United States, with long-term growth significantly exceeding national trends, primarily driven by natural change rather than international migration. The county's demographic profile is anchored by the 30-34 age group and a predominant white population, though the hispanic population drove the largest race-ethnicity growth. Within Pierce County, Fife, WA presents a distinctly younger demographic with a median age of 31.3, notably below the county average. Despite its robust labor force participation rate of 76.1%, significantly higher than the United States, Fife faces considerable economic challenges. Its median household income of $90,532, while above the national average, lags behind Pierce County and saw minimal growth. This is compounded by a higher poverty rate (11.2%) and increased SNAP benefit receipt (13.6%). Housing affordability is a major concern, particularly for owner households in Fife, who bear a substantially higher cost burden at 36.1%, 9.5 percentage points above Pierce County, with a significant 2.8% increase in cost-burdened owners. Female earnings in Fife also saw a decline, contrasting with positive growth observed in other areas.",2024,2024,ACS_Series,"{""Label"": ""Calc-Youth (0-19)"", ""Label"": ""Calc-Young Adults (20-34)"", ""Label"": ""Calc-Experienced Working Age (35-64)"", ""Label"": ""Calc-Seniors (65+)""}",Largest Age Group,Ordinal,Largest cohort by age for the geography in current year,"In 2024, Pierce County's primary largest age group was 30 to 34 (152,188).",N/A,"Pierce County and Puget Sound Region both share 30 to 34 as their primary largest age group, with Pierce County at 152,188 and Puget Sound Region at 794,130. Pierce County and Seattle MSA both share 30 to 34 as their primary largest age group, with Pierce County at 152,188 and Seattle MSA at 752,760. Pierce County and United States both share 30 to 34 as their primary largest age group, with Pierce County at 152,188 and United States at 47.99 million. Pierce County and Washington both share 30 to 34 as their primary largest age group, with Pierce County at 152,188 and Washington at 1.28 million.",N/A,N/A,"Pierce County's largest age group in 2024 was 30 to 34, comprising 152,188 individuals, a demographic trend consistent across the Puget Sound Region, Seattle MSA, Washington, and the United States.","Math Context: Focus value: 152,188; Puget Sound Region: 794,130 (diff: -641,942); Seattle MSA: 752,760 (diff: -600,572); United States: 47.99 million (diff: -47.84 million); Washington: 1.28 million (diff: -1.13 million)"
Demographics,"Pierce County's demographic profile in 2024 is anchored by its largest age group, 30 to 34, comprising 152,188 individuals, a trend consistent across the broader Puget Sound Region, Washington, and the United States. The white population also remains the predominant race-ethnicity group in Pierce County, totaling 574,289, mirroring national patterns where it accounts for 195.43 million. While Pierce County's most notable age group change was an increase of 4,018 in the 45 to 49 cohort, this contrasts with the United States' significant growth of over 1.2 million in the 75 to 79 age group and other regional shifts primarily driven by the 35 to 39 age group. Furthermore, the hispanic population drove Pierce County's largest race-ethnicity growth, increasing by 4,807, aligning with the United States' substantial increase of nearly 1.9 million in its hispanic population, yet differing from Washington and the Puget Sound Region, which saw primary growth in their asian populations. Locally, Fife, WA presents a distinctly younger demographic, with a median age of 31.3, notably below Pierce County's 37.0 and the United States' 38.9, a significant difference of 7.6 years. The gender distribution in Fife, WA, remained exceptionally stable between 2023 and 2024, showing a change of +0, a stability also observed across Pierce County and other larger regions.","Pierce County's population grew by 0.7% between 2024 and 2025, outpacing the United States, with long-term growth significantly exceeding national trends, primarily driven by natural change rather than international migration. The county's demographic profile is anchored by the 30-34 age group and a predominant white population, though the hispanic population drove the largest race-ethnicity growth. Within Pierce County, Fife, WA presents a distinctly younger demographic with a median age of 31.3, notably below the county average. Despite its robust labor force participation rate of 76.1%, significantly higher than the United States, Fife faces considerable economic challenges. Its median household income of $90,532, while above the national average, lags behind Pierce County and saw minimal growth. This is compounded by a higher poverty rate (11.2%) and increased SNAP benefit receipt (13.6%). Housing affordability is a major concern, particularly for owner households in Fife, who bear a substantially higher cost burden at 36.1%, 9.5 percentage points above Pierce County, with a significant 2.8% increase in cost-burdened owners. Female earnings in Fife also saw a decline, contrasting with positive growth observed in other areas.",2023,2024,ACS_Series,"{""Label"": ""Calc-Youth (0-19)"", ""Label"": ""Calc-Young Adults (20-34)"", ""Label"": ""Calc-Experienced Working Age (35-64)"", ""Label"": ""Calc-Seniors (65+)""}",Largest Change in Age Group,Numeric,Largest change in age cohort for the geography from previous to current,"In 2024, Pierce County's primary largest change in age group was 45 to 49 (+4,018).",N/A,"while Pierce County's primary largest change in age group is 45 to 49 (+4,018), United States is primarily driven by 75 to 79 (+1,226,444). While Pierce County's primary largest change in age group is 45 to 49 (+4,018), Seattle MSA is primarily driven by 35 to 39 (+23,358). While Pierce County's primary largest change in age group is 45 to 49 (+4,018), Washington is primarily driven by 35 to 39 (+34,914). While Pierce County's primary largest change in age group is 45 to 49 (+4,018), Puget Sound Region is primarily driven by 35 to 39 (+24,682).",N/A,N/A,"Pierce County's largest change in age group in 2024 was an increase of 4,018 in the 45 to 49 age group, a trend notably smaller than the United States' primary growth of over 1.2 million in the 75 to 79 age group and distinct from the 35 to 39 age group which drove the largest changes in Seattle MSA, Washington, and the Puget Sound Region.","Math Context: Focus value: +4,018; United States: +1,226,444 (diff: -+1,222,426); Seattle MSA: +23,358 (diff: -+19,340); Washington: +34,914 (diff: -+30,896); Puget Sound Region: +24,682 (diff: -+20,664)"
Demographics,"Pierce County's demographic profile in 2024 is anchored by its largest age group, 30 to 34, comprising 152,188 individuals, a trend consistent across the broader Puget Sound Region, Washington, and the United States. The white population also remains the predominant race-ethnicity group in Pierce County, totaling 574,289, mirroring national patterns where it accounts for 195.43 million. While Pierce County's most notable age group change was an increase of 4,018 in the 45 to 49 cohort, this contrasts with the United States' significant growth of over 1.2 million in the 75 to 79 age group and other regional shifts primarily driven by the 35 to 39 age group. Furthermore, the hispanic population drove Pierce County's largest race-ethnicity growth, increasing by 4,807, aligning with the United States' substantial increase of nearly 1.9 million in its hispanic population, yet differing from Washington and the Puget Sound Region, which saw primary growth in their asian populations. Locally, Fife, WA presents a distinctly younger demographic, with a median age of 31.3, notably below Pierce County's 37.0 and the United States' 38.9, a significant difference of 7.6 years. The gender distribution in Fife, WA, remained exceptionally stable between 2023 and 2024, showing a change of +0, a stability also observed across Pierce County and other larger regions.","Pierce County's population grew by 0.7% between 2024 and 2025, outpacing the United States, with long-term growth significantly exceeding national trends, primarily driven by natural change rather than international migration. The county's demographic profile is anchored by the 30-34 age group and a predominant white population, though the hispanic population drove the largest race-ethnicity growth. Within Pierce County, Fife, WA presents a distinctly younger demographic with a median age of 31.3, notably below the county average. Despite its robust labor force participation rate of 76.1%, significantly higher than the United States, Fife faces considerable economic challenges. Its median household income of $90,532, while above the national average, lags behind Pierce County and saw minimal growth. This is compounded by a higher poverty rate (11.2%) and increased SNAP benefit receipt (13.6%). Housing affordability is a major concern, particularly for owner households in Fife, who bear a substantially higher cost burden at 36.1%, 9.5 percentage points above Pierce County, with a significant 2.8% increase in cost-burdened owners. Female earnings in Fife also saw a decline, contrasting with positive growth observed in other areas.",2024,2024,ACS_Series,"{""Label"": ""Calc-Male"", ""Label"": ""Calc-Female""}",Largest Gender Group,Ordinal,Largest gender group for the geography in current year,"In 2024, Fife, WA recorded a largest gender group of 1.","Fife, WA's largest gender group of 1 is larger than Pierce County (0).","Fife, WA's largest gender group of 1 is larger than Puget Sound Region (0), is larger than Seattle MSA (0), is larger than Washington (0), is smaller than United States (1), and is smaller than Puyallup Reservation (1).",N/A,N/A,"Fife, WA recorded the largest gender group of 1 in 2024, which is larger than Pierce County, the Puget Sound Region, Seattle MSA, and Washington, but smaller than both the United States and Puyallup Reservation.",Math Context: Focus value: 1; Pierce County: 0 (diff: +0); Puget Sound Region: 0 (diff: +0); Seattle MSA: 0 (diff: +0); Washington: 0 (diff: +0); United States: 1 (diff: -0); Puyallup Reservation: 1 (diff: -0)
Demographics,"Pierce County's demographic profile in 2024 is anchored by its largest age group, 30 to 34, comprising 152,188 individuals, a trend consistent across the broader Puget Sound Region, Washington, and the United States. The white population also remains the predominant race-ethnicity group in Pierce County, totaling 574,289, mirroring national patterns where it accounts for 195.43 million. While Pierce County's most notable age group change was an increase of 4,018 in the 45 to 49 cohort, this contrasts with the United States' significant growth of over 1.2 million in the 75 to 79 age group and other regional shifts primarily driven by the 35 to 39 age group. Furthermore, the hispanic population drove Pierce County's largest race-ethnicity growth, increasing by 4,807, aligning with the United States' substantial increase of nearly 1.9 million in its hispanic population, yet differing from Washington and the Puget Sound Region, which saw primary growth in their asian populations. Locally, Fife, WA presents a distinctly younger demographic, with a median age of 31.3, notably below Pierce County's 37.0 and the United States' 38.9, a significant difference of 7.6 years. The gender distribution in Fife, WA, remained exceptionally stable between 2023 and 2024, showing a change of +0, a stability also observed across Pierce County and other larger regions.","Pierce County's population grew by 0.7% between 2024 and 2025, outpacing the United States, with long-term growth significantly exceeding national trends, primarily driven by natural change rather than international migration. The county's demographic profile is anchored by the 30-34 age group and a predominant white population, though the hispanic population drove the largest race-ethnicity growth. Within Pierce County, Fife, WA presents a distinctly younger demographic with a median age of 31.3, notably below the county average. Despite its robust labor force participation rate of 76.1%, significantly higher than the United States, Fife faces considerable economic challenges. Its median household income of $90,532, while above the national average, lags behind Pierce County and saw minimal growth. This is compounded by a higher poverty rate (11.2%) and increased SNAP benefit receipt (13.6%). Housing affordability is a major concern, particularly for owner households in Fife, who bear a substantially higher cost burden at 36.1%, 9.5 percentage points above Pierce County, with a significant 2.8% increase in cost-burdened owners. Female earnings in Fife also saw a decline, contrasting with positive growth observed in other areas.",2023,2024,ACS_Series,"{""Label"": ""Calc-Male"", ""Label"": ""Calc-Female""}",Largest Change in Gender Group,Numeric,Largest change in gender group for the geography from previous to current,"Between 2023 and 2024, Fife, WA experienced a largest change in gender group of +0.","Fife, WA's largest change in gender group of +0 represents a larger change compared to Pierce County (+0).","Fife, WA's largest change in gender group of +0 represents a larger change compared to Seattle MSA (-0), represents a larger change compared to United States (-0), represents a larger change compared to Washington (+0), represents a larger change compared to Puget Sound Region (+0), and represents a smaller change compared to Puyallup Reservation (+0).",N/A,N/A,"Fife, WA experienced the largest change in gender group of +0 between 2023 and 2024, which was a larger change than observed in Pierce County (+0), Seattle MSA (-0), United States (-0), Washington (+0), and the Puget Sound Region (+0), yet a smaller change than Puyallup Reservation (+0).",Math Context: Focus value: +0; Pierce County: +0 (diff: ++0); Seattle MSA: -0 (diff: ++0); United States: -0 (diff: ++0); Washington: +0 (diff: ++0); Puget Sound Region: +0 (diff: ++0); Puyallup Reservation: +0 (diff: -+0)
Demographics,"Pierce County's demographic profile in 2024 is anchored by its largest age group, 30 to 34, comprising 152,188 individuals, a trend consistent across the broader Puget Sound Region, Washington, and the United States. The white population also remains the predominant race-ethnicity group in Pierce County, totaling 574,289, mirroring national patterns where it accounts for 195.43 million. While Pierce County's most notable age group change was an increase of 4,018 in the 45 to 49 cohort, this contrasts with the United States' significant growth of over 1.2 million in the 75 to 79 age group and other regional shifts primarily driven by the 35 to 39 age group. Furthermore, the hispanic population drove Pierce County's largest race-ethnicity growth, increasing by 4,807, aligning with the United States' substantial increase of nearly 1.9 million in its hispanic population, yet differing from Washington and the Puget Sound Region, which saw primary growth in their asian populations. Locally, Fife, WA presents a distinctly younger demographic, with a median age of 31.3, notably below Pierce County's 37.0 and the United States' 38.9, a significant difference of 7.6 years. The gender distribution in Fife, WA, remained exceptionally stable between 2023 and 2024, showing a change of +0, a stability also observed across Pierce County and other larger regions.","Pierce County's population grew by 0.7% between 2024 and 2025, outpacing the United States, with long-term growth significantly exceeding national trends, primarily driven by natural change rather than international migration. The county's demographic profile is anchored by the 30-34 age group and a predominant white population, though the hispanic population drove the largest race-ethnicity growth. Within Pierce County, Fife, WA presents a distinctly younger demographic with a median age of 31.3, notably below the county average. Despite its robust labor force participation rate of 76.1%, significantly higher than the United States, Fife faces considerable economic challenges. Its median household income of $90,532, while above the national average, lags behind Pierce County and saw minimal growth. This is compounded by a higher poverty rate (11.2%) and increased SNAP benefit receipt (13.6%). Housing affordability is a major concern, particularly for owner households in Fife, who bear a substantially higher cost burden at 36.1%, 9.5 percentage points above Pierce County, with a significant 2.8% increase in cost-burdened owners. Female earnings in Fife also saw a decline, contrasting with positive growth observed in other areas.",2024,2024,ACS_Series,"{""Label"": ""Calc-Asian"", ""Label"": ""Calc-Black"", ""Label"": ""Calc-Hispanic"", ""Label"": ""Calc-Multirace"", ""Label"": ""Calc-Native"", ""Label"": ""Calc-Other Race"", ""Label"": ""Calc-White""}",Largest Race-Ethnicity Group,Ordinal,Largest cohort by race-ethnicity for the geography in current year,"In 2024, Pierce County's primary largest race-ethnicity group was White (574,289).",N/A,"Pierce County and United States both share White as their primary largest race-ethnicity group, with Pierce County at 574,289 and United States at 195.43 million. Pierce County and Puget Sound Region both share White as their primary largest race-ethnicity group, with Pierce County at 574,289 and Puget Sound Region at 2.53 million. Pierce County and Seattle MSA both share White as their primary largest race-ethnicity group, with Pierce County at 574,289 and Seattle MSA at 2.32 million. Pierce County and Washington both share White as their primary largest race-ethnicity group, with Pierce County at 574,289 and Washington at 5.01 million.",N/A,N/A,"Pierce County's largest race-ethnicity group in 2024 was white, comprising 574,289 individuals, a trend consistent with the United States (195.43 million), Washington (5.01 million), Puget Sound Region (2.53 million), and Seattle MSA (2.32 million), all of which also identify white as their primary largest group.","Math Context: Focus value: 574,289; United States: 195.43 million (diff: -194.86 million); Puget Sound Region: 2.53 million (diff: -1.95 million); Seattle MSA: 2.32 million (diff: -1.75 million); Washington: 5.01 million (diff: -4.44 million)"
Demographics,"Pierce County's demographic profile in 2024 is anchored by its largest age group, 30 to 34, comprising 152,188 individuals, a trend consistent across the broader Puget Sound Region, Washington, and the United States. The white population also remains the predominant race-ethnicity group in Pierce County, totaling 574,289, mirroring national patterns where it accounts for 195.43 million. While Pierce County's most notable age group change was an increase of 4,018 in the 45 to 49 cohort, this contrasts with the United States' significant growth of over 1.2 million in the 75 to 79 age group and other regional shifts primarily driven by the 35 to 39 age group. Furthermore, the hispanic population drove Pierce County's largest race-ethnicity growth, increasing by 4,807, aligning with the United States' substantial increase of nearly 1.9 million in its hispanic population, yet differing from Washington and the Puget Sound Region, which saw primary growth in their asian populations. Locally, Fife, WA presents a distinctly younger demographic, with a median age of 31.3, notably below Pierce County's 37.0 and the United States' 38.9, a significant difference of 7.6 years. The gender distribution in Fife, WA, remained exceptionally stable between 2023 and 2024, showing a change of +0, a stability also observed across Pierce County and other larger regions.","Pierce County's population grew by 0.7% between 2024 and 2025, outpacing the United States, with long-term growth significantly exceeding national trends, primarily driven by natural change rather than international migration. The county's demographic profile is anchored by the 30-34 age group and a predominant white population, though the hispanic population drove the largest race-ethnicity growth. Within Pierce County, Fife, WA presents a distinctly younger demographic with a median age of 31.3, notably below the county average. Despite its robust labor force participation rate of 76.1%, significantly higher than the United States, Fife faces considerable economic challenges. Its median household income of $90,532, while above the national average, lags behind Pierce County and saw minimal growth. This is compounded by a higher poverty rate (11.2%) and increased SNAP benefit receipt (13.6%). Housing affordability is a major concern, particularly for owner households in Fife, who bear a substantially higher cost burden at 36.1%, 9.5 percentage points above Pierce County, with a significant 2.8% increase in cost-burdened owners. Female earnings in Fife also saw a decline, contrasting with positive growth observed in other areas.",2023,2024,ACS_Series,"{""Label"": ""Calc-Asian"", ""Label"": ""Calc-Black"", ""Label"": ""Calc-Hispanic"", ""Label"": ""Calc-Multirace"", ""Label"": ""Calc-Native"", ""Label"": ""Calc-Other Race"", ""Label"": ""Calc-White""}",Largest Change in Race-Ethnicity Group,Numeric,Largest change in race-ethnicity cohort for the geography from previous to current,"In 2024, Pierce County's primary largest change in race-ethnicity group was Hispanic (+4,807).",N/A,"while Pierce County's primary largest change in race-ethnicity group is Hispanic (+4,807), Washington is primarily driven by Asian (+48,443). While Pierce County's primary largest change in race-ethnicity group is Hispanic (+4,807), Puget Sound Region is primarily driven by Asian (+42,823). Pierce County and United States both share Hispanic as their primary largest change in race-ethnicity group, with Pierce County at +4,807 and United States at +1,943,997. While Pierce County's primary largest change in race-ethnicity group is Hispanic (+4,807), Seattle MSA is primarily driven by Asian (+42,290).",N/A,N/A,"Pierce County's largest change in race-ethnicity group in 2024 was hispanic, increasing by 4,807, aligning with the United States' primary growth in its hispanic population by 1,943,997, in contrast to Washington, Puget Sound Region, and Seattle MSA, which were primarily driven by increases in their asian populations.","Math Context: Focus value: +4,807; Washington: +48,443 (diff: -+43,636); Puget Sound Region: +42,823 (diff: -+38,016); United States: +1,943,997 (diff: -+1,939,190); Seattle MSA: +42,290 (diff: -+37,483)"
Demographics,"Pierce County's demographic profile in 2024 is anchored by its largest age group, 30 to 34, comprising 152,188 individuals, a trend consistent across the broader Puget Sound Region, Washington, and the United States. The white population also remains the predominant race-ethnicity group in Pierce County, totaling 574,289, mirroring national patterns where it accounts for 195.43 million. While Pierce County's most notable age group change was an increase of 4,018 in the 45 to 49 cohort, this contrasts with the United States' significant growth of over 1.2 million in the 75 to 79 age group and other regional shifts primarily driven by the 35 to 39 age group. Furthermore, the hispanic population drove Pierce County's largest race-ethnicity growth, increasing by 4,807, aligning with the United States' substantial increase of nearly 1.9 million in its hispanic population, yet differing from Washington and the Puget Sound Region, which saw primary growth in their asian populations. Locally, Fife, WA presents a distinctly younger demographic, with a median age of 31.3, notably below Pierce County's 37.0 and the United States' 38.9, a significant difference of 7.6 years. The gender distribution in Fife, WA, remained exceptionally stable between 2023 and 2024, showing a change of +0, a stability also observed across Pierce County and other larger regions.","Pierce County's population grew by 0.7% between 2024 and 2025, outpacing the United States, with long-term growth significantly exceeding national trends, primarily driven by natural change rather than international migration. The county's demographic profile is anchored by the 30-34 age group and a predominant white population, though the hispanic population drove the largest race-ethnicity growth. Within Pierce County, Fife, WA presents a distinctly younger demographic with a median age of 31.3, notably below the county average. Despite its robust labor force participation rate of 76.1%, significantly higher than the United States, Fife faces considerable economic challenges. Its median household income of $90,532, while above the national average, lags behind Pierce County and saw minimal growth. This is compounded by a higher poverty rate (11.2%) and increased SNAP benefit receipt (13.6%). Housing affordability is a major concern, particularly for owner households in Fife, who bear a substantially higher cost burden at 36.1%, 9.5 percentage points above Pierce County, with a significant 2.8% increase in cost-burdened owners. Female earnings in Fife also saw a decline, contrasting with positive growth observed in other areas.",2024,2024,ACS_Series,"{""Label"": ""Calc-Median Age""}",Median Age,Numeric,Median age of population for the geography in current year,"In 2024, Fife, WA recorded a median age of 31.3.","Fife, WA's median age of 31.3 is higher than Pierce County (37.0).","Fife, WA's median age of 31.3 is higher than Puyallup Reservation (35.9), is higher than Seattle MSA (37.5), is higher than Puget Sound Region (37.7), is higher than Washington (38.3), and is higher than United States (38.9).",N/A,N/A,"Fife, WA recorded a median age of 31.3 in 2024, making it notably younger than Pierce County (37.0) and significantly below the United States' median age of 38.9, a difference of 7.6 years.",Math Context: Focus value: 31.3; Pierce County: 37.0 (diff: -5.7); Puyallup Reservation: 35.9 (diff: -4.6); Seattle MSA: 37.5 (diff: -6.2); Puget Sound Region: 37.7 (diff: -6.4); Washington: 38.3 (diff: -7.0); United States: 38.9 (diff: -7.6)
Demographics,"Pierce County's demographic profile in 2024 is anchored by its largest age group, 30 to 34, comprising 152,188 individuals, a trend consistent across the broader Puget Sound Region, Washington, and the United States. The white population also remains the predominant race-ethnicity group in Pierce County, totaling 574,289, mirroring national patterns where it accounts for 195.43 million. While Pierce County's most notable age group change was an increase of 4,018 in the 45 to 49 cohort, this contrasts with the United States' significant growth of over 1.2 million in the 75 to 79 age group and other regional shifts primarily driven by the 35 to 39 age group. Furthermore, the hispanic population drove Pierce County's largest race-ethnicity growth, increasing by 4,807, aligning with the United States' substantial increase of nearly 1.9 million in its hispanic population, yet differing from Washington and the Puget Sound Region, which saw primary growth in their asian populations. Locally, Fife, WA presents a distinctly younger demographic, with a median age of 31.3, notably below Pierce County's 37.0 and the United States' 38.9, a significant difference of 7.6 years. The gender distribution in Fife, WA, remained exceptionally stable between 2023 and 2024, showing a change of +0, a stability also observed across Pierce County and other larger regions.","Pierce County's population grew by 0.7% between 2024 and 2025, outpacing the United States, with long-term growth significantly exceeding national trends, primarily driven by natural change rather than international migration. The county's demographic profile is anchored by the 30-34 age group and a predominant white population, though the hispanic population drove the largest race-ethnicity growth. Within Pierce County, Fife, WA presents a distinctly younger demographic with a median age of 31.3, notably below the county average. Despite its robust labor force participation rate of 76.1%, significantly higher than the United States, Fife faces considerable economic challenges. Its median household income of $90,532, while above the national average, lags behind Pierce County and saw minimal growth. This is compounded by a higher poverty rate (11.2%) and increased SNAP benefit receipt (13.6%). Housing affordability is a major concern, particularly for owner households in Fife, who bear a substantially higher cost burden at 36.1%, 9.5 percentage points above Pierce County, with a significant 2.8% increase in cost-burdened owners. Female earnings in Fife also saw a decline, contrasting with positive growth observed in other areas.",2023,2024,ACS_Series,"{""Label"": ""Calc-Median Age""}",Change in Median Age,Numeric,Change in median age of population for the geography from previous to current year,"Between 2023 and 2024, Fife, WA experienced a change in median age of -0.6.","Fife, WA's change in median age of -0.6 represents a smaller change compared to Pierce County (+0.2).","Fife, WA's change in median age of -0.6 represents a smaller change compared to Puyallup Reservation (-0.3), represents a smaller change compared to Washington (+0.1), represents a smaller change compared to Seattle MSA (+0.1), represents a smaller change compared to Puget Sound Region (+0.2), and represents a smaller change compared to United States (+0.2).",N/A,N/A,"Fife, WA experienced a median age decrease of 0.6 between 2023 and 2024, which represents a smaller change compared to Pierce County (+0.2), Puyallup Reservation (-0.3), Washington (+0.1), Seattle MSA (+0.1), Puget Sound Region (+0.2), and the United States (+0.2).",Math Context: Focus value: -0.6; Pierce County: +0.2 (diff: -+0.8); Puyallup Reservation: -0.3 (diff: -+0.3); Washington: +0.1 (diff: -+0.7); Seattle MSA: +0.1 (diff: -+0.7); Puget Sound Region: +0.2 (diff: -+0.8); United States: +0.2 (diff: -+0.8)
Workforce,"Fife, WA's workforce in 2024 presents a unique profile, marked by lower educational attainment but exceptionally high labor force participation. Only 6.9% of its 25+ population holds a bachelor's degree or more, significantly trailing Pierce County (11.3%) and the Puget Sound Region (19.3%), a figure that also saw a 1.2% decline from 2023. Despite this, Fife boasts a robust overall labor force participation rate of 76.1%, notably surpassing the United States (63.5%) and Washington (64.5%), and experiencing a positive 0.3% increase. This strong engagement extends to both genders, with female participation at 72.1% (13.2 percentage points higher than the United States) and male participation at 80.3% (12.2 percentage points higher than the United States), though male participation saw a 0.9% decrease while female participation increased by a significant 1.5%. Furthermore, Fife exhibits a lower prevalence of remote work, with only 11.2% working from home, considerably less than the Seattle MSA (24.0%), and a lower self-employment rate of 2.8% compared to the United States (6.0%). However, the self-employment rate saw a positive 0.3% increase, contrasting with declines or flat rates in many other regions.","Pierce County's population grew by 0.7% between 2024 and 2025, outpacing the United States, with long-term growth significantly exceeding national trends, primarily driven by natural change rather than international migration. The county's demographic profile is anchored by the 30-34 age group and a predominant white population, though the hispanic population drove the largest race-ethnicity growth. Within Pierce County, Fife, WA presents a distinctly younger demographic with a median age of 31.3, notably below the county average. Despite its robust labor force participation rate of 76.1%, significantly higher than the United States, Fife faces considerable economic challenges. Its median household income of $90,532, while above the national average, lags behind Pierce County and saw minimal growth. This is compounded by a higher poverty rate (11.2%) and increased SNAP benefit receipt (13.6%). Housing affordability is a major concern, particularly for owner households in Fife, who bear a substantially higher cost burden at 36.1%, 9.5 percentage points above Pierce County, with a significant 2.8% increase in cost-burdened owners. Female earnings in Fife also saw a decline, contrasting with positive growth observed in other areas.",2024,2024,ACS_Series,"{""Label"": ""Calc-Bachelors"", ""Label"": ""Calc-Graduate""}",Percent of 25+ population with Bachelor's degree or more education,Percentage,Percent of 25+ population with a bachelor's degree or more education in the the geography in the current year,"In 2024, Fife, WA recorded a of 25+ population with bachelor's degree or more education of 6.9%.","Fife, WA's of 25+ population with bachelor's degree or more education of 6.9% is 4.3 percentage points lower than Pierce County (11.3%).","Fife, WA's of 25+ population with bachelor's degree or more education of 6.9% is 4.2 percentage points lower than Puyallup Reservation (11.2%), is 7.1 percentage points lower than United States (14.1%), is 8.7 percentage points lower than Washington (15.6%), is 12.2 percentage points lower than Seattle MSA (19.1%), and is 12.4 percentage points lower than Puget Sound Region (19.3%).",N/A,N/A,"Fife, WA recorded a 25+ population with bachelor's degree or more education of 6.9% in 2024, which is 4.3 percentage points lower than Pierce County and significantly lower than the Puget Sound Region, by 12.4 percentage points.",Math Context: Focus value: 6.9%; Pierce County: 11.3% (diff: -4.3 pp); Puyallup Reservation: 11.2% (diff: -4.2 pp); United States: 14.1% (diff: -7.1 pp); Washington: 15.6% (diff: -8.7 pp); Seattle MSA: 19.1% (diff: -12.2 pp); Puget Sound Region: 19.3% (diff: -12.4 pp)
Workforce,"Fife, WA's workforce in 2024 presents a unique profile, marked by lower educational attainment but exceptionally high labor force participation. Only 6.9% of its 25+ population holds a bachelor's degree or more, significantly trailing Pierce County (11.3%) and the Puget Sound Region (19.3%), a figure that also saw a 1.2% decline from 2023. Despite this, Fife boasts a robust overall labor force participation rate of 76.1%, notably surpassing the United States (63.5%) and Washington (64.5%), and experiencing a positive 0.3% increase. This strong engagement extends to both genders, with female participation at 72.1% (13.2 percentage points higher than the United States) and male participation at 80.3% (12.2 percentage points higher than the United States), though male participation saw a 0.9% decrease while female participation increased by a significant 1.5%. Furthermore, Fife exhibits a lower prevalence of remote work, with only 11.2% working from home, considerably less than the Seattle MSA (24.0%), and a lower self-employment rate of 2.8% compared to the United States (6.0%). However, the self-employment rate saw a positive 0.3% increase, contrasting with declines or flat rates in many other regions.","Pierce County's population grew by 0.7% between 2024 and 2025, outpacing the United States, with long-term growth significantly exceeding national trends, primarily driven by natural change rather than international migration. The county's demographic profile is anchored by the 30-34 age group and a predominant white population, though the hispanic population drove the largest race-ethnicity growth. Within Pierce County, Fife, WA presents a distinctly younger demographic with a median age of 31.3, notably below the county average. Despite its robust labor force participation rate of 76.1%, significantly higher than the United States, Fife faces considerable economic challenges. Its median household income of $90,532, while above the national average, lags behind Pierce County and saw minimal growth. This is compounded by a higher poverty rate (11.2%) and increased SNAP benefit receipt (13.6%). Housing affordability is a major concern, particularly for owner households in Fife, who bear a substantially higher cost burden at 36.1%, 9.5 percentage points above Pierce County, with a significant 2.8% increase in cost-burdened owners. Female earnings in Fife also saw a decline, contrasting with positive growth observed in other areas.",2023,2024,ACS_Series,"{""Label"": ""Calc-Bachelors"", ""Label"": ""Calc-Graduate""}",Change in percent of 25+ population with Bachelor's degree or more education,Percentage,Change in percent of 25+ population with a bachelor's degree or more education in the the geography from the previous to current year,"Between 2023 and 2024, Fife, WA experienced a change in of 25+ population with bachelor's degree or more education of -1.2%.","Fife, WA's change in of 25+ population with bachelor's degree or more education of -1.2% is 1.6 percentage points lower than Pierce County (0.4%).","Fife, WA's change in of 25+ population with bachelor's degree or more education of -1.2% is 1.6 percentage points lower than United States (0.3%), is 1.7 percentage points lower than Puyallup Reservation (0.5%), is 1.7 percentage points lower than Washington (0.5%), is 1.7 percentage points lower than Puget Sound Region (0.5%), and is 1.8 percentage points lower than Seattle MSA (0.6%).",N/A,N/A,"Fife, WA experienced a -1.2% change in the 25+ population with a bachelor's degree or more education between 2023 and 2024, which was 1.6 percentage points lower than both Pierce County (0.4%) and the United States (0.3%), and notably below other regional benchmarks such as Washington and the Puget Sound Region.",Math Context: Focus value: -1.2%; Pierce County: 0.4% (diff: -1.6 pp); United States: 0.3% (diff: -1.6 pp); Puyallup Reservation: 0.5% (diff: -1.7 pp); Washington: 0.5% (diff: -1.7 pp); Puget Sound Region: 0.5% (diff: -1.7 pp); Seattle MSA: 0.6% (diff: -1.8 pp)
Income,"In 2024, Fife, WA presented a mixed income landscape, with its population below the poverty line at 11.2%, notably higher than Pierce County (8.8%) and the Puget Sound Region (8.5%), though still below the national average of 12.5%. Encouragingly, Fife experienced a -0.3% decrease in its poverty rate, outperforming most comparative areas. Concurrently, 13.6% of Fife households received SNAP benefits, exceeding Pierce County (12.3%) and significantly higher than the Puget Sound Region (9.2%), with this percentage increasing by 0.8% year-over-year, also a higher rate of increase than its county and regional counterparts. Despite these indicators of vulnerability, Fife's median household income reached $90,532, nearly $10,000 above the United States average, yet it lagged behind Pierce County ($99,564) and was substantially lower than the Puget Sound Region, which exceeded Fife's income by over $25,000. The growth in median household income was minimal, with a modest $17 increase, starkly contrasting with the $2,932 gain in Pierce County. For full-time workers, median male earnings in Fife were $67,023, slightly below the United States average and significantly less than Pierce County ($76,999) and the Puget Sound Region ($97,420), with its annual increase of +$713 also trailing these benchmarks. Median female earnings stood at $55,479, slightly above the United States average but $7,670 lower than Pierce County and over $20,000 below the Puget Sound Region, further complicated by a $760 decline, contrasting with positive growth observed in other areas.","Pierce County's population grew by 0.7% between 2024 and 2025, outpacing the United States, with long-term growth significantly exceeding national trends, primarily driven by natural change rather than international migration. The county's demographic profile is anchored by the 30-34 age group and a predominant white population, though the hispanic population drove the largest race-ethnicity growth. Within Pierce County, Fife, WA presents a distinctly younger demographic with a median age of 31.3, notably below the county average. Despite its robust labor force participation rate of 76.1%, significantly higher than the United States, Fife faces considerable economic challenges. Its median household income of $90,532, while above the national average, lags behind Pierce County and saw minimal growth. This is compounded by a higher poverty rate (11.2%) and increased SNAP benefit receipt (13.6%). Housing affordability is a major concern, particularly for owner households in Fife, who bear a substantially higher cost burden at 36.1%, 9.5 percentage points above Pierce County, with a significant 2.8% increase in cost-burdened owners. Female earnings in Fife also saw a decline, contrasting with positive growth observed in other areas.",2024,2024,ACS_Series,"{""Label"": ""Calc-Pop below poverty line""}",Percent of population below poverty line,Percentage,Percent of population below poverty line in the the geography in the current year,"In 2024, Fife, WA recorded a of population below poverty line of 11.2%.","Fife, WA's of population below poverty line of 11.2% is 2.4 percentage points higher than Pierce County (8.8%).","Fife, WA's of population below poverty line of 11.2% is 2.7 percentage points higher than Seattle MSA (8.5%), is 2.7 percentage points higher than Puget Sound Region (8.5%), is 1.4 percentage points higher than Puyallup Reservation (9.8%), is 1.3 percentage points higher than Washington (9.9%), and is 1.3 percentage points lower than United States (12.5%).",N/A,N/A,"Fife, WA recorded a population below poverty line of 11.2% in 2024, which is 2.4 percentage points higher than Pierce County (8.8%), notably 2.7 percentage points higher than both the Seattle MSA and Puget Sound Region (8.5%), yet 1.3 percentage points lower than the United States (12.5%).",Math Context: Focus value: 11.2%; Pierce County: 8.8% (diff: +2.4 pp); Seattle MSA: 8.5% (diff: +2.7 pp); Puget Sound Region: 8.5% (diff: +2.7 pp); Puyallup Reservation: 9.8% (diff: +1.4 pp); Washington: 9.9% (diff: +1.3 pp); United States: 12.5% (diff: -1.3 pp)
Income,"In 2024, Fife, WA presented a mixed income landscape, with its population below the poverty line at 11.2%, notably higher than Pierce County (8.8%) and the Puget Sound Region (8.5%), though still below the national average of 12.5%. Encouragingly, Fife experienced a -0.3% decrease in its poverty rate, outperforming most comparative areas. Concurrently, 13.6% of Fife households received SNAP benefits, exceeding Pierce County (12.3%) and significantly higher than the Puget Sound Region (9.2%), with this percentage increasing by 0.8% year-over-year, also a higher rate of increase than its county and regional counterparts. Despite these indicators of vulnerability, Fife's median household income reached $90,532, nearly $10,000 above the United States average, yet it lagged behind Pierce County ($99,564) and was substantially lower than the Puget Sound Region, which exceeded Fife's income by over $25,000. The growth in median household income was minimal, with a modest $17 increase, starkly contrasting with the $2,932 gain in Pierce County. For full-time workers, median male earnings in Fife were $67,023, slightly below the United States average and significantly less than Pierce County ($76,999) and the Puget Sound Region ($97,420), with its annual increase of +$713 also trailing these benchmarks. Median female earnings stood at $55,479, slightly above the United States average but $7,670 lower than Pierce County and over $20,000 below the Puget Sound Region, further complicated by a $760 decline, contrasting with positive growth observed in other areas.","Pierce County's population grew by 0.7% between 2024 and 2025, outpacing the United States, with long-term growth significantly exceeding national trends, primarily driven by natural change rather than international migration. The county's demographic profile is anchored by the 30-34 age group and a predominant white population, though the hispanic population drove the largest race-ethnicity growth. Within Pierce County, Fife, WA presents a distinctly younger demographic with a median age of 31.3, notably below the county average. Despite its robust labor force participation rate of 76.1%, significantly higher than the United States, Fife faces considerable economic challenges. Its median household income of $90,532, while above the national average, lags behind Pierce County and saw minimal growth. This is compounded by a higher poverty rate (11.2%) and increased SNAP benefit receipt (13.6%). Housing affordability is a major concern, particularly for owner households in Fife, who bear a substantially higher cost burden at 36.1%, 9.5 percentage points above Pierce County, with a significant 2.8% increase in cost-burdened owners. Female earnings in Fife also saw a decline, contrasting with positive growth observed in other areas.",2023,2024,ACS_Series,"{""Label"": ""Calc-Pop below poverty line""}",Change in percent of population below poverty line,Percentage,Change in percent of population below poverty line in the the geography from the previous to current year,"Between 2023 and 2024, Fife, WA experienced a change in of population below poverty line of -0.3%.","Fife, WA's change in of population below poverty line of -0.3% is 0.2 percentage points lower than Pierce County (-0.1%).","Fife, WA's change in of population below poverty line of -0.3% is 0.2 percentage points lower than Puyallup Reservation (-0.1%), is 0.3 percentage points lower than Washington (0.0%), is 0.4 percentage points lower than Puget Sound Region (0.1%), is 0.4 percentage points lower than United States (0.1%), and is 0.4 percentage points lower than Seattle MSA (0.1%).",N/A,N/A,"Fife, WA experienced a -0.3% change in the percentage of population below the poverty line between 2023 and 2024, which is 0.2 percentage points lower than Pierce County (-0.1%), 0.3 percentage points lower than Washington (0.0%), and 0.4 percentage points lower than the Puget Sound Region, United States, and Seattle MSA (all at 0.1%).",Math Context: Focus value: -0.3%; Pierce County: -0.1% (diff: -0.2 pp); Puyallup Reservation: -0.1% (diff: -0.2 pp); Washington: 0.0% (diff: -0.3 pp); Puget Sound Region: 0.1% (diff: -0.4 pp); United States: 0.1% (diff: -0.4 pp); Seattle MSA: 0.1% (diff: -0.4 pp)
Income,"In 2024, Fife, WA presented a mixed income landscape, with its population below the poverty line at 11.2%, notably higher than Pierce County (8.8%) and the Puget Sound Region (8.5%), though still below the national average of 12.5%. Encouragingly, Fife experienced a -0.3% decrease in its poverty rate, outperforming most comparative areas. Concurrently, 13.6% of Fife households received SNAP benefits, exceeding Pierce County (12.3%) and significantly higher than the Puget Sound Region (9.2%), with this percentage increasing by 0.8% year-over-year, also a higher rate of increase than its county and regional counterparts. Despite these indicators of vulnerability, Fife's median household income reached $90,532, nearly $10,000 above the United States average, yet it lagged behind Pierce County ($99,564) and was substantially lower than the Puget Sound Region, which exceeded Fife's income by over $25,000. The growth in median household income was minimal, with a modest $17 increase, starkly contrasting with the $2,932 gain in Pierce County. For full-time workers, median male earnings in Fife were $67,023, slightly below the United States average and significantly less than Pierce County ($76,999) and the Puget Sound Region ($97,420), with its annual increase of +$713 also trailing these benchmarks. Median female earnings stood at $55,479, slightly above the United States average but $7,670 lower than Pierce County and over $20,000 below the Puget Sound Region, further complicated by a $760 decline, contrasting with positive growth observed in other areas.","Pierce County's population grew by 0.7% between 2024 and 2025, outpacing the United States, with long-term growth significantly exceeding national trends, primarily driven by natural change rather than international migration. The county's demographic profile is anchored by the 30-34 age group and a predominant white population, though the hispanic population drove the largest race-ethnicity growth. Within Pierce County, Fife, WA presents a distinctly younger demographic with a median age of 31.3, notably below the county average. Despite its robust labor force participation rate of 76.1%, significantly higher than the United States, Fife faces considerable economic challenges. Its median household income of $90,532, while above the national average, lags behind Pierce County and saw minimal growth. This is compounded by a higher poverty rate (11.2%) and increased SNAP benefit receipt (13.6%). Housing affordability is a major concern, particularly for owner households in Fife, who bear a substantially higher cost burden at 36.1%, 9.5 percentage points above Pierce County, with a significant 2.8% increase in cost-burdened owners. Female earnings in Fife also saw a decline, contrasting with positive growth observed in other areas.",2024,2024,ACS_Series,"{""Label"": ""Calc-SNAP""}",Percent of households receiving SNAP,Percentage,Percent of households receiving SNAP in the the geography in the current year,"In 2024, Fife, WA recorded a of households receiving snap of 13.6%.","Fife, WA's of households receiving snap of 13.6% is 1.3 percentage points higher than Pierce County (12.3%).","Fife, WA's of households receiving snap of 13.6% is 4.5 percentage points higher than Puget Sound Region (9.2%), is 4.4 percentage points higher than Seattle MSA (9.3%), is 2.1 percentage points higher than Washington (11.5%), is 1.6 percentage points higher than United States (12.1%), and is 0.4 percentage points lower than Puyallup Reservation (14.0%).",N/A,N/A,"Fife, WA recorded 13.6% of households receiving SNAP in 2024, which is 1.3 percentage points higher than Pierce County (12.3%), notably 4.5 percentage points higher than the Puget Sound Region (9.2%), and 1.6 percentage points higher than the United States (12.1%), while remaining just 0.4 percentage points below Puyallup Reservation (14.0%).",Math Context: Focus value: 13.6%; Pierce County: 12.3% (diff: +1.3 pp); Puget Sound Region: 9.2% (diff: +4.5 pp); Seattle MSA: 9.3% (diff: +4.4 pp); Washington: 11.5% (diff: +2.1 pp); United States: 12.1% (diff: +1.6 pp); Puyallup Reservation: 14.0% (diff: -0.4 pp)
Income,"In 2024, Fife, WA presented a mixed income landscape, with its population below the poverty line at 11.2%, notably higher than Pierce County (8.8%) and the Puget Sound Region (8.5%), though still below the national average of 12.5%. Encouragingly, Fife experienced a -0.3% decrease in its poverty rate, outperforming most comparative areas. Concurrently, 13.6% of Fife households received SNAP benefits, exceeding Pierce County (12.3%) and significantly higher than the Puget Sound Region (9.2%), with this percentage increasing by 0.8% year-over-year, also a higher rate of increase than its county and regional counterparts. Despite these indicators of vulnerability, Fife's median household income reached $90,532, nearly $10,000 above the United States average, yet it lagged behind Pierce County ($99,564) and was substantially lower than the Puget Sound Region, which exceeded Fife's income by over $25,000. The growth in median household income was minimal, with a modest $17 increase, starkly contrasting with the $2,932 gain in Pierce County. For full-time workers, median male earnings in Fife were $67,023, slightly below the United States average and significantly less than Pierce County ($76,999) and the Puget Sound Region ($97,420), with its annual increase of +$713 also trailing these benchmarks. Median female earnings stood at $55,479, slightly above the United States average but $7,670 lower than Pierce County and over $20,000 below the Puget Sound Region, further complicated by a $760 decline, contrasting with positive growth observed in other areas.","Pierce County's population grew by 0.7% between 2024 and 2025, outpacing the United States, with long-term growth significantly exceeding national trends, primarily driven by natural change rather than international migration. The county's demographic profile is anchored by the 30-34 age group and a predominant white population, though the hispanic population drove the largest race-ethnicity growth. Within Pierce County, Fife, WA presents a distinctly younger demographic with a median age of 31.3, notably below the county average. Despite its robust labor force participation rate of 76.1%, significantly higher than the United States, Fife faces considerable economic challenges. Its median household income of $90,532, while above the national average, lags behind Pierce County and saw minimal growth. This is compounded by a higher poverty rate (11.2%) and increased SNAP benefit receipt (13.6%). Housing affordability is a major concern, particularly for owner households in Fife, who bear a substantially higher cost burden at 36.1%, 9.5 percentage points above Pierce County, with a significant 2.8% increase in cost-burdened owners. Female earnings in Fife also saw a decline, contrasting with positive growth observed in other areas.",2023,2024,ACS_Series,"{""Label"": ""Calc-SNAP""}",Change in percent of households receiving SNAP,Percentage,Change in percent of households receiving SNAP in the the geography from the previous to current year,"Between 2023 and 2024, Fife, WA experienced a change in of households receiving snap of 0.8%.","Fife, WA's change in of households receiving snap of 0.8% is 0.3 percentage points higher than Pierce County (0.5%).","Fife, WA's change in of households receiving snap of 0.8% is 1.0 percentage points higher than Puget Sound Region (-0.2%), is 0.7 percentage points higher than Seattle MSA (0.1%), is 0.7 percentage points higher than Washington (0.1%), is 0.5 percentage points higher than United States (0.3%), and is 0.2 percentage points higher than Puyallup Reservation (0.6%).",N/A,N/A,"Fife, WA experienced a 0.8% change in households receiving SNAP between 2023 and 2024, which was 0.3 percentage points higher than Pierce County (0.5%) and notably 1.0 percentage points higher than the Puget Sound Region (-0.2%).",Math Context: Focus value: 0.8%; Pierce County: 0.5% (diff: +0.3 pp); Puget Sound Region: -0.2% (diff: +1.0 pp); Seattle MSA: 0.1% (diff: +0.7 pp); Washington: 0.1% (diff: +0.7 pp); United States: 0.3% (diff: +0.5 pp); Puyallup Reservation: 0.6% (diff: +0.2 pp)
Income,"In 2024, Fife, WA presented a mixed income landscape, with its population below the poverty line at 11.2%, notably higher than Pierce County (8.8%) and the Puget Sound Region (8.5%), though still below the national average of 12.5%. Encouragingly, Fife experienced a -0.3% decrease in its poverty rate, outperforming most comparative areas. Concurrently, 13.6% of Fife households received SNAP benefits, exceeding Pierce County (12.3%) and significantly higher than the Puget Sound Region (9.2%), with this percentage increasing by 0.8% year-over-year, also a higher rate of increase than its county and regional counterparts. Despite these indicators of vulnerability, Fife's median household income reached $90,532, nearly $10,000 above the United States average, yet it lagged behind Pierce County ($99,564) and was substantially lower than the Puget Sound Region, which exceeded Fife's income by over $25,000. The growth in median household income was minimal, with a modest $17 increase, starkly contrasting with the $2,932 gain in Pierce County. For full-time workers, median male earnings in Fife were $67,023, slightly below the United States average and significantly less than Pierce County ($76,999) and the Puget Sound Region ($97,420), with its annual increase of +$713 also trailing these benchmarks. Median female earnings stood at $55,479, slightly above the United States average but $7,670 lower than Pierce County and over $20,000 below the Puget Sound Region, further complicated by a $760 decline, contrasting with positive growth observed in other areas.","Pierce County's population grew by 0.7% between 2024 and 2025, outpacing the United States, with long-term growth significantly exceeding national trends, primarily driven by natural change rather than international migration. The county's demographic profile is anchored by the 30-34 age group and a predominant white population, though the hispanic population drove the largest race-ethnicity growth. Within Pierce County, Fife, WA presents a distinctly younger demographic with a median age of 31.3, notably below the county average. Despite its robust labor force participation rate of 76.1%, significantly higher than the United States, Fife faces considerable economic challenges. Its median household income of $90,532, while above the national average, lags behind Pierce County and saw minimal growth. This is compounded by a higher poverty rate (11.2%) and increased SNAP benefit receipt (13.6%). Housing affordability is a major concern, particularly for owner households in Fife, who bear a substantially higher cost burden at 36.1%, 9.5 percentage points above Pierce County, with a significant 2.8% increase in cost-burdened owners. Female earnings in Fife also saw a decline, contrasting with positive growth observed in other areas.",2024,2024,ACS_Series,"{""Label"": ""Calc-Median HH Income""}",Median household income,Numeric,Median household income in the the geography in the current year,"In 2024, Fife, WA recorded a median household income of $90,532.","Fife, WA's median household income of $90,532 is smaller than Pierce County ($99,564).","Fife, WA's median household income of $90,532 is larger than United States ($80,734), is smaller than Washington ($98,141), is smaller than Puyallup Reservation ($101,642), is smaller than Seattle MSA ($115,177), and is smaller than Puget Sound Region ($115,806).",N/A,N/A,"Fife, WA recorded a median household income of $90,532 in 2024, which is nearly $10,000 higher than the United States average, yet it is smaller than Pierce County ($99,564) and significantly lower than the broader Washington State, Puyallup Reservation, Seattle MSA, and Puget Sound Region, with the latter exceeding Fife's income by over $25,000.","Math Context: Focus value: $90,532; Pierce County: $99,564 (diff: -$9,032); United States: $80,734 (diff: +$9,798); Washington: $98,141 (diff: -$7,609); Puyallup Reservation: $101,642 (diff: -$11,110); Seattle MSA: $115,177 (diff: -$24,645); Puget Sound Region: $115,806 (diff: -$25,274)"
Income,"In 2024, Fife, WA presented a mixed income landscape, with its population below the poverty line at 11.2%, notably higher than Pierce County (8.8%) and the Puget Sound Region (8.5%), though still below the national average of 12.5%. Encouragingly, Fife experienced a -0.3% decrease in its poverty rate, outperforming most comparative areas. Concurrently, 13.6% of Fife households received SNAP benefits, exceeding Pierce County (12.3%) and significantly higher than the Puget Sound Region (9.2%), with this percentage increasing by 0.8% year-over-year, also a higher rate of increase than its county and regional counterparts. Despite these indicators of vulnerability, Fife's median household income reached $90,532, nearly $10,000 above the United States average, yet it lagged behind Pierce County ($99,564) and was substantially lower than the Puget Sound Region, which exceeded Fife's income by over $25,000. The growth in median household income was minimal, with a modest $17 increase, starkly contrasting with the $2,932 gain in Pierce County. For full-time workers, median male earnings in Fife were $67,023, slightly below the United States average and significantly less than Pierce County ($76,999) and the Puget Sound Region ($97,420), with its annual increase of +$713 also trailing these benchmarks. Median female earnings stood at $55,479, slightly above the United States average but $7,670 lower than Pierce County and over $20,000 below the Puget Sound Region, further complicated by a $760 decline, contrasting with positive growth observed in other areas.","Pierce County's population grew by 0.7% between 2024 and 2025, outpacing the United States, with long-term growth significantly exceeding national trends, primarily driven by natural change rather than international migration. The county's demographic profile is anchored by the 30-34 age group and a predominant white population, though the hispanic population drove the largest race-ethnicity growth. Within Pierce County, Fife, WA presents a distinctly younger demographic with a median age of 31.3, notably below the county average. Despite its robust labor force participation rate of 76.1%, significantly higher than the United States, Fife faces considerable economic challenges. Its median household income of $90,532, while above the national average, lags behind Pierce County and saw minimal growth. This is compounded by a higher poverty rate (11.2%) and increased SNAP benefit receipt (13.6%). Housing affordability is a major concern, particularly for owner households in Fife, who bear a substantially higher cost burden at 36.1%, 9.5 percentage points above Pierce County, with a significant 2.8% increase in cost-burdened owners. Female earnings in Fife also saw a decline, contrasting with positive growth observed in other areas.",2023,2024,ACS_Series,"{""Label"": ""Calc-Median HH Income""}",Change in median household income,Numeric,"Change in the real median household income in the the geography from the previous to current year, in current dollars","Between 2023 and 2024, Fife, WA experienced a change in median household income of $17.","Fife, WA's change in median household income of $17 represents a smaller change compared to Pierce County ($2,932).","Fife, WA's change in median household income of $17 represents a larger change compared to Puyallup Reservation ($-516), represents a smaller change compared to United States ($2,196), represents a smaller change compared to Seattle MSA ($2,583), represents a smaller change compared to Puget Sound Region ($2,985), and represents a smaller change compared to Washington ($3,189).",N/A,N/A,"Fife, WA experienced a modest $17 increase in median household income between 2023 and 2024, a change significantly smaller than the $2,932 observed in Pierce County and the $3,189 across Washington, but notably positive compared to the $-516 decline in Puyallup Reservation.","Math Context: Focus value: $17; Pierce County: $2,932 (diff: -$2,915); Puyallup Reservation: $-516 (diff: +$533); United States: $2,196 (diff: -$2,179); Seattle MSA: $2,583 (diff: -$2,566); Puget Sound Region: $2,985 (diff: -$2,968); Washington: $3,189 (diff: -$3,172)"
Income,"In 2024, Fife, WA presented a mixed income landscape, with its population below the poverty line at 11.2%, notably higher than Pierce County (8.8%) and the Puget Sound Region (8.5%), though still below the national average of 12.5%. Encouragingly, Fife experienced a -0.3% decrease in its poverty rate, outperforming most comparative areas. Concurrently, 13.6% of Fife households received SNAP benefits, exceeding Pierce County (12.3%) and significantly higher than the Puget Sound Region (9.2%), with this percentage increasing by 0.8% year-over-year, also a higher rate of increase than its county and regional counterparts. Despite these indicators of vulnerability, Fife's median household income reached $90,532, nearly $10,000 above the United States average, yet it lagged behind Pierce County ($99,564) and was substantially lower than the Puget Sound Region, which exceeded Fife's income by over $25,000. The growth in median household income was minimal, with a modest $17 increase, starkly contrasting with the $2,932 gain in Pierce County. For full-time workers, median male earnings in Fife were $67,023, slightly below the United States average and significantly less than Pierce County ($76,999) and the Puget Sound Region ($97,420), with its annual increase of +$713 also trailing these benchmarks. Median female earnings stood at $55,479, slightly above the United States average but $7,670 lower than Pierce County and over $20,000 below the Puget Sound Region, further complicated by a $760 decline, contrasting with positive growth observed in other areas.","Pierce County's population grew by 0.7% between 2024 and 2025, outpacing the United States, with long-term growth significantly exceeding national trends, primarily driven by natural change rather than international migration. The county's demographic profile is anchored by the 30-34 age group and a predominant white population, though the hispanic population drove the largest race-ethnicity growth. Within Pierce County, Fife, WA presents a distinctly younger demographic with a median age of 31.3, notably below the county average. Despite its robust labor force participation rate of 76.1%, significantly higher than the United States, Fife faces considerable economic challenges. Its median household income of $90,532, while above the national average, lags behind Pierce County and saw minimal growth. This is compounded by a higher poverty rate (11.2%) and increased SNAP benefit receipt (13.6%). Housing affordability is a major concern, particularly for owner households in Fife, who bear a substantially higher cost burden at 36.1%, 9.5 percentage points above Pierce County, with a significant 2.8% increase in cost-burdened owners. Female earnings in Fife also saw a decline, contrasting with positive growth observed in other areas.",2024,2024,ACS_Series,"{""Label"": ""Calc-Median earnings Male""}",Median earnings for full-time male workers,Numeric,Median earnings for full-time male workers in the the geography in the current year,"In 2024, Fife, WA recorded a median earnings for full-time male workers of 67,023.","Fife, WA's median earnings for full-time male workers of 67,023 is smaller than Pierce County (76,999).","Fife, WA's median earnings for full-time male workers of 67,023 is smaller than United States (67,361), is smaller than Puyallup Reservation (75,438), is smaller than Washington (82,572), is smaller than Seattle MSA (95,697), and is smaller than Puget Sound Region (97,420).",N/A,N/A,"Fife, WA's median earnings for full-time male workers in 2024 stood at $67,023, falling slightly below the United States average of $67,361, and notably lower than Pierce County ($76,999), Washington ($82,572), and the broader Puget Sound Region ($97,420).","Math Context: Focus value: 67,023; Pierce County: 76,999 (diff: -9,976); United States: 67,361 (diff: -338); Puyallup Reservation: 75,438 (diff: -8,415); Washington: 82,572 (diff: -15,549); Seattle MSA: 95,697 (diff: -28,674); Puget Sound Region: 97,420 (diff: -30,397)"
Income,"In 2024, Fife, WA presented a mixed income landscape, with its population below the poverty line at 11.2%, notably higher than Pierce County (8.8%) and the Puget Sound Region (8.5%), though still below the national average of 12.5%. Encouragingly, Fife experienced a -0.3% decrease in its poverty rate, outperforming most comparative areas. Concurrently, 13.6% of Fife households received SNAP benefits, exceeding Pierce County (12.3%) and significantly higher than the Puget Sound Region (9.2%), with this percentage increasing by 0.8% year-over-year, also a higher rate of increase than its county and regional counterparts. Despite these indicators of vulnerability, Fife's median household income reached $90,532, nearly $10,000 above the United States average, yet it lagged behind Pierce County ($99,564) and was substantially lower than the Puget Sound Region, which exceeded Fife's income by over $25,000. The growth in median household income was minimal, with a modest $17 increase, starkly contrasting with the $2,932 gain in Pierce County. For full-time workers, median male earnings in Fife were $67,023, slightly below the United States average and significantly less than Pierce County ($76,999) and the Puget Sound Region ($97,420), with its annual increase of +$713 also trailing these benchmarks. Median female earnings stood at $55,479, slightly above the United States average but $7,670 lower than Pierce County and over $20,000 below the Puget Sound Region, further complicated by a $760 decline, contrasting with positive growth observed in other areas.","Pierce County's population grew by 0.7% between 2024 and 2025, outpacing the United States, with long-term growth significantly exceeding national trends, primarily driven by natural change rather than international migration. The county's demographic profile is anchored by the 30-34 age group and a predominant white population, though the hispanic population drove the largest race-ethnicity growth. Within Pierce County, Fife, WA presents a distinctly younger demographic with a median age of 31.3, notably below the county average. Despite its robust labor force participation rate of 76.1%, significantly higher than the United States, Fife faces considerable economic challenges. Its median household income of $90,532, while above the national average, lags behind Pierce County and saw minimal growth. This is compounded by a higher poverty rate (11.2%) and increased SNAP benefit receipt (13.6%). Housing affordability is a major concern, particularly for owner households in Fife, who bear a substantially higher cost burden at 36.1%, 9.5 percentage points above Pierce County, with a significant 2.8% increase in cost-burdened owners. Female earnings in Fife also saw a decline, contrasting with positive growth observed in other areas.",2023,2024,ACS_Series,"{""Label"": ""Calc-Median earnings Male""}",Change in median earnings for full-time male workers,Numeric,"Change in the real median earnings of full-time male workers in the the geography from the previous to current year, in current dollars","Between 2023 and 2024, Fife, WA experienced a change in median earnings for full-time male workers of +713.","Fife, WA's change in median earnings for full-time male workers of +713 represents a smaller change compared to Pierce County (+2,875).","Fife, WA's change in median earnings for full-time male workers of +713 represents a smaller change compared to United States (+1,697), represents a smaller change compared to Puyallup Reservation (+1,974), represents a smaller change compared to Washington (+2,966), represents a smaller change compared to Seattle MSA (+3,985), and represents a smaller change compared to Puget Sound Region (+3,994).",N/A,N/A,"Fife, WA experienced a +713 change in median earnings for full-time male workers between 2023 and 2024, a figure notably smaller than Pierce County (+2,875), the United States (+1,697), and significantly less than the Puget Sound Region (+3,994).","Math Context: Focus value: +713; Pierce County: +2,875 (diff: -+2,162); United States: +1,697 (diff: -+984); Puyallup Reservation: +1,974 (diff: -+1,261); Washington: +2,966 (diff: -+2,253); Seattle MSA: +3,985 (diff: -+3,272); Puget Sound Region: +3,994 (diff: -+3,281)"
Income,"In 2024, Fife, WA presented a mixed income landscape, with its population below the poverty line at 11.2%, notably higher than Pierce County (8.8%) and the Puget Sound Region (8.5%), though still below the national average of 12.5%. Encouragingly, Fife experienced a -0.3% decrease in its poverty rate, outperforming most comparative areas. Concurrently, 13.6% of Fife households received SNAP benefits, exceeding Pierce County (12.3%) and significantly higher than the Puget Sound Region (9.2%), with this percentage increasing by 0.8% year-over-year, also a higher rate of increase than its county and regional counterparts. Despite these indicators of vulnerability, Fife's median household income reached $90,532, nearly $10,000 above the United States average, yet it lagged behind Pierce County ($99,564) and was substantially lower than the Puget Sound Region, which exceeded Fife's income by over $25,000. The growth in median household income was minimal, with a modest $17 increase, starkly contrasting with the $2,932 gain in Pierce County. For full-time workers, median male earnings in Fife were $67,023, slightly below the United States average and significantly less than Pierce County ($76,999) and the Puget Sound Region ($97,420), with its annual increase of +$713 also trailing these benchmarks. Median female earnings stood at $55,479, slightly above the United States average but $7,670 lower than Pierce County and over $20,000 below the Puget Sound Region, further complicated by a $760 decline, contrasting with positive growth observed in other areas.","Pierce County's population grew by 0.7% between 2024 and 2025, outpacing the United States, with long-term growth significantly exceeding national trends, primarily driven by natural change rather than international migration. The county's demographic profile is anchored by the 30-34 age group and a predominant white population, though the hispanic population drove the largest race-ethnicity growth. Within Pierce County, Fife, WA presents a distinctly younger demographic with a median age of 31.3, notably below the county average. Despite its robust labor force participation rate of 76.1%, significantly higher than the United States, Fife faces considerable economic challenges. Its median household income of $90,532, while above the national average, lags behind Pierce County and saw minimal growth. This is compounded by a higher poverty rate (11.2%) and increased SNAP benefit receipt (13.6%). Housing affordability is a major concern, particularly for owner households in Fife, who bear a substantially higher cost burden at 36.1%, 9.5 percentage points above Pierce County, with a significant 2.8% increase in cost-burdened owners. Female earnings in Fife also saw a decline, contrasting with positive growth observed in other areas.",2024,2024,ACS_Series,"{""Label"": ""Calc-Median earnings Female""}",Median earnings for full-time female workers,Numeric,Median earnings for full-time female workers in the the geography in the current year,"In 2024, Fife, WA recorded a median earnings for full-time female workers of 55,479.","Fife, WA's median earnings for full-time female workers of 55,479 is smaller than Pierce County (63,149).","Fife, WA's median earnings for full-time female workers of 55,479 is larger than United States (55,274), is smaller than Puyallup Reservation (63,932), is smaller than Washington (66,363), is smaller than Seattle MSA (75,838), and is smaller than Puget Sound Region (76,267).",N/A,N/A,"Fife, WA's median earnings for full-time female workers in 2024 were $55,479, which was $7,670 lower than Pierce County, slightly exceeding the United States average by $205, but significantly trailing broader regional benchmarks like Washington, Seattle MSA, and Puget Sound Region by over $10,000 to more than $20,000.","Math Context: Focus value: 55,479; Pierce County: 63,149 (diff: -7,670); United States: 55,274 (diff: +205); Puyallup Reservation: 63,932 (diff: -8,453); Washington: 66,363 (diff: -10,884); Seattle MSA: 75,838 (diff: -20,359); Puget Sound Region: 76,267 (diff: -20,788)"
Income,"In 2024, Fife, WA presented a mixed income landscape, with its population below the poverty line at 11.2%, notably higher than Pierce County (8.8%) and the Puget Sound Region (8.5%), though still below the national average of 12.5%. Encouragingly, Fife experienced a -0.3% decrease in its poverty rate, outperforming most comparative areas. Concurrently, 13.6% of Fife households received SNAP benefits, exceeding Pierce County (12.3%) and significantly higher than the Puget Sound Region (9.2%), with this percentage increasing by 0.8% year-over-year, also a higher rate of increase than its county and regional counterparts. Despite these indicators of vulnerability, Fife's median household income reached $90,532, nearly $10,000 above the United States average, yet it lagged behind Pierce County ($99,564) and was substantially lower than the Puget Sound Region, which exceeded Fife's income by over $25,000. The growth in median household income was minimal, with a modest $17 increase, starkly contrasting with the $2,932 gain in Pierce County. For full-time workers, median male earnings in Fife were $67,023, slightly below the United States average and significantly less than Pierce County ($76,999) and the Puget Sound Region ($97,420), with its annual increase of +$713 also trailing these benchmarks. Median female earnings stood at $55,479, slightly above the United States average but $7,670 lower than Pierce County and over $20,000 below the Puget Sound Region, further complicated by a $760 decline, contrasting with positive growth observed in other areas.","Pierce County's population grew by 0.7% between 2024 and 2025, outpacing the United States, with long-term growth significantly exceeding national trends, primarily driven by natural change rather than international migration. The county's demographic profile is anchored by the 30-34 age group and a predominant white population, though the hispanic population drove the largest race-ethnicity growth. Within Pierce County, Fife, WA presents a distinctly younger demographic with a median age of 31.3, notably below the county average. Despite its robust labor force participation rate of 76.1%, significantly higher than the United States, Fife faces considerable economic challenges. Its median household income of $90,532, while above the national average, lags behind Pierce County and saw minimal growth. This is compounded by a higher poverty rate (11.2%) and increased SNAP benefit receipt (13.6%). Housing affordability is a major concern, particularly for owner households in Fife, who bear a substantially higher cost burden at 36.1%, 9.5 percentage points above Pierce County, with a significant 2.8% increase in cost-burdened owners. Female earnings in Fife also saw a decline, contrasting with positive growth observed in other areas.",2023,2024,ACS_Series,"{""Label"": ""Calc-Median earnings Female""}",Change in median earnings for full-time female workers,Numeric,"Change in the real median earnings of full-time female workers in the the geography from the previous to current year, in current dollars","Between 2023 and 2024, Fife, WA experienced a change in median earnings for full-time female workers of -760.","Fife, WA's change in median earnings for full-time female workers of -760 represents a smaller change compared to Pierce County (+2,454).","Fife, WA's change in median earnings for full-time female workers of -760 represents a smaller change compared to Puyallup Reservation (+1,225), represents a smaller change compared to United States (+1,829), represents a smaller change compared to Washington (+3,080), represents a smaller change compared to Seattle MSA (+3,704), and represents a smaller change compared to Puget Sound Region (+3,739).",N/A,N/A,"Fife, WA experienced a -$760 change in median earnings for full-time female workers between 2023 and 2024, which is a significantly smaller change compared to the positive increases observed in Pierce County (+$2,454), the United States (+$1,829), and the Puget Sound Region (+$3,739).","Math Context: Focus value: -760; Pierce County: +2,454 (diff: -+3,214); Puyallup Reservation: +1,225 (diff: -+1,985); United States: +1,829 (diff: -+2,589); Washington: +3,080 (diff: -+3,840); Seattle MSA: +3,704 (diff: -+4,464); Puget Sound Region: +3,739 (diff: -+4,499)"
Workforce,"Fife, WA's workforce in 2024 presents a unique profile, marked by lower educational attainment but exceptionally high labor force participation. Only 6.9% of its 25+ population holds a bachelor's degree or more, significantly trailing Pierce County (11.3%) and the Puget Sound Region (19.3%), a figure that also saw a 1.2% decline from 2023. Despite this, Fife boasts a robust overall labor force participation rate of 76.1%, notably surpassing the United States (63.5%) and Washington (64.5%), and experiencing a positive 0.3% increase. This strong engagement extends to both genders, with female participation at 72.1% (13.2 percentage points higher than the United States) and male participation at 80.3% (12.2 percentage points higher than the United States), though male participation saw a 0.9% decrease while female participation increased by a significant 1.5%. Furthermore, Fife exhibits a lower prevalence of remote work, with only 11.2% working from home, considerably less than the Seattle MSA (24.0%), and a lower self-employment rate of 2.8% compared to the United States (6.0%). However, the self-employment rate saw a positive 0.3% increase, contrasting with declines or flat rates in many other regions.","Pierce County's population grew by 0.7% between 2024 and 2025, outpacing the United States, with long-term growth significantly exceeding national trends, primarily driven by natural change rather than international migration. The county's demographic profile is anchored by the 30-34 age group and a predominant white population, though the hispanic population drove the largest race-ethnicity growth. Within Pierce County, Fife, WA presents a distinctly younger demographic with a median age of 31.3, notably below the county average. Despite its robust labor force participation rate of 76.1%, significantly higher than the United States, Fife faces considerable economic challenges. Its median household income of $90,532, while above the national average, lags behind Pierce County and saw minimal growth. This is compounded by a higher poverty rate (11.2%) and increased SNAP benefit receipt (13.6%). Housing affordability is a major concern, particularly for owner households in Fife, who bear a substantially higher cost burden at 36.1%, 9.5 percentage points above Pierce County, with a significant 2.8% increase in cost-burdened owners. Female earnings in Fife also saw a decline, contrasting with positive growth observed in other areas.",2024,2024,ACS_Series,"{""Label"": ""Calc-LFPR""}",Labor force participation rate,Percentage,Labor force participation rate in the the geography in the current year,"In 2024, Fife, WA recorded a labor force participation rate of 76.1%.","Fife, WA's labor force participation rate of 76.1% is 9.8 percentage points higher than Pierce County (66.3%).","Fife, WA's labor force participation rate of 76.1% is 12.6 percentage points higher than United States (63.5%), is 11.6 percentage points higher than Washington (64.5%), is 8.0 percentage points higher than Puyallup Reservation (68.1%), is 7.7 percentage points higher than Puget Sound Region (68.4%), and is 7.5 percentage points higher than Seattle MSA (68.6%).",N/A,N/A,"Fife, WA's labor force participation rate in 2024 was 76.1%, significantly higher than the United States by 12.6 percentage points (63.5%), and also notably above Washington (64.5%) by 11.6 percentage points and Pierce County (66.3%) by 9.8 percentage points.",Math Context: Focus value: 76.1%; Pierce County: 66.3% (diff: +9.8 pp); United States: 63.5% (diff: +12.6 pp); Washington: 64.5% (diff: +11.6 pp); Puyallup Reservation: 68.1% (diff: +8.0 pp); Puget Sound Region: 68.4% (diff: +7.7 pp); Seattle MSA: 68.6% (diff: +7.5 pp)
Workforce,"Fife, WA's workforce in 2024 presents a unique profile, marked by lower educational attainment but exceptionally high labor force participation. Only 6.9% of its 25+ population holds a bachelor's degree or more, significantly trailing Pierce County (11.3%) and the Puget Sound Region (19.3%), a figure that also saw a 1.2% decline from 2023. Despite this, Fife boasts a robust overall labor force participation rate of 76.1%, notably surpassing the United States (63.5%) and Washington (64.5%), and experiencing a positive 0.3% increase. This strong engagement extends to both genders, with female participation at 72.1% (13.2 percentage points higher than the United States) and male participation at 80.3% (12.2 percentage points higher than the United States), though male participation saw a 0.9% decrease while female participation increased by a significant 1.5%. Furthermore, Fife exhibits a lower prevalence of remote work, with only 11.2% working from home, considerably less than the Seattle MSA (24.0%), and a lower self-employment rate of 2.8% compared to the United States (6.0%). However, the self-employment rate saw a positive 0.3% increase, contrasting with declines or flat rates in many other regions.","Pierce County's population grew by 0.7% between 2024 and 2025, outpacing the United States, with long-term growth significantly exceeding national trends, primarily driven by natural change rather than international migration. The county's demographic profile is anchored by the 30-34 age group and a predominant white population, though the hispanic population drove the largest race-ethnicity growth. Within Pierce County, Fife, WA presents a distinctly younger demographic with a median age of 31.3, notably below the county average. Despite its robust labor force participation rate of 76.1%, significantly higher than the United States, Fife faces considerable economic challenges. Its median household income of $90,532, while above the national average, lags behind Pierce County and saw minimal growth. This is compounded by a higher poverty rate (11.2%) and increased SNAP benefit receipt (13.6%). Housing affordability is a major concern, particularly for owner households in Fife, who bear a substantially higher cost burden at 36.1%, 9.5 percentage points above Pierce County, with a significant 2.8% increase in cost-burdened owners. Female earnings in Fife also saw a decline, contrasting with positive growth observed in other areas.",2023,2024,ACS_Series,"{""Label"": ""Calc-LFPR""}",Change in labor force participation rate,Percentage,Change in labor force participation rate in the the geography from the previous to current year,"Between 2023 and 2024, Fife, WA experienced a change in labor force participation rate of 0.3%.","Fife, WA's change in labor force participation rate of 0.3% is 0.4 percentage points higher than Pierce County (-0.2%).","Fife, WA's change in labor force participation rate of 0.3% is 0.4 percentage points higher than Puget Sound Region (-0.1%), is 0.4 percentage points higher than Washington (-0.1%), is 0.4 percentage points higher than Seattle MSA (-0.1%), is 0.4 percentage points higher than Puyallup Reservation (-0.1%), and is 0.3 percentage points higher than United States (-0.0%).",N/A,N/A,"Fife, WA experienced a 0.3% change in labor force participation rate between 2023 and 2024, which was 0.4 percentage points higher than Pierce County, Puget Sound Region, Washington, Seattle MSA, and Puyallup Reservation, and 0.3 percentage points higher than the United States.",Math Context: Focus value: 0.3%; Pierce County: -0.2% (diff: +0.4 pp); Puget Sound Region: -0.1% (diff: +0.4 pp); Washington: -0.1% (diff: +0.4 pp); Seattle MSA: -0.1% (diff: +0.4 pp); Puyallup Reservation: -0.1% (diff: +0.4 pp); United States: -0.0% (diff: +0.3 pp)
Workforce,"Fife, WA's workforce in 2024 presents a unique profile, marked by lower educational attainment but exceptionally high labor force participation. Only 6.9% of its 25+ population holds a bachelor's degree or more, significantly trailing Pierce County (11.3%) and the Puget Sound Region (19.3%), a figure that also saw a 1.2% decline from 2023. Despite this, Fife boasts a robust overall labor force participation rate of 76.1%, notably surpassing the United States (63.5%) and Washington (64.5%), and experiencing a positive 0.3% increase. This strong engagement extends to both genders, with female participation at 72.1% (13.2 percentage points higher than the United States) and male participation at 80.3% (12.2 percentage points higher than the United States), though male participation saw a 0.9% decrease while female participation increased by a significant 1.5%. Furthermore, Fife exhibits a lower prevalence of remote work, with only 11.2% working from home, considerably less than the Seattle MSA (24.0%), and a lower self-employment rate of 2.8% compared to the United States (6.0%). However, the self-employment rate saw a positive 0.3% increase, contrasting with declines or flat rates in many other regions.","Pierce County's population grew by 0.7% between 2024 and 2025, outpacing the United States, with long-term growth significantly exceeding national trends, primarily driven by natural change rather than international migration. The county's demographic profile is anchored by the 30-34 age group and a predominant white population, though the hispanic population drove the largest race-ethnicity growth. Within Pierce County, Fife, WA presents a distinctly younger demographic with a median age of 31.3, notably below the county average. Despite its robust labor force participation rate of 76.1%, significantly higher than the United States, Fife faces considerable economic challenges. Its median household income of $90,532, while above the national average, lags behind Pierce County and saw minimal growth. This is compounded by a higher poverty rate (11.2%) and increased SNAP benefit receipt (13.6%). Housing affordability is a major concern, particularly for owner households in Fife, who bear a substantially higher cost burden at 36.1%, 9.5 percentage points above Pierce County, with a significant 2.8% increase in cost-burdened owners. Female earnings in Fife also saw a decline, contrasting with positive growth observed in other areas.",2024,2024,ACS_Series,"{""Label"": ""Calc-LFPR-F""}",Female labor force participation rate,Percentage,Female labor force participation rate in the the geography in the current year,"In 2024, Fife, WA recorded a female labor force participation rate of 72.1%.","Fife, WA's female labor force participation rate of 72.1% is 11.4 percentage points higher than Pierce County (60.7%).","Fife, WA's female labor force participation rate of 72.1% is 13.2 percentage points higher than United States (58.9%), is 12.8 percentage points higher than Washington (59.3%), is 9.6 percentage points higher than Puyallup Reservation (62.5%), is 9.2 percentage points higher than Seattle MSA (62.9%), and is 9.0 percentage points higher than Puget Sound Region (63.1%).",N/A,N/A,"Fife, WA's female labor force participation rate stood at 72.1% in 2024, notably exceeding Pierce County's 60.7% by 11.4 percentage points, and also significantly higher than the United States (58.9%) by 13.2 percentage points and Washington (59.3%) by 12.8 percentage points.",Math Context: Focus value: 72.1%; Pierce County: 60.7% (diff: +11.4 pp); United States: 58.9% (diff: +13.2 pp); Washington: 59.3% (diff: +12.8 pp); Puyallup Reservation: 62.5% (diff: +9.6 pp); Seattle MSA: 62.9% (diff: +9.2 pp); Puget Sound Region: 63.1% (diff: +9.0 pp)
Workforce,"Fife, WA's workforce in 2024 presents a unique profile, marked by lower educational attainment but exceptionally high labor force participation. Only 6.9% of its 25+ population holds a bachelor's degree or more, significantly trailing Pierce County (11.3%) and the Puget Sound Region (19.3%), a figure that also saw a 1.2% decline from 2023. Despite this, Fife boasts a robust overall labor force participation rate of 76.1%, notably surpassing the United States (63.5%) and Washington (64.5%), and experiencing a positive 0.3% increase. This strong engagement extends to both genders, with female participation at 72.1% (13.2 percentage points higher than the United States) and male participation at 80.3% (12.2 percentage points higher than the United States), though male participation saw a 0.9% decrease while female participation increased by a significant 1.5%. Furthermore, Fife exhibits a lower prevalence of remote work, with only 11.2% working from home, considerably less than the Seattle MSA (24.0%), and a lower self-employment rate of 2.8% compared to the United States (6.0%). However, the self-employment rate saw a positive 0.3% increase, contrasting with declines or flat rates in many other regions.","Pierce County's population grew by 0.7% between 2024 and 2025, outpacing the United States, with long-term growth significantly exceeding national trends, primarily driven by natural change rather than international migration. The county's demographic profile is anchored by the 30-34 age group and a predominant white population, though the hispanic population drove the largest race-ethnicity growth. Within Pierce County, Fife, WA presents a distinctly younger demographic with a median age of 31.3, notably below the county average. Despite its robust labor force participation rate of 76.1%, significantly higher than the United States, Fife faces considerable economic challenges. Its median household income of $90,532, while above the national average, lags behind Pierce County and saw minimal growth. This is compounded by a higher poverty rate (11.2%) and increased SNAP benefit receipt (13.6%). Housing affordability is a major concern, particularly for owner households in Fife, who bear a substantially higher cost burden at 36.1%, 9.5 percentage points above Pierce County, with a significant 2.8% increase in cost-burdened owners. Female earnings in Fife also saw a decline, contrasting with positive growth observed in other areas.",2023,2024,ACS_Series,"{""Label"": ""Calc-LFPR-F""}",Change in female labor force participation rate,Percentage,Change in female labor force participation rate in the the geography from the previous to current year,"Between 2023 and 2024, Fife, WA experienced a change in female labor force participation rate of 1.5%.","Fife, WA's change in female labor force participation rate of 1.5% is 1.5 percentage points higher than Pierce County (0.0%).","Fife, WA's change in female labor force participation rate of 1.5% is 1.5 percentage points higher than United States (0.1%), is 1.4 percentage points higher than Washington (0.1%), is 1.3 percentage points higher than Seattle MSA (0.2%), is 1.1 percentage points higher than Puget Sound Region (0.5%), and is 0.9 percentage points higher than Puyallup Reservation (0.6%).",N/A,N/A,"Fife, WA experienced a 1.5% change in female labor force participation rate between 2023 and 2024, which was 1.5 percentage points higher than both Pierce County (0.0%) and the United States (0.1%), and notably exceeded other benchmark regions such as Washington (0.1%) and Seattle MSA (0.2%).",Math Context: Focus value: 1.5%; Pierce County: 0.0% (diff: +1.5 pp); United States: 0.1% (diff: +1.5 pp); Washington: 0.1% (diff: +1.4 pp); Seattle MSA: 0.2% (diff: +1.3 pp); Puget Sound Region: 0.5% (diff: +1.1 pp); Puyallup Reservation: 0.6% (diff: +0.9 pp)
Workforce,"Fife, WA's workforce in 2024 presents a unique profile, marked by lower educational attainment but exceptionally high labor force participation. Only 6.9% of its 25+ population holds a bachelor's degree or more, significantly trailing Pierce County (11.3%) and the Puget Sound Region (19.3%), a figure that also saw a 1.2% decline from 2023. Despite this, Fife boasts a robust overall labor force participation rate of 76.1%, notably surpassing the United States (63.5%) and Washington (64.5%), and experiencing a positive 0.3% increase. This strong engagement extends to both genders, with female participation at 72.1% (13.2 percentage points higher than the United States) and male participation at 80.3% (12.2 percentage points higher than the United States), though male participation saw a 0.9% decrease while female participation increased by a significant 1.5%. Furthermore, Fife exhibits a lower prevalence of remote work, with only 11.2% working from home, considerably less than the Seattle MSA (24.0%), and a lower self-employment rate of 2.8% compared to the United States (6.0%). However, the self-employment rate saw a positive 0.3% increase, contrasting with declines or flat rates in many other regions.","Pierce County's population grew by 0.7% between 2024 and 2025, outpacing the United States, with long-term growth significantly exceeding national trends, primarily driven by natural change rather than international migration. The county's demographic profile is anchored by the 30-34 age group and a predominant white population, though the hispanic population drove the largest race-ethnicity growth. Within Pierce County, Fife, WA presents a distinctly younger demographic with a median age of 31.3, notably below the county average. Despite its robust labor force participation rate of 76.1%, significantly higher than the United States, Fife faces considerable economic challenges. Its median household income of $90,532, while above the national average, lags behind Pierce County and saw minimal growth. This is compounded by a higher poverty rate (11.2%) and increased SNAP benefit receipt (13.6%). Housing affordability is a major concern, particularly for owner households in Fife, who bear a substantially higher cost burden at 36.1%, 9.5 percentage points above Pierce County, with a significant 2.8% increase in cost-burdened owners. Female earnings in Fife also saw a decline, contrasting with positive growth observed in other areas.",2024,2024,ACS_Series,"{""Label"": ""Calc-LFPR-M""}",Male labor force participation rate,Percentage,Male labor force participation rate in the the geography in the current year,"In 2024, Fife, WA recorded a male labor force participation rate of 80.3%.","Fife, WA's male labor force participation rate of 80.3% is 8.5 percentage points higher than Pierce County (71.8%).","Fife, WA's male labor force participation rate of 80.3% is 12.2 percentage points higher than United States (68.2%), is 10.6 percentage points higher than Washington (69.7%), is 6.8 percentage points higher than Puget Sound Region (73.6%), is 6.4 percentage points higher than Puyallup Reservation (74.0%), and is 6.2 percentage points higher than Seattle MSA (74.2%).",N/A,N/A,"Fife, WA recorded a male labor force participation rate of 80.3% in 2024, which is notably higher than Pierce County (by 8.5 percentage points) and significantly surpasses the United States average (by 12.2 percentage points).",Math Context: Focus value: 80.3%; Pierce County: 71.8% (diff: +8.5 pp); United States: 68.2% (diff: +12.2 pp); Washington: 69.7% (diff: +10.6 pp); Puget Sound Region: 73.6% (diff: +6.8 pp); Puyallup Reservation: 74.0% (diff: +6.4 pp); Seattle MSA: 74.2% (diff: +6.2 pp)
Workforce,"Fife, WA's workforce in 2024 presents a unique profile, marked by lower educational attainment but exceptionally high labor force participation. Only 6.9% of its 25+ population holds a bachelor's degree or more, significantly trailing Pierce County (11.3%) and the Puget Sound Region (19.3%), a figure that also saw a 1.2% decline from 2023. Despite this, Fife boasts a robust overall labor force participation rate of 76.1%, notably surpassing the United States (63.5%) and Washington (64.5%), and experiencing a positive 0.3% increase. This strong engagement extends to both genders, with female participation at 72.1% (13.2 percentage points higher than the United States) and male participation at 80.3% (12.2 percentage points higher than the United States), though male participation saw a 0.9% decrease while female participation increased by a significant 1.5%. Furthermore, Fife exhibits a lower prevalence of remote work, with only 11.2% working from home, considerably less than the Seattle MSA (24.0%), and a lower self-employment rate of 2.8% compared to the United States (6.0%). However, the self-employment rate saw a positive 0.3% increase, contrasting with declines or flat rates in many other regions.","Pierce County's population grew by 0.7% between 2024 and 2025, outpacing the United States, with long-term growth significantly exceeding national trends, primarily driven by natural change rather than international migration. The county's demographic profile is anchored by the 30-34 age group and a predominant white population, though the hispanic population drove the largest race-ethnicity growth. Within Pierce County, Fife, WA presents a distinctly younger demographic with a median age of 31.3, notably below the county average. Despite its robust labor force participation rate of 76.1%, significantly higher than the United States, Fife faces considerable economic challenges. Its median household income of $90,532, while above the national average, lags behind Pierce County and saw minimal growth. This is compounded by a higher poverty rate (11.2%) and increased SNAP benefit receipt (13.6%). Housing affordability is a major concern, particularly for owner households in Fife, who bear a substantially higher cost burden at 36.1%, 9.5 percentage points above Pierce County, with a significant 2.8% increase in cost-burdened owners. Female earnings in Fife also saw a decline, contrasting with positive growth observed in other areas.",2023,2024,ACS_Series,"{""Label"": ""Calc-LFPR-M""}",Change in male labor force participation rate,Percentage,Change in male labor force participation rate in the the geography from the previous to current year,"Between 2023 and 2024, Fife, WA experienced a change in male labor force participation rate of -0.9%.","Fife, WA's change in male labor force participation rate of -0.9% is 0.6 percentage points lower than Pierce County (-0.4%).","Fife, WA's change in male labor force participation rate of -0.9% is 0.2 percentage points lower than Puget Sound Region (-0.7%), is 0.3 percentage points lower than Puyallup Reservation (-0.6%), is 0.5 percentage points lower than Seattle MSA (-0.4%), is 0.5 percentage points lower than Washington (-0.4%), and is 0.8 percentage points lower than United States (-0.2%).",N/A,N/A,"Fife, WA experienced a -0.9% change in male labor force participation rate between 2023 and 2024, which was 0.6 percentage points lower than Pierce County (-0.4%) and notably 0.8 percentage points lower than the United States (-0.2%).",Math Context: Focus value: -0.9%; Pierce County: -0.4% (diff: -0.6 pp); Puget Sound Region: -0.7% (diff: -0.2 pp); Puyallup Reservation: -0.6% (diff: -0.3 pp); Seattle MSA: -0.4% (diff: -0.5 pp); Washington: -0.4% (diff: -0.5 pp); United States: -0.2% (diff: -0.8 pp)
Workforce,"Fife, WA's workforce in 2024 presents a unique profile, marked by lower educational attainment but exceptionally high labor force participation. Only 6.9% of its 25+ population holds a bachelor's degree or more, significantly trailing Pierce County (11.3%) and the Puget Sound Region (19.3%), a figure that also saw a 1.2% decline from 2023. Despite this, Fife boasts a robust overall labor force participation rate of 76.1%, notably surpassing the United States (63.5%) and Washington (64.5%), and experiencing a positive 0.3% increase. This strong engagement extends to both genders, with female participation at 72.1% (13.2 percentage points higher than the United States) and male participation at 80.3% (12.2 percentage points higher than the United States), though male participation saw a 0.9% decrease while female participation increased by a significant 1.5%. Furthermore, Fife exhibits a lower prevalence of remote work, with only 11.2% working from home, considerably less than the Seattle MSA (24.0%), and a lower self-employment rate of 2.8% compared to the United States (6.0%). However, the self-employment rate saw a positive 0.3% increase, contrasting with declines or flat rates in many other regions.","Pierce County's population grew by 0.7% between 2024 and 2025, outpacing the United States, with long-term growth significantly exceeding national trends, primarily driven by natural change rather than international migration. The county's demographic profile is anchored by the 30-34 age group and a predominant white population, though the hispanic population drove the largest race-ethnicity growth. Within Pierce County, Fife, WA presents a distinctly younger demographic with a median age of 31.3, notably below the county average. Despite its robust labor force participation rate of 76.1%, significantly higher than the United States, Fife faces considerable economic challenges. Its median household income of $90,532, while above the national average, lags behind Pierce County and saw minimal growth. This is compounded by a higher poverty rate (11.2%) and increased SNAP benefit receipt (13.6%). Housing affordability is a major concern, particularly for owner households in Fife, who bear a substantially higher cost burden at 36.1%, 9.5 percentage points above Pierce County, with a significant 2.8% increase in cost-burdened owners. Female earnings in Fife also saw a decline, contrasting with positive growth observed in other areas.",2024,2024,ACS_Series,"{""Label"": ""Calc-Worked from home""}",Percent of workers working from home,Percentage,Percent of workers working from home in the the geography in the current year,"In 2024, Fife, WA recorded a of workers working from home of 11.2%.","Fife, WA's of workers working from home of 11.2% is 2.7 percentage points lower than Pierce County (13.9%).","Fife, WA's of workers working from home of 11.2% is 3.7 percentage points lower than Puyallup Reservation (14.9%), is 3.9 percentage points lower than United States (15.1%), is 8.6 percentage points lower than Washington (19.8%), is 9.8 percentage points lower than Puget Sound Region (21.0%), and is 12.9 percentage points lower than Seattle MSA (24.0%).",N/A,N/A,"Fife, WA recorded a percentage of workers working from home of 11.2% in 2024, which is 2.7 percentage points lower than Pierce County (13.9%) and significantly below state and regional averages, including Washington (19.8%) and the Puget Sound Region (21.0%), with the largest disparity seen against the Seattle MSA (24.0%) by 12.9 percentage points.",Math Context: Focus value: 11.2%; Pierce County: 13.9% (diff: -2.7 pp); Puyallup Reservation: 14.9% (diff: -3.7 pp); United States: 15.1% (diff: -3.9 pp); Washington: 19.8% (diff: -8.6 pp); Puget Sound Region: 21.0% (diff: -9.8 pp); Seattle MSA: 24.0% (diff: -12.9 pp)
Workforce,"Fife, WA's workforce in 2024 presents a unique profile, marked by lower educational attainment but exceptionally high labor force participation. Only 6.9% of its 25+ population holds a bachelor's degree or more, significantly trailing Pierce County (11.3%) and the Puget Sound Region (19.3%), a figure that also saw a 1.2% decline from 2023. Despite this, Fife boasts a robust overall labor force participation rate of 76.1%, notably surpassing the United States (63.5%) and Washington (64.5%), and experiencing a positive 0.3% increase. This strong engagement extends to both genders, with female participation at 72.1% (13.2 percentage points higher than the United States) and male participation at 80.3% (12.2 percentage points higher than the United States), though male participation saw a 0.9% decrease while female participation increased by a significant 1.5%. Furthermore, Fife exhibits a lower prevalence of remote work, with only 11.2% working from home, considerably less than the Seattle MSA (24.0%), and a lower self-employment rate of 2.8% compared to the United States (6.0%). However, the self-employment rate saw a positive 0.3% increase, contrasting with declines or flat rates in many other regions.","Pierce County's population grew by 0.7% between 2024 and 2025, outpacing the United States, with long-term growth significantly exceeding national trends, primarily driven by natural change rather than international migration. The county's demographic profile is anchored by the 30-34 age group and a predominant white population, though the hispanic population drove the largest race-ethnicity growth. Within Pierce County, Fife, WA presents a distinctly younger demographic with a median age of 31.3, notably below the county average. Despite its robust labor force participation rate of 76.1%, significantly higher than the United States, Fife faces considerable economic challenges. Its median household income of $90,532, while above the national average, lags behind Pierce County and saw minimal growth. This is compounded by a higher poverty rate (11.2%) and increased SNAP benefit receipt (13.6%). Housing affordability is a major concern, particularly for owner households in Fife, who bear a substantially higher cost burden at 36.1%, 9.5 percentage points above Pierce County, with a significant 2.8% increase in cost-burdened owners. Female earnings in Fife also saw a decline, contrasting with positive growth observed in other areas.",2023,2024,ACS_Series,"{""Label"": ""Calc-Worked from home""}",Change in percent of workers working from home,Percentage,Change in percent of workers working from home in the the geography from the previous to current year,"Between 2023 and 2024, Fife, WA experienced a change in of workers working from home of 0.9%.","Fife, WA's change in of workers working from home of 0.9% is 0.7 percentage points lower than Pierce County (1.6%).","Fife, WA's change in of workers working from home of 0.9% is 0.4 percentage points higher than Puget Sound Region (0.5%), is 0.5 percentage points lower than Puyallup Reservation (1.4%), is 0.7 percentage points lower than United States (1.6%), is 1.1 percentage points lower than Washington (2.1%), and is 1.5 percentage points lower than Seattle MSA (2.5%).",N/A,N/A,"Fife, WA experienced a 0.9% change in workers working from home between 2023 and 2024, which was 0.7 percentage points lower than Pierce County (1.6%) and significantly lower than the Seattle MSA (2.5%) by 1.5 percentage points, though it was 0.4 percentage points higher than the Puget Sound Region (0.5%).",Math Context: Focus value: 0.9%; Pierce County: 1.6% (diff: -0.7 pp); Puget Sound Region: 0.5% (diff: +0.4 pp); Puyallup Reservation: 1.4% (diff: -0.5 pp); United States: 1.6% (diff: -0.7 pp); Washington: 2.1% (diff: -1.1 pp); Seattle MSA: 2.5% (diff: -1.5 pp)
Workforce,"Fife, WA's workforce in 2024 presents a unique profile, marked by lower educational attainment but exceptionally high labor force participation. Only 6.9% of its 25+ population holds a bachelor's degree or more, significantly trailing Pierce County (11.3%) and the Puget Sound Region (19.3%), a figure that also saw a 1.2% decline from 2023. Despite this, Fife boasts a robust overall labor force participation rate of 76.1%, notably surpassing the United States (63.5%) and Washington (64.5%), and experiencing a positive 0.3% increase. This strong engagement extends to both genders, with female participation at 72.1% (13.2 percentage points higher than the United States) and male participation at 80.3% (12.2 percentage points higher than the United States), though male participation saw a 0.9% decrease while female participation increased by a significant 1.5%. Furthermore, Fife exhibits a lower prevalence of remote work, with only 11.2% working from home, considerably less than the Seattle MSA (24.0%), and a lower self-employment rate of 2.8% compared to the United States (6.0%). However, the self-employment rate saw a positive 0.3% increase, contrasting with declines or flat rates in many other regions.","Pierce County's population grew by 0.7% between 2024 and 2025, outpacing the United States, with long-term growth significantly exceeding national trends, primarily driven by natural change rather than international migration. The county's demographic profile is anchored by the 30-34 age group and a predominant white population, though the hispanic population drove the largest race-ethnicity growth. Within Pierce County, Fife, WA presents a distinctly younger demographic with a median age of 31.3, notably below the county average. Despite its robust labor force participation rate of 76.1%, significantly higher than the United States, Fife faces considerable economic challenges. Its median household income of $90,532, while above the national average, lags behind Pierce County and saw minimal growth. This is compounded by a higher poverty rate (11.2%) and increased SNAP benefit receipt (13.6%). Housing affordability is a major concern, particularly for owner households in Fife, who bear a substantially higher cost burden at 36.1%, 9.5 percentage points above Pierce County, with a significant 2.8% increase in cost-burdened owners. Female earnings in Fife also saw a decline, contrasting with positive growth observed in other areas.",2024,2024,ACS_Series,"{""Label"": ""Calc-Self-Emp""}",Percent of workers who are self-employed,Percentage,Percent of workers who are self-employed in the the geography in the current year,"In 2024, Fife, WA recorded a of workers who are self-employed of 2.8%.","Fife, WA's of workers who are self-employed of 2.8% is 1.6 percentage points lower than Pierce County (4.4%).","Fife, WA's of workers who are self-employed of 2.8% is 1.2 percentage points lower than Puyallup Reservation (4.0%), is 2.4 percentage points lower than Puget Sound Region (5.2%), is 2.4 percentage points lower than Seattle MSA (5.2%), is 2.7 percentage points lower than Washington (5.5%), and is 3.2 percentage points lower than United States (6.0%).",N/A,N/A,"Fife, WA recorded a self-employment rate of 2.8% in 2024, which is 1.6 percentage points lower than Pierce County (4.4%) and notably below state and national averages, being 2.7 percentage points lower than Washington (5.5%) and 3.2 percentage points lower than the United States (6.0%).",Math Context: Focus value: 2.8%; Pierce County: 4.4% (diff: -1.6 pp); Puyallup Reservation: 4.0% (diff: -1.2 pp); Puget Sound Region: 5.2% (diff: -2.4 pp); Seattle MSA: 5.2% (diff: -2.4 pp); Washington: 5.5% (diff: -2.7 pp); United States: 6.0% (diff: -3.2 pp)
Workforce,"Fife, WA's workforce in 2024 presents a unique profile, marked by lower educational attainment but exceptionally high labor force participation. Only 6.9% of its 25+ population holds a bachelor's degree or more, significantly trailing Pierce County (11.3%) and the Puget Sound Region (19.3%), a figure that also saw a 1.2% decline from 2023. Despite this, Fife boasts a robust overall labor force participation rate of 76.1%, notably surpassing the United States (63.5%) and Washington (64.5%), and experiencing a positive 0.3% increase. This strong engagement extends to both genders, with female participation at 72.1% (13.2 percentage points higher than the United States) and male participation at 80.3% (12.2 percentage points higher than the United States), though male participation saw a 0.9% decrease while female participation increased by a significant 1.5%. Furthermore, Fife exhibits a lower prevalence of remote work, with only 11.2% working from home, considerably less than the Seattle MSA (24.0%), and a lower self-employment rate of 2.8% compared to the United States (6.0%). However, the self-employment rate saw a positive 0.3% increase, contrasting with declines or flat rates in many other regions.","Pierce County's population grew by 0.7% between 2024 and 2025, outpacing the United States, with long-term growth significantly exceeding national trends, primarily driven by natural change rather than international migration. The county's demographic profile is anchored by the 30-34 age group and a predominant white population, though the hispanic population drove the largest race-ethnicity growth. Within Pierce County, Fife, WA presents a distinctly younger demographic with a median age of 31.3, notably below the county average. Despite its robust labor force participation rate of 76.1%, significantly higher than the United States, Fife faces considerable economic challenges. Its median household income of $90,532, while above the national average, lags behind Pierce County and saw minimal growth. This is compounded by a higher poverty rate (11.2%) and increased SNAP benefit receipt (13.6%). Housing affordability is a major concern, particularly for owner households in Fife, who bear a substantially higher cost burden at 36.1%, 9.5 percentage points above Pierce County, with a significant 2.8% increase in cost-burdened owners. Female earnings in Fife also saw a decline, contrasting with positive growth observed in other areas.",2023,2024,ACS_Series,"{""Label"": ""Calc-Self-Emp""}",Change in percent of workers who are self-employed,Percentage,Change in percent of workers who are self-employed in the the geography from the previous to current year,"Between 2023 and 2024, Fife, WA experienced a change in of workers who are self-employed of 0.3%.","Fife, WA's change in of workers who are self-employed of 0.3% is 0.3 percentage points higher than Pierce County (-0.0%).","Fife, WA's change in of workers who are self-employed of 0.3% is 0.5 percentage points higher than Puyallup Reservation (-0.2%), is 0.4 percentage points higher than Puget Sound Region (-0.1%), is 0.3 percentage points higher than Washington (-0.1%), is 0.3 percentage points higher than Seattle MSA (-0.1%), and is 0.2 percentage points higher than United States (0.0%).",N/A,N/A,"Fife, WA experienced a 0.3% increase in workers who are self-employed between 2023 and 2024, a positive trend that stands 0.3 percentage points higher than Pierce County (-0.0%) and significantly contrasts with the declines seen in regions like Puyallup Reservation (-0.2%) and the broader Puget Sound Region (-0.1%), as well as the flat rate for the United States (0.0%).",Math Context: Focus value: 0.3%; Pierce County: -0.0% (diff: +0.3 pp); Puyallup Reservation: -0.2% (diff: +0.5 pp); Puget Sound Region: -0.1% (diff: +0.4 pp); Washington: -0.1% (diff: +0.3 pp); Seattle MSA: -0.1% (diff: +0.3 pp); United States: 0.0% (diff: +0.2 pp)
Housing,"Fife, WA exhibits a complex housing cost burden landscape in 2024, with renter households facing a 52.5% cost-burden rate, marginally below Pierce County's 53.0% but notably higher than the national average of 51.1%. Encouragingly, the increase in cost-burdened renter households in Fife was a modest 0.2%, significantly lower than the 0.8% observed across Pierce County, the Puget Sound Region, and the United States. In stark contrast, owner households in Fife bear a substantially higher burden at 36.1%, which is 9.5 percentage points above Pierce County and significantly exceeds the national average of 22.7%. This elevated burden is compounded by a substantial 2.8% increase in cost-burdened owner households, far surpassing the 0.5% rise in Pierce County and contrasting sharply with the Puget Sound Region's slight decrease of 0.1%.","Pierce County's population grew by 0.7% between 2024 and 2025, outpacing the United States, with long-term growth significantly exceeding national trends, primarily driven by natural change rather than international migration. The county's demographic profile is anchored by the 30-34 age group and a predominant white population, though the hispanic population drove the largest race-ethnicity growth. Within Pierce County, Fife, WA presents a distinctly younger demographic with a median age of 31.3, notably below the county average. Despite its robust labor force participation rate of 76.1%, significantly higher than the United States, Fife faces considerable economic challenges. Its median household income of $90,532, while above the national average, lags behind Pierce County and saw minimal growth. This is compounded by a higher poverty rate (11.2%) and increased SNAP benefit receipt (13.6%). Housing affordability is a major concern, particularly for owner households in Fife, who bear a substantially higher cost burden at 36.1%, 9.5 percentage points above Pierce County, with a significant 2.8% increase in cost-burdened owners. Female earnings in Fife also saw a decline, contrasting with positive growth observed in other areas.",2024,2024,ACS_Series,"{""Label"": ""Calc-Cost Burden Renters""}",Percent of renter households that are cost-burdened,Percentage,Percent of renter households that are cost-burdened in the the geography in the current year,"In 2024, Fife, WA recorded a of renter households that are cost-burdened of 52.5%.","Fife, WA's of renter households that are cost-burdened of 52.5% is 0.6 percentage points lower than Pierce County (53.0%).","Fife, WA's of renter households that are cost-burdened of 52.5% is 3.4 percentage points higher than Seattle MSA (49.0%), is 2.5 percentage points higher than Washington (49.9%), is 2.5 percentage points higher than Puget Sound Region (50.0%), is 1.3 percentage points higher than United States (51.1%), and is 0.7 percentage points higher than Puyallup Reservation (51.8%).",N/A,N/A,"Fife, WA recorded a renter household cost-burden rate of 52.5% in 2024, which is marginally lower than Pierce County (53.0%) but notably higher than the Seattle MSA (49.0%), Washington (49.9%), and the national average of 51.1%.",Math Context: Focus value: 52.5%; Pierce County: 53.0% (diff: -0.6 pp); Seattle MSA: 49.0% (diff: +3.4 pp); Washington: 49.9% (diff: +2.5 pp); Puget Sound Region: 50.0% (diff: +2.5 pp); United States: 51.1% (diff: +1.3 pp); Puyallup Reservation: 51.8% (diff: +0.7 pp)
Housing,"Fife, WA exhibits a complex housing cost burden landscape in 2024, with renter households facing a 52.5% cost-burden rate, marginally below Pierce County's 53.0% but notably higher than the national average of 51.1%. Encouragingly, the increase in cost-burdened renter households in Fife was a modest 0.2%, significantly lower than the 0.8% observed across Pierce County, the Puget Sound Region, and the United States. In stark contrast, owner households in Fife bear a substantially higher burden at 36.1%, which is 9.5 percentage points above Pierce County and significantly exceeds the national average of 22.7%. This elevated burden is compounded by a substantial 2.8% increase in cost-burdened owner households, far surpassing the 0.5% rise in Pierce County and contrasting sharply with the Puget Sound Region's slight decrease of 0.1%.","Pierce County's population grew by 0.7% between 2024 and 2025, outpacing the United States, with long-term growth significantly exceeding national trends, primarily driven by natural change rather than international migration. The county's demographic profile is anchored by the 30-34 age group and a predominant white population, though the hispanic population drove the largest race-ethnicity growth. Within Pierce County, Fife, WA presents a distinctly younger demographic with a median age of 31.3, notably below the county average. Despite its robust labor force participation rate of 76.1%, significantly higher than the United States, Fife faces considerable economic challenges. Its median household income of $90,532, while above the national average, lags behind Pierce County and saw minimal growth. This is compounded by a higher poverty rate (11.2%) and increased SNAP benefit receipt (13.6%). Housing affordability is a major concern, particularly for owner households in Fife, who bear a substantially higher cost burden at 36.1%, 9.5 percentage points above Pierce County, with a significant 2.8% increase in cost-burdened owners. Female earnings in Fife also saw a decline, contrasting with positive growth observed in other areas.",2023,2024,ACS_Series,"{""Label"": ""Calc-Cost Burden Renters""}",Change in percent of renter households that are cost-burdened,Percentage,Change in percent of renter households that are cost-burdened in the the geography from the previous to current year,"Between 2023 and 2024, Fife, WA experienced a change in of renter households that are cost-burdened of 0.2%.","Fife, WA's change in of renter households that are cost-burdened of 0.2% is 0.6 percentage points lower than Pierce County (0.8%).","Fife, WA's change in of renter households that are cost-burdened of 0.2% is 0.2 percentage points lower than Puyallup Reservation (0.5%), is 0.3 percentage points lower than Seattle MSA (0.5%), is 0.4 percentage points lower than Washington (0.6%), is 0.5 percentage points lower than United States (0.8%), and is 0.6 percentage points lower than Puget Sound Region (0.8%).",N/A,N/A,"Fife, WA experienced a 0.2% change in cost-burdened renter households between 2023 and 2024, which was notably 0.6 percentage points lower than Pierce County, the Puget Sound Region, and the United States (all at 0.8%), and also below Washington (0.6%) and Seattle MSA (0.5%).",Math Context: Focus value: 0.2%; Pierce County: 0.8% (diff: -0.6 pp); Puyallup Reservation: 0.5% (diff: -0.2 pp); Seattle MSA: 0.5% (diff: -0.3 pp); Washington: 0.6% (diff: -0.4 pp); United States: 0.8% (diff: -0.5 pp); Puget Sound Region: 0.8% (diff: -0.6 pp)
Housing,"Fife, WA exhibits a complex housing cost burden landscape in 2024, with renter households facing a 52.5% cost-burden rate, marginally below Pierce County's 53.0% but notably higher than the national average of 51.1%. Encouragingly, the increase in cost-burdened renter households in Fife was a modest 0.2%, significantly lower than the 0.8% observed across Pierce County, the Puget Sound Region, and the United States. In stark contrast, owner households in Fife bear a substantially higher burden at 36.1%, which is 9.5 percentage points above Pierce County and significantly exceeds the national average of 22.7%. This elevated burden is compounded by a substantial 2.8% increase in cost-burdened owner households, far surpassing the 0.5% rise in Pierce County and contrasting sharply with the Puget Sound Region's slight decrease of 0.1%.","Pierce County's population grew by 0.7% between 2024 and 2025, outpacing the United States, with long-term growth significantly exceeding national trends, primarily driven by natural change rather than international migration. The county's demographic profile is anchored by the 30-34 age group and a predominant white population, though the hispanic population drove the largest race-ethnicity growth. Within Pierce County, Fife, WA presents a distinctly younger demographic with a median age of 31.3, notably below the county average. Despite its robust labor force participation rate of 76.1%, significantly higher than the United States, Fife faces considerable economic challenges. Its median household income of $90,532, while above the national average, lags behind Pierce County and saw minimal growth. This is compounded by a higher poverty rate (11.2%) and increased SNAP benefit receipt (13.6%). Housing affordability is a major concern, particularly for owner households in Fife, who bear a substantially higher cost burden at 36.1%, 9.5 percentage points above Pierce County, with a significant 2.8% increase in cost-burdened owners. Female earnings in Fife also saw a decline, contrasting with positive growth observed in other areas.",2024,2024,ACS_Series,"{""Label"": ""Calc-Cost Burden Owners""}",Percent of owner households that are cost-burdened,Percentage,Percent of owner households that are cost-burdened in the the geography in the current year,"In 2024, Fife, WA recorded a of owner households that are cost-burdened of 36.1%.","Fife, WA's of owner households that are cost-burdened of 36.1% is 9.5 percentage points higher than Pierce County (26.6%).","Fife, WA's of owner households that are cost-burdened of 36.1% is 13.4 percentage points higher than United States (22.7%), is 11.8 percentage points higher than Washington (24.3%), is 10.8 percentage points higher than Seattle MSA (25.3%), is 10.7 percentage points higher than Puget Sound Region (25.4%), and is 6.2 percentage points higher than Puyallup Reservation (29.9%).",N/A,N/A,"Fife, WA's percentage of owner households that are cost-burdened stood at 36.1% in 2024, which is 9.5 percentage points higher than Pierce County (26.6%), and significantly exceeds the United States (22.7%) and Washington (24.3%) by 13.4 and 11.8 percentage points, respectively.",Math Context: Focus value: 36.1%; Pierce County: 26.6% (diff: +9.5 pp); United States: 22.7% (diff: +13.4 pp); Washington: 24.3% (diff: +11.8 pp); Seattle MSA: 25.3% (diff: +10.8 pp); Puget Sound Region: 25.4% (diff: +10.7 pp); Puyallup Reservation: 29.9% (diff: +6.2 pp)
Housing,"Fife, WA exhibits a complex housing cost burden landscape in 2024, with renter households facing a 52.5% cost-burden rate, marginally below Pierce County's 53.0% but notably higher than the national average of 51.1%. Encouragingly, the increase in cost-burdened renter households in Fife was a modest 0.2%, significantly lower than the 0.8% observed across Pierce County, the Puget Sound Region, and the United States. In stark contrast, owner households in Fife bear a substantially higher burden at 36.1%, which is 9.5 percentage points above Pierce County and significantly exceeds the national average of 22.7%. This elevated burden is compounded by a substantial 2.8% increase in cost-burdened owner households, far surpassing the 0.5% rise in Pierce County and contrasting sharply with the Puget Sound Region's slight decrease of 0.1%.","Pierce County's population grew by 0.7% between 2024 and 2025, outpacing the United States, with long-term growth significantly exceeding national trends, primarily driven by natural change rather than international migration. The county's demographic profile is anchored by the 30-34 age group and a predominant white population, though the hispanic population drove the largest race-ethnicity growth. Within Pierce County, Fife, WA presents a distinctly younger demographic with a median age of 31.3, notably below the county average. Despite its robust labor force participation rate of 76.1%, significantly higher than the United States, Fife faces considerable economic challenges. Its median household income of $90,532, while above the national average, lags behind Pierce County and saw minimal growth. This is compounded by a higher poverty rate (11.2%) and increased SNAP benefit receipt (13.6%). Housing affordability is a major concern, particularly for owner households in Fife, who bear a substantially higher cost burden at 36.1%, 9.5 percentage points above Pierce County, with a significant 2.8% increase in cost-burdened owners. Female earnings in Fife also saw a decline, contrasting with positive growth observed in other areas.",2023,2024,ACS_Series,"{""Label"": ""Calc-Cost Burden Owners""}",Change in percent of owner households that are cost-burdened,Percentage,Change in percent of owner households that are cost-burdened in the the geography from the previous to current year,"Between 2023 and 2024, Fife, WA experienced a change in of owner households that are cost-burdened of 2.8%.","Fife, WA's change in of owner households that are cost-burdened of 2.8% is 2.3 percentage points higher than Pierce County (0.5%).","Fife, WA's change in of owner households that are cost-burdened of 2.8% is 2.9 percentage points higher than Puget Sound Region (-0.1%), is 2.6 percentage points higher than Seattle MSA (0.2%), is 2.5 percentage points higher than Washington (0.3%), is 2.3 percentage points higher than United States (0.5%), and is 0.0 percentage points higher than Puyallup Reservation (2.8%).",N/A,N/A,"Fife, WA experienced a 2.8% change in owner households that are cost-burdened, which was 2.3 percentage points higher than Pierce County (0.5%), significantly exceeding the Puget Sound Region's -0.1% by 2.9 percentage points, and on par with Puyallup Reservation (2.8%).",Math Context: Focus value: 2.8%; Pierce County: 0.5% (diff: +2.3 pp); Puget Sound Region: -0.1% (diff: +2.9 pp); Seattle MSA: 0.2% (diff: +2.6 pp); Washington: 0.3% (diff: +2.5 pp); United States: 0.5% (diff: +2.3 pp); Puyallup Reservation: 2.8% (diff: +0.0 pp)
