Name,Role,Code,Type,median_listing_price,median_days_on_market,median_listing_price_per_square_foot,median_square_feet,total_listing_count,month_date_yyyymm,ACS_Year,ACS_Sample,CPI_Flag,geography_level,Estimate VALUE Owner-occupied units,Estimate GROSS RENT Occupied units paying rent,Estimate HOUSEHOLDS BY TYPE Total households,Calc-Median HH Income,Calc-Median Fam Income,Calc-Median Value of Owned Units,Calc-Median Monthly Rent,Calc-Fam
"Fife, WA",Focus,98424,Custom-ZIP,289500.0,19.0,153.0,1906.0,19.0,201607,2016,5,1,ZIP,1335.0,2154.0,3516.0,56871.0,67262.0,229100.0,1044.0,2212.0
"Fife, WA",Focus,98424,Custom-ZIP,298712.0,18.0,156.0,1843.0,17.0,201608,2016,5,1,ZIP,1335.0,2154.0,3516.0,56871.0,67262.0,229100.0,1044.0,2212.0
"Fife, WA",Focus,98424,Custom-ZIP,288425.0,21.0,157.0,1778.0,16.0,201609,2016,5,1,ZIP,1335.0,2154.0,3516.0,56871.0,67262.0,229100.0,1044.0,2212.0
"Fife, WA",Focus,98424,Custom-ZIP,288900.0,18.0,155.0,1874.0,13.0,201610,2016,5,1,ZIP,1335.0,2154.0,3516.0,56871.0,67262.0,229100.0,1044.0,2212.0
"Fife, WA",Focus,98424,Custom-ZIP,264463.0,24.0,155.0,1802.0,16.0,201611,2016,5,1,ZIP,1335.0,2154.0,3516.0,56871.0,67262.0,229100.0,1044.0,2212.0
"Fife, WA",Focus,98424,Custom-ZIP,295000.0,46.0,154.0,1836.0,9.0,201612,2016,5,1,ZIP,1335.0,2154.0,3516.0,56871.0,67262.0,229100.0,1044.0,2212.0
"Fife, WA",Focus,98424,Custom-ZIP,222500.0,21.0,150.0,1874.0,6.0,201701,2017,5,1,ZIP,1406.0,2180.0,3628.0,58649.0,73189.0,243200.0,1125.0,2263.0
"Fife, WA",Focus,98424,Custom-ZIP,322463.0,10.0,150.0,2259.0,5.0,201702,2017,5,1,ZIP,1406.0,2180.0,3628.0,58649.0,73189.0,243200.0,1125.0,2263.0
"Fife, WA",Focus,98424,Custom-ZIP,296588.0,4.0,169.0,1753.0,6.0,201703,2017,5,1,ZIP,1406.0,2180.0,3628.0,58649.0,73189.0,243200.0,1125.0,2263.0
"Fife, WA",Focus,98424,Custom-ZIP,315000.0,3.0,166.0,1901.0,5.0,201704,2017,5,1,ZIP,1406.0,2180.0,3628.0,58649.0,73189.0,243200.0,1125.0,2263.0
"Fife, WA",Focus,98424,Custom-ZIP,318738.0,5.0,168.0,1844.0,4.0,201705,2017,5,1,ZIP,1406.0,2180.0,3628.0,58649.0,73189.0,243200.0,1125.0,2263.0
"Fife, WA",Focus,98424,Custom-ZIP,358000.0,8.0,164.0,2054.0,12.0,201706,2017,5,1,ZIP,1406.0,2180.0,3628.0,58649.0,73189.0,243200.0,1125.0,2263.0
"Fife, WA",Focus,98424,Custom-ZIP,354975.0,11.0,175.0,2105.0,16.0,201707,2017,5,1,ZIP,1406.0,2180.0,3628.0,58649.0,73189.0,243200.0,1125.0,2263.0
"Fife, WA",Focus,98424,Custom-ZIP,352213.0,22.0,167.0,2259.0,20.0,201708,2017,5,1,ZIP,1406.0,2180.0,3628.0,58649.0,73189.0,243200.0,1125.0,2263.0
"Fife, WA",Focus,98424,Custom-ZIP,354475.0,38.0,166.0,2262.0,26.0,201709,2017,5,1,ZIP,1406.0,2180.0,3628.0,58649.0,73189.0,243200.0,1125.0,2263.0
"Fife, WA",Focus,98424,Custom-ZIP,321850.0,50.0,170.0,2129.0,20.0,201710,2017,5,1,ZIP,1406.0,2180.0,3628.0,58649.0,73189.0,243200.0,1125.0,2263.0
"Fife, WA",Focus,98424,Custom-ZIP,343000.0,41.0,168.0,2216.0,22.0,201711,2017,5,1,ZIP,1406.0,2180.0,3628.0,58649.0,73189.0,243200.0,1125.0,2263.0
"Fife, WA",Focus,98424,Custom-ZIP,359000.0,37.0,167.0,2307.0,16.0,201712,2017,5,1,ZIP,1406.0,2180.0,3628.0,58649.0,73189.0,243200.0,1125.0,2263.0
"Fife, WA",Focus,98424,Custom-ZIP,377488.0,57.0,169.0,2334.0,11.0,201801,2018,5,1,ZIP,1419.0,2249.0,3688.0,61447.0,75899.0,270900.0,1232.0,2291.0
"Fife, WA",Focus,98424,Custom-ZIP,428588.0,42.0,179.0,2319.0,14.0,201802,2018,5,1,ZIP,1419.0,2249.0,3688.0,61447.0,75899.0,270900.0,1232.0,2291.0
"Fife, WA",Focus,98424,Custom-ZIP,411975.0,24.0,193.0,1987.0,14.0,201803,2018,5,1,ZIP,1419.0,2249.0,3688.0,61447.0,75899.0,270900.0,1232.0,2291.0
"Fife, WA",Focus,98424,Custom-ZIP,368725.0,31.0,194.0,1898.0,19.0,201804,2018,5,1,ZIP,1419.0,2249.0,3688.0,61447.0,75899.0,270900.0,1232.0,2291.0
"Fife, WA",Focus,98424,Custom-ZIP,374850.0,18.0,209.0,1911.0,21.0,201805,2018,5,1,ZIP,1419.0,2249.0,3688.0,61447.0,75899.0,270900.0,1232.0,2291.0
"Fife, WA",Focus,98424,Custom-ZIP,352500.0,28.0,213.0,1855.0,27.0,201806,2018,5,1,ZIP,1419.0,2249.0,3688.0,61447.0,75899.0,270900.0,1232.0,2291.0
"Fife, WA",Focus,98424,Custom-ZIP,345250.0,17.0,195.0,1820.0,38.0,201807,2018,5,1,ZIP,1419.0,2249.0,3688.0,61447.0,75899.0,270900.0,1232.0,2291.0
"Fife, WA",Focus,98424,Custom-ZIP,361225.0,32.0,188.0,1918.0,40.0,201808,2018,5,1,ZIP,1419.0,2249.0,3688.0,61447.0,75899.0,270900.0,1232.0,2291.0
"Fife, WA",Focus,98424,Custom-ZIP,359950.0,44.0,187.0,1913.0,31.0,201809,2018,5,1,ZIP,1419.0,2249.0,3688.0,61447.0,75899.0,270900.0,1232.0,2291.0
"Fife, WA",Focus,98424,Custom-ZIP,390000.0,44.0,183.0,2040.0,25.0,201810,2018,5,1,ZIP,1419.0,2249.0,3688.0,61447.0,75899.0,270900.0,1232.0,2291.0
"Fife, WA",Focus,98424,Custom-ZIP,388500.0,60.0,174.0,2184.0,21.0,201811,2018,5,1,ZIP,1419.0,2249.0,3688.0,61447.0,75899.0,270900.0,1232.0,2291.0
"Fife, WA",Focus,98424,Custom-ZIP,410000.0,57.0,178.0,2239.0,15.0,201812,2018,5,1,ZIP,1419.0,2249.0,3688.0,61447.0,75899.0,270900.0,1232.0,2291.0
"Fife, WA",Focus,98424,Custom-ZIP,382475.0,55.0,198.0,2039.0,10.0,201901,2019,5,1,ZIP,1530.0,2235.0,3787.0,66144.0,79063.0,288500.0,1351.0,2274.0
"Fife, WA",Focus,98424,Custom-ZIP,399000.0,13.0,203.0,2065.0,12.0,201902,2019,5,1,ZIP,1530.0,2235.0,3787.0,66144.0,79063.0,288500.0,1351.0,2274.0
"Fife, WA",Focus,98424,Custom-ZIP,384786.0,7.0,195.0,1901.0,13.0,201903,2019,5,1,ZIP,1530.0,2235.0,3787.0,66144.0,79063.0,288500.0,1351.0,2274.0
"Fife, WA",Focus,98424,Custom-ZIP,384286.0,8.0,219.0,1911.0,15.0,201904,2019,5,1,ZIP,1530.0,2235.0,3787.0,66144.0,79063.0,288500.0,1351.0,2274.0
"Fife, WA",Focus,98424,Custom-ZIP,404500.0,16.0,209.0,2181.0,18.0,201905,2019,5,1,ZIP,1530.0,2235.0,3787.0,66144.0,79063.0,288500.0,1351.0,2274.0
"Fife, WA",Focus,98424,Custom-ZIP,410000.0,19.0,192.0,2236.0,22.0,201906,2019,5,1,ZIP,1530.0,2235.0,3787.0,66144.0,79063.0,288500.0,1351.0,2274.0
"Fife, WA",Focus,98424,Custom-ZIP,412470.0,38.0,188.0,2325.0,21.0,201907,2019,5,1,ZIP,1530.0,2235.0,3787.0,66144.0,79063.0,288500.0,1351.0,2274.0
"Fife, WA",Focus,98424,Custom-ZIP,433346.0,40.0,201.0,2390.0,21.0,201908,2019,5,1,ZIP,1530.0,2235.0,3787.0,66144.0,79063.0,288500.0,1351.0,2274.0
"Fife, WA",Focus,98424,Custom-ZIP,428623.0,33.0,196.0,2457.0,27.0,201909,2019,5,1,ZIP,1530.0,2235.0,3787.0,66144.0,79063.0,288500.0,1351.0,2274.0
"Fife, WA",Focus,98424,Custom-ZIP,424963.0,31.0,194.0,2510.0,29.0,201910,2019,5,1,ZIP,1530.0,2235.0,3787.0,66144.0,79063.0,288500.0,1351.0,2274.0
"Fife, WA",Focus,98424,Custom-ZIP,474500.0,42.0,202.0,2208.0,28.0,201911,2019,5,1,ZIP,1530.0,2235.0,3787.0,66144.0,79063.0,288500.0,1351.0,2274.0
"Fife, WA",Focus,98424,Custom-ZIP,518675.0,74.0,195.0,2493.0,24.0,201912,2019,5,1,ZIP,1530.0,2235.0,3787.0,66144.0,79063.0,288500.0,1351.0,2274.0
"Fife, WA",Focus,98424,Custom-ZIP,488958.0,55.0,185.0,2394.0,14.0,202001,2020,5,1,ZIP,1684.0,2189.0,3901.0,75151.0,88003.0,325500.0,1428.0,2435.0
"Fife, WA",Focus,98424,Custom-ZIP,422500.0,34.0,191.0,2129.0,12.0,202002,2020,5,1,ZIP,1684.0,2189.0,3901.0,75151.0,88003.0,325500.0,1428.0,2435.0
"Fife, WA",Focus,98424,Custom-ZIP,432738.0,9.0,200.0,2011.0,21.0,202003,2020,5,1,ZIP,1684.0,2189.0,3901.0,75151.0,88003.0,325500.0,1428.0,2435.0
"Fife, WA",Focus,98424,Custom-ZIP,432250.0,22.0,208.0,1960.0,18.0,202004,2020,5,1,ZIP,1684.0,2189.0,3901.0,75151.0,88003.0,325500.0,1428.0,2435.0
"Fife, WA",Focus,98424,Custom-ZIP,417450.0,24.0,192.0,2100.0,18.0,202005,2020,5,1,ZIP,1684.0,2189.0,3901.0,75151.0,88003.0,325500.0,1428.0,2435.0
"Fife, WA",Focus,98424,Custom-ZIP,457499.0,29.0,216.0,1880.0,20.0,202006,2020,5,1,ZIP,1684.0,2189.0,3901.0,75151.0,88003.0,325500.0,1428.0,2435.0
"Fife, WA",Focus,98424,Custom-ZIP,442500.0,14.0,220.0,1935.0,19.0,202007,2020,5,1,ZIP,1684.0,2189.0,3901.0,75151.0,88003.0,325500.0,1428.0,2435.0
"Fife, WA",Focus,98424,Custom-ZIP,435000.0,14.0,244.0,1884.0,26.0,202008,2020,5,1,ZIP,1684.0,2189.0,3901.0,75151.0,88003.0,325500.0,1428.0,2435.0
"Fife, WA",Focus,98424,Custom-ZIP,458750.0,34.0,234.0,1908.0,23.0,202009,2020,5,1,ZIP,1684.0,2189.0,3901.0,75151.0,88003.0,325500.0,1428.0,2435.0
"Fife, WA",Focus,98424,Custom-ZIP,499975.0,48.0,253.0,1947.0,20.0,202010,2020,5,1,ZIP,1684.0,2189.0,3901.0,75151.0,88003.0,325500.0,1428.0,2435.0
"Fife, WA",Focus,98424,Custom-ZIP,514250.0,47.0,299.0,1770.0,19.0,202011,2020,5,1,ZIP,1684.0,2189.0,3901.0,75151.0,88003.0,325500.0,1428.0,2435.0
"Fife, WA",Focus,98424,Custom-ZIP,586213.0,93.0,307.0,1961.0,17.0,202012,2020,5,1,ZIP,1684.0,2189.0,3901.0,75151.0,88003.0,325500.0,1428.0,2435.0
"Fife, WA",Focus,98424,Custom-ZIP,499000.0,29.0,279.0,1961.0,10.0,202101,2021,5,1,ZIP,1795.0,2270.0,4095.0,75557.0,93525.0,337200.0,1562.0,2511.0
"Fife, WA",Focus,98424,Custom-ZIP,552488.0,23.0,265.0,2040.0,22.0,202102,2021,5,1,ZIP,1795.0,2270.0,4095.0,75557.0,93525.0,337200.0,1562.0,2511.0
"Fife, WA",Focus,98424,Custom-ZIP,518463.0,43.0,285.0,2038.0,17.0,202103,2021,5,1,ZIP,1795.0,2270.0,4095.0,75557.0,93525.0,337200.0,1562.0,2511.0
"Fife, WA",Focus,98424,Custom-ZIP,502000.0,31.0,279.0,1947.0,18.0,202104,2021,5,1,ZIP,1795.0,2270.0,4095.0,75557.0,93525.0,337200.0,1562.0,2511.0
"Fife, WA",Focus,98424,Custom-ZIP,660000.0,30.0,321.0,2105.0,19.0,202105,2021,5,1,ZIP,1795.0,2270.0,4095.0,75557.0,93525.0,337200.0,1562.0,2511.0
"Fife, WA",Focus,98424,Custom-ZIP,683000.0,25.0,286.0,2070.0,20.0,202106,2021,5,1,ZIP,1795.0,2270.0,4095.0,75557.0,93525.0,337200.0,1562.0,2511.0
"Fife, WA",Focus,98424,Custom-ZIP,499999.0,35.0,290.0,1947.0,25.0,202107,2021,5,1,ZIP,1795.0,2270.0,4095.0,75557.0,93525.0,337200.0,1562.0,2511.0
"Fife, WA",Focus,98424,Custom-ZIP,619249.0,31.0,286.0,2010.0,25.0,202108,2021,5,1,ZIP,1795.0,2270.0,4095.0,75557.0,93525.0,337200.0,1562.0,2511.0
"Fife, WA",Focus,98424,Custom-ZIP,522250.0,38.0,310.0,1936.0,24.0,202109,2021,5,1,ZIP,1795.0,2270.0,4095.0,75557.0,93525.0,337200.0,1562.0,2511.0
"Fife, WA",Focus,98424,Custom-ZIP,649000.0,29.0,284.0,2284.0,22.0,202110,2021,5,1,ZIP,1795.0,2270.0,4095.0,75557.0,93525.0,337200.0,1562.0,2511.0
"Fife, WA",Focus,98424,Custom-ZIP,636288.0,40.0,259.0,2569.0,18.0,202111,2021,5,1,ZIP,1795.0,2270.0,4095.0,75557.0,93525.0,337200.0,1562.0,2511.0
"Fife, WA",Focus,98424,Custom-ZIP,572713.0,41.0,298.0,2366.0,12.0,202112,2021,5,1,ZIP,1795.0,2270.0,4095.0,75557.0,93525.0,337200.0,1562.0,2511.0
"Fife, WA",Focus,98424,Custom-ZIP,597475.0,47.0,262.0,2324.0,6.0,202201,2022,5,1,ZIP,1852.0,2129.0,4011.0,84538.0,101552.0,428100.0,1730.0,2583.0
"Fife, WA",Focus,98424,Custom-ZIP,518750.0,12.0,297.0,1807.0,8.0,202202,2022,5,1,ZIP,1852.0,2129.0,4011.0,84538.0,101552.0,428100.0,1730.0,2583.0
"Fife, WA",Focus,98424,Custom-ZIP,596500.0,13.0,280.0,2236.0,13.0,202203,2022,5,1,ZIP,1852.0,2129.0,4011.0,84538.0,101552.0,428100.0,1730.0,2583.0
"Fife, WA",Focus,98424,Custom-ZIP,559475.0,27.0,285.0,1906.0,10.0,202204,2022,5,1,ZIP,1852.0,2129.0,4011.0,84538.0,101552.0,428100.0,1730.0,2583.0
"Fife, WA",Focus,98424,Custom-ZIP,552250.0,4.0,293.0,1846.0,21.0,202205,2022,5,1,ZIP,1852.0,2129.0,4011.0,84538.0,101552.0,428100.0,1730.0,2583.0
"Fife, WA",Focus,98424,Custom-ZIP,602000.0,19.0,281.0,2058.0,23.0,202206,2022,5,1,ZIP,1852.0,2129.0,4011.0,84538.0,101552.0,428100.0,1730.0,2583.0
"Fife, WA",Focus,98424,Custom-ZIP,535000.0,34.0,289.0,1816.0,22.0,202207,2022,5,1,ZIP,1852.0,2129.0,4011.0,84538.0,101552.0,428100.0,1730.0,2583.0
"Fife, WA",Focus,98424,Custom-ZIP,534975.0,34.0,288.0,1816.0,17.0,202208,2022,5,1,ZIP,1852.0,2129.0,4011.0,84538.0,101552.0,428100.0,1730.0,2583.0
"Fife, WA",Focus,98424,Custom-ZIP,513000.0,30.0,280.0,1818.0,22.0,202209,2022,5,1,ZIP,1852.0,2129.0,4011.0,84538.0,101552.0,428100.0,1730.0,2583.0
"Fife, WA",Focus,98424,Custom-ZIP,499995.0,56.0,287.0,1728.0,14.0,202210,2022,5,1,ZIP,1852.0,2129.0,4011.0,84538.0,101552.0,428100.0,1730.0,2583.0
"Fife, WA",Focus,98424,Custom-ZIP,502488.0,53.0,293.0,1614.0,13.0,202211,2022,5,1,ZIP,1852.0,2129.0,4011.0,84538.0,101552.0,428100.0,1730.0,2583.0
"Fife, WA",Focus,98424,Custom-ZIP,435000.0,95.0,285.0,1570.0,10.0,202212,2022,5,1,ZIP,1852.0,2129.0,4011.0,84538.0,101552.0,428100.0,1730.0,2583.0
"Fife, WA",Focus,98424,Custom-ZIP,479975.0,118.0,299.0,1476.0,6.0,202301,2023,5,1,ZIP,1890.0,2166.0,4067.0,90515.0,110091.0,480600.0,1836.0,2644.0
"Fife, WA",Focus,98424,Custom-ZIP,512462.0,121.0,284.0,1635.0,7.0,202302,2023,5,1,ZIP,1890.0,2166.0,4067.0,90515.0,110091.0,480600.0,1836.0,2644.0
"Fife, WA",Focus,98424,Custom-ZIP,499950.0,26.0,303.0,1507.0,7.0,202303,2023,5,1,ZIP,1890.0,2166.0,4067.0,90515.0,110091.0,480600.0,1836.0,2644.0
"Fife, WA",Focus,98424,Custom-ZIP,450000.0,12.0,294.0,1458.0,11.0,202304,2023,5,1,ZIP,1890.0,2166.0,4067.0,90515.0,110091.0,480600.0,1836.0,2644.0
"Fife, WA",Focus,98424,Custom-ZIP,482238.0,19.0,327.0,1480.0,17.0,202305,2023,5,1,ZIP,1890.0,2166.0,4067.0,90515.0,110091.0,480600.0,1836.0,2644.0
"Fife, WA",Focus,98424,Custom-ZIP,512138.0,23.0,316.0,1687.0,17.0,202306,2023,5,1,ZIP,1890.0,2166.0,4067.0,90515.0,110091.0,480600.0,1836.0,2644.0
"Fife, WA",Focus,98424,Custom-ZIP,524900.0,47.0,296.0,1748.0,15.0,202307,2023,5,1,ZIP,1890.0,2166.0,4067.0,90515.0,110091.0,480600.0,1836.0,2644.0
"Fife, WA",Focus,98424,Custom-ZIP,524975.0,25.0,304.0,1787.0,15.0,202308,2023,5,1,ZIP,1890.0,2166.0,4067.0,90515.0,110091.0,480600.0,1836.0,2644.0
"Fife, WA",Focus,98424,Custom-ZIP,519950.0,38.0,301.0,1800.0,15.0,202309,2023,5,1,ZIP,1890.0,2166.0,4067.0,90515.0,110091.0,480600.0,1836.0,2644.0
"Fife, WA",Focus,98424,Custom-ZIP,532500.0,57.0,306.0,1808.0,17.0,202310,2023,5,1,ZIP,1890.0,2166.0,4067.0,90515.0,110091.0,480600.0,1836.0,2644.0
"Fife, WA",Focus,98424,Custom-ZIP,523737.0,46.0,321.0,1723.0,19.0,202311,2023,5,1,ZIP,1890.0,2166.0,4067.0,90515.0,110091.0,480600.0,1836.0,2644.0
"Fife, WA",Focus,98424,Custom-ZIP,634999.0,63.0,313.0,2129.0,16.0,202312,2023,5,1,ZIP,1890.0,2166.0,4067.0,90515.0,110091.0,480600.0,1836.0,2644.0
"Fife, WA",Focus,98424,Custom-ZIP,582250.0,77.0,314.0,1950.0,15.0,202401,2024,5,1,ZIP,1889.0,2184.0,4078.0,90532.0,108981.0,543100.0,1889.0,2702.0
"Fife, WA",Focus,98424,Custom-ZIP,691212.0,78.0,334.0,2210.0,13.0,202402,2024,5,1,ZIP,1889.0,2184.0,4078.0,90532.0,108981.0,543100.0,1889.0,2702.0
"Fife, WA",Focus,98424,Custom-ZIP,634750.0,24.0,323.0,2259.0,15.0,202403,2024,5,1,ZIP,1889.0,2184.0,4078.0,90532.0,108981.0,543100.0,1889.0,2702.0
"Fife, WA",Focus,98424,Custom-ZIP,631075.0,34.0,334.0,2190.0,17.0,202404,2024,5,1,ZIP,1889.0,2184.0,4078.0,90532.0,108981.0,543100.0,1889.0,2702.0
"Fife, WA",Focus,98424,Custom-ZIP,632250.0,37.0,311.0,2305.0,17.0,202405,2024,5,1,ZIP,1889.0,2184.0,4078.0,90532.0,108981.0,543100.0,1889.0,2702.0
"Fife, WA",Focus,98424,Custom-ZIP,614950.0,51.0,302.0,2204.0,23.0,202406,2024,5,1,ZIP,1889.0,2184.0,4078.0,90532.0,108981.0,543100.0,1889.0,2702.0
"Fife, WA",Focus,98424,Custom-ZIP,594250.0,43.0,286.0,2178.0,22.0,202407,2024,5,1,ZIP,1889.0,2184.0,4078.0,90532.0,108981.0,543100.0,1889.0,2702.0
"Fife, WA",Focus,98424,Custom-ZIP,589500.0,65.0,313.0,2151.0,18.0,202408,2024,5,1,ZIP,1889.0,2184.0,4078.0,90532.0,108981.0,543100.0,1889.0,2702.0
"Fife, WA",Focus,98424,Custom-ZIP,610575.0,39.0,320.0,2120.0,17.0,202409,2024,5,1,ZIP,1889.0,2184.0,4078.0,90532.0,108981.0,543100.0,1889.0,2702.0
"Fife, WA",Focus,98424,Custom-ZIP,707988.0,33.0,341.0,2469.0,20.0,202410,2024,5,1,ZIP,1889.0,2184.0,4078.0,90532.0,108981.0,543100.0,1889.0,2702.0
"Fife, WA",Focus,98424,Custom-ZIP,650000.0,47.0,279.0,2490.0,15.0,202411,2024,5,1,ZIP,1889.0,2184.0,4078.0,90532.0,108981.0,543100.0,1889.0,2702.0
"Fife, WA",Focus,98424,Custom-ZIP,733738.0,48.0,295.0,2807.0,16.0,202412,2024,5,1,ZIP,1889.0,2184.0,4078.0,90532.0,108981.0,543100.0,1889.0,2702.0
"Fife, WA",Focus,98424,Custom-ZIP,564700.0,58.0,297.0,2115.0,10.0,202501,2024,5,1,ZIP,1889.0,2184.0,4078.0,90532.0,108981.0,543100.0,1889.0,2702.0
"Fife, WA",Focus,98424,Custom-ZIP,530000.0,24.0,307.0,1741.0,14.0,202502,2024,5,1,ZIP,1889.0,2184.0,4078.0,90532.0,108981.0,543100.0,1889.0,2702.0
"Fife, WA",Focus,98424,Custom-ZIP,539950.0,43.0,318.0,1816.0,10.0,202503,2024,5,1,ZIP,1889.0,2184.0,4078.0,90532.0,108981.0,543100.0,1889.0,2702.0
"Fife, WA",Focus,98424,Custom-ZIP,548750.0,12.0,357.0,1514.0,14.0,202504,2024,5,1,ZIP,1889.0,2184.0,4078.0,90532.0,108981.0,543100.0,1889.0,2702.0
"Fife, WA",Focus,98424,Custom-ZIP,596500.0,27.0,358.0,1935.0,17.0,202505,2024,5,1,ZIP,1889.0,2184.0,4078.0,90532.0,108981.0,543100.0,1889.0,2702.0
"Fife, WA",Focus,98424,Custom-ZIP,642450.0,27.0,312.0,2400.0,21.0,202506,2024,5,1,ZIP,1889.0,2184.0,4078.0,90532.0,108981.0,543100.0,1889.0,2702.0
"Fife, WA",Focus,98424,Custom-ZIP,584825.0,26.0,322.0,2045.0,21.0,202507,2024,5,1,ZIP,1889.0,2184.0,4078.0,90532.0,108981.0,543100.0,1889.0,2702.0
"Fife, WA",Focus,98424,Custom-ZIP,549999.0,29.0,327.0,1718.0,23.0,202508,2024,5,1,ZIP,1889.0,2184.0,4078.0,90532.0,108981.0,543100.0,1889.0,2702.0
"Fife, WA",Focus,98424,Custom-ZIP,579988.0,39.0,321.0,1852.0,27.0,202509,2024,5,1,ZIP,1889.0,2184.0,4078.0,90532.0,108981.0,543100.0,1889.0,2702.0
"Fife, WA",Focus,98424,Custom-ZIP,545000.0,45.0,323.0,1711.0,23.0,202510,2024,5,1,ZIP,1889.0,2184.0,4078.0,90532.0,108981.0,543100.0,1889.0,2702.0
"Fife, WA",Focus,98424,Custom-ZIP,532500.0,56.0,327.0,1766.0,17.0,202511,2024,5,1,ZIP,1889.0,2184.0,4078.0,90532.0,108981.0,543100.0,1889.0,2702.0
"Fife, WA",Focus,98424,Custom-ZIP,532000.0,64.0,344.0,1676.0,15.0,202512,2024,5,1,ZIP,1889.0,2184.0,4078.0,90532.0,108981.0,543100.0,1889.0,2702.0
"Fife, WA",Focus,98424,Custom-ZIP,577500.0,69.0,339.0,1856.0,14.0,202601,2024,5,1,ZIP,1889.0,2184.0,4078.0,90532.0,108981.0,543100.0,1889.0,2702.0
"Fife, WA",Focus,98424,Custom-ZIP,625000.0,45.0,367.0,1948.0,18.0,202602,2024,5,1,ZIP,1889.0,2184.0,4078.0,90532.0,108981.0,543100.0,1889.0,2702.0
"Fife, WA",Focus,98424,Custom-ZIP,655000.0,44.0,392.0,1989.0,20.0,202603,2024,5,1,ZIP,1889.0,2184.0,4078.0,90532.0,108981.0,543100.0,1889.0,2702.0
"Fife, WA",Focus,98424,Custom-ZIP,651500.0,44.0,346.0,2107.0,18.0,202604,2024,5,1,ZIP,1889.0,2184.0,4078.0,90532.0,108981.0,543100.0,1889.0,2702.0
"Fife, WA",Focus,98424,Custom-ZIP,627450.0,36.0,340.0,1949.0,25.0,202605,2024,5,1,ZIP,1889.0,2184.0,4078.0,90532.0,108981.0,543100.0,1889.0,2702.0
Pierce County,Broad,53053,County,325000.0,31.0,163.0,2112.0,2209.0,201607,2016,5,1,County,186670.0,116713.0,307106.0,61468.0,73426.0,239400.0,1068.0,203625.0
Pierce County,Broad,53053,County,324970.0,37.0,162.0,2123.0,2341.0,201608,2016,5,1,County,186670.0,116713.0,307106.0,61468.0,73426.0,239400.0,1068.0,203625.0
Pierce County,Broad,53053,County,319500.0,40.0,163.0,2127.0,2370.0,201609,2016,5,1,County,186670.0,116713.0,307106.0,61468.0,73426.0,239400.0,1068.0,203625.0
Pierce County,Broad,53053,County,315000.0,47.0,163.0,2091.0,2214.0,201610,2016,5,1,County,186670.0,116713.0,307106.0,61468.0,73426.0,239400.0,1068.0,203625.0
Pierce County,Broad,53053,County,314975.0,52.0,165.0,2049.0,1904.0,201611,2016,5,1,County,186670.0,116713.0,307106.0,61468.0,73426.0,239400.0,1068.0,203625.0
Pierce County,Broad,53053,County,325998.0,58.0,165.0,2083.0,1563.0,201612,2016,5,1,County,186670.0,116713.0,307106.0,61468.0,73426.0,239400.0,1068.0,203625.0
Pierce County,Broad,53053,County,333054.0,57.0,166.0,2098.0,1333.0,201701,2017,5,1,County,191613.0,117276.0,312839.0,63881.0,76671.0,255800.0,1116.0,208065.0
Pierce County,Broad,53053,County,349950.0,39.0,168.0,2174.0,1159.0,201702,2017,5,1,County,191613.0,117276.0,312839.0,63881.0,76671.0,255800.0,1116.0,208065.0
Pierce County,Broad,53053,County,356640.0,25.0,173.0,2179.0,1175.0,201703,2017,5,1,County,191613.0,117276.0,312839.0,63881.0,76671.0,255800.0,1116.0,208065.0
Pierce County,Broad,53053,County,369900.0,24.0,174.0,2205.0,1176.0,201704,2017,5,1,County,191613.0,117276.0,312839.0,63881.0,76671.0,255800.0,1116.0,208065.0
Pierce County,Broad,53053,County,371850.0,18.0,177.0,2182.0,1429.0,201705,2017,5,1,County,191613.0,117276.0,312839.0,63881.0,76671.0,255800.0,1116.0,208065.0
Pierce County,Broad,53053,County,378700.0,23.0,180.0,2199.0,1655.0,201706,2017,5,1,County,191613.0,117276.0,312839.0,63881.0,76671.0,255800.0,1116.0,208065.0
Pierce County,Broad,53053,County,370000.0,26.0,181.0,2172.0,1924.0,201707,2017,5,1,County,191613.0,117276.0,312839.0,63881.0,76671.0,255800.0,1116.0,208065.0
Pierce County,Broad,53053,County,364750.0,30.0,180.0,2150.0,2136.0,201708,2017,5,1,County,191613.0,117276.0,312839.0,63881.0,76671.0,255800.0,1116.0,208065.0
Pierce County,Broad,53053,County,364995.0,38.0,179.0,2176.0,3189.0,201709,2017,5,1,County,191613.0,117276.0,312839.0,63881.0,76671.0,255800.0,1116.0,208065.0
Pierce County,Broad,53053,County,360000.0,42.0,179.0,2131.0,3051.0,201710,2017,5,1,County,191613.0,117276.0,312839.0,63881.0,76671.0,255800.0,1116.0,208065.0
Pierce County,Broad,53053,County,366975.0,48.0,179.0,2156.0,2715.0,201711,2017,5,1,County,191613.0,117276.0,312839.0,63881.0,76671.0,255800.0,1116.0,208065.0
Pierce County,Broad,53053,County,378773.0,54.0,182.0,2183.0,2259.0,201712,2017,5,1,County,191613.0,117276.0,312839.0,63881.0,76671.0,255800.0,1116.0,208065.0
Pierce County,Broad,53053,County,394344.0,53.0,184.0,2222.0,1984.0,201801,2018,5,1,County,195890.0,117581.0,317699.0,67868.0,80328.0,277000.0,1186.0,212302.0
Pierce County,Broad,53053,County,412200.0,36.0,184.0,2290.0,2029.0,201802,2018,5,1,County,195890.0,117581.0,317699.0,67868.0,80328.0,277000.0,1186.0,212302.0
Pierce County,Broad,53053,County,425000.0,30.0,188.0,2244.0,2122.0,201803,2018,5,1,County,195890.0,117581.0,317699.0,67868.0,80328.0,277000.0,1186.0,212302.0
Pierce County,Broad,53053,County,423169.0,26.0,193.0,2240.0,2371.0,201804,2018,5,1,County,195890.0,117581.0,317699.0,67868.0,80328.0,277000.0,1186.0,212302.0
Pierce County,Broad,53053,County,417500.0,24.0,197.0,2246.0,2994.0,201805,2018,5,1,County,195890.0,117581.0,317699.0,67868.0,80328.0,277000.0,1186.0,212302.0
Pierce County,Broad,53053,County,419000.0,28.0,196.0,2272.0,3337.0,201806,2018,5,1,County,195890.0,117581.0,317699.0,67868.0,80328.0,277000.0,1186.0,212302.0
Pierce County,Broad,53053,County,409925.0,30.0,197.0,2219.0,3523.0,201807,2018,5,1,County,195890.0,117581.0,317699.0,67868.0,80328.0,277000.0,1186.0,212302.0
Pierce County,Broad,53053,County,399475.0,33.0,197.0,2173.0,3633.0,201808,2018,5,1,County,195890.0,117581.0,317699.0,67868.0,80328.0,277000.0,1186.0,212302.0
Pierce County,Broad,53053,County,395000.0,38.0,197.0,2132.0,3669.0,201809,2018,5,1,County,195890.0,117581.0,317699.0,67868.0,80328.0,277000.0,1186.0,212302.0
Pierce County,Broad,53053,County,395000.0,44.0,195.0,2139.0,3440.0,201810,2018,5,1,County,195890.0,117581.0,317699.0,67868.0,80328.0,277000.0,1186.0,212302.0
Pierce County,Broad,53053,County,399556.0,51.0,197.0,2155.0,3127.0,201811,2018,5,1,County,195890.0,117581.0,317699.0,67868.0,80328.0,277000.0,1186.0,212302.0
Pierce County,Broad,53053,County,413475.0,61.0,198.0,2170.0,2586.0,201812,2018,5,1,County,195890.0,117581.0,317699.0,67868.0,80328.0,277000.0,1186.0,212302.0
Pierce County,Broad,53053,County,419925.0,61.0,201.0,2208.0,2236.0,201901,2019,5,1,County,200836.0,117851.0,323296.0,72113.0,84373.0,303200.0,1250.0,216606.0
Pierce County,Broad,53053,County,437000.0,41.0,202.0,2239.0,2191.0,201902,2019,5,1,County,200836.0,117851.0,323296.0,72113.0,84373.0,303200.0,1250.0,216606.0
Pierce County,Broad,53053,County,441429.0,32.0,204.0,2239.0,2310.0,201903,2019,5,1,County,200836.0,117851.0,323296.0,72113.0,84373.0,303200.0,1250.0,216606.0
Pierce County,Broad,53053,County,450000.0,23.0,206.0,2274.0,2558.0,201904,2019,5,1,County,200836.0,117851.0,323296.0,72113.0,84373.0,303200.0,1250.0,216606.0
Pierce County,Broad,53053,County,452345.0,24.0,208.0,2245.0,2855.0,201905,2019,5,1,County,200836.0,117851.0,323296.0,72113.0,84373.0,303200.0,1250.0,216606.0
Pierce County,Broad,53053,County,449245.0,30.0,207.0,2239.0,3113.0,201906,2019,5,1,County,200836.0,117851.0,323296.0,72113.0,84373.0,303200.0,1250.0,216606.0
Pierce County,Broad,53053,County,439925.0,35.0,206.0,2245.0,3161.0,201907,2019,5,1,County,200836.0,117851.0,323296.0,72113.0,84373.0,303200.0,1250.0,216606.0
Pierce County,Broad,53053,County,428636.0,38.0,208.0,2172.0,3203.0,201908,2019,5,1,County,200836.0,117851.0,323296.0,72113.0,84373.0,303200.0,1250.0,216606.0
Pierce County,Broad,53053,County,426591.0,41.0,209.0,2147.0,3185.0,201909,2019,5,1,County,200836.0,117851.0,323296.0,72113.0,84373.0,303200.0,1250.0,216606.0
Pierce County,Broad,53053,County,424975.0,43.0,209.0,2114.0,3161.0,201910,2019,5,1,County,200836.0,117851.0,323296.0,72113.0,84373.0,303200.0,1250.0,216606.0
Pierce County,Broad,53053,County,425000.0,45.0,211.0,2091.0,2848.0,201911,2019,5,1,County,200836.0,117851.0,323296.0,72113.0,84373.0,303200.0,1250.0,216606.0
Pierce County,Broad,53053,County,442500.0,55.0,214.0,2157.0,2265.0,201912,2019,5,1,County,200836.0,117851.0,323296.0,72113.0,84373.0,303200.0,1250.0,216606.0
Pierce County,Broad,53053,County,450000.0,59.0,216.0,2152.0,1922.0,202001,2020,5,1,County,209486.0,117072.0,330999.0,76438.0,88892.0,336600.0,1338.0,222167.0
Pierce County,Broad,53053,County,459900.0,31.0,220.0,2163.0,2091.0,202002,2020,5,1,County,209486.0,117072.0,330999.0,76438.0,88892.0,336600.0,1338.0,222167.0
Pierce County,Broad,53053,County,464950.0,24.0,225.0,2133.0,2422.0,202003,2020,5,1,County,209486.0,117072.0,330999.0,76438.0,88892.0,336600.0,1338.0,222167.0
Pierce County,Broad,53053,County,458450.0,29.0,229.0,2097.0,2535.0,202004,2020,5,1,County,209486.0,117072.0,330999.0,76438.0,88892.0,336600.0,1338.0,222167.0
Pierce County,Broad,53053,County,454995.0,36.0,231.0,2048.0,2841.0,202005,2020,5,1,County,209486.0,117072.0,330999.0,76438.0,88892.0,336600.0,1338.0,222167.0
Pierce County,Broad,53053,County,467500.0,35.0,232.0,2098.0,3021.0,202006,2020,5,1,County,209486.0,117072.0,330999.0,76438.0,88892.0,336600.0,1338.0,222167.0
Pierce County,Broad,53053,County,479948.0,30.0,234.0,2101.0,3066.0,202007,2020,5,1,County,209486.0,117072.0,330999.0,76438.0,88892.0,336600.0,1338.0,222167.0
Pierce County,Broad,53053,County,475000.0,29.0,236.0,2080.0,3227.0,202008,2020,5,1,County,209486.0,117072.0,330999.0,76438.0,88892.0,336600.0,1338.0,222167.0
Pierce County,Broad,53053,County,474963.0,32.0,239.0,2050.0,3176.0,202009,2020,5,1,County,209486.0,117072.0,330999.0,76438.0,88892.0,336600.0,1338.0,222167.0
Pierce County,Broad,53053,County,469950.0,34.0,243.0,2025.0,3060.0,202010,2020,5,1,County,209486.0,117072.0,330999.0,76438.0,88892.0,336600.0,1338.0,222167.0
Pierce County,Broad,53053,County,489750.0,38.0,249.0,1999.0,2733.0,202011,2020,5,1,County,209486.0,117072.0,330999.0,76438.0,88892.0,336600.0,1338.0,222167.0
Pierce County,Broad,53053,County,497475.0,42.0,249.0,2012.0,2275.0,202012,2020,5,1,County,209486.0,117072.0,330999.0,76438.0,88892.0,336600.0,1338.0,222167.0
Pierce County,Broad,53053,County,499975.0,36.0,259.0,1957.0,1904.0,202101,2021,5,1,County,216271.0,115143.0,335969.0,82574.0,95645.0,369300.0,1444.0,227319.0
Pierce County,Broad,53053,County,489490.0,22.0,262.0,1898.0,2056.0,202102,2021,5,1,County,216271.0,115143.0,335969.0,82574.0,95645.0,369300.0,1444.0,227319.0
Pierce County,Broad,53053,County,512450.0,18.0,268.0,1928.0,2294.0,202103,2021,5,1,County,216271.0,115143.0,335969.0,82574.0,95645.0,369300.0,1444.0,227319.0
Pierce County,Broad,53053,County,522111.0,21.0,272.0,1947.0,2448.0,202104,2021,5,1,County,216271.0,115143.0,335969.0,82574.0,95645.0,369300.0,1444.0,227319.0
Pierce County,Broad,53053,County,524950.0,15.0,272.0,1939.0,2709.0,202105,2021,5,1,County,216271.0,115143.0,335969.0,82574.0,95645.0,369300.0,1444.0,227319.0
Pierce County,Broad,53053,County,527500.0,18.0,275.0,1977.0,2872.0,202106,2021,5,1,County,216271.0,115143.0,335969.0,82574.0,95645.0,369300.0,1444.0,227319.0
Pierce County,Broad,53053,County,540000.0,23.0,280.0,1947.0,2837.0,202107,2021,5,1,County,216271.0,115143.0,335969.0,82574.0,95645.0,369300.0,1444.0,227319.0
Pierce County,Broad,53053,County,547500.0,25.0,283.0,1960.0,2875.0,202108,2021,5,1,County,216271.0,115143.0,335969.0,82574.0,95645.0,369300.0,1444.0,227319.0
Pierce County,Broad,53053,County,552475.0,29.0,285.0,1990.0,2807.0,202109,2021,5,1,County,216271.0,115143.0,335969.0,82574.0,95645.0,369300.0,1444.0,227319.0
Pierce County,Broad,53053,County,557200.0,32.0,286.0,1997.0,2686.0,202110,2021,5,1,County,216271.0,115143.0,335969.0,82574.0,95645.0,369300.0,1444.0,227319.0
Pierce County,Broad,53053,County,555000.0,35.0,286.0,1992.0,2395.0,202111,2021,5,1,County,216271.0,115143.0,335969.0,82574.0,95645.0,369300.0,1444.0,227319.0
Pierce County,Broad,53053,County,544975.0,39.0,293.0,1927.0,1897.0,202112,2021,5,1,County,216271.0,115143.0,335969.0,82574.0,95645.0,369300.0,1444.0,227319.0
Pierce County,Broad,53053,County,572475.0,39.0,300.0,1947.0,1448.0,202201,2022,5,1,County,220644.0,116819.0,341783.0,91486.0,104927.0,444600.0,1604.0,231582.0
Pierce County,Broad,53053,County,582475.0,21.0,306.0,1958.0,1659.0,202202,2022,5,1,County,220644.0,116819.0,341783.0,91486.0,104927.0,444600.0,1604.0,231582.0
Pierce County,Broad,53053,County,577450.0,19.0,309.0,1967.0,1923.0,202203,2022,5,1,County,220644.0,116819.0,341783.0,91486.0,104927.0,444600.0,1604.0,231582.0
Pierce County,Broad,53053,County,599450.0,21.0,311.0,1968.0,2090.0,202204,2022,5,1,County,220644.0,116819.0,341783.0,91486.0,104927.0,444600.0,1604.0,231582.0
Pierce County,Broad,53053,County,629925.0,16.0,308.0,2101.0,2493.0,202205,2022,5,1,County,220644.0,116819.0,341783.0,91486.0,104927.0,444600.0,1604.0,231582.0
Pierce County,Broad,53053,County,622481.0,23.0,310.0,2104.0,2802.0,202206,2022,5,1,County,220644.0,116819.0,341783.0,91486.0,104927.0,444600.0,1604.0,231582.0
Pierce County,Broad,53053,County,599990.0,28.0,306.0,2096.0,3050.0,202207,2022,5,1,County,220644.0,116819.0,341783.0,91486.0,104927.0,444600.0,1604.0,231582.0
Pierce County,Broad,53053,County,599950.0,36.0,301.0,2107.0,3097.0,202208,2022,5,1,County,220644.0,116819.0,341783.0,91486.0,104927.0,444600.0,1604.0,231582.0
Pierce County,Broad,53053,County,592000.0,43.0,299.0,2079.0,2918.0,202209,2022,5,1,County,220644.0,116819.0,341783.0,91486.0,104927.0,444600.0,1604.0,231582.0
Pierce County,Broad,53053,County,579980.0,45.0,297.0,2024.0,2654.0,202210,2022,5,1,County,220644.0,116819.0,341783.0,91486.0,104927.0,444600.0,1604.0,231582.0
Pierce County,Broad,53053,County,579725.0,49.0,293.0,2038.0,2308.0,202211,2022,5,1,County,220644.0,116819.0,341783.0,91486.0,104927.0,444600.0,1604.0,231582.0
Pierce County,Broad,53053,County,584475.0,63.0,293.0,2063.0,1923.0,202212,2022,5,1,County,220644.0,116819.0,341783.0,91486.0,104927.0,444600.0,1604.0,231582.0
Pierce County,Broad,53053,County,594925.0,72.0,294.0,2067.0,1691.0,202301,2023,5,1,County,224645.0,117838.0,346708.0,96632.0,111126.0,484400.0,1722.0,232887.0
Pierce County,Broad,53053,County,599015.0,60.0,293.0,2106.0,1713.0,202302,2023,5,1,County,224645.0,117838.0,346708.0,96632.0,111126.0,484400.0,1722.0,232887.0
Pierce County,Broad,53053,County,614975.0,40.0,300.0,2200.0,1698.0,202303,2023,5,1,County,224645.0,117838.0,346708.0,96632.0,111126.0,484400.0,1722.0,232887.0
Pierce County,Broad,53053,County,625000.0,37.0,309.0,2174.0,1683.0,202304,2023,5,1,County,224645.0,117838.0,346708.0,96632.0,111126.0,484400.0,1722.0,232887.0
Pierce County,Broad,53053,County,627498.0,29.0,310.0,2149.0,1862.0,202305,2023,5,1,County,224645.0,117838.0,346708.0,96632.0,111126.0,484400.0,1722.0,232887.0
Pierce County,Broad,53053,County,635000.0,29.0,314.0,2164.0,2099.0,202306,2023,5,1,County,224645.0,117838.0,346708.0,96632.0,111126.0,484400.0,1722.0,232887.0
Pierce County,Broad,53053,County,635000.0,35.0,315.0,2132.0,2070.0,202307,2023,5,1,County,224645.0,117838.0,346708.0,96632.0,111126.0,484400.0,1722.0,232887.0
Pierce County,Broad,53053,County,629970.0,36.0,316.0,2133.0,2103.0,202308,2023,5,1,County,224645.0,117838.0,346708.0,96632.0,111126.0,484400.0,1722.0,232887.0
Pierce County,Broad,53053,County,631503.0,39.0,314.0,2151.0,2015.0,202309,2023,5,1,County,224645.0,117838.0,346708.0,96632.0,111126.0,484400.0,1722.0,232887.0
Pierce County,Broad,53053,County,636275.0,44.0,315.0,2118.0,2003.0,202310,2023,5,1,County,224645.0,117838.0,346708.0,96632.0,111126.0,484400.0,1722.0,232887.0
Pierce County,Broad,53053,County,619950.0,47.0,313.0,2092.0,2282.0,202311,2023,5,1,County,224645.0,117838.0,346708.0,96632.0,111126.0,484400.0,1722.0,232887.0
Pierce County,Broad,53053,County,619450.0,56.0,311.0,2108.0,2075.0,202312,2023,5,1,County,224645.0,117838.0,346708.0,96632.0,111126.0,484400.0,1722.0,232887.0
Pierce County,Broad,53053,County,627000.0,60.0,316.0,2105.0,1921.0,202401,2024,5,1,County,227400.0,120123.0,351330.0,99564.0,114873.0,526600.0,1806.0,235924.0
Pierce County,Broad,53053,County,635000.0,44.0,321.0,2114.0,1991.0,202402,2024,5,1,County,227400.0,120123.0,351330.0,99564.0,114873.0,526600.0,1806.0,235924.0
Pierce County,Broad,53053,County,635000.0,34.0,319.0,2121.0,2161.0,202403,2024,5,1,County,227400.0,120123.0,351330.0,99564.0,114873.0,526600.0,1806.0,235924.0
Pierce County,Broad,53053,County,625000.0,31.0,323.0,2049.0,2498.0,202404,2024,5,1,County,227400.0,120123.0,351330.0,99564.0,114873.0,526600.0,1806.0,235924.0
Pierce County,Broad,53053,County,627500.0,28.0,321.0,2094.0,2826.0,202405,2024,5,1,County,227400.0,120123.0,351330.0,99564.0,114873.0,526600.0,1806.0,235924.0
Pierce County,Broad,53053,County,635000.0,33.0,319.0,2123.0,3060.0,202406,2024,5,1,County,227400.0,120123.0,351330.0,99564.0,114873.0,526600.0,1806.0,235924.0
Pierce County,Broad,53053,County,632500.0,37.0,319.0,2112.0,3187.0,202407,2024,5,1,County,227400.0,120123.0,351330.0,99564.0,114873.0,526600.0,1806.0,235924.0
Pierce County,Broad,53053,County,635000.0,43.0,319.0,2100.0,3209.0,202408,2024,5,1,County,227400.0,120123.0,351330.0,99564.0,114873.0,526600.0,1806.0,235924.0
Pierce County,Broad,53053,County,628000.0,47.0,318.0,2095.0,3177.0,202409,2024,5,1,County,227400.0,120123.0,351330.0,99564.0,114873.0,526600.0,1806.0,235924.0
Pierce County,Broad,53053,County,622475.0,51.0,317.0,2080.0,3130.0,202410,2024,5,1,County,227400.0,120123.0,351330.0,99564.0,114873.0,526600.0,1806.0,235924.0
Pierce County,Broad,53053,County,612925.0,54.0,318.0,2069.0,2830.0,202411,2024,5,1,County,227400.0,120123.0,351330.0,99564.0,114873.0,526600.0,1806.0,235924.0
Pierce County,Broad,53053,County,603400.0,60.0,318.0,2058.0,2357.0,202412,2024,5,1,County,227400.0,120123.0,351330.0,99564.0,114873.0,526600.0,1806.0,235924.0
Pierce County,Broad,53053,County,622438.0,64.0,319.0,2075.0,2107.0,202501,2024,5,1,County,227400.0,120123.0,351330.0,99564.0,114873.0,526600.0,1806.0,235924.0
Pierce County,Broad,53053,County,625000.0,47.0,320.0,2090.0,2263.0,202502,2024,5,1,County,227400.0,120123.0,351330.0,99564.0,114873.0,526600.0,1806.0,235924.0
Pierce County,Broad,53053,County,636475.0,37.0,323.0,2091.0,2395.0,202503,2024,5,1,County,227400.0,120123.0,351330.0,99564.0,114873.0,526600.0,1806.0,235924.0
Pierce County,Broad,53053,County,649970.0,36.0,327.0,2109.0,2671.0,202504,2024,5,1,County,227400.0,120123.0,351330.0,99564.0,114873.0,526600.0,1806.0,235924.0
Pierce County,Broad,53053,County,649850.0,34.0,326.0,2096.0,3111.0,202505,2024,5,1,County,227400.0,120123.0,351330.0,99564.0,114873.0,526600.0,1806.0,235924.0
Pierce County,Broad,53053,County,654995.0,36.0,323.0,2137.0,3472.0,202506,2024,5,1,County,227400.0,120123.0,351330.0,99564.0,114873.0,526600.0,1806.0,235924.0
Pierce County,Broad,53053,County,650000.0,41.0,321.0,2124.0,3678.0,202507,2024,5,1,County,227400.0,120123.0,351330.0,99564.0,114873.0,526600.0,1806.0,235924.0
Pierce County,Broad,53053,County,639000.0,46.0,316.0,2117.0,3699.0,202508,2024,5,1,County,227400.0,120123.0,351330.0,99564.0,114873.0,526600.0,1806.0,235924.0
Pierce County,Broad,53053,County,629975.0,51.0,314.0,2118.0,3670.0,202509,2024,5,1,County,227400.0,120123.0,351330.0,99564.0,114873.0,526600.0,1806.0,235924.0
Pierce County,Broad,53053,County,627000.0,56.0,314.0,2090.0,3561.0,202510,2024,5,1,County,227400.0,120123.0,351330.0,99564.0,114873.0,526600.0,1806.0,235924.0
Pierce County,Broad,53053,County,624777.0,59.0,313.0,2072.0,3218.0,202511,2024,5,1,County,227400.0,120123.0,351330.0,99564.0,114873.0,526600.0,1806.0,235924.0
Pierce County,Broad,53053,County,622450.0,70.0,314.0,2063.0,2655.0,202512,2024,5,1,County,227400.0,120123.0,351330.0,99564.0,114873.0,526600.0,1806.0,235924.0
Pierce County,Broad,53053,County,624990.0,79.0,313.0,2068.0,2413.0,202601,2024,5,1,County,227400.0,120123.0,351330.0,99564.0,114873.0,526600.0,1806.0,235924.0
Pierce County,Broad,53053,County,636890.0,51.0,316.0,2107.0,2590.0,202602,2024,5,1,County,227400.0,120123.0,351330.0,99564.0,114873.0,526600.0,1806.0,235924.0
Pierce County,Broad,53053,County,645006.0,39.0,317.0,2139.0,2826.0,202603,2024,5,1,County,227400.0,120123.0,351330.0,99564.0,114873.0,526600.0,1806.0,235924.0
Pierce County,Broad,53053,County,649450.0,37.0,317.0,2121.0,3145.0,202604,2024,5,1,County,227400.0,120123.0,351330.0,99564.0,114873.0,526600.0,1806.0,235924.0
Pierce County,Broad,53053,County,649000.0,36.0,316.0,2125.0,3707.0,202605,2024,5,1,County,227400.0,120123.0,351330.0,99564.0,114873.0,526600.0,1806.0,235924.0
Port of Tacoma,Benchmark,98421,Custom-ZIP,475000.0,16.0,323.0,1472.0,1.0,202002,,,1,ZIP,,,,,,,,
Port of Tacoma,Benchmark,98421,Custom-ZIP,475000.0,48.0,323.0,1472.0,1.0,202003,,,1,ZIP,,,,,,,,
Port of Tacoma,Benchmark,98421,Custom-ZIP,475000.0,76.0,323.0,1472.0,1.0,202004,,,1,ZIP,,,,,,,,
Port of Tacoma,Benchmark,98421,Custom-ZIP,475000.0,96.0,323.0,1472.0,1.0,202005,,,1,ZIP,,,,,,,,
Puget Sound Region,Benchmark,53033-53035-53053-53061,Custom-County,451332.53594946914,26.22994221206827,221.9708372530574,2135.831474264212,7441.0,201607,2016,5,1,County,1851853.0,1197058.0,3082913.0,73426.66174091028,90479.2080641332,342890.5644351868,1210.1286586127405,1951740.0
Puget Sound Region,Benchmark,53033-53035-53053-53061,Custom-County,443148.6316186643,28.760030184882403,220.85825682304113,2121.707835492391,7951.0,201608,2016,5,1,County,1851853.0,1197058.0,3082913.0,73426.66174091028,90479.2080641332,342890.5644351868,1210.1286586127405,1951740.0
Puget Sound Region,Benchmark,53033-53035-53053-53061,Custom-County,436408.95351774665,33.32575470506505,220.20828596690666,2108.760010104838,7917.0,201609,2016,5,1,County,1851853.0,1197058.0,3082913.0,73426.66174091028,90479.2080641332,342890.5644351868,1210.1286586127405,1951740.0
Puget Sound Region,Benchmark,53033-53035-53053-53061,Custom-County,436825.44751830754,38.26484947111473,220.12639001898563,2093.2115541090316,7374.0,201610,2016,5,1,County,1851853.0,1197058.0,3082913.0,73426.66174091028,90479.2080641332,342890.5644351868,1210.1286586127405,1951740.0
Puget Sound Region,Benchmark,53033-53035-53053-53061,Custom-County,432778.19690412784,46.24267643142477,216.19756990679093,2108.5372836218376,6008.0,201611,2016,5,1,County,1851853.0,1197058.0,3082913.0,73426.66174091028,90479.2080641332,342890.5644351868,1210.1286586127405,1951740.0
Puget Sound Region,Benchmark,53033-53035-53053-53061,Custom-County,429367.74848800834,51.29801876955162,212.274244004171,2109.312408759124,4795.0,201612,2016,5,1,County,1851853.0,1197058.0,3082913.0,73426.66174091028,90479.2080641332,342890.5644351868,1210.1286586127405,1951740.0
Puget Sound Region,Benchmark,53033-53035-53053-53061,Custom-County,434099.3110729192,47.754235207463786,216.47802602504296,2102.3014976675668,4073.0,201701,2017,5,1,County,1900633.0,1205275.0,3144116.0,77586.1442128716,94940.2950571115,373576.8966824134,1295.8981607468806,1996664.0
Puget Sound Region,Benchmark,53033-53035-53053-53061,Custom-County,457927.184531886,32.028493894165535,226.6841248303935,2154.697421981004,3685.0,201702,2017,5,1,County,1900633.0,1205275.0,3144116.0,77586.1442128716,94940.2950571115,373576.8966824134,1295.8981607468806,1996664.0
Puget Sound Region,Benchmark,53033-53035-53053-53061,Custom-County,480933.8307610431,20.731772219265565,237.77541245343266,2152.8919638105376,3758.0,201703,2017,5,1,County,1900633.0,1205275.0,3144116.0,77586.1442128716,94940.2950571115,373576.8966824134,1295.8981607468806,1996664.0
Puget Sound Region,Benchmark,53033-53035-53053-53061,Custom-County,505018.3867735471,17.788577154308616,245.98396793587173,2160.186372745491,3992.0,201704,2017,5,1,County,1900633.0,1205275.0,3144116.0,77586.1442128716,94940.2950571115,373576.8966824134,1295.8981607468806,1996664.0
Puget Sound Region,Benchmark,53033-53035-53053-53061,Custom-County,509563.4365843449,13.851402260359983,246.99079112599415,2168.6707827542905,4778.0,201705,2017,5,1,County,1900633.0,1205275.0,3144116.0,77586.1442128716,94940.2950571115,373576.8966824134,1295.8981607468806,1996664.0
Puget Sound Region,Benchmark,53033-53035-53053-53061,Custom-County,523083.90435240435,17.16075816075816,250.04703404703406,2183.4366444366447,5698.0,201706,2017,5,1,County,1900633.0,1205275.0,3144116.0,77586.1442128716,94940.2950571115,373576.8966824134,1295.8981607468806,1996664.0
Puget Sound Region,Benchmark,53033-53035-53053-53061,Custom-County,515674.20795203536,20.759230041022406,249.8927106342695,2178.143420637425,6338.0,201707,2017,5,1,County,1900633.0,1205275.0,3144116.0,77586.1442128716,94940.2950571115,373576.8966824134,1295.8981607468806,1996664.0
Puget Sound Region,Benchmark,53033-53035-53053-53061,Custom-County,496042.16626978567,25.515338282672644,245.71424569267404,2142.5553999159547,7139.0,201708,2017,5,1,County,1900633.0,1205275.0,3144116.0,77586.1442128716,94940.2950571115,373576.8966824134,1295.8981607468806,1996664.0
Puget Sound Region,Benchmark,53033-53035-53053-53061,Custom-County,509190.44603893923,32.74597180261833,253.419268210809,2150.4491440080565,11916.0,201709,2017,5,1,County,1900633.0,1205275.0,3144116.0,77586.1442128716,94940.2950571115,373576.8966824134,1295.8981607468806,1996664.0
Puget Sound Region,Benchmark,53033-53035-53053-53061,Custom-County,512008.36148327426,36.40072607831273,256.9285158613536,2123.020140029389,11569.0,201710,2017,5,1,County,1900633.0,1205275.0,3144116.0,77586.1442128716,94940.2950571115,373576.8966824134,1295.8981607468806,1996664.0
Puget Sound Region,Benchmark,53033-53035-53053-53061,Custom-County,512964.797330697,42.470983687592685,255.78971824023728,2138.735936727632,10115.0,201711,2017,5,1,County,1900633.0,1205275.0,3144116.0,77586.1442128716,94940.2950571115,373576.8966824134,1295.8981607468806,1996664.0
Puget Sound Region,Benchmark,53033-53035-53053-53061,Custom-County,515067.901065449,48.44292237442922,254.18873668188738,2161.227929984779,7884.0,201712,2017,5,1,County,1900633.0,1205275.0,3144116.0,77586.1442128716,94940.2950571115,373576.8966824134,1295.8981607468806,1996664.0
Puget Sound Region,Benchmark,53033-53035-53053-53061,Custom-County,530888.1393455216,44.790444000614535,256.3040405592257,2184.1805192809957,6509.0,201801,2018,5,1,County,1937290.0,1234229.0,3206346.0,82693.97712298967,100085.51727381186,410344.08704415744,1398.156620375416,2043253.0
Puget Sound Region,Benchmark,53033-53035-53053-53061,Custom-County,560109.9857478898,25.445828144458282,275.610903556109,2169.790507817905,7227.0,201802,2018,5,1,County,1937290.0,1234229.0,3206346.0,82693.97712298967,100085.51727381186,410344.08704415744,1398.156620375416,2043253.0
Puget Sound Region,Benchmark,53033-53035-53053-53061,Custom-County,581622.401126408,21.787984981226533,285.06545682102626,2166.6818523153943,7990.0,201803,2018,5,1,County,1937290.0,1234229.0,3206346.0,82693.97712298967,100085.51727381186,410344.08704415744,1398.156620375416,2043253.0
Puget Sound Region,Benchmark,53033-53035-53053-53061,Custom-County,583165.1195840555,22.24068457538995,291.2464254766031,2153.5060658578855,9232.0,201804,2018,5,1,County,1937290.0,1234229.0,3206346.0,82693.97712298967,100085.51727381186,410344.08704415744,1398.156620375416,2043253.0
Puget Sound Region,Benchmark,53033-53035-53053-53061,Custom-County,598590.6350426628,19.079412013179017,293.39604629551405,2192.6987412351104,11837.0,201805,2018,5,1,County,1937290.0,1234229.0,3206346.0,82693.97712298967,100085.51727381186,410344.08704415744,1398.156620375416,2043253.0
Puget Sound Region,Benchmark,53033-53035-53053-53061,Custom-County,595312.2489198818,23.752899264761616,293.2455847798075,2181.418555294474,13193.0,201806,2018,5,1,County,1937290.0,1234229.0,3206346.0,82693.97712298967,100085.51727381186,410344.08704415744,1398.156620375416,2043253.0
Puget Sound Region,Benchmark,53033-53035-53053-53061,Custom-County,576137.1341681575,28.73066189624329,290.64071556350626,2142.779749552773,13975.0,201807,2018,5,1,County,1937290.0,1234229.0,3206346.0,82693.97712298967,100085.51727381186,410344.08704415744,1398.156620375416,2043253.0
Puget Sound Region,Benchmark,53033-53035-53053-53061,Custom-County,565144.9297431993,30.605454419602687,285.62102858724995,2113.4268706305807,14447.0,201808,2018,5,1,County,1937290.0,1234229.0,3206346.0,82693.97712298967,100085.51727381186,410344.08704415744,1398.156620375416,2043253.0
Puget Sound Region,Benchmark,53033-53035-53053-53061,Custom-County,558249.5812874151,36.46081926414206,290.80984731284053,2053.5888881415217,14867.0,201809,2018,5,1,County,1937290.0,1234229.0,3206346.0,82693.97712298967,100085.51727381186,410344.08704415744,1398.156620375416,2043253.0
Puget Sound Region,Benchmark,53033-53035-53053-53061,Custom-County,558416.3695238095,39.371428571428574,291.39591836734695,2042.971156462585,14700.0,201810,2018,5,1,County,1937290.0,1234229.0,3206346.0,82693.97712298967,100085.51727381186,410344.08704415744,1398.156620375416,2043253.0
Puget Sound Region,Benchmark,53033-53035-53053-53061,Custom-County,552743.2782000151,46.52577319587629,290.34923621039957,2027.9397998344496,13289.0,201811,2018,5,1,County,1937290.0,1234229.0,3206346.0,82693.97712298967,100085.51727381186,410344.08704415744,1398.156620375416,2043253.0
Puget Sound Region,Benchmark,53033-53035-53053-53061,Custom-County,556365.6055230607,59.858663342602355,291.3232332917825,2048.2247578866622,10429.0,201812,2018,5,1,County,1937290.0,1234229.0,3206346.0,82693.97712298967,100085.51727381186,410344.08704415744,1398.156620375416,2043253.0
Puget Sound Region,Benchmark,53033-53035-53053-53061,Custom-County,567826.3951224969,63.03277771562814,295.02394003803556,2079.7939366819555,8939.0,201901,2019,5,1,County,1966267.0,1248854.0,3251830.0,87577.23644529832,105729.76923643018,452696.53504972026,1493.314141869574,2057454.0
Puget Sound Region,Benchmark,53033-53035-53053-53061,Custom-County,594303.380989965,43.42688014432292,302.55834930657346,2129.5418874732213,8869.0,201902,2019,5,1,County,1966267.0,1248854.0,3251830.0,87577.23644529832,105729.76923643018,452696.53504972026,1493.314141869574,2057454.0
Puget Sound Region,Benchmark,53033-53035-53053-53061,Custom-County,611038.3851528384,33.74769529354682,312.1303250849102,2124.871033478894,10305.0,201903,2019,5,1,County,1966267.0,1248854.0,3251830.0,87577.23644529832,105729.76923643018,452696.53504972026,1493.314141869574,2057454.0
Puget Sound Region,Benchmark,53033-53035-53053-53061,Custom-County,627142.9491816694,25.608756137479542,318.43240589198035,2157.957528641571,12220.0,201904,2019,5,1,County,1966267.0,1248854.0,3251830.0,87577.23644529832,105729.76923643018,452696.53504972026,1493.314141869574,2057454.0
Puget Sound Region,Benchmark,53033-53035-53053-53061,Custom-County,622111.1238532111,27.509461009174313,317.02759461009174,2127.4989248853212,13952.0,201905,2019,5,1,County,1966267.0,1248854.0,3251830.0,87577.23644529832,105729.76923643018,452696.53504972026,1493.314141869574,2057454.0
Puget Sound Region,Benchmark,53033-53035-53053-53061,Custom-County,614857.3039478984,32.08338928427555,314.99328588693436,2117.7990465959447,14894.0,201906,2019,5,1,County,1966267.0,1248854.0,3251830.0,87577.23644529832,105729.76923643018,452696.53504972026,1493.314141869574,2057454.0
Puget Sound Region,Benchmark,53033-53035-53053-53061,Custom-County,605370.8689536878,37.379691252144085,310.4981818181818,2119.580240137221,14575.0,201907,2019,5,1,County,1966267.0,1248854.0,3251830.0,87577.23644529832,105729.76923643018,452696.53504972026,1493.314141869574,2057454.0
Puget Sound Region,Benchmark,53033-53035-53053-53061,Custom-County,593372.0410801299,39.18800757985923,309.5056848944234,2084.2451949106658,14776.0,201908,2019,5,1,County,1966267.0,1248854.0,3251830.0,87577.23644529832,105729.76923643018,452696.53504972026,1493.314141869574,2057454.0
Puget Sound Region,Benchmark,53033-53035-53053-53061,Custom-County,590521.3370448801,41.64703873215384,309.2012432543207,2062.800806065988,14639.0,201909,2019,5,1,County,1966267.0,1248854.0,3251830.0,87577.23644529832,105729.76923643018,452696.53504972026,1493.314141869574,2057454.0
Puget Sound Region,Benchmark,53033-53035-53053-53061,Custom-County,588368.8080458975,42.988041750190085,308.7122416534181,2048.397179788484,14467.0,201910,2019,5,1,County,1966267.0,1248854.0,3251830.0,87577.23644529832,105729.76923643018,452696.53504972026,1493.314141869574,2057454.0
Puget Sound Region,Benchmark,53033-53035-53053-53061,Custom-County,584598.3064770933,49.175908372827806,312.7710900473934,2036.3232227488152,12660.0,201911,2019,5,1,County,1966267.0,1248854.0,3251830.0,87577.23644529832,105729.76923643018,452696.53504972026,1493.314141869574,2057454.0
Puget Sound Region,Benchmark,53033-53035-53053-53061,Custom-County,577226.1598898772,60.85758153324862,308.5112240576027,2036.3096145700974,9444.0,201912,2019,5,1,County,1966267.0,1248854.0,3251830.0,87577.23644529832,105729.76923643018,452696.53504972026,1493.314141869574,2057454.0
Puget Sound Region,Benchmark,53033-53035-53053-53061,Custom-County,581140.2306612203,65.16262445749298,309.8780954812356,2055.5453152923155,7834.0,202001,2020,5,1,County,993192.0,624604.0,1635633.0,91448.91622815137,110399.3536424403,495060.17789108196,1583.556887243755,1034938.0
Puget Sound Region,Benchmark,53033-53035-53053-53061,Custom-County,602798.2719367589,31.44370412196499,322.42123094297006,2064.6612083568607,8855.0,202002,2020,5,1,County,993192.0,624604.0,1635633.0,91448.91622815137,110399.3536424403,495060.17789108196,1583.556887243755,1034938.0
Puget Sound Region,Benchmark,53033-53035-53053-53061,Custom-County,619373.5999614234,23.233580866043013,325.82274086218536,2085.0193847044075,10369.0,202003,2020,5,1,County,993192.0,624604.0,1635633.0,91448.91622815137,110399.3536424403,495060.17789108196,1583.556887243755,1034938.0
Puget Sound Region,Benchmark,53033-53035-53053-53061,Custom-County,607336.2753746917,30.5531208499336,321.50075886928477,2070.541737810662,10542.0,202004,2020,5,1,County,993192.0,624604.0,1635633.0,91448.91622815137,110399.3536424403,495060.17789108196,1583.556887243755,1034938.0
Puget Sound Region,Benchmark,53033-53035-53053-53061,Custom-County,609908.1795190714,34.99278606965174,324.9735489220564,2049.076782752902,12060.0,202005,2020,5,1,County,993192.0,624604.0,1635633.0,91448.91622815137,110399.3536424403,495060.17789108196,1583.556887243755,1034938.0
Puget Sound Region,Benchmark,53033-53035-53053-53061,Custom-County,619576.3596822995,32.14667170953101,332.9696671709531,2027.169667170953,13220.0,202006,2020,5,1,County,993192.0,624604.0,1635633.0,91448.91622815137,110399.3536424403,495060.17789108196,1583.556887243755,1034938.0
Puget Sound Region,Benchmark,53033-53035-53053-53061,Custom-County,625190.1333919672,30.348211668132514,341.77015537965406,2004.5233802403986,13644.0,202007,2020,5,1,County,993192.0,624604.0,1635633.0,91448.91622815137,110399.3536424403,495060.17789108196,1583.556887243755,1034938.0
Puget Sound Region,Benchmark,53033-53035-53053-53061,Custom-County,616269.3683522532,29.65407636738906,347.8110079119367,1930.4769177846576,14535.0,202008,2020,5,1,County,993192.0,624604.0,1635633.0,91448.91622815137,110399.3536424403,495060.17789108196,1583.556887243755,1034938.0
Puget Sound Region,Benchmark,53033-53035-53053-53061,Custom-County,606104.14703894,32.43280151433207,357.24736343969715,1857.0251487290427,14792.0,202009,2020,5,1,County,993192.0,624604.0,1635633.0,91448.91622815137,110399.3536424403,495060.17789108196,1583.556887243755,1034938.0
Puget Sound Region,Benchmark,53033-53035-53053-53061,Custom-County,605176.5855019884,33.45008023442406,365.1143514965464,1800.664201493058,14333.0,202010,2020,5,1,County,993192.0,624604.0,1635633.0,91448.91622815137,110399.3536424403,495060.17789108196,1583.556887243755,1034938.0
Puget Sound Region,Benchmark,53033-53035-53053-53061,Custom-County,608074.1935483871,40.41209677419355,372.67540322580646,1741.7837096774194,12400.0,202011,2020,5,1,County,993192.0,624604.0,1635633.0,91448.91622815137,110399.3536424403,495060.17789108196,1583.556887243755,1034938.0
Puget Sound Region,Benchmark,53033-53035-53053-53061,Custom-County,606507.5374224535,47.42385431258755,377.39483690214126,1734.0021012607565,9994.0,202012,2020,5,1,County,993192.0,624604.0,1635633.0,91448.91622815137,110399.3536424403,495060.17789108196,1583.556887243755,1034938.0
Puget Sound Region,Benchmark,53033-53035-53053-53061,Custom-County,610833.3941335962,42.66354449100321,386.5020951441952,1727.6706926300221,8114.0,202101,2021,5,1,County,2047271.0,1255656.0,3337419.0,98122.45737761077,118055.03041942974,537750.2513231977,1693.1369145266297,2117673.0
Puget Sound Region,Benchmark,53033-53035-53053-53061,Custom-County,622372.0273490695,27.485020426690877,390.50226963231955,1739.306967771221,8812.0,202102,2021,5,1,County,2047271.0,1255656.0,3337419.0,98122.45737761077,118055.03041942974,537750.2513231977,1693.1369145266297,2117673.0
Puget Sound Region,Benchmark,53033-53035-53053-53061,Custom-County,638413.5906601922,22.25364190515549,390.5812583944622,1756.694183283397,9679.0,202103,2021,5,1,County,2047271.0,1255656.0,3337419.0,98122.45737761077,118055.03041942974,537750.2513231977,1693.1369145266297,2117673.0
Puget Sound Region,Benchmark,53033-53035-53053-53061,Custom-County,653496.1548507463,22.31240671641791,389.522947761194,1786.3184701492537,10720.0,202104,2021,5,1,County,2047271.0,1255656.0,3337419.0,98122.45737761077,118055.03041942974,537750.2513231977,1693.1369145266297,2117673.0
Puget Sound Region,Benchmark,53033-53035-53053-53061,Custom-County,664376.1499658002,19.369955540355676,393.33079685362515,1807.1828830369357,11696.0,202105,2021,5,1,County,2047271.0,1255656.0,3337419.0,98122.45737761077,118055.03041942974,537750.2513231977,1693.1369145266297,2117673.0
Puget Sound Region,Benchmark,53033-53035-53053-53061,Custom-County,673869.1272785934,19.506452653653817,392.50104855621873,1839.1267946442974,12398.0,202106,2021,5,1,County,2047271.0,1255656.0,3337419.0,98122.45737761077,118055.03041942974,537750.2513231977,1693.1369145266297,2117673.0
Puget Sound Region,Benchmark,53033-53035-53053-53061,Custom-County,674275.7224175456,24.782437636028796,393.9397287795078,1825.4118533400301,11946.0,202107,2021,5,1,County,2047271.0,1255656.0,3337419.0,98122.45737761077,118055.03041942974,537750.2513231977,1693.1369145266297,2117673.0
Puget Sound Region,Benchmark,53033-53035-53053-53061,Custom-County,674008.2469552337,26.292873601053323,387.12236668861095,1828.0926596445029,12152.0,202108,2021,5,1,County,2047271.0,1255656.0,3337419.0,98122.45737761077,118055.03041942974,537750.2513231977,1693.1369145266297,2117673.0
Puget Sound Region,Benchmark,53033-53035-53053-53061,Custom-County,677227.9487289961,29.29823352003447,387.7804394657475,1860.7999138302455,11605.0,202109,2021,5,1,County,2047271.0,1255656.0,3337419.0,98122.45737761077,118055.03041942974,537750.2513231977,1693.1369145266297,2117673.0
Puget Sound Region,Benchmark,53033-53035-53053-53061,Custom-County,680861.6855974557,32.33148568832349,395.11640163562015,1858.3844616083597,11005.0,202110,2021,5,1,County,2047271.0,1255656.0,3337419.0,98122.45737761077,118055.03041942974,537750.2513231977,1693.1369145266297,2117673.0
Puget Sound Region,Benchmark,53033-53035-53053-53061,Custom-County,673620.9622721492,35.46725307333616,394.91998728274694,1847.740356083086,9436.0,202111,2021,5,1,County,2047271.0,1255656.0,3337419.0,98122.45737761077,118055.03041942974,537750.2513231977,1693.1369145266297,2117673.0
Puget Sound Region,Benchmark,53033-53035-53053-53061,Custom-County,669584.1755319149,39.82992721164614,395.285274356103,1804.6539753639418,7144.0,202112,2021,5,1,County,2047271.0,1255656.0,3337419.0,98122.45737761077,118055.03041942974,537750.2513231977,1693.1369145266297,2117673.0
Puget Sound Region,Benchmark,53033-53035-53053-53061,Custom-County,682720.6225680934,36.93403742820085,399.71928849360756,1808.8058180470632,5397.0,202201,2022,5,1,County,2061120.0,1296357.0,3392552.0,107565.45275155567,129635.59154276803,636463.4342953328,1847.7859484755318,2110425.0
Puget Sound Region,Benchmark,53033-53035-53053-53061,Custom-County,711779.5317518786,16.70782378075733,423.44496832179163,1839.1891852070135,6787.0,202202,2022,5,1,County,2061120.0,1296357.0,3392552.0,107565.45275155567,129635.59154276803,636463.4342953328,1847.7859484755318,2110425.0
Puget Sound Region,Benchmark,53033-53035-53053-53061,Custom-County,745761.0101295038,17.282600333376074,431.78048467752274,1897.4030003846647,7799.0,202203,2022,5,1,County,2061120.0,1296357.0,3392552.0,107565.45275155567,129635.59154276803,636463.4342953328,1847.7859484755318,2110425.0
Puget Sound Region,Benchmark,53033-53035-53053-53061,Custom-County,791149.4794613557,17.70566934480027,440.86986533891593,1955.6277017087248,8837.0,202204,2022,5,1,County,2061120.0,1296357.0,3392552.0,107565.45275155567,129635.59154276803,636463.4342953328,1847.7859484755318,2110425.0
Puget Sound Region,Benchmark,53033-53035-53053-53061,Custom-County,832184.2092432228,16.0886671686747,447.8963667168675,2066.6963478915663,10624.0,202205,2022,5,1,County,2061120.0,1296357.0,3392552.0,107565.45275155567,129635.59154276803,636463.4342953328,1847.7859484755318,2110425.0
Puget Sound Region,Benchmark,53033-53035-53053-53061,Custom-County,816549.9794850148,21.90738708315745,444.1942591810891,2055.112030392571,11845.0,202206,2022,5,1,County,2061120.0,1296357.0,3392552.0,107565.45275155567,129635.59154276803,636463.4342953328,1847.7859484755318,2110425.0
Puget Sound Region,Benchmark,53033-53035-53053-53061,Custom-County,784113.0253094693,28.0752976425136,431.1410549554522,2046.9841520145076,12683.0,202207,2022,5,1,County,2061120.0,1296357.0,3392552.0,107565.45275155567,129635.59154276803,636463.4342953328,1847.7859484755318,2110425.0
Puget Sound Region,Benchmark,53033-53035-53053-53061,Custom-County,781322.2642119859,33.79525496841781,427.6072253890002,2033.4186566014482,12982.0,202208,2022,5,1,County,2061120.0,1296357.0,3392552.0,107565.45275155567,129635.59154276803,636463.4342953328,1847.7859484755318,2110425.0
Puget Sound Region,Benchmark,53033-53035-53053-53061,Custom-County,766887.1586475943,39.851836801040314,426.1519830949285,2022.2273244473342,12304.0,202209,2022,5,1,County,2061120.0,1296357.0,3392552.0,107565.45275155567,129635.59154276803,636463.4342953328,1847.7859484755318,2110425.0
Puget Sound Region,Benchmark,53033-53035-53053-53061,Custom-County,751428.0559173396,40.52140314317965,422.4110445428497,1976.1311105322566,11517.0,202210,2022,5,1,County,2061120.0,1296357.0,3392552.0,107565.45275155567,129635.59154276803,636463.4342953328,1847.7859484755318,2110425.0
Puget Sound Region,Benchmark,53033-53035-53053-53061,Custom-County,737279.6363365747,45.96794999007739,418.7651319706291,1948.238241714626,10078.0,202211,2022,5,1,County,2061120.0,1296357.0,3392552.0,107565.45275155567,129635.59154276803,636463.4342953328,1847.7859484755318,2110425.0
Puget Sound Region,Benchmark,53033-53035-53053-53061,Custom-County,721702.5302991233,59.72395564724084,411.79809179989684,1944.9418514698298,7756.0,202212,2022,5,1,County,2061120.0,1296357.0,3392552.0,107565.45275155567,129635.59154276803,636463.4342953328,1847.7859484755318,2110425.0
Puget Sound Region,Benchmark,53033-53035-53053-53061,Custom-County,724036.6681587585,67.06401074306177,415.4268874962698,1944.1219039092807,6702.0,202301,2023,5,1,County,2085353.0,1284578.0,3430959.0,112821.45971041801,136762.60110712404,683551.0624649257,1938.342048875451,2132772.0
Puget Sound Region,Benchmark,53033-53035-53053-53061,Custom-County,748727.8503801463,47.97561325491321,425.4973461483288,1977.3306555730885,6971.0,202302,2023,5,1,County,2085353.0,1284578.0,3430959.0,112821.45971041801,136762.60110712404,683551.0624649257,1938.342048875451,2132772.0
Puget Sound Region,Benchmark,53033-53035-53053-53061,Custom-County,792606.2589776088,32.799324038867766,434.6070975918885,2050.075623151669,7101.0,202303,2023,5,1,County,2085353.0,1284578.0,3430959.0,112821.45971041801,136762.60110712404,683551.0624649257,1938.342048875451,2132772.0
Puget Sound Region,Benchmark,53033-53035-53053-53061,Custom-County,816833.612,31.868666666666666,448.3414666666667,2068.0846666666666,7500.0,202304,2023,5,1,County,2085353.0,1284578.0,3430959.0,112821.45971041801,136762.60110712404,683551.0624649257,1938.342048875451,2132772.0
Puget Sound Region,Benchmark,53033-53035-53053-53061,Custom-County,819798.3542214781,29.145419756039225,449.33915331260465,2043.394881607271,8362.0,202305,2023,5,1,County,2085353.0,1284578.0,3430959.0,112821.45971041801,136762.60110712404,683551.0624649257,1938.342048875451,2132772.0
Puget Sound Region,Benchmark,53033-53035-53053-53061,Custom-County,819106.3404989976,29.7499443083092,448.84740476720873,2039.8431721987079,8978.0,202306,2023,5,1,County,2085353.0,1284578.0,3430959.0,112821.45971041801,136762.60110712404,683551.0624649257,1938.342048875451,2132772.0
Puget Sound Region,Benchmark,53033-53035-53053-53061,Custom-County,809612.6840934372,32.82947719688543,446.26496106785316,2029.4266963292548,8990.0,202307,2023,5,1,County,2085353.0,1284578.0,3430959.0,112821.45971041801,136762.60110712404,683551.0624649257,1938.342048875451,2132772.0
Puget Sound Region,Benchmark,53033-53035-53053-53061,Custom-County,798193.4600635477,34.06771118658924,446.8905445381834,2009.1870275008218,9127.0,202308,2023,5,1,County,2085353.0,1284578.0,3430959.0,112821.45971041801,136762.60110712404,683551.0624649257,1938.342048875451,2132772.0
Puget Sound Region,Benchmark,53033-53035-53053-53061,Custom-County,790333.907742443,37.25587144622991,447.02224969097654,1987.0727047982919,8899.0,202309,2023,5,1,County,2085353.0,1284578.0,3430959.0,112821.45971041801,136762.60110712404,683551.0624649257,1938.342048875451,2132772.0
Puget Sound Region,Benchmark,53033-53035-53053-53061,Custom-County,781875.6415349888,39.146613995485325,447.0023702031603,1952.193453724605,8860.0,202310,2023,5,1,County,2085353.0,1284578.0,3430959.0,112821.45971041801,136762.60110712404,683551.0624649257,1938.342048875451,2132772.0
Puget Sound Region,Benchmark,53033-53035-53053-53061,Custom-County,751927.9086351545,46.50020462451402,437.10200532023737,1924.9485369347249,9774.0,202311,2023,5,1,County,2085353.0,1284578.0,3430959.0,112821.45971041801,136762.60110712404,683551.0624649257,1938.342048875451,2132772.0
Puget Sound Region,Benchmark,53033-53035-53053-53061,Custom-County,733676.6756624142,56.58378312070658,426.92308635917567,1905.8524288518156,8152.0,202312,2023,5,1,County,2085353.0,1284578.0,3430959.0,112821.45971041801,136762.60110712404,683551.0624649257,1938.342048875451,2132772.0
Puget Sound Region,Benchmark,53033-53035-53053-53061,Custom-County,729826.3519989047,58.2816265060241,434.11130887185107,1875.914156626506,7304.0,202401,2024,5,1,County,2085869.0,1371569.0,3487807.0,115806.32333197248,142276.122388858,730850.4705416698,2005.9359091894023,2136245.0
Puget Sound Region,Benchmark,53033-53035-53053-53061,Custom-County,753022.2525388474,34.54618867001101,450.6714792609813,1859.0661935641747,8173.0,202402,2024,5,1,County,2085869.0,1371569.0,3487807.0,115806.32333197248,142276.122388858,730850.4705416698,2005.9359091894023,2136245.0
Puget Sound Region,Benchmark,53033-53035-53053-53061,Custom-County,764855.4763447829,30.214085115575717,452.1854612227263,1879.299308705984,9258.0,202403,2024,5,1,County,2085869.0,1371569.0,3487807.0,115806.32333197248,142276.122388858,730850.4705416698,2005.9359091894023,2136245.0
Puget Sound Region,Benchmark,53033-53035-53053-53061,Custom-County,768396.7741598632,28.336814125688246,456.3711790393013,1871.1368900702487,10534.0,202404,2024,5,1,County,2085869.0,1371569.0,3487807.0,115806.32333197248,142276.122388858,730850.4705416698,2005.9359091894023,2136245.0
Puget Sound Region,Benchmark,53033-53035-53053-53061,Custom-County,777639.2851303851,24.72337120902477,455.1341453445598,1910.0114444535272,12233.0,202405,2024,5,1,County,2085869.0,1371569.0,3487807.0,115806.32333197248,142276.122388858,730850.4705416698,2005.9359091894023,2136245.0
Puget Sound Region,Benchmark,53033-53035-53053-53061,Custom-County,780577.9675041372,30.57123514367384,450.59726192267186,1923.6273506845193,13294.0,202406,2024,5,1,County,2085869.0,1371569.0,3487807.0,115806.32333197248,142276.122388858,730850.4705416698,2005.9359091894023,2136245.0
Puget Sound Region,Benchmark,53033-53035-53053-53061,Custom-County,778310.2503474,35.90375191984202,448.1802823081986,1929.5318510933957,13673.0,202407,2024,5,1,County,2085869.0,1371569.0,3487807.0,115806.32333197248,142276.122388858,730850.4705416698,2005.9359091894023,2136245.0
Puget Sound Region,Benchmark,53033-53035-53053-53061,Custom-County,774243.8539934948,39.10596313697145,444.5306107697868,1932.605710155403,13835.0,202408,2024,5,1,County,2085869.0,1371569.0,3487807.0,115806.32333197248,142276.122388858,730850.4705416698,2005.9359091894023,2136245.0
Puget Sound Region,Benchmark,53033-53035-53053-53061,Custom-County,770708.2106092061,42.22306535900923,447.65280263440474,1913.0591309327797,13969.0,202409,2024,5,1,County,2085869.0,1371569.0,3487807.0,115806.32333197248,142276.122388858,730850.4705416698,2005.9359091894023,2136245.0
Puget Sound Region,Benchmark,53033-53035-53053-53061,Custom-County,759990.7282118434,45.09384548232213,444.77280663465734,1877.4349628982977,13746.0,202410,2024,5,1,County,2085869.0,1371569.0,3487807.0,115806.32333197248,142276.122388858,730850.4705416698,2005.9359091894023,2136245.0
Puget Sound Region,Benchmark,53033-53035-53053-53061,Custom-County,741709.9350489188,51.24574529310203,439.0167721779166,1829.5825043163693,12163.0,202411,2024,5,1,County,2085869.0,1371569.0,3487807.0,115806.32333197248,142276.122388858,730850.4705416698,2005.9359091894023,2136245.0
Puget Sound Region,Benchmark,53033-53035-53053-53061,Custom-County,720475.0140267587,63.3314630988347,434.6166378938282,1782.9946050927924,9268.0,202412,2024,5,1,County,2085869.0,1371569.0,3487807.0,115806.32333197248,142276.122388858,730850.4705416698,2005.9359091894023,2136245.0
Puget Sound Region,Benchmark,53033-53035-53053-53061,Custom-County,725084.088721439,62.95454545454545,439.13393291200777,1777.7918084589207,8228.0,202501,2024,5,1,County,2085869.0,1371569.0,3487807.0,115806.32333197248,142276.122388858,730850.4705416698,2005.9359091894023,2136245.0
Puget Sound Region,Benchmark,53033-53035-53053-53061,Custom-County,742557.5570800729,37.28502519026691,451.67777896880693,1778.9922821309895,9329.0,202502,2024,5,1,County,2085869.0,1371569.0,3487807.0,115806.32333197248,142276.122388858,730850.4705416698,2005.9359091894023,2136245.0
Puget Sound Region,Benchmark,53033-53035-53053-53061,Custom-County,766296.5104821803,31.931961120640366,459.1219744615971,1818.794263388603,10494.0,202503,2024,5,1,County,2085869.0,1371569.0,3487807.0,115806.32333197248,142276.122388858,730850.4705416698,2005.9359091894023,2136245.0
Puget Sound Region,Benchmark,53033-53035-53053-53061,Custom-County,786795.8502275548,30.659164253206455,468.9384360777824,1843.306909391808,12085.0,202504,2024,5,1,County,2085869.0,1371569.0,3487807.0,115806.32333197248,142276.122388858,730850.4705416698,2005.9359091894023,2136245.0
Puget Sound Region,Benchmark,53033-53035-53053-53061,Custom-County,806890.9341782503,29.626873807576995,470.7048923412374,1902.1815889888253,14676.0,202505,2024,5,1,County,2085869.0,1371569.0,3487807.0,115806.32333197248,142276.122388858,730850.4705416698,2005.9359091894023,2136245.0
Puget Sound Region,Benchmark,53033-53035-53053-53061,Custom-County,807887.3939720129,35.760083581333504,462.04362692332046,1937.0961185335275,15793.0,202506,2024,5,1,County,2085869.0,1371569.0,3487807.0,115806.32333197248,142276.122388858,730850.4705416698,2005.9359091894023,2136245.0
Puget Sound Region,Benchmark,53033-53035-53053-53061,Custom-County,795642.6496506578,40.695914898974,453.93252344684333,1937.589475671933,15887.0,202507,2024,5,1,County,2085869.0,1371569.0,3487807.0,115806.32333197248,142276.122388858,730850.4705416698,2005.9359091894023,2136245.0
Puget Sound Region,Benchmark,53033-53035-53053-53061,Custom-County,784927.7112626681,44.37465740327618,447.59984702657914,1937.889540442348,15689.0,202508,2024,5,1,County,2085869.0,1371569.0,3487807.0,115806.32333197248,142276.122388858,730850.4705416698,2005.9359091894023,2136245.0
Puget Sound Region,Benchmark,53033-53035-53053-53061,Custom-County,775871.1106734434,46.7866581956798,447.03519695044474,1922.7791613722998,15740.0,202509,2024,5,1,County,2085869.0,1371569.0,3487807.0,115806.32333197248,142276.122388858,730850.4705416698,2005.9359091894023,2136245.0
Puget Sound Region,Benchmark,53033-53035-53053-53061,Custom-County,772593.2217614534,48.618088467614534,445.05430489731435,1905.4683385992628,15192.0,202510,2024,5,1,County,2085869.0,1371569.0,3487807.0,115806.32333197248,142276.122388858,730850.4705416698,2005.9359091894023,2136245.0
Puget Sound Region,Benchmark,53033-53035-53053-53061,Custom-County,755851.7883585916,56.42848525974516,440.29284475608836,1859.5798084897835,13263.0,202511,2024,5,1,County,2085869.0,1371569.0,3487807.0,115806.32333197248,142276.122388858,730850.4705416698,2005.9359091894023,2136245.0
Puget Sound Region,Benchmark,53033-53035-53053-53061,Custom-County,735056.7161152614,67.59706995245949,436.26535364315515,1815.2664208790143,10307.0,202512,2024,5,1,County,2085869.0,1371569.0,3487807.0,115806.32333197248,142276.122388858,730850.4705416698,2005.9359091894023,2136245.0
Puget Sound Region,Benchmark,53033-53035-53053-53061,Custom-County,736009.3321788072,74.9025868600498,437.17382833640005,1812.4652018616734,9239.0,202601,2024,5,1,County,2085869.0,1371569.0,3487807.0,115806.32333197248,142276.122388858,730850.4705416698,2005.9359091894023,2136245.0
Puget Sound Region,Benchmark,53033-53035-53053-53061,Custom-County,755903.0069981584,38.46639042357275,444.80939226519337,1833.879097605893,10860.0,202602,2024,5,1,County,2085869.0,1371569.0,3487807.0,115806.32333197248,142276.122388858,730850.4705416698,2005.9359091894023,2136245.0
Puget Sound Region,Benchmark,53033-53035-53053-53061,Custom-County,775486.2098297151,33.73634089258333,453.5486240012913,1860.3357275441854,12391.0,202603,2024,5,1,County,2085869.0,1371569.0,3487807.0,115806.32333197248,142276.122388858,730850.4705416698,2005.9359091894023,2136245.0
Puget Sound Region,Benchmark,53033-53035-53053-53061,Custom-County,780757.923182244,34.01686243424371,452.7976507890755,1869.292930748721,13877.0,202604,2024,5,1,County,2085869.0,1371569.0,3487807.0,115806.32333197248,142276.122388858,730850.4705416698,2005.9359091894023,2136245.0
Puget Sound Region,Benchmark,53033-53035-53053-53061,Custom-County,784999.2955463111,35.41924629878869,451.7686895876667,1912.5447815979444,16346.0,202605,2024,5,1,County,2085869.0,1371569.0,3487807.0,115806.32333197248,142276.122388858,730850.4705416698,2005.9359091894023,2136245.0
Seattle MSA,Benchmark,42660,MSA,436000.0,24.0,213.0,2130.0,6703.0,201607,2016,5,1,Metro,847458.0,553839.0,1417727.0,73044.0,89886.0,338600.0,1212.0,890543.0
Seattle MSA,Benchmark,42660,MSA,429475.0,28.0,212.0,2105.0,7128.0,201608,2016,5,1,Metro,847458.0,553839.0,1417727.0,73044.0,89886.0,338600.0,1212.0,890543.0
Seattle MSA,Benchmark,42660,MSA,427250.0,32.0,210.0,2106.0,7092.0,201609,2016,5,1,Metro,847458.0,553839.0,1417727.0,73044.0,89886.0,338600.0,1212.0,890543.0
Seattle MSA,Benchmark,42660,MSA,435100.0,36.0,210.0,2090.0,6623.0,201610,2016,5,1,Metro,847458.0,553839.0,1417727.0,73044.0,89886.0,338600.0,1212.0,890543.0
Seattle MSA,Benchmark,42660,MSA,429950.0,46.0,206.0,2109.0,5362.0,201611,2016,5,1,Metro,847458.0,553839.0,1417727.0,73044.0,89886.0,338600.0,1212.0,890543.0
Seattle MSA,Benchmark,42660,MSA,429950.0,50.0,204.0,2110.0,4199.0,201612,2016,5,1,Metro,847458.0,553839.0,1417727.0,73044.0,89886.0,338600.0,1212.0,890543.0
Seattle MSA,Benchmark,42660,MSA,436963.0,45.0,208.0,2110.0,3536.0,201701,2017,5,1,Metro,869598.0,561921.0,1448393.0,77269.0,94366.0,365400.0,1297.0,914836.0
Seattle MSA,Benchmark,42660,MSA,459500.0,29.0,218.0,2151.0,3162.0,201702,2017,5,1,Metro,869598.0,561921.0,1448393.0,77269.0,94366.0,365400.0,1297.0,914836.0
Seattle MSA,Benchmark,42660,MSA,478725.0,16.0,228.0,2144.0,3279.0,201703,2017,5,1,Metro,869598.0,561921.0,1448393.0,77269.0,94366.0,365400.0,1297.0,914836.0
Seattle MSA,Benchmark,42660,MSA,495950.0,15.0,235.0,2150.0,3546.0,201704,2017,5,1,Metro,869598.0,561921.0,1448393.0,77269.0,94366.0,365400.0,1297.0,914836.0
Seattle MSA,Benchmark,42660,MSA,499450.0,11.0,238.0,2168.0,4237.0,201705,2017,5,1,Metro,869598.0,561921.0,1448393.0,77269.0,94366.0,365400.0,1297.0,914836.0
Seattle MSA,Benchmark,42660,MSA,499975.0,16.0,238.0,2175.0,5084.0,201706,2017,5,1,Metro,869598.0,561921.0,1448393.0,77269.0,94366.0,365400.0,1297.0,914836.0
Seattle MSA,Benchmark,42660,MSA,499500.0,19.0,235.0,2158.0,5685.0,201707,2017,5,1,Metro,869598.0,561921.0,1448393.0,77269.0,94366.0,365400.0,1297.0,914836.0
Seattle MSA,Benchmark,42660,MSA,487448.0,23.0,233.0,2131.0,6411.0,201708,2017,5,1,Metro,869598.0,561921.0,1448393.0,77269.0,94366.0,365400.0,1297.0,914836.0
Seattle MSA,Benchmark,42660,MSA,489000.0,30.0,236.0,2140.0,10921.0,201709,2017,5,1,Metro,869598.0,561921.0,1448393.0,77269.0,94366.0,365400.0,1297.0,914836.0
Seattle MSA,Benchmark,42660,MSA,489998.0,35.0,238.0,2114.0,10611.0,201710,2017,5,1,Metro,869598.0,561921.0,1448393.0,77269.0,94366.0,365400.0,1297.0,914836.0
Seattle MSA,Benchmark,42660,MSA,492475.0,41.0,236.0,2132.0,9290.0,201711,2017,5,1,Metro,869598.0,561921.0,1448393.0,77269.0,94366.0,365400.0,1297.0,914836.0
Seattle MSA,Benchmark,42660,MSA,494853.0,48.0,234.0,2148.0,7187.0,201712,2017,5,1,Metro,869598.0,561921.0,1448393.0,77269.0,94366.0,365400.0,1297.0,914836.0
Seattle MSA,Benchmark,42660,MSA,494878.0,43.0,235.0,2184.0,5916.0,201801,2018,5,1,Metro,883869.0,572791.0,1473063.0,82189.0,99927.0,397000.0,1403.0,933074.0
Seattle MSA,Benchmark,42660,MSA,522475.0,26.0,247.0,2178.0,6645.0,201802,2018,5,1,Metro,883869.0,572791.0,1473063.0,82189.0,99927.0,397000.0,1403.0,933074.0
Seattle MSA,Benchmark,42660,MSA,550000.0,22.0,261.0,2172.0,7399.0,201803,2018,5,1,Metro,883869.0,572791.0,1473063.0,82189.0,99927.0,397000.0,1403.0,933074.0
Seattle MSA,Benchmark,42660,MSA,560350.0,22.0,267.0,2153.0,8585.0,201804,2018,5,1,Metro,883869.0,572791.0,1473063.0,82189.0,99927.0,397000.0,1403.0,933074.0
Seattle MSA,Benchmark,42660,MSA,571700.0,19.0,272.0,2180.0,10974.0,201805,2018,5,1,Metro,883869.0,572791.0,1473063.0,82189.0,99927.0,397000.0,1403.0,933074.0
Seattle MSA,Benchmark,42660,MSA,575000.0,22.0,274.0,2180.0,12192.0,201806,2018,5,1,Metro,883869.0,572791.0,1473063.0,82189.0,99927.0,397000.0,1403.0,933074.0
Seattle MSA,Benchmark,42660,MSA,565925.0,29.0,272.0,2136.0,12925.0,201807,2018,5,1,Metro,883869.0,572791.0,1473063.0,82189.0,99927.0,397000.0,1403.0,933074.0
Seattle MSA,Benchmark,42660,MSA,550483.0,30.0,271.0,2104.0,13354.0,201808,2018,5,1,Metro,883869.0,572791.0,1473063.0,82189.0,99927.0,397000.0,1403.0,933074.0
Seattle MSA,Benchmark,42660,MSA,549950.0,36.0,276.0,2040.0,13790.0,201809,2018,5,1,Metro,883869.0,572791.0,1473063.0,82189.0,99927.0,397000.0,1403.0,933074.0
Seattle MSA,Benchmark,42660,MSA,552500.0,38.0,278.0,2035.0,13622.0,201810,2018,5,1,Metro,883869.0,572791.0,1473063.0,82189.0,99927.0,397000.0,1403.0,933074.0
Seattle MSA,Benchmark,42660,MSA,549998.0,45.0,276.0,2018.0,12316.0,201811,2018,5,1,Metro,883869.0,572791.0,1473063.0,82189.0,99927.0,397000.0,1403.0,933074.0
Seattle MSA,Benchmark,42660,MSA,550000.0,59.0,274.0,2040.0,9638.0,201812,2018,5,1,Metro,883869.0,572791.0,1473063.0,82189.0,99927.0,397000.0,1403.0,933074.0
Seattle MSA,Benchmark,42660,MSA,562475.0,63.0,275.0,2082.0,8261.0,201901,2019,5,1,Metro,900265.0,582146.0,1499147.0,86856.0,104953.0,436100.0,1492.0,949285.0
Seattle MSA,Benchmark,42660,MSA,593745.0,42.0,288.0,2140.0,8241.0,201902,2019,5,1,Metro,900265.0,582146.0,1499147.0,86856.0,104953.0,436100.0,1492.0,949285.0
Seattle MSA,Benchmark,42660,MSA,608423.0,33.0,298.0,2137.0,9527.0,201903,2019,5,1,Metro,900265.0,582146.0,1499147.0,86856.0,104953.0,436100.0,1492.0,949285.0
Seattle MSA,Benchmark,42660,MSA,627445.0,24.0,307.0,2160.0,11311.0,201904,2019,5,1,Metro,900265.0,582146.0,1499147.0,86856.0,104953.0,436100.0,1492.0,949285.0
Seattle MSA,Benchmark,42660,MSA,623714.0,28.0,307.0,2117.0,12916.0,201905,2019,5,1,Metro,900265.0,582146.0,1499147.0,86856.0,104953.0,436100.0,1492.0,949285.0
Seattle MSA,Benchmark,42660,MSA,614950.0,31.0,303.0,2109.0,13793.0,201906,2019,5,1,Metro,900265.0,582146.0,1499147.0,86856.0,104953.0,436100.0,1492.0,949285.0
Seattle MSA,Benchmark,42660,MSA,599995.0,37.0,300.0,2110.0,13474.0,201907,2019,5,1,Metro,900265.0,582146.0,1499147.0,86856.0,104953.0,436100.0,1492.0,949285.0
Seattle MSA,Benchmark,42660,MSA,595836.0,39.0,299.0,2084.0,13657.0,201908,2019,5,1,Metro,900265.0,582146.0,1499147.0,86856.0,104953.0,436100.0,1492.0,949285.0
Seattle MSA,Benchmark,42660,MSA,589741.0,41.0,298.0,2059.0,13537.0,201909,2019,5,1,Metro,900265.0,582146.0,1499147.0,86856.0,104953.0,436100.0,1492.0,949285.0
Seattle MSA,Benchmark,42660,MSA,585677.0,43.0,298.0,2045.0,13379.0,201910,2019,5,1,Metro,900265.0,582146.0,1499147.0,86856.0,104953.0,436100.0,1492.0,949285.0
Seattle MSA,Benchmark,42660,MSA,579000.0,50.0,297.0,2020.0,11675.0,201911,2019,5,1,Metro,900265.0,582146.0,1499147.0,86856.0,104953.0,436100.0,1492.0,949285.0
Seattle MSA,Benchmark,42660,MSA,579950.0,61.0,290.0,2042.0,8660.0,201912,2019,5,1,Metro,900265.0,582146.0,1499147.0,86856.0,104953.0,436100.0,1492.0,949285.0
Seattle MSA,Benchmark,42660,MSA,587500.0,65.0,293.0,2051.0,7163.0,202001,2020,5,1,Metro,921152.0,592259.0,1529875.0,90790.0,109109.0,471900.0,1589.0,963523.0
Seattle MSA,Benchmark,42660,MSA,599900.0,31.0,298.0,2064.0,8164.0,202002,2020,5,1,Metro,921152.0,592259.0,1529875.0,90790.0,109109.0,471900.0,1589.0,963523.0
Seattle MSA,Benchmark,42660,MSA,606495.0,23.0,308.0,2089.0,9585.0,202003,2020,5,1,Metro,921152.0,592259.0,1529875.0,90790.0,109109.0,471900.0,1589.0,963523.0
Seattle MSA,Benchmark,42660,MSA,599950.0,31.0,305.0,2074.0,9661.0,202004,2020,5,1,Metro,921152.0,592259.0,1529875.0,90790.0,109109.0,471900.0,1589.0,963523.0
Seattle MSA,Benchmark,42660,MSA,608000.0,35.0,309.0,2053.0,11105.0,202005,2020,5,1,Metro,921152.0,592259.0,1529875.0,90790.0,109109.0,471900.0,1589.0,963523.0
Seattle MSA,Benchmark,42660,MSA,621498.0,31.0,318.0,2036.0,12231.0,202006,2020,5,1,Metro,921152.0,592259.0,1529875.0,90790.0,109109.0,471900.0,1589.0,963523.0
Seattle MSA,Benchmark,42660,MSA,627000.0,30.0,325.0,2010.0,12629.0,202007,2020,5,1,Metro,921152.0,592259.0,1529875.0,90790.0,109109.0,471900.0,1589.0,963523.0
Seattle MSA,Benchmark,42660,MSA,625000.0,30.0,341.0,1920.0,13478.0,202008,2020,5,1,Metro,921152.0,592259.0,1529875.0,90790.0,109109.0,471900.0,1589.0,963523.0
Seattle MSA,Benchmark,42660,MSA,624999.0,33.0,353.0,1840.0,13715.0,202009,2020,5,1,Metro,921152.0,592259.0,1529875.0,90790.0,109109.0,471900.0,1589.0,963523.0
Seattle MSA,Benchmark,42660,MSA,619990.0,35.0,361.0,1771.0,13304.0,202010,2020,5,1,Metro,921152.0,592259.0,1529875.0,90790.0,109109.0,471900.0,1589.0,963523.0
Seattle MSA,Benchmark,42660,MSA,626725.0,41.0,390.0,1707.0,11500.0,202011,2020,5,1,Metro,921152.0,592259.0,1529875.0,90790.0,109109.0,471900.0,1589.0,963523.0
Seattle MSA,Benchmark,42660,MSA,624975.0,48.0,395.0,1681.0,9209.0,202012,2020,5,1,Metro,921152.0,592259.0,1529875.0,90790.0,109109.0,471900.0,1589.0,963523.0
Seattle MSA,Benchmark,42660,MSA,638000.0,43.0,405.0,1660.0,7435.0,202101,2021,5,1,Metro,933755.0,591329.0,1541247.0,97675.0,116610.0,518000.0,1701.0,973622.0
Seattle MSA,Benchmark,42660,MSA,648625.0,29.0,406.0,1678.0,8121.0,202102,2021,5,1,Metro,933755.0,591329.0,1541247.0,97675.0,116610.0,518000.0,1701.0,973622.0
Seattle MSA,Benchmark,42660,MSA,652500.0,23.0,397.0,1748.0,8966.0,202103,2021,5,1,Metro,933755.0,591329.0,1541247.0,97675.0,116610.0,518000.0,1701.0,973622.0
Seattle MSA,Benchmark,42660,MSA,669975.0,23.0,397.0,1773.0,9935.0,202104,2021,5,1,Metro,933755.0,591329.0,1541247.0,97675.0,116610.0,518000.0,1701.0,973622.0
Seattle MSA,Benchmark,42660,MSA,679900.0,20.0,394.0,1800.0,10935.0,202105,2021,5,1,Metro,933755.0,591329.0,1541247.0,97675.0,116610.0,518000.0,1701.0,973622.0
Seattle MSA,Benchmark,42660,MSA,683725.0,20.0,393.0,1819.0,11440.0,202106,2021,5,1,Metro,933755.0,591329.0,1541247.0,97675.0,116610.0,518000.0,1701.0,973622.0
Seattle MSA,Benchmark,42660,MSA,689950.0,23.0,390.0,1821.0,10983.0,202107,2021,5,1,Metro,933755.0,591329.0,1541247.0,97675.0,116610.0,518000.0,1701.0,973622.0
Seattle MSA,Benchmark,42660,MSA,674975.0,26.0,380.0,1822.0,11129.0,202108,2021,5,1,Metro,933755.0,591329.0,1541247.0,97675.0,116610.0,518000.0,1701.0,973622.0
Seattle MSA,Benchmark,42660,MSA,675000.0,29.0,379.0,1855.0,10673.0,202109,2021,5,1,Metro,933755.0,591329.0,1541247.0,97675.0,116610.0,518000.0,1701.0,973622.0
Seattle MSA,Benchmark,42660,MSA,675000.0,33.0,385.0,1845.0,10093.0,202110,2021,5,1,Metro,933755.0,591329.0,1541247.0,97675.0,116610.0,518000.0,1701.0,973622.0
Seattle MSA,Benchmark,42660,MSA,674995.0,35.0,386.0,1825.0,8577.0,202111,2021,5,1,Metro,933755.0,591329.0,1541247.0,97675.0,116610.0,518000.0,1701.0,973622.0
Seattle MSA,Benchmark,42660,MSA,662500.0,39.0,383.0,1793.0,6449.0,202112,2021,5,1,Metro,933755.0,591329.0,1541247.0,97675.0,116610.0,518000.0,1701.0,973622.0
Seattle MSA,Benchmark,42660,MSA,685000.0,37.0,398.0,1792.0,4894.0,202201,2022,5,1,Metro,946532.0,603003.0,1565696.0,107206.0,127870.0,628500.0,1850.0,980734.0
Seattle MSA,Benchmark,42660,MSA,722450.0,16.0,417.0,1817.0,6186.0,202202,2022,5,1,Metro,946532.0,603003.0,1565696.0,107206.0,127870.0,628500.0,1850.0,980734.0
Seattle MSA,Benchmark,42660,MSA,749950.0,17.0,425.0,1889.0,7161.0,202203,2022,5,1,Metro,946532.0,603003.0,1565696.0,107206.0,127870.0,628500.0,1850.0,980734.0
Seattle MSA,Benchmark,42660,MSA,799950.0,16.0,434.0,1964.0,8150.0,202204,2022,5,1,Metro,946532.0,603003.0,1565696.0,107206.0,127870.0,628500.0,1850.0,980734.0
Seattle MSA,Benchmark,42660,MSA,824995.0,16.0,438.0,2066.0,9858.0,202205,2022,5,1,Metro,946532.0,603003.0,1565696.0,107206.0,127870.0,628500.0,1850.0,980734.0
Seattle MSA,Benchmark,42660,MSA,802495.0,22.0,435.0,2050.0,10972.0,202206,2022,5,1,Metro,946532.0,603003.0,1565696.0,107206.0,127870.0,628500.0,1850.0,980734.0
Seattle MSA,Benchmark,42660,MSA,789950.0,28.0,421.0,2040.0,11697.0,202207,2022,5,1,Metro,946532.0,603003.0,1565696.0,107206.0,127870.0,628500.0,1850.0,980734.0
Seattle MSA,Benchmark,42660,MSA,774950.0,34.0,414.0,2025.0,11949.0,202208,2022,5,1,Metro,946532.0,603003.0,1565696.0,107206.0,127870.0,628500.0,1850.0,980734.0
Seattle MSA,Benchmark,42660,MSA,762485.0,39.0,414.0,2010.0,11340.0,202209,2022,5,1,Metro,946532.0,603003.0,1565696.0,107206.0,127870.0,628500.0,1850.0,980734.0
Seattle MSA,Benchmark,42660,MSA,750000.0,39.0,411.0,1970.0,10660.0,202210,2022,5,1,Metro,946532.0,603003.0,1565696.0,107206.0,127870.0,628500.0,1850.0,980734.0
Seattle MSA,Benchmark,42660,MSA,737450.0,45.0,406.0,1952.0,9279.0,202211,2022,5,1,Metro,946532.0,603003.0,1565696.0,107206.0,127870.0,628500.0,1850.0,980734.0
Seattle MSA,Benchmark,42660,MSA,725000.0,59.0,397.0,1960.0,7130.0,202212,2022,5,1,Metro,946532.0,603003.0,1565696.0,107206.0,127870.0,628500.0,1850.0,980734.0
Seattle MSA,Benchmark,42660,MSA,727000.0,65.0,403.0,1950.0,6120.0,202301,2023,5,1,Metro,958295.0,612361.0,1586350.0,112594.0,135221.0,673500.0,1932.0,986902.0
Seattle MSA,Benchmark,42660,MSA,749950.0,43.0,421.0,1978.0,6401.0,202302,2023,5,1,Metro,958295.0,612361.0,1586350.0,112594.0,135221.0,673500.0,1932.0,986902.0
Seattle MSA,Benchmark,42660,MSA,789225.0,32.0,437.0,2049.0,6530.0,202303,2023,5,1,Metro,958295.0,612361.0,1586350.0,112594.0,135221.0,673500.0,1932.0,986902.0
Seattle MSA,Benchmark,42660,MSA,825000.0,31.0,453.0,2029.0,6898.0,202304,2023,5,1,Metro,958295.0,612361.0,1586350.0,112594.0,135221.0,673500.0,1932.0,986902.0
Seattle MSA,Benchmark,42660,MSA,822500.0,29.0,452.0,2035.0,7682.0,202305,2023,5,1,Metro,958295.0,612361.0,1586350.0,112594.0,135221.0,673500.0,1932.0,986902.0
Seattle MSA,Benchmark,42660,MSA,824500.0,29.0,449.0,2035.0,8272.0,202306,2023,5,1,Metro,958295.0,612361.0,1586350.0,112594.0,135221.0,673500.0,1932.0,986902.0
Seattle MSA,Benchmark,42660,MSA,815000.0,33.0,444.0,2040.0,8267.0,202307,2023,5,1,Metro,958295.0,612361.0,1586350.0,112594.0,135221.0,673500.0,1932.0,986902.0
Seattle MSA,Benchmark,42660,MSA,799475.0,33.0,441.0,2002.0,8360.0,202308,2023,5,1,Metro,958295.0,612361.0,1586350.0,112594.0,135221.0,673500.0,1932.0,986902.0
Seattle MSA,Benchmark,42660,MSA,799000.0,37.0,443.0,1986.0,8136.0,202309,2023,5,1,Metro,958295.0,612361.0,1586350.0,112594.0,135221.0,673500.0,1932.0,986902.0
Seattle MSA,Benchmark,42660,MSA,792250.0,38.0,440.0,1960.0,8138.0,202310,2023,5,1,Metro,958295.0,612361.0,1586350.0,112594.0,135221.0,673500.0,1932.0,986902.0
Seattle MSA,Benchmark,42660,MSA,752413.0,45.0,425.0,1913.0,8942.0,202311,2023,5,1,Metro,958295.0,612361.0,1586350.0,112594.0,135221.0,673500.0,1932.0,986902.0
Seattle MSA,Benchmark,42660,MSA,749000.0,57.0,417.0,1888.0,7408.0,202312,2023,5,1,Metro,958295.0,612361.0,1586350.0,112594.0,135221.0,673500.0,1932.0,986902.0
Seattle MSA,Benchmark,42660,MSA,749495.0,59.0,429.0,1845.0,6639.0,202401,2024,5,1,Metro,964807.0,628727.0,1608596.0,115177.0,140190.0,717500.0,2000.0,991488.0
Seattle MSA,Benchmark,42660,MSA,765000.0,32.0,439.0,1840.0,7458.0,202402,2024,5,1,Metro,964807.0,628727.0,1608596.0,115177.0,140190.0,717500.0,2000.0,991488.0
Seattle MSA,Benchmark,42660,MSA,767875.0,29.0,443.0,1860.0,8468.0,202403,2024,5,1,Metro,964807.0,628727.0,1608596.0,115177.0,140190.0,717500.0,2000.0,991488.0
Seattle MSA,Benchmark,42660,MSA,774973.0,29.0,450.0,1860.0,9655.0,202404,2024,5,1,Metro,964807.0,628727.0,1608596.0,115177.0,140190.0,717500.0,2000.0,991488.0
Seattle MSA,Benchmark,42660,MSA,774950.0,25.0,448.0,1892.0,11159.0,202405,2024,5,1,Metro,964807.0,628727.0,1608596.0,115177.0,140190.0,717500.0,2000.0,991488.0
Seattle MSA,Benchmark,42660,MSA,788000.0,30.0,448.0,1911.0,12164.0,202406,2024,5,1,Metro,964807.0,628727.0,1608596.0,115177.0,140190.0,717500.0,2000.0,991488.0
Seattle MSA,Benchmark,42660,MSA,779245.0,36.0,442.0,1916.0,12558.0,202407,2024,5,1,Metro,964807.0,628727.0,1608596.0,115177.0,140190.0,717500.0,2000.0,991488.0
Seattle MSA,Benchmark,42660,MSA,775000.0,38.0,435.0,1928.0,12759.0,202408,2024,5,1,Metro,964807.0,628727.0,1608596.0,115177.0,140190.0,717500.0,2000.0,991488.0
Seattle MSA,Benchmark,42660,MSA,769938.0,43.0,440.0,1907.0,12883.0,202409,2024,5,1,Metro,964807.0,628727.0,1608596.0,115177.0,140190.0,717500.0,2000.0,991488.0
Seattle MSA,Benchmark,42660,MSA,757500.0,44.0,438.0,1868.0,12681.0,202410,2024,5,1,Metro,964807.0,628727.0,1608596.0,115177.0,140190.0,717500.0,2000.0,991488.0
Seattle MSA,Benchmark,42660,MSA,740000.0,51.0,429.0,1840.0,11154.0,202411,2024,5,1,Metro,964807.0,628727.0,1608596.0,115177.0,140190.0,717500.0,2000.0,991488.0
Seattle MSA,Benchmark,42660,MSA,724475.0,63.0,425.0,1780.0,8468.0,202412,2024,5,1,Metro,964807.0,628727.0,1608596.0,115177.0,140190.0,717500.0,2000.0,991488.0
Seattle MSA,Benchmark,42660,MSA,725813.0,62.0,429.0,1760.0,7545.0,202501,2024,5,1,Metro,964807.0,628727.0,1608596.0,115177.0,140190.0,717500.0,2000.0,991488.0
Seattle MSA,Benchmark,42660,MSA,737400.0,35.0,443.0,1768.0,8595.0,202502,2024,5,1,Metro,964807.0,628727.0,1608596.0,115177.0,140190.0,717500.0,2000.0,991488.0
Seattle MSA,Benchmark,42660,MSA,750000.0,31.0,457.0,1791.0,9677.0,202503,2024,5,1,Metro,964807.0,628727.0,1608596.0,115177.0,140190.0,717500.0,2000.0,991488.0
Seattle MSA,Benchmark,42660,MSA,782225.0,30.0,465.0,1835.0,11185.0,202504,2024,5,1,Metro,964807.0,628727.0,1608596.0,115177.0,140190.0,717500.0,2000.0,991488.0
Seattle MSA,Benchmark,42660,MSA,799000.0,30.0,469.0,1890.0,13606.0,202505,2024,5,1,Metro,964807.0,628727.0,1608596.0,115177.0,140190.0,717500.0,2000.0,991488.0
Seattle MSA,Benchmark,42660,MSA,799250.0,36.0,460.0,1922.0,14643.0,202506,2024,5,1,Metro,964807.0,628727.0,1608596.0,115177.0,140190.0,717500.0,2000.0,991488.0
Seattle MSA,Benchmark,42660,MSA,785463.0,40.0,448.0,1921.0,14723.0,202507,2024,5,1,Metro,964807.0,628727.0,1608596.0,115177.0,140190.0,717500.0,2000.0,991488.0
Seattle MSA,Benchmark,42660,MSA,774950.0,44.0,440.0,1920.0,14529.0,202508,2024,5,1,Metro,964807.0,628727.0,1608596.0,115177.0,140190.0,717500.0,2000.0,991488.0
Seattle MSA,Benchmark,42660,MSA,769000.0,47.0,438.0,1907.0,14652.0,202509,2024,5,1,Metro,964807.0,628727.0,1608596.0,115177.0,140190.0,717500.0,2000.0,991488.0
Seattle MSA,Benchmark,42660,MSA,762343.0,48.0,437.0,1887.0,14183.0,202510,2024,5,1,Metro,964807.0,628727.0,1608596.0,115177.0,140190.0,717500.0,2000.0,991488.0
Seattle MSA,Benchmark,42660,MSA,749950.0,56.0,431.0,1848.0,12340.0,202511,2024,5,1,Metro,964807.0,628727.0,1608596.0,115177.0,140190.0,717500.0,2000.0,991488.0
Seattle MSA,Benchmark,42660,MSA,726500.0,67.0,427.0,1802.0,9534.0,202512,2024,5,1,Metro,964807.0,628727.0,1608596.0,115177.0,140190.0,717500.0,2000.0,991488.0
Seattle MSA,Benchmark,42660,MSA,730000.0,77.0,428.0,1800.0,8586.0,202601,2024,5,1,Metro,964807.0,628727.0,1608596.0,115177.0,140190.0,717500.0,2000.0,991488.0
Seattle MSA,Benchmark,42660,MSA,754950.0,36.0,442.0,1825.0,10179.0,202602,2024,5,1,Metro,964807.0,628727.0,1608596.0,115177.0,140190.0,717500.0,2000.0,991488.0
Seattle MSA,Benchmark,42660,MSA,769938.0,34.0,452.0,1837.0,11614.0,202603,2024,5,1,Metro,964807.0,628727.0,1608596.0,115177.0,140190.0,717500.0,2000.0,991488.0
Seattle MSA,Benchmark,42660,MSA,776232.0,34.0,452.0,1852.0,12995.0,202604,2024,5,1,Metro,964807.0,628727.0,1608596.0,115177.0,140190.0,717500.0,2000.0,991488.0
Seattle MSA,Benchmark,42660,MSA,780000.0,36.0,452.0,1890.0,15268.0,202605,2024,5,1,Metro,964807.0,628727.0,1608596.0,115177.0,140190.0,717500.0,2000.0,991488.0
United States,Benchmark,0,US,259000.0,64.0,127.0,1927.0,1873209.0,201607,2016,5,1,US,74881068.0,40589851.0,117716237.0,55322.0,67871.0,184700.0,949.0,77608829.0
United States,Benchmark,0,US,255267.0,67.0,126.0,1921.0,1848466.0,201608,2016,5,1,US,74881068.0,40589851.0,117716237.0,55322.0,67871.0,184700.0,949.0,77608829.0
United States,Benchmark,0,US,255000.0,71.0,126.0,1920.0,1807824.0,201609,2016,5,1,US,74881068.0,40589851.0,117716237.0,55322.0,67871.0,184700.0,949.0,77608829.0
United States,Benchmark,0,US,255000.0,72.0,127.0,1914.0,1757624.0,201610,2016,5,1,US,74881068.0,40589851.0,117716237.0,55322.0,67871.0,184700.0,949.0,77608829.0
United States,Benchmark,0,US,252991.0,74.0,126.0,1904.0,1667789.0,201611,2016,5,1,US,74881068.0,40589851.0,117716237.0,55322.0,67871.0,184700.0,949.0,77608829.0
United States,Benchmark,0,US,249900.0,83.0,125.0,1892.0,1526082.0,201612,2016,5,1,US,74881068.0,40589851.0,117716237.0,55322.0,67871.0,184700.0,949.0,77608829.0
United States,Benchmark,0,US,249900.0,88.0,126.0,1886.0,1420208.0,201701,2017,5,1,US,75833135.0,40768931.0,118825921.0,57652.0,70850.0,193500.0,982.0,78298703.0
United States,Benchmark,0,US,255400.0,82.0,128.0,1897.0,1464645.0,201702,2017,5,1,US,75833135.0,40768931.0,118825921.0,57652.0,70850.0,193500.0,982.0,78298703.0
United States,Benchmark,0,US,264450.0,62.0,130.0,1919.0,1540745.0,201703,2017,5,1,US,75833135.0,40768931.0,118825921.0,57652.0,70850.0,193500.0,982.0,78298703.0
United States,Benchmark,0,US,270000.0,58.0,132.0,1948.0,1616241.0,201704,2017,5,1,US,75833135.0,40768931.0,118825921.0,57652.0,70850.0,193500.0,982.0,78298703.0
United States,Benchmark,0,US,277477.0,55.0,133.0,1968.0,1698366.0,201705,2017,5,1,US,75833135.0,40768931.0,118825921.0,57652.0,70850.0,193500.0,982.0,78298703.0
United States,Benchmark,0,US,279000.0,56.0,134.0,1977.0,1725986.0,201706,2017,5,1,US,75833135.0,40768931.0,118825921.0,57652.0,70850.0,193500.0,982.0,78298703.0
United States,Benchmark,0,US,279000.0,59.0,134.0,1976.0,1731433.0,201707,2017,5,1,US,75833135.0,40768931.0,118825921.0,57652.0,70850.0,193500.0,982.0,78298703.0
United States,Benchmark,0,US,275000.0,61.0,133.0,1968.0,1710404.0,201708,2017,5,1,US,75833135.0,40768931.0,118825921.0,57652.0,70850.0,193500.0,982.0,78298703.0
United States,Benchmark,0,US,275000.0,64.0,133.0,1960.0,1672596.0,201709,2017,5,1,US,75833135.0,40768931.0,118825921.0,57652.0,70850.0,193500.0,982.0,78298703.0
United States,Benchmark,0,US,275000.0,68.0,134.0,1951.0,1637397.0,201710,2017,5,1,US,75833135.0,40768931.0,118825921.0,57652.0,70850.0,193500.0,982.0,78298703.0
United States,Benchmark,0,US,274445.0,71.0,133.0,1942.0,1548809.0,201711,2017,5,1,US,75833135.0,40768931.0,118825921.0,57652.0,70850.0,193500.0,982.0,78298703.0
United States,Benchmark,0,US,269900.0,78.0,133.0,1918.0,1411609.0,201712,2017,5,1,US,75833135.0,40768931.0,118825921.0,57652.0,70850.0,193500.0,982.0,78298703.0
United States,Benchmark,0,US,269739.0,83.0,134.0,1910.0,1300752.0,201801,2018,5,1,US,76444810.0,41083850.0,119730128.0,60293.0,73965.0,204900.0,1023.0,78697103.0
United States,Benchmark,0,US,275450.0,76.0,136.0,1918.0,1352911.0,201802,2018,5,1,US,76444810.0,41083850.0,119730128.0,60293.0,73965.0,204900.0,1023.0,78697103.0
United States,Benchmark,0,US,285000.0,58.0,139.0,1941.0,1428614.0,201803,2018,5,1,US,76444810.0,41083850.0,119730128.0,60293.0,73965.0,204900.0,1023.0,78697103.0
United States,Benchmark,0,US,294950.0,54.0,142.0,1964.0,1516277.0,201804,2018,5,1,US,76444810.0,41083850.0,119730128.0,60293.0,73965.0,204900.0,1023.0,78697103.0
United States,Benchmark,0,US,299450.0,51.0,144.0,1981.0,1596998.0,201805,2018,5,1,US,76444810.0,41083850.0,119730128.0,60293.0,73965.0,204900.0,1023.0,78697103.0
United States,Benchmark,0,US,299900.0,51.0,144.0,1991.0,1646225.0,201806,2018,5,1,US,76444810.0,41083850.0,119730128.0,60293.0,73965.0,204900.0,1023.0,78697103.0
United States,Benchmark,0,US,299450.0,55.0,144.0,1985.0,1660545.0,201807,2018,5,1,US,76444810.0,41083850.0,119730128.0,60293.0,73965.0,204900.0,1023.0,78697103.0
United States,Benchmark,0,US,298500.0,58.0,143.0,1970.0,1671435.0,201808,2018,5,1,US,76444810.0,41083850.0,119730128.0,60293.0,73965.0,204900.0,1023.0,78697103.0
United States,Benchmark,0,US,297500.0,60.0,144.0,1954.0,1660415.0,201809,2018,5,1,US,76444810.0,41083850.0,119730128.0,60293.0,73965.0,204900.0,1023.0,78697103.0
United States,Benchmark,0,US,295250.0,64.0,144.0,1944.0,1647064.0,201810,2018,5,1,US,76444810.0,41083850.0,119730128.0,60293.0,73965.0,204900.0,1023.0,78697103.0
United States,Benchmark,0,US,295000.0,66.0,144.0,1931.0,1598534.0,201811,2018,5,1,US,76444810.0,41083850.0,119730128.0,60293.0,73965.0,204900.0,1023.0,78697103.0
United States,Benchmark,0,US,289900.0,75.0,144.0,1911.0,1474356.0,201812,2018,5,1,US,76444810.0,41083850.0,119730128.0,60293.0,73965.0,204900.0,1023.0,78697103.0
United States,Benchmark,0,US,289450.0,81.0,144.0,1901.0,1374299.0,201901,2019,5,1,US,77274381.0,41311872.0,120756048.0,62843.0,77263.0,217500.0,1062.0,79114031.0
United States,Benchmark,0,US,296000.0,75.0,147.0,1909.0,1425394.0,201902,2019,5,1,US,77274381.0,41311872.0,120756048.0,62843.0,77263.0,217500.0,1062.0,79114031.0
United States,Benchmark,0,US,305814.0,65.0,149.0,1938.0,1493286.0,201903,2019,5,1,US,77274381.0,41311872.0,120756048.0,62843.0,77263.0,217500.0,1062.0,79114031.0
United States,Benchmark,0,US,314950.0,54.0,151.0,1970.0,1564417.0,201904,2019,5,1,US,77274381.0,41311872.0,120756048.0,62843.0,77263.0,217500.0,1062.0,79114031.0
United States,Benchmark,0,US,319950.0,52.0,153.0,1987.0,1630200.0,201905,2019,5,1,US,77274381.0,41311872.0,120756048.0,62843.0,77263.0,217500.0,1062.0,79114031.0
United States,Benchmark,0,US,320000.0,53.0,152.0,1997.0,1672543.0,201906,2019,5,1,US,77274381.0,41311872.0,120756048.0,62843.0,77263.0,217500.0,1062.0,79114031.0
United States,Benchmark,0,US,319450.0,57.0,152.0,1991.0,1674781.0,201907,2019,5,1,US,77274381.0,41311872.0,120756048.0,62843.0,77263.0,217500.0,1062.0,79114031.0
United States,Benchmark,0,US,315791.0,59.0,151.0,1980.0,1659806.0,201908,2019,5,1,US,77274381.0,41311872.0,120756048.0,62843.0,77263.0,217500.0,1062.0,79114031.0
United States,Benchmark,0,US,312477.0,62.0,150.0,1967.0,1636206.0,201909,2019,5,1,US,77274381.0,41311872.0,120756048.0,62843.0,77263.0,217500.0,1062.0,79114031.0
United States,Benchmark,0,US,309945.0,64.0,150.0,1958.0,1608994.0,201910,2019,5,1,US,77274381.0,41311872.0,120756048.0,62843.0,77263.0,217500.0,1062.0,79114031.0
United States,Benchmark,0,US,305000.0,67.0,150.0,1942.0,1538356.0,201911,2019,5,1,US,77274381.0,41311872.0,120756048.0,62843.0,77263.0,217500.0,1062.0,79114031.0
United States,Benchmark,0,US,299900.0,77.0,149.0,1921.0,1374685.0,201912,2019,5,1,US,77274381.0,41311872.0,120756048.0,62843.0,77263.0,217500.0,1062.0,79114031.0
United States,Benchmark,0,US,299250.0,82.0,149.0,1912.0,1270438.0,202001,2020,5,1,US,78801376.0,41390514.0,122354219.0,64994.0,80069.0,229800.0,1096.0,79849830.0
United States,Benchmark,0,US,305490.0,73.0,151.0,1920.0,1331547.0,202002,2020,5,1,US,78801376.0,41390514.0,122354219.0,64994.0,80069.0,229800.0,1096.0,79849830.0
United States,Benchmark,0,US,319000.0,57.0,155.0,1941.0,1390478.0,202003,2020,5,1,US,78801376.0,41390514.0,122354219.0,64994.0,80069.0,229800.0,1096.0,79849830.0
United States,Benchmark,0,US,319250.0,60.0,155.0,1937.0,1342668.0,202004,2020,5,1,US,78801376.0,41390514.0,122354219.0,64994.0,80069.0,229800.0,1096.0,79849830.0
United States,Benchmark,0,US,329000.0,68.0,159.0,1956.0,1385296.0,202005,2020,5,1,US,78801376.0,41390514.0,122354219.0,64994.0,80069.0,229800.0,1096.0,79849830.0
United States,Benchmark,0,US,339450.0,62.0,163.0,1970.0,1443931.0,202006,2020,5,1,US,78801376.0,41390514.0,122354219.0,64994.0,80069.0,229800.0,1096.0,79849830.0
United States,Benchmark,0,US,345000.0,53.0,166.0,1964.0,1428372.0,202007,2020,5,1,US,78801376.0,41390514.0,122354219.0,64994.0,80069.0,229800.0,1096.0,79849830.0
United States,Benchmark,0,US,349000.0,51.0,168.0,1943.0,1399762.0,202008,2020,5,1,US,78801376.0,41390514.0,122354219.0,64994.0,80069.0,229800.0,1096.0,79849830.0
United States,Benchmark,0,US,349000.0,50.0,171.0,1909.0,1370417.0,202009,2020,5,1,US,78801376.0,41390514.0,122354219.0,64994.0,80069.0,229800.0,1096.0,79849830.0
United States,Benchmark,0,US,349000.0,51.0,173.0,1884.0,1372723.0,202010,2020,5,1,US,78801376.0,41390514.0,122354219.0,64994.0,80069.0,229800.0,1096.0,79849830.0
United States,Benchmark,0,US,342000.0,54.0,174.0,1854.0,1286131.0,202011,2020,5,1,US,78801376.0,41390514.0,122354219.0,64994.0,80069.0,229800.0,1096.0,79849830.0
United States,Benchmark,0,US,336250.0,62.0,173.0,1828.0,1140920.0,202012,2020,5,1,US,78801376.0,41390514.0,122354219.0,64994.0,80069.0,229800.0,1096.0,79849830.0
United States,Benchmark,0,US,335000.0,66.0,175.0,1805.0,1003586.0,202101,2021,5,1,US,80152161.0,41729931.0,124010992.0,69021.0,85028.0,244900.0,1163.0,80755759.0
United States,Benchmark,0,US,343500.0,56.0,181.0,1797.0,998859.0,202102,2021,5,1,US,80152161.0,41729931.0,124010992.0,69021.0,85028.0,244900.0,1163.0,80755759.0
United States,Benchmark,0,US,352450.0,45.0,186.0,1800.0,1013400.0,202103,2021,5,1,US,80152161.0,41729931.0,124010992.0,69021.0,85028.0,244900.0,1163.0,80755759.0
United States,Benchmark,0,US,369450.0,37.0,192.0,1809.0,1054596.0,202104,2021,5,1,US,80152161.0,41729931.0,124010992.0,69021.0,85028.0,244900.0,1163.0,80755759.0
United States,Benchmark,0,US,376414.0,35.0,196.0,1823.0,1099849.0,202105,2021,5,1,US,80152161.0,41729931.0,124010992.0,69021.0,85028.0,244900.0,1163.0,80755759.0
United States,Benchmark,0,US,379900.0,33.0,197.0,1827.0,1150904.0,202106,2021,5,1,US,80152161.0,41729931.0,124010992.0,69021.0,85028.0,244900.0,1163.0,80755759.0
United States,Benchmark,0,US,379000.0,35.0,196.0,1827.0,1178906.0,202107,2021,5,1,US,80152161.0,41729931.0,124010992.0,69021.0,85028.0,244900.0,1163.0,80755759.0
United States,Benchmark,0,US,375000.0,37.0,196.0,1821.0,1200669.0,202108,2021,5,1,US,80152161.0,41729931.0,124010992.0,69021.0,85028.0,244900.0,1163.0,80755759.0
United States,Benchmark,0,US,375000.0,41.0,197.0,1813.0,1185969.0,202109,2021,5,1,US,80152161.0,41729931.0,124010992.0,69021.0,85028.0,244900.0,1163.0,80755759.0
United States,Benchmark,0,US,375000.0,43.0,197.0,1806.0,1156009.0,202110,2021,5,1,US,80152161.0,41729931.0,124010992.0,69021.0,85028.0,244900.0,1163.0,80755759.0
United States,Benchmark,0,US,374131.0,46.0,196.0,1799.0,1082818.0,202111,2021,5,1,US,80152161.0,41729931.0,124010992.0,69021.0,85028.0,244900.0,1163.0,80755759.0
United States,Benchmark,0,US,369158.0,53.0,195.0,1787.0,948666.0,202112,2021,5,1,US,80152161.0,41729931.0,124010992.0,69021.0,85028.0,244900.0,1163.0,80755759.0
United States,Benchmark,0,US,369900.0,59.0,197.0,1776.0,815253.0,202201,2022,5,1,US,81497760.0,42085857.0,125736353.0,75149.0,92646.0,281900.0,1268.0,81432908.0
United States,Benchmark,0,US,384500.0,41.0,205.0,1781.0,834869.0,202202,2022,5,1,US,81497760.0,42085857.0,125736353.0,75149.0,92646.0,281900.0,1268.0,81432908.0
United States,Benchmark,0,US,399450.0,34.0,213.0,1795.0,873473.0,202203,2022,5,1,US,81497760.0,42085857.0,125736353.0,75149.0,92646.0,281900.0,1268.0,81432908.0
United States,Benchmark,0,US,419500.0,30.0,219.0,1812.0,932731.0,202204,2022,5,1,US,81497760.0,42085857.0,125736353.0,75149.0,92646.0,281900.0,1268.0,81432908.0
United States,Benchmark,0,US,437450.0,30.0,225.0,1852.0,1040980.0,202205,2022,5,1,US,81497760.0,42085857.0,125736353.0,75149.0,92646.0,281900.0,1268.0,81432908.0
United States,Benchmark,0,US,449000.0,31.0,227.0,1877.0,1115405.0,202206,2022,5,1,US,81497760.0,42085857.0,125736353.0,75149.0,92646.0,281900.0,1268.0,81432908.0
United States,Benchmark,0,US,443900.0,34.0,226.0,1880.0,1191282.0,202207,2022,5,1,US,81497760.0,42085857.0,125736353.0,75149.0,92646.0,281900.0,1268.0,81432908.0
United States,Benchmark,0,US,432588.0,41.0,222.0,1877.0,1211690.0,202208,2022,5,1,US,81497760.0,42085857.0,125736353.0,75149.0,92646.0,281900.0,1268.0,81432908.0
United States,Benchmark,0,US,427750.0,47.0,220.0,1873.0,1192823.0,202209,2022,5,1,US,81497760.0,42085857.0,125736353.0,75149.0,92646.0,281900.0,1268.0,81432908.0
United States,Benchmark,0,US,425000.0,50.0,218.0,1875.0,1160509.0,202210,2022,5,1,US,81497760.0,42085857.0,125736353.0,75149.0,92646.0,281900.0,1268.0,81432908.0
United States,Benchmark,0,US,416000.0,55.0,215.0,1866.0,1114744.0,202211,2022,5,1,US,81497760.0,42085857.0,125736353.0,75149.0,92646.0,281900.0,1268.0,81432908.0
United States,Benchmark,0,US,405000.0,65.0,213.0,1852.0,997733.0,202212,2022,5,1,US,81497760.0,42085857.0,125736353.0,75149.0,92646.0,281900.0,1268.0,81432908.0
United States,Benchmark,0,US,403706.0,72.0,214.0,1850.0,915143.0,202301,2023,5,1,US,82892037.0,42439779.0,127482865.0,78538.0,96922.0,303400.0,1348.0,82220165.0
United States,Benchmark,0,US,414375.0,65.0,217.0,1851.0,945510.0,202302,2023,5,1,US,82892037.0,42439779.0,127482865.0,78538.0,96922.0,303400.0,1348.0,82220165.0
United States,Benchmark,0,US,424000.0,52.0,220.0,1865.0,954973.0,202303,2023,5,1,US,82892037.0,42439779.0,127482865.0,78538.0,96922.0,303400.0,1348.0,82220165.0
United States,Benchmark,0,US,430000.0,46.0,222.0,1885.0,989456.0,202304,2023,5,1,US,82892037.0,42439779.0,127482865.0,78538.0,96922.0,303400.0,1348.0,82220165.0
United States,Benchmark,0,US,441007.0,43.0,225.0,1902.0,1038418.0,202305,2023,5,1,US,82892037.0,42439779.0,127482865.0,78538.0,96922.0,303400.0,1348.0,82220165.0
United States,Benchmark,0,US,445000.0,44.0,225.0,1916.0,1063706.0,202306,2023,5,1,US,82892037.0,42439779.0,127482865.0,78538.0,96922.0,303400.0,1348.0,82220165.0
United States,Benchmark,0,US,440000.0,45.0,224.0,1914.0,1082953.0,202307,2023,5,1,US,82892037.0,42439779.0,127482865.0,78538.0,96922.0,303400.0,1348.0,82220165.0
United States,Benchmark,0,US,435495.0,46.0,223.0,1906.0,1099964.0,202308,2023,5,1,US,82892037.0,42439779.0,127482865.0,78538.0,96922.0,303400.0,1348.0,82220165.0
United States,Benchmark,0,US,429503.0,48.0,222.0,1891.0,1107848.0,202309,2023,5,1,US,82892037.0,42439779.0,127482865.0,78538.0,96922.0,303400.0,1348.0,82220165.0
United States,Benchmark,0,US,425000.0,50.0,221.0,1875.0,1117661.0,202310,2023,5,1,US,82892037.0,42439779.0,127482865.0,78538.0,96922.0,303400.0,1348.0,82220165.0
United States,Benchmark,0,US,420000.0,52.0,221.0,1857.0,1107192.0,202311,2023,5,1,US,82892037.0,42439779.0,127482865.0,78538.0,96922.0,303400.0,1348.0,82220165.0
United States,Benchmark,0,US,410000.0,61.0,219.0,1837.0,1033561.0,202312,2023,5,1,US,82892037.0,42439779.0,127482865.0,78538.0,96922.0,303400.0,1348.0,82220165.0
United States,Benchmark,0,US,409500.0,69.0,221.0,1823.0,974419.0,202401,2024,5,1,US,84210142.0,42849984.0,129227496.0,80734.0,99999.0,332700.0,1413.0,82990528.0
United States,Benchmark,0,US,415500.0,61.0,224.0,1818.0,1029096.0,202402,2024,5,1,US,84210142.0,42849984.0,129227496.0,80734.0,99999.0,332700.0,1413.0,82990528.0
United States,Benchmark,0,US,424900.0,50.0,228.0,1825.0,1112625.0,202403,2024,5,1,US,84210142.0,42849984.0,129227496.0,80734.0,99999.0,332700.0,1413.0,82990528.0
United States,Benchmark,0,US,429950.0,47.0,230.0,1839.0,1187392.0,202404,2024,5,1,US,84210142.0,42849984.0,129227496.0,80734.0,99999.0,332700.0,1413.0,82990528.0
United States,Benchmark,0,US,439500.0,45.0,233.0,1855.0,1255651.0,202405,2024,5,1,US,84210142.0,42849984.0,129227496.0,80734.0,99999.0,332700.0,1413.0,82990528.0
United States,Benchmark,0,US,439900.0,48.0,232.0,1860.0,1302278.0,202406,2024,5,1,US,84210142.0,42849984.0,129227496.0,80734.0,99999.0,332700.0,1413.0,82990528.0
United States,Benchmark,0,US,437250.0,51.0,230.0,1860.0,1327771.0,202407,2024,5,1,US,84210142.0,42849984.0,129227496.0,80734.0,99999.0,332700.0,1413.0,82990528.0
United States,Benchmark,0,US,429990.0,53.0,228.0,1852.0,1329050.0,202408,2024,5,1,US,84210142.0,42849984.0,129227496.0,80734.0,99999.0,332700.0,1413.0,82990528.0
United States,Benchmark,0,US,425000.0,56.0,227.0,1842.0,1353994.0,202409,2024,5,1,US,84210142.0,42849984.0,129227496.0,80734.0,99999.0,332700.0,1413.0,82990528.0
United States,Benchmark,0,US,422500.0,58.0,226.0,1834.0,1368111.0,202410,2024,5,1,US,84210142.0,42849984.0,129227496.0,80734.0,99999.0,332700.0,1413.0,82990528.0
United States,Benchmark,0,US,416633.0,61.0,224.0,1820.0,1353236.0,202411,2024,5,1,US,84210142.0,42849984.0,129227496.0,80734.0,99999.0,332700.0,1413.0,82990528.0
United States,Benchmark,0,US,402501.0,70.0,222.0,1800.0,1214514.0,202412,2024,5,1,US,84210142.0,42849984.0,129227496.0,80734.0,99999.0,332700.0,1413.0,82990528.0
United States,Benchmark,0,US,400500.0,73.0,224.0,1792.0,1141040.0,202501,2024,5,1,US,84210142.0,42849984.0,129227496.0,80734.0,99999.0,332700.0,1413.0,82990528.0
United States,Benchmark,0,US,412000.0,66.0,227.0,1791.0,1216240.0,202502,2024,5,1,US,84210142.0,42849984.0,129227496.0,80734.0,99999.0,332700.0,1413.0,82990528.0
United States,Benchmark,0,US,424900.0,53.0,231.0,1800.0,1305093.0,202503,2024,5,1,US,84210142.0,42849984.0,129227496.0,80734.0,99999.0,332700.0,1413.0,82990528.0
United States,Benchmark,0,US,431250.0,50.0,233.0,1820.0,1422903.0,202504,2024,5,1,US,84210142.0,42849984.0,129227496.0,80734.0,99999.0,332700.0,1413.0,82990528.0
United States,Benchmark,0,US,440000.0,51.0,234.0,1840.0,1517398.0,202505,2024,5,1,US,84210142.0,42849984.0,129227496.0,80734.0,99999.0,332700.0,1413.0,82990528.0
United States,Benchmark,0,US,440950.0,53.0,233.0,1852.0,1562291.0,202506,2024,5,1,US,84210142.0,42849984.0,129227496.0,80734.0,99999.0,332700.0,1413.0,82990528.0
United States,Benchmark,0,US,439450.0,58.0,231.0,1852.0,1552489.0,202507,2024,5,1,US,84210142.0,42849984.0,129227496.0,80734.0,99999.0,332700.0,1413.0,82990528.0
United States,Benchmark,0,US,429990.0,60.0,228.0,1844.0,1547439.0,202508,2024,5,1,US,84210142.0,42849984.0,129227496.0,80734.0,99999.0,332700.0,1413.0,82990528.0
United States,Benchmark,0,US,425000.0,62.0,226.0,1840.0,1535298.0,202509,2024,5,1,US,84210142.0,42849984.0,129227496.0,80734.0,99999.0,332700.0,1413.0,82990528.0
United States,Benchmark,0,US,424200.0,63.0,225.0,1833.0,1521384.0,202510,2024,5,1,US,84210142.0,42849984.0,129227496.0,80734.0,99999.0,332700.0,1413.0,82990528.0
United States,Benchmark,0,US,415000.0,64.0,222.0,1820.0,1480235.0,202511,2024,5,1,US,84210142.0,42849984.0,129227496.0,80734.0,99999.0,332700.0,1413.0,82990528.0
United States,Benchmark,0,US,399950.0,73.0,220.0,1800.0,1318754.0,202512,2024,5,1,US,84210142.0,42849984.0,129227496.0,80734.0,99999.0,332700.0,1413.0,82990528.0
United States,Benchmark,0,US,399900.0,78.0,220.0,1788.0,1223931.0,202601,2024,5,1,US,84210142.0,42849984.0,129227496.0,80734.0,99999.0,332700.0,1413.0,82990528.0
United States,Benchmark,0,US,403450.0,70.0,223.0,1790.0,1296466.0,202602,2024,5,1,US,84210142.0,42849984.0,129227496.0,80734.0,99999.0,332700.0,1413.0,82990528.0
United States,Benchmark,0,US,416000.0,57.0,225.0,1800.0,1376515.0,202603,2024,5,1,US,84210142.0,42849984.0,129227496.0,80734.0,99999.0,332700.0,1413.0,82990528.0
United States,Benchmark,0,US,425000.0,52.0,227.0,1818.0,1466894.0,202604,2024,5,1,US,84210142.0,42849984.0,129227496.0,80734.0,99999.0,332700.0,1413.0,82990528.0
United States,Benchmark,0,US,429500.0,52.0,228.0,1830.0,1570901.0,202605,2024,5,1,US,84210142.0,42849984.0,129227496.0,80734.0,99999.0,332700.0,1413.0,82990528.0
Washington,Benchmark,53,State,343900.0,39.0,168.0,2076.0,23134.0,201607,2016,5,1,State,1683381.0,973335.0,2696606.0,62848.0,76507.0,269300.0,1056.0,1738213.0
Washington,Benchmark,53,State,342963.0,43.0,169.0,2062.0,24008.0,201608,2016,5,1,State,1683381.0,973335.0,2696606.0,62848.0,76507.0,269300.0,1056.0,1738213.0
Washington,Benchmark,53,State,342500.0,48.0,170.0,2059.0,23426.0,201609,2016,5,1,State,1683381.0,973335.0,2696606.0,62848.0,76507.0,269300.0,1056.0,1738213.0
Washington,Benchmark,53,State,344000.0,53.0,171.0,2047.0,21914.0,201610,2016,5,1,State,1683381.0,973335.0,2696606.0,62848.0,76507.0,269300.0,1056.0,1738213.0
Washington,Benchmark,53,State,339975.0,62.0,169.0,2051.0,18756.0,201611,2016,5,1,State,1683381.0,973335.0,2696606.0,62848.0,76507.0,269300.0,1056.0,1738213.0
Washington,Benchmark,53,State,339000.0,72.0,166.0,2040.0,15886.0,201612,2016,5,1,State,1683381.0,973335.0,2696606.0,62848.0,76507.0,269300.0,1056.0,1738213.0
Washington,Benchmark,53,State,339450.0,73.0,168.0,2023.0,13855.0,201701,2017,5,1,State,1726899.0,988158.0,2755697.0,66174.0,80233.0,286800.0,1120.0,1782539.0
Washington,Benchmark,53,State,349000.0,65.0,170.0,2037.0,12987.0,201702,2017,5,1,State,1726899.0,988158.0,2755697.0,66174.0,80233.0,286800.0,1120.0,1782539.0
Washington,Benchmark,53,State,359950.0,42.0,175.0,2045.0,13209.0,201703,2017,5,1,State,1726899.0,988158.0,2755697.0,66174.0,80233.0,286800.0,1120.0,1782539.0
Washington,Benchmark,53,State,369900.0,32.0,179.0,2063.0,14036.0,201704,2017,5,1,State,1726899.0,988158.0,2755697.0,66174.0,80233.0,286800.0,1120.0,1782539.0
Washington,Benchmark,53,State,382413.0,26.0,183.0,2087.0,16744.0,201705,2017,5,1,State,1726899.0,988158.0,2755697.0,66174.0,80233.0,286800.0,1120.0,1782539.0
Washington,Benchmark,53,State,388485.0,29.0,186.0,2100.0,18586.0,201706,2017,5,1,State,1726899.0,988158.0,2755697.0,66174.0,80233.0,286800.0,1120.0,1782539.0
Washington,Benchmark,53,State,385000.0,33.0,185.0,2088.0,20208.0,201707,2017,5,1,State,1726899.0,988158.0,2755697.0,66174.0,80233.0,286800.0,1120.0,1782539.0
Washington,Benchmark,53,State,379000.0,37.0,184.0,2082.0,22116.0,201708,2017,5,1,State,1726899.0,988158.0,2755697.0,66174.0,80233.0,286800.0,1120.0,1782539.0
Washington,Benchmark,53,State,375000.0,44.0,183.0,2080.0,28146.0,201709,2017,5,1,State,1726899.0,988158.0,2755697.0,66174.0,80233.0,286800.0,1120.0,1782539.0
Washington,Benchmark,53,State,375000.0,49.0,185.0,2070.0,27174.0,201710,2017,5,1,State,1726899.0,988158.0,2755697.0,66174.0,80233.0,286800.0,1120.0,1782539.0
Washington,Benchmark,53,State,369947.0,55.0,182.0,2069.0,24142.0,201711,2017,5,1,State,1726899.0,988158.0,2755697.0,66174.0,80233.0,286800.0,1120.0,1782539.0
Washington,Benchmark,53,State,369000.0,65.0,181.0,2056.0,19784.0,201712,2017,5,1,State,1726899.0,988158.0,2755697.0,66174.0,80233.0,286800.0,1120.0,1782539.0
Washington,Benchmark,53,State,372500.0,70.0,183.0,2061.0,16580.0,201801,2018,5,1,State,1756552.0,1002487.0,2800423.0,70116.0,84182.0,311700.0,1194.0,1813296.0
Washington,Benchmark,53,State,389450.0,47.0,186.0,2077.0,17249.0,201802,2018,5,1,State,1756552.0,1002487.0,2800423.0,70116.0,84182.0,311700.0,1194.0,1813296.0
Washington,Benchmark,53,State,400000.0,35.0,194.0,2088.0,18583.0,201803,2018,5,1,State,1756552.0,1002487.0,2800423.0,70116.0,84182.0,311700.0,1194.0,1813296.0
Washington,Benchmark,53,State,416998.0,32.0,198.0,2096.0,20881.0,201804,2018,5,1,State,1756552.0,1002487.0,2800423.0,70116.0,84182.0,311700.0,1194.0,1813296.0
Washington,Benchmark,53,State,425000.0,29.0,202.0,2123.0,25210.0,201805,2018,5,1,State,1756552.0,1002487.0,2800423.0,70116.0,84182.0,311700.0,1194.0,1813296.0
Washington,Benchmark,53,State,433475.0,31.0,204.0,2130.0,27493.0,201806,2018,5,1,State,1756552.0,1002487.0,2800423.0,70116.0,84182.0,311700.0,1194.0,1813296.0
Washington,Benchmark,53,State,434975.0,36.0,207.0,2110.0,29339.0,201807,2018,5,1,State,1756552.0,1002487.0,2800423.0,70116.0,84182.0,311700.0,1194.0,1813296.0
Washington,Benchmark,53,State,429400.0,37.0,209.0,2084.0,30268.0,201808,2018,5,1,State,1756552.0,1002487.0,2800423.0,70116.0,84182.0,311700.0,1194.0,1813296.0
Washington,Benchmark,53,State,429000.0,43.0,212.0,2048.0,30493.0,201809,2018,5,1,State,1756552.0,1002487.0,2800423.0,70116.0,84182.0,311700.0,1194.0,1813296.0
Washington,Benchmark,53,State,435500.0,46.0,214.0,2047.0,29673.0,201810,2018,5,1,State,1756552.0,1002487.0,2800423.0,70116.0,84182.0,311700.0,1194.0,1813296.0
Washington,Benchmark,53,State,433975.0,53.0,213.0,2040.0,27020.0,201811,2018,5,1,State,1756552.0,1002487.0,2800423.0,70116.0,84182.0,311700.0,1194.0,1813296.0
Washington,Benchmark,53,State,429950.0,66.0,211.0,2045.0,22400.0,201812,2018,5,1,State,1756552.0,1002487.0,2800423.0,70116.0,84182.0,311700.0,1194.0,1813296.0
Washington,Benchmark,53,State,432000.0,72.0,211.0,2052.0,19539.0,201901,2019,5,1,State,1793239.0,1014639.0,2848396.0,73775.0,88660.0,339000.0,1258.0,1841954.0
Washington,Benchmark,53,State,449475.0,63.0,215.0,2075.0,19404.0,201902,2019,5,1,State,1793239.0,1014639.0,2848396.0,73775.0,88660.0,339000.0,1258.0,1841954.0
Washington,Benchmark,53,State,460588.0,43.0,220.0,2083.0,21477.0,201903,2019,5,1,State,1793239.0,1014639.0,2848396.0,73775.0,88660.0,339000.0,1258.0,1841954.0
Washington,Benchmark,53,State,474803.0,32.0,224.0,2104.0,24533.0,201904,2019,5,1,State,1793239.0,1014639.0,2848396.0,73775.0,88660.0,339000.0,1258.0,1841954.0
Washington,Benchmark,53,State,479500.0,33.0,230.0,2093.0,27318.0,201905,2019,5,1,State,1793239.0,1014639.0,2848396.0,73775.0,88660.0,339000.0,1258.0,1841954.0
Washington,Benchmark,53,State,480000.0,36.0,231.0,2091.0,29998.0,201906,2019,5,1,State,1793239.0,1014639.0,2848396.0,73775.0,88660.0,339000.0,1258.0,1841954.0
Washington,Benchmark,53,State,475000.0,41.0,229.0,2104.0,29860.0,201907,2019,5,1,State,1793239.0,1014639.0,2848396.0,73775.0,88660.0,339000.0,1258.0,1841954.0
Washington,Benchmark,53,State,472200.0,44.0,229.0,2081.0,30186.0,201908,2019,5,1,State,1793239.0,1014639.0,2848396.0,73775.0,88660.0,339000.0,1258.0,1841954.0
Washington,Benchmark,53,State,468150.0,48.0,229.0,2059.0,29918.0,201909,2019,5,1,State,1793239.0,1014639.0,2848396.0,73775.0,88660.0,339000.0,1258.0,1841954.0
Washington,Benchmark,53,State,465450.0,50.0,229.0,2044.0,29138.0,201910,2019,5,1,State,1793239.0,1014639.0,2848396.0,73775.0,88660.0,339000.0,1258.0,1841954.0
Washington,Benchmark,53,State,459900.0,57.0,227.0,2038.0,27426.0,201911,2019,5,1,State,1793239.0,1014639.0,2848396.0,73775.0,88660.0,339000.0,1258.0,1841954.0
Washington,Benchmark,53,State,449975.0,69.0,223.0,2025.0,21914.0,201912,2019,5,1,State,1793239.0,1014639.0,2848396.0,73775.0,88660.0,339000.0,1258.0,1841954.0
Washington,Benchmark,53,State,449950.0,74.0,222.0,2021.0,18848.0,202001,2020,5,1,State,1838059.0,1026396.0,2905822.0,77006.0,92422.0,366800.0,1337.0,1874376.0
Washington,Benchmark,53,State,458900.0,47.0,226.0,2024.0,20026.0,202002,2020,5,1,State,1838059.0,1026396.0,2905822.0,77006.0,92422.0,366800.0,1337.0,1874376.0
Washington,Benchmark,53,State,472450.0,33.0,232.0,2033.0,22750.0,202003,2020,5,1,State,1838059.0,1026396.0,2905822.0,77006.0,92422.0,366800.0,1337.0,1874376.0
Washington,Benchmark,53,State,472450.0,38.0,234.0,2040.0,22959.0,202004,2020,5,1,State,1838059.0,1026396.0,2905822.0,77006.0,92422.0,366800.0,1337.0,1874376.0
Washington,Benchmark,53,State,488735.0,44.0,241.0,2034.0,25443.0,202005,2020,5,1,State,1838059.0,1026396.0,2905822.0,77006.0,92422.0,366800.0,1337.0,1874376.0
Washington,Benchmark,53,State,497450.0,38.0,245.0,2042.0,27488.0,202006,2020,5,1,State,1838059.0,1026396.0,2905822.0,77006.0,92422.0,366800.0,1337.0,1874376.0
Washington,Benchmark,53,State,499950.0,36.0,248.0,2037.0,28046.0,202007,2020,5,1,State,1838059.0,1026396.0,2905822.0,77006.0,92422.0,366800.0,1337.0,1874376.0
Washington,Benchmark,53,State,499950.0,36.0,254.0,1992.0,29070.0,202008,2020,5,1,State,1838059.0,1026396.0,2905822.0,77006.0,92422.0,366800.0,1337.0,1874376.0
Washington,Benchmark,53,State,499925.0,36.0,261.0,1936.0,29198.0,202009,2020,5,1,State,1838059.0,1026396.0,2905822.0,77006.0,92422.0,366800.0,1337.0,1874376.0
Washington,Benchmark,53,State,499900.0,37.0,267.0,1902.0,27845.0,202010,2020,5,1,State,1838059.0,1026396.0,2905822.0,77006.0,92422.0,366800.0,1337.0,1874376.0
Washington,Benchmark,53,State,504494.0,45.0,273.0,1862.0,24369.0,202011,2020,5,1,State,1838059.0,1026396.0,2905822.0,77006.0,92422.0,366800.0,1337.0,1874376.0
Washington,Benchmark,53,State,499925.0,52.0,271.0,1842.0,19982.0,202012,2020,5,1,State,1838059.0,1026396.0,2905822.0,77006.0,92422.0,366800.0,1337.0,1874376.0
Washington,Benchmark,53,State,499000.0,48.0,272.0,1829.0,16666.0,202101,2021,5,1,State,1864897.0,1025583.0,2931841.0,82400.0,98691.0,397600.0,1439.0,1894023.0
Washington,Benchmark,53,State,500000.0,35.0,277.0,1820.0,17401.0,202102,2021,5,1,State,1864897.0,1025583.0,2931841.0,82400.0,98691.0,397600.0,1439.0,1894023.0
Washington,Benchmark,53,State,525000.0,28.0,291.0,1831.0,18583.0,202103,2021,5,1,State,1864897.0,1025583.0,2931841.0,82400.0,98691.0,397600.0,1439.0,1894023.0
Washington,Benchmark,53,State,549996.0,25.0,300.0,1860.0,20261.0,202104,2021,5,1,State,1864897.0,1025583.0,2931841.0,82400.0,98691.0,397600.0,1439.0,1894023.0
Washington,Benchmark,53,State,569900.0,23.0,303.0,1871.0,22109.0,202105,2021,5,1,State,1864897.0,1025583.0,2931841.0,82400.0,98691.0,397600.0,1439.0,1894023.0
Washington,Benchmark,53,State,577475.0,23.0,307.0,1897.0,23645.0,202106,2021,5,1,State,1864897.0,1025583.0,2931841.0,82400.0,98691.0,397600.0,1439.0,1894023.0
Washington,Benchmark,53,State,579000.0,27.0,306.0,1901.0,23557.0,202107,2021,5,1,State,1864897.0,1025583.0,2931841.0,82400.0,98691.0,397600.0,1439.0,1894023.0
Washington,Benchmark,53,State,575000.0,29.0,302.0,1920.0,24143.0,202108,2021,5,1,State,1864897.0,1025583.0,2931841.0,82400.0,98691.0,397600.0,1439.0,1894023.0
Washington,Benchmark,53,State,575000.0,31.0,298.0,1953.0,23763.0,202109,2021,5,1,State,1864897.0,1025583.0,2931841.0,82400.0,98691.0,397600.0,1439.0,1894023.0
Washington,Benchmark,53,State,575000.0,35.0,297.0,1952.0,22858.0,202110,2021,5,1,State,1864897.0,1025583.0,2931841.0,82400.0,98691.0,397600.0,1439.0,1894023.0
Washington,Benchmark,53,State,565000.0,40.0,295.0,1943.0,19991.0,202111,2021,5,1,State,1864897.0,1025583.0,2931841.0,82400.0,98691.0,397600.0,1439.0,1894023.0
Washington,Benchmark,53,State,550000.0,46.0,294.0,1915.0,15880.0,202112,2021,5,1,State,1864897.0,1025583.0,2931841.0,82400.0,98691.0,397600.0,1439.0,1894023.0
Washington,Benchmark,53,State,559900.0,46.0,300.0,1885.0,12265.0,202201,2022,5,1,State,1900252.0,1037889.0,2979272.0,90325.0,108285.0,473400.0,1592.0,1910770.0
Washington,Benchmark,53,State,587423.0,27.0,314.0,1893.0,14052.0,202202,2022,5,1,State,1900252.0,1037889.0,2979272.0,90325.0,108285.0,473400.0,1592.0,1910770.0
Washington,Benchmark,53,State,610230.0,24.0,325.0,1908.0,15600.0,202203,2022,5,1,State,1900252.0,1037889.0,2979272.0,90325.0,108285.0,473400.0,1592.0,1910770.0
Washington,Benchmark,53,State,636000.0,22.0,332.0,1960.0,17576.0,202204,2022,5,1,State,1900252.0,1037889.0,2979272.0,90325.0,108285.0,473400.0,1592.0,1910770.0
Washington,Benchmark,53,State,673675.0,19.0,340.0,2025.0,21099.0,202205,2022,5,1,State,1900252.0,1037889.0,2979272.0,90325.0,108285.0,473400.0,1592.0,1910770.0
Washington,Benchmark,53,State,677475.0,23.0,342.0,2031.0,23617.0,202206,2022,5,1,State,1900252.0,1037889.0,2979272.0,90325.0,108285.0,473400.0,1592.0,1910770.0
Washington,Benchmark,53,State,650000.0,30.0,335.0,2027.0,25720.0,202207,2022,5,1,State,1900252.0,1037889.0,2979272.0,90325.0,108285.0,473400.0,1592.0,1910770.0
Washington,Benchmark,53,State,642463.0,36.0,328.0,2023.0,26502.0,202208,2022,5,1,State,1900252.0,1037889.0,2979272.0,90325.0,108285.0,473400.0,1592.0,1910770.0
Washington,Benchmark,53,State,630000.0,44.0,326.0,2010.0,25284.0,202209,2022,5,1,State,1900252.0,1037889.0,2979272.0,90325.0,108285.0,473400.0,1592.0,1910770.0
Washington,Benchmark,53,State,625000.0,44.0,322.0,1997.0,23734.0,202210,2022,5,1,State,1900252.0,1037889.0,2979272.0,90325.0,108285.0,473400.0,1592.0,1910770.0
Washington,Benchmark,53,State,607450.0,51.0,315.0,1983.0,21223.0,202211,2022,5,1,State,1900252.0,1037889.0,2979272.0,90325.0,108285.0,473400.0,1592.0,1910770.0
Washington,Benchmark,53,State,599900.0,64.0,309.0,1986.0,17087.0,202212,2022,5,1,State,1900252.0,1037889.0,2979272.0,90325.0,108285.0,473400.0,1592.0,1910770.0
Washington,Benchmark,53,State,599725.0,72.0,307.0,1991.0,14973.0,202301,2023,5,1,State,1929694.0,1051069.0,3020558.0,94952.0,114068.0,519800.0,1682.0,1928170.0
Washington,Benchmark,53,State,614713.0,61.0,312.0,2005.0,15489.0,202302,2023,5,1,State,1929694.0,1051069.0,3020558.0,94952.0,114068.0,519800.0,1682.0,1928170.0
Washington,Benchmark,53,State,628973.0,44.0,317.0,2038.0,15640.0,202303,2023,5,1,State,1929694.0,1051069.0,3020558.0,94952.0,114068.0,519800.0,1682.0,1928170.0
Washington,Benchmark,53,State,649000.0,36.0,323.0,2046.0,16795.0,202304,2023,5,1,State,1929694.0,1051069.0,3020558.0,94952.0,114068.0,519800.0,1682.0,1928170.0
Washington,Benchmark,53,State,650000.0,33.0,329.0,2059.0,18879.0,202305,2023,5,1,State,1929694.0,1051069.0,3020558.0,94952.0,114068.0,519800.0,1682.0,1928170.0
Washington,Benchmark,53,State,650000.0,34.0,330.0,2064.0,20423.0,202306,2023,5,1,State,1929694.0,1051069.0,3020558.0,94952.0,114068.0,519800.0,1682.0,1928170.0
Washington,Benchmark,53,State,650000.0,38.0,328.0,2063.0,21281.0,202307,2023,5,1,State,1929694.0,1051069.0,3020558.0,94952.0,114068.0,519800.0,1682.0,1928170.0
Washington,Benchmark,53,State,649950.0,40.0,325.0,2069.0,21522.0,202308,2023,5,1,State,1929694.0,1051069.0,3020558.0,94952.0,114068.0,519800.0,1682.0,1928170.0
Washington,Benchmark,53,State,649445.0,44.0,324.0,2055.0,21044.0,202309,2023,5,1,State,1929694.0,1051069.0,3020558.0,94952.0,114068.0,519800.0,1682.0,1928170.0
Washington,Benchmark,53,State,642250.0,46.0,324.0,2038.0,20639.0,202310,2023,5,1,State,1929694.0,1051069.0,3020558.0,94952.0,114068.0,519800.0,1682.0,1928170.0
Washington,Benchmark,53,State,627475.0,53.0,322.0,2013.0,21200.0,202311,2023,5,1,State,1929694.0,1051069.0,3020558.0,94952.0,114068.0,519800.0,1682.0,1928170.0
Washington,Benchmark,53,State,614955.0,65.0,318.0,1997.0,18277.0,202312,2023,5,1,State,1929694.0,1051069.0,3020558.0,94952.0,114068.0,519800.0,1682.0,1928170.0
Washington,Benchmark,53,State,610700.0,69.0,318.0,1978.0,16490.0,202401,2024,5,1,State,1954777.0,1070508.0,3064820.0,98141.0,118075.0,564600.0,1760.0,1942412.0
Washington,Benchmark,53,State,619488.0,52.0,323.0,1953.0,17575.0,202402,2024,5,1,State,1954777.0,1070508.0,3064820.0,98141.0,118075.0,564600.0,1760.0,1942412.0
Washington,Benchmark,53,State,629900.0,37.0,330.0,1956.0,19311.0,202403,2024,5,1,State,1954777.0,1070508.0,3064820.0,98141.0,118075.0,564600.0,1760.0,1942412.0
Washington,Benchmark,53,State,644450.0,33.0,335.0,1962.0,22140.0,202404,2024,5,1,State,1954777.0,1070508.0,3064820.0,98141.0,118075.0,564600.0,1760.0,1942412.0
Washington,Benchmark,53,State,649970.0,31.0,342.0,1990.0,25605.0,202405,2024,5,1,State,1954777.0,1070508.0,3064820.0,98141.0,118075.0,564600.0,1760.0,1942412.0
Washington,Benchmark,53,State,659000.0,36.0,344.0,1996.0,27841.0,202406,2024,5,1,State,1954777.0,1070508.0,3064820.0,98141.0,118075.0,564600.0,1760.0,1942412.0
Washington,Benchmark,53,State,654500.0,40.0,342.0,1992.0,28940.0,202407,2024,5,1,State,1954777.0,1070508.0,3064820.0,98141.0,118075.0,564600.0,1760.0,1942412.0
Washington,Benchmark,53,State,650000.0,45.0,340.0,1990.0,29328.0,202408,2024,5,1,State,1954777.0,1070508.0,3064820.0,98141.0,118075.0,564600.0,1760.0,1942412.0
Washington,Benchmark,53,State,649925.0,51.0,343.0,1972.0,29357.0,202409,2024,5,1,State,1954777.0,1070508.0,3064820.0,98141.0,118075.0,564600.0,1760.0,1942412.0
Washington,Benchmark,53,State,642000.0,52.0,340.0,1960.0,28711.0,202410,2024,5,1,State,1954777.0,1070508.0,3064820.0,98141.0,118075.0,564600.0,1760.0,1942412.0
Washington,Benchmark,53,State,625000.0,59.0,334.0,1932.0,26105.0,202411,2024,5,1,State,1954777.0,1070508.0,3064820.0,98141.0,118075.0,564600.0,1760.0,1942412.0
Washington,Benchmark,53,State,599933.0,71.0,328.0,1884.0,21094.0,202412,2024,5,1,State,1954777.0,1070508.0,3064820.0,98141.0,118075.0,564600.0,1760.0,1942412.0
Washington,Benchmark,53,State,599000.0,74.0,325.0,1879.0,18801.0,202501,2024,5,1,State,1954777.0,1070508.0,3064820.0,98141.0,118075.0,564600.0,1760.0,1942412.0
Washington,Benchmark,53,State,607075.0,55.0,334.0,1872.0,20198.0,202502,2024,5,1,State,1954777.0,1070508.0,3064820.0,98141.0,118075.0,564600.0,1760.0,1942412.0
Washington,Benchmark,53,State,629997.0,42.0,343.0,1900.0,22205.0,202503,2024,5,1,State,1954777.0,1070508.0,3064820.0,98141.0,118075.0,564600.0,1760.0,1942412.0
Washington,Benchmark,53,State,650000.0,36.0,352.0,1929.0,25862.0,202504,2024,5,1,State,1954777.0,1070508.0,3064820.0,98141.0,118075.0,564600.0,1760.0,1942412.0
Washington,Benchmark,53,State,670000.0,36.0,358.0,1951.0,30618.0,202505,2024,5,1,State,1954777.0,1070508.0,3064820.0,98141.0,118075.0,564600.0,1760.0,1942412.0
Washington,Benchmark,53,State,674750.0,40.0,354.0,1982.0,33305.0,202506,2024,5,1,State,1954777.0,1070508.0,3064820.0,98141.0,118075.0,564600.0,1760.0,1942412.0
Washington,Benchmark,53,State,659475.0,45.0,349.0,1981.0,33964.0,202507,2024,5,1,State,1954777.0,1070508.0,3064820.0,98141.0,118075.0,564600.0,1760.0,1942412.0
Washington,Benchmark,53,State,649950.0,51.0,343.0,1975.0,34309.0,202508,2024,5,1,State,1954777.0,1070508.0,3064820.0,98141.0,118075.0,564600.0,1760.0,1942412.0
Washington,Benchmark,53,State,648900.0,57.0,341.0,1965.0,33936.0,202509,2024,5,1,State,1954777.0,1070508.0,3064820.0,98141.0,118075.0,564600.0,1760.0,1942412.0
Washington,Benchmark,53,State,639975.0,58.0,339.0,1953.0,32642.0,202510,2024,5,1,State,1954777.0,1070508.0,3064820.0,98141.0,118075.0,564600.0,1760.0,1942412.0
Washington,Benchmark,53,State,625000.0,64.0,334.0,1934.0,29073.0,202511,2024,5,1,State,1954777.0,1070508.0,3064820.0,98141.0,118075.0,564600.0,1760.0,1942412.0
Washington,Benchmark,53,State,604096.0,76.0,328.0,1899.0,23780.0,202512,2024,5,1,State,1954777.0,1070508.0,3064820.0,98141.0,118075.0,564600.0,1760.0,1942412.0
Washington,Benchmark,53,State,600000.0,84.0,327.0,1892.0,21513.0,202601,2024,5,1,State,1954777.0,1070508.0,3064820.0,98141.0,118075.0,564600.0,1760.0,1942412.0
Washington,Benchmark,53,State,622450.0,48.0,334.0,1886.0,23580.0,202602,2024,5,1,State,1954777.0,1070508.0,3064820.0,98141.0,118075.0,564600.0,1760.0,1942412.0
Washington,Benchmark,53,State,639450.0,40.0,342.0,1910.0,26287.0,202603,2024,5,1,State,1954777.0,1070508.0,3064820.0,98141.0,118075.0,564600.0,1760.0,1942412.0
Washington,Benchmark,53,State,648500.0,39.0,347.0,1914.0,29461.0,202604,2024,5,1,State,1954777.0,1070508.0,3064820.0,98141.0,118075.0,564600.0,1760.0,1942412.0
Washington,Benchmark,53,State,650000.0,39.0,349.0,1944.0,34378.0,202605,2024,5,1,State,1954777.0,1070508.0,3064820.0,98141.0,118075.0,564600.0,1760.0,1942412.0
