Name,Type,Role,Code,NAR_FILTER,NAR_ZIP,month_date_yyyymm,median_listing_price,active_listing_count,median_days_on_market,new_listing_count,price_increased_count,price_increased_share,price_reduced_count,price_reduced_share,pending_listing_count,median_listing_price_per_square_foot,median_square_feet,average_listing_price,total_listing_count,pending_ratio,quality_flag,geography_level,download_date,CPI_Flag,HouseholdRank
"Fife, WA",Custom-ZIP,Focus,98424,1,0,201607,289500.0,19,19.0,24,0,0.0,8.0,0.1951,,153.0,1906.0,293570.0,19.0,,,ZIP,2026-06-15,1,
"Fife, WA",Custom-ZIP,Focus,98424,1,0,201608,298712.0,17,18.0,18,0,0.0,4.0,0.1176,,156.0,1843.0,294872.0,17.0,,,ZIP,2026-06-15,1,
"Fife, WA",Custom-ZIP,Focus,98424,1,0,201609,288425.0,16,21.0,14,0,0.0,10.0,0.3008,,157.0,1778.0,277622.0,16.0,,,ZIP,2026-06-15,1,
"Fife, WA",Custom-ZIP,Focus,98424,1,0,201610,288900.0,13,18.0,12,0,0.0,4.0,0.16,,155.0,1874.0,293046.0,13.0,,,ZIP,2026-06-15,1,
"Fife, WA",Custom-ZIP,Focus,98424,1,0,201611,264463.0,16,24.0,12,0,0.0,2.0,0.0741,,155.0,1802.0,277841.0,16.0,,,ZIP,2026-06-15,1,
"Fife, WA",Custom-ZIP,Focus,98424,1,0,201612,295000.0,9,46.0,12,0,0.0,0.0,0.0,,154.0,1836.0,281950.0,9.0,,,ZIP,2026-06-15,1,
"Fife, WA",Custom-ZIP,Focus,98424,1,0,201701,222500.0,6,21.0,6,0,0.0,0.0,0.0,,150.0,1874.0,271308.0,6.0,,,ZIP,2026-06-15,1,
"Fife, WA",Custom-ZIP,Focus,98424,1,0,201702,322463.0,5,10.0,12,0,0.0,0.0,0.0,,150.0,2259.0,314826.0,5.0,,,ZIP,2026-06-15,1,
"Fife, WA",Custom-ZIP,Focus,98424,1,0,201703,296588.0,6,4.0,16,0,0.0,0.0,0.0,,169.0,1753.0,282997.0,6.0,,,ZIP,2026-06-15,1,
"Fife, WA",Custom-ZIP,Focus,98424,1,0,201704,315000.0,5,3.0,8,0,0.0,0.0,0.0,,166.0,1901.0,304404.0,5.0,,,ZIP,2026-06-15,1,
"Fife, WA",Custom-ZIP,Focus,98424,1,0,201705,318738.0,4,5.0,18,0,0.0,0.0,0.0,,168.0,1844.0,317861.0,4.0,,,ZIP,2026-06-15,1,
"Fife, WA",Custom-ZIP,Focus,98424,1,0,201706,358000.0,12,8.0,22,0,0.0,4.0,0.1736,,164.0,2054.0,350693.0,12.0,,,ZIP,2026-06-15,1,
"Fife, WA",Custom-ZIP,Focus,98424,1,0,201707,354975.0,16,11.0,28,0,0.0,4.0,0.1,,175.0,2105.0,509765.0,16.0,,0.0,ZIP,2026-06-15,1,
"Fife, WA",Custom-ZIP,Focus,98424,1,0,201708,352213.0,19,22.0,26,0,0.0,10.0,0.2204,1.0,167.0,2259.0,508121.0,20.0,0.0526,0.0,ZIP,2026-06-15,1,
"Fife, WA",Custom-ZIP,Focus,98424,1,0,201709,354475.0,17,38.0,8,0,0.0,8.0,0.2759,13.0,166.0,2262.0,516018.0,26.0,0.7647,0.0,ZIP,2026-06-15,1,
"Fife, WA",Custom-ZIP,Focus,98424,1,0,201710,321850.0,13,50.0,12,6,0.163,8.0,0.2538,7.0,170.0,2129.0,522211.0,20.0,0.5385,1.0,ZIP,2026-06-15,1,
"Fife, WA",Custom-ZIP,Focus,98424,1,0,201711,343000.0,16,41.0,20,2,0.0588,6.0,0.1497,6.0,168.0,2216.0,519248.0,22.0,0.3548,0.0,ZIP,2026-06-15,1,
"Fife, WA",Custom-ZIP,Focus,98424,1,0,201712,359000.0,10,37.0,12,4,0.0976,4.0,0.0976,8.0,167.0,2307.0,629655.0,16.0,0.8,0.0,ZIP,2026-06-15,1,
"Fife, WA",Custom-ZIP,Focus,98424,1,0,201801,377488.0,6,57.0,10,2,0.1053,6.0,0.3158,4.0,169.0,2334.0,473190.0,11.0,0.6667,1.0,ZIP,2026-06-15,1,
"Fife, WA",Custom-ZIP,Focus,98424,1,0,201802,428588.0,9,42.0,14,0,0.0,0.0,0.0,5.0,179.0,2319.0,630522.0,14.0,0.5882,1.0,ZIP,2026-06-15,1,
"Fife, WA",Custom-ZIP,Focus,98424,1,0,201803,411975.0,7,24.0,12,0,0.0,4.0,0.1053,5.0,193.0,1987.0,671999.0,14.0,0.7143,1.0,ZIP,2026-06-15,1,
"Fife, WA",Custom-ZIP,Focus,98424,1,0,201804,368725.0,8,31.0,18,4,0.1121,2.0,0.0333,11.0,194.0,1898.0,567015.0,19.0,1.4667,1.0,ZIP,2026-06-15,1,
"Fife, WA",Custom-ZIP,Focus,98424,1,0,201805,374850.0,10,18.0,22,8,0.1645,2.0,0.0571,11.0,209.0,1911.0,537889.0,21.0,1.05,1.0,ZIP,2026-06-15,1,
"Fife, WA",Custom-ZIP,Focus,98424,1,0,201806,352500.0,14,28.0,24,4,0.1,8.0,0.1404,13.0,213.0,1855.0,510026.0,27.0,0.9286,1.0,ZIP,2026-06-15,1,
"Fife, WA",Custom-ZIP,Focus,98424,1,0,201807,345250.0,24,17.0,36,0,0.0,8.0,0.0943,14.0,195.0,1820.0,443314.0,38.0,0.5957,0.0,ZIP,2026-06-15,1,
"Fife, WA",Custom-ZIP,Focus,98424,1,0,201808,361225.0,22,32.0,14,8,0.1294,18.0,0.3441,18.0,188.0,1918.0,465275.0,40.0,0.7955,0.0,ZIP,2026-06-15,1,
"Fife, WA",Custom-ZIP,Focus,98424,1,0,201809,359950.0,22,44.0,8,4,0.1026,20.0,0.4364,8.0,187.0,1913.0,467141.0,31.0,0.3636,0.0,ZIP,2026-06-15,1,
"Fife, WA",Custom-ZIP,Focus,98424,1,0,201810,390000.0,16,44.0,10,2,0.0588,12.0,0.3196,9.0,183.0,2040.0,515141.0,25.0,0.5625,0.0,ZIP,2026-06-15,1,
"Fife, WA",Custom-ZIP,Focus,98424,1,0,201811,388500.0,16,60.0,14,4,0.119,6.0,0.2048,5.0,174.0,2184.0,503457.0,21.0,0.3125,0.0,ZIP,2026-06-15,1,
"Fife, WA",Custom-ZIP,Focus,98424,1,0,201812,410000.0,12,57.0,8,0,0.0,0.0,0.0,4.0,178.0,2239.0,574797.0,15.0,0.3333,0.0,ZIP,2026-06-15,1,
"Fife, WA",Custom-ZIP,Focus,98424,1,0,201901,382475.0,6,55.0,6,0,0.0,0.0,0.0,5.0,198.0,2039.0,377354.0,10.0,0.8182,0.0,ZIP,2026-06-15,1,
"Fife, WA",Custom-ZIP,Focus,98424,1,0,201902,399000.0,7,13.0,14,0,0.0,0.0,0.0,4.0,203.0,2065.0,391238.0,12.0,0.5714,1.0,ZIP,2026-06-15,1,
"Fife, WA",Custom-ZIP,Focus,98424,1,0,201903,384786.0,6,7.0,20,0,0.0,0.0,0.0,7.0,195.0,1901.0,379493.0,13.0,1.1667,1.0,ZIP,2026-06-15,1,
"Fife, WA",Custom-ZIP,Focus,98424,1,0,201904,384286.0,4,8.0,22,0,0.0,0.0,0.0,11.0,219.0,1911.0,543721.0,15.0,2.625,1.0,ZIP,2026-06-15,1,
"Fife, WA",Custom-ZIP,Focus,98424,1,0,201905,404500.0,7,16.0,16,0,0.0,0.0,0.0,11.0,209.0,2181.0,671872.0,18.0,1.6923,0.0,ZIP,2026-06-15,1,
"Fife, WA",Custom-ZIP,Focus,98424,1,0,201906,410000.0,11,19.0,28,0,0.0,4.0,0.0784,10.0,192.0,2236.0,575428.0,22.0,0.9091,0.0,ZIP,2026-06-15,1,
"Fife, WA",Custom-ZIP,Focus,98424,1,0,201907,412470.0,11,38.0,14,0,0.0,2.0,0.0606,10.0,188.0,2325.0,557598.0,21.0,0.8636,1.0,ZIP,2026-06-15,1,
"Fife, WA",Custom-ZIP,Focus,98424,1,0,201908,433346.0,11,40.0,12,0,0.0,0.0,0.0,10.0,201.0,2390.0,617314.0,21.0,0.9091,0.0,ZIP,2026-06-15,1,
"Fife, WA",Custom-ZIP,Focus,98424,1,0,201909,428623.0,15,33.0,8,0,0.0,4.0,0.116,12.0,196.0,2457.0,608812.0,27.0,0.8276,0.0,ZIP,2026-06-15,1,
"Fife, WA",Custom-ZIP,Focus,98424,1,0,201910,424963.0,16,31.0,8,0,0.0,4.0,0.1067,13.0,194.0,2510.0,615751.0,29.0,0.8387,0.0,ZIP,2026-06-15,1,
"Fife, WA",Custom-ZIP,Focus,98424,1,0,201911,474500.0,18,42.0,16,0,0.0,4.0,0.1429,10.0,202.0,2208.0,606919.0,28.0,0.5556,0.0,ZIP,2026-06-15,1,
"Fife, WA",Custom-ZIP,Focus,98424,1,0,201912,518675.0,12,74.0,0,0,0.0,0.0,0.0,12.0,195.0,2493.0,702511.0,24.0,0.9583,1.0,ZIP,2026-06-15,1,
"Fife, WA",Custom-ZIP,Focus,98424,1,0,202001,488958.0,6,55.0,4,0,0.0,0.0,0.0,8.0,185.0,2394.0,561236.0,14.0,1.3333,0.0,ZIP,2026-06-15,1,
"Fife, WA",Custom-ZIP,Focus,98424,1,0,202002,422500.0,5,34.0,12,0,0.0,0.0,0.0,7.0,191.0,2129.0,525800.0,12.0,1.4,1.0,ZIP,2026-06-15,1,
"Fife, WA",Custom-ZIP,Focus,98424,1,0,202003,432738.0,8,9.0,18,0,0.0,0.0,0.0,12.0,200.0,2011.0,514758.0,21.0,1.4375,0.0,ZIP,2026-06-15,1,
"Fife, WA",Custom-ZIP,Focus,98424,1,0,202004,432250.0,8,22.0,10,0,0.0,0.0,0.0,11.0,208.0,1960.0,520729.0,18.0,1.4,1.0,ZIP,2026-06-15,1,
"Fife, WA",Custom-ZIP,Focus,98424,1,0,202005,417450.0,11,24.0,12,0,0.0,0.0,0.0,6.0,192.0,2100.0,495980.0,18.0,0.5455,1.0,ZIP,2026-06-15,1,
"Fife, WA",Custom-ZIP,Focus,98424,1,0,202006,457499.0,9,29.0,10,0,0.0,0.0,0.0,12.0,216.0,1880.0,515467.0,20.0,1.4118,0.0,ZIP,2026-06-15,1,
"Fife, WA",Custom-ZIP,Focus,98424,1,0,202007,442500.0,8,14.0,14,0,0.0,0.0,0.0,12.0,220.0,1935.0,511498.0,19.0,1.5,1.0,ZIP,2026-06-15,1,
"Fife, WA",Custom-ZIP,Focus,98424,1,0,202008,435000.0,12,14.0,16,0,0.0,0.0,0.0,15.0,244.0,1884.0,486890.0,26.0,1.25,1.0,ZIP,2026-06-15,1,
"Fife, WA",Custom-ZIP,Focus,98424,1,0,202009,458750.0,8,34.0,12,0,0.0,0.0,0.0,15.0,234.0,1908.0,574634.0,23.0,1.875,0.0,ZIP,2026-06-15,1,
"Fife, WA",Custom-ZIP,Focus,98424,1,0,202010,499975.0,6,48.0,8,0,0.0,0.0,0.0,14.0,253.0,1947.0,656575.0,20.0,2.3333,0.0,ZIP,2026-06-15,1,
"Fife, WA",Custom-ZIP,Focus,98424,1,0,202011,514250.0,6,47.0,14,0,0.0,2.0,0.0541,13.0,299.0,1770.0,721851.0,19.0,2.1667,0.0,ZIP,2026-06-15,1,
"Fife, WA",Custom-ZIP,Focus,98424,1,0,202012,586213.0,4,93.0,6,0,0.0,0.0,0.0,14.0,307.0,1961.0,888074.0,17.0,3.8571,1.0,ZIP,2026-06-15,1,
"Fife, WA",Custom-ZIP,Focus,98424,1,0,202101,499000.0,3,29.0,12,0,0.0,0.0,0.0,8.0,279.0,1961.0,689267.0,10.0,2.6667,1.0,ZIP,2026-06-15,1,
"Fife, WA",Custom-ZIP,Focus,98424,1,0,202102,552488.0,6,23.0,10,0,0.0,0.0,0.0,16.0,265.0,2040.0,872883.0,22.0,2.5833,0.0,ZIP,2026-06-15,1,
"Fife, WA",Custom-ZIP,Focus,98424,1,0,202103,518463.0,5,43.0,12,0,0.0,0.0,0.0,11.0,285.0,2038.0,826739.0,17.0,2.2,1.0,ZIP,2026-06-15,1,
"Fife, WA",Custom-ZIP,Focus,98424,1,0,202104,502000.0,5,31.0,12,0,0.0,0.0,0.0,12.0,279.0,1947.0,817768.0,18.0,2.4,0.0,ZIP,2026-06-15,1,
"Fife, WA",Custom-ZIP,Focus,98424,1,0,202105,660000.0,5,30.0,12,0,0.0,0.0,0.0,13.0,321.0,2105.0,865622.0,19.0,2.6,1.0,ZIP,2026-06-15,1,
"Fife, WA",Custom-ZIP,Focus,98424,1,0,202106,683000.0,8,25.0,12,0,0.0,4.0,0.0741,13.0,286.0,2070.0,815185.0,20.0,1.6667,0.0,ZIP,2026-06-15,1,
"Fife, WA",Custom-ZIP,Focus,98424,1,0,202107,499999.0,7,35.0,16,0,0.0,4.0,0.0816,19.0,290.0,1947.0,724718.0,25.0,2.7143,1.0,ZIP,2026-06-15,1,
"Fife, WA",Custom-ZIP,Focus,98424,1,0,202108,619249.0,8,31.0,12,0,0.0,4.0,0.1021,18.0,286.0,2010.0,730206.0,25.0,2.3333,1.0,ZIP,2026-06-15,1,
"Fife, WA",Custom-ZIP,Focus,98424,1,0,202109,522250.0,8,38.0,10,0,0.0,4.0,0.108,16.0,310.0,1936.0,759232.0,24.0,2.1333,0.0,ZIP,2026-06-15,1,
"Fife, WA",Custom-ZIP,Focus,98424,1,0,202110,649000.0,9,29.0,8,0,0.0,0.0,0.0,14.0,284.0,2284.0,796523.0,22.0,1.5556,0.0,ZIP,2026-06-15,1,
"Fife, WA",Custom-ZIP,Focus,98424,1,0,202111,636288.0,7,40.0,10,0,0.0,0.0,0.0,11.0,259.0,2569.0,850375.0,18.0,1.6923,0.0,ZIP,2026-06-15,1,
"Fife, WA",Custom-ZIP,Focus,98424,1,0,202112,572713.0,6,41.0,6,0,0.0,0.0,0.0,8.0,298.0,2366.0,861930.0,12.0,1.25,1.0,ZIP,2026-06-15,1,
"Fife, WA",Custom-ZIP,Focus,98424,1,0,202201,597475.0,0,47.0,4,0,0.0,0.0,0.0,6.0,262.0,2324.0,555975.0,6.0,,1.0,ZIP,2026-06-15,1,
"Fife, WA",Custom-ZIP,Focus,98424,1,0,202202,518750.0,2,12.0,8,0,0.0,0.0,0.0,6.0,297.0,1807.0,527917.0,8.0,3.6667,0.0,ZIP,2026-06-15,1,
"Fife, WA",Custom-ZIP,Focus,98424,1,0,202203,596500.0,3,13.0,10,0,0.0,0.0,0.0,10.0,280.0,2236.0,703290.0,13.0,3.1667,1.0,ZIP,2026-06-15,1,
"Fife, WA",Custom-ZIP,Focus,98424,1,0,202204,559475.0,3,27.0,8,0,0.0,0.0,0.0,8.0,285.0,1906.0,568000.0,10.0,2.6667,0.0,ZIP,2026-06-15,1,
"Fife, WA",Custom-ZIP,Focus,98424,1,0,202205,552250.0,7,4.0,20,0,0.0,2.0,0.0526,14.0,293.0,1846.0,573345.0,21.0,1.9286,1.0,ZIP,2026-06-15,1,
"Fife, WA",Custom-ZIP,Focus,98424,1,0,202206,602000.0,12,19.0,16,2,0.0541,12.0,0.3462,12.0,281.0,2058.0,621053.0,23.0,0.9583,1.0,ZIP,2026-06-15,1,
"Fife, WA",Custom-ZIP,Focus,98424,1,0,202207,535000.0,9,34.0,12,0,0.0,4.0,0.2105,13.0,289.0,1816.0,537536.0,22.0,1.4444,1.0,ZIP,2026-06-15,1,
"Fife, WA",Custom-ZIP,Focus,98424,1,0,202208,534975.0,10,34.0,8,2,0.0526,4.0,0.1241,6.0,288.0,1816.0,528209.0,17.0,0.55,1.0,ZIP,2026-06-15,1,
"Fife, WA",Custom-ZIP,Focus,98424,1,0,202209,513000.0,9,30.0,8,0,0.0,6.0,0.1917,12.0,280.0,1818.0,514298.0,22.0,1.3333,0.0,ZIP,2026-06-15,1,
"Fife, WA",Custom-ZIP,Focus,98424,1,0,202210,499995.0,8,56.0,4,0,0.0,0.0,0.0,6.0,287.0,1728.0,505993.0,14.0,0.75,1.0,ZIP,2026-06-15,1,
"Fife, WA",Custom-ZIP,Focus,98424,1,0,202211,502488.0,7,53.0,2,0,0.0,2.0,0.1111,6.0,293.0,1614.0,518792.0,13.0,0.8571,1.0,ZIP,2026-06-15,1,
"Fife, WA",Custom-ZIP,Focus,98424,1,0,202212,435000.0,5,95.0,4,0,0.0,0.0,0.0,5.0,285.0,1570.0,461993.0,10.0,1.0,1.0,ZIP,2026-06-15,1,
"Fife, WA",Custom-ZIP,Focus,98424,1,0,202301,479975.0,3,118.0,4,0,0.0,0.0,0.0,3.0,299.0,1476.0,481231.0,6.0,1.0,1.0,ZIP,2026-06-15,1,
"Fife, WA",Custom-ZIP,Focus,98424,1,0,202302,512462.0,4,121.0,2,0,0.0,0.0,0.0,4.0,284.0,1635.0,507317.0,7.0,1.1429,1.0,ZIP,2026-06-15,1,
"Fife, WA",Custom-ZIP,Focus,98424,1,0,202303,499950.0,5,26.0,6,0,0.0,0.0,0.0,3.0,303.0,1507.0,487221.0,7.0,0.5556,1.0,ZIP,2026-06-15,1,
"Fife, WA",Custom-ZIP,Focus,98424,1,0,202304,450000.0,4,12.0,8,0,0.0,0.0,0.0,7.0,294.0,1458.0,477488.0,11.0,1.75,1.0,ZIP,2026-06-15,1,
"Fife, WA",Custom-ZIP,Focus,98424,1,0,202305,482238.0,6,19.0,10,0,0.0,0.0,0.0,10.0,327.0,1480.0,468155.0,17.0,1.6667,1.0,ZIP,2026-06-15,1,
"Fife, WA",Custom-ZIP,Focus,98424,1,0,202306,512138.0,9,23.0,6,0,0.0,4.0,0.169,8.0,316.0,1687.0,512004.0,17.0,0.8824,1.0,ZIP,2026-06-15,1,
"Fife, WA",Custom-ZIP,Focus,98424,1,0,202307,524900.0,7,47.0,8,0,0.0,4.0,0.1818,8.0,296.0,1748.0,510356.0,15.0,1.1429,0.0,ZIP,2026-06-15,1,
"Fife, WA",Custom-ZIP,Focus,98424,1,0,202308,524975.0,11,25.0,8,0,0.0,4.0,0.1909,4.0,304.0,1787.0,559221.0,15.0,0.381,0.0,ZIP,2026-06-15,1,
"Fife, WA",Custom-ZIP,Focus,98424,1,0,202309,519950.0,9,38.0,4,0,0.0,4.0,0.2222,5.0,301.0,1800.0,581950.0,15.0,0.5556,0.0,ZIP,2026-06-15,1,
"Fife, WA",Custom-ZIP,Focus,98424,1,0,202310,532500.0,11,57.0,10,0,0.0,4.0,0.1392,6.0,306.0,1808.0,586405.0,17.0,0.5455,1.0,ZIP,2026-06-15,1,
"Fife, WA",Custom-ZIP,Focus,98424,1,0,202311,523737.0,13,46.0,4,0,0.0,6.0,0.2074,7.0,321.0,1723.0,621408.0,19.0,0.52,1.0,ZIP,2026-06-15,1,
"Fife, WA",Custom-ZIP,Focus,98424,1,0,202312,634999.0,11,63.0,4,0,0.0,0.0,0.0,5.0,313.0,2129.0,674438.0,16.0,0.4545,0.0,ZIP,2026-06-15,1,
"Fife, WA",Custom-ZIP,Focus,98424,1,0,202401,582250.0,10,77.0,4,0,0.0,2.0,0.1333,5.0,314.0,1950.0,669315.0,15.0,0.5,1.0,ZIP,2026-06-15,1,
"Fife, WA",Custom-ZIP,Focus,98424,1,0,202402,691212.0,7,78.0,2,0,0.0,4.0,0.2129,6.0,334.0,2210.0,785689.0,13.0,0.8571,0.0,ZIP,2026-06-15,1,
"Fife, WA",Custom-ZIP,Focus,98424,1,0,202403,634750.0,7,24.0,12,0,0.0,0.0,0.0,8.0,323.0,2259.0,758037.0,15.0,1.1429,1.0,ZIP,2026-06-15,1,
"Fife, WA",Custom-ZIP,Focus,98424,1,0,202404,631075.0,7,34.0,8,0,0.0,0.0,0.0,11.0,334.0,2190.0,756716.0,17.0,1.5,1.0,ZIP,2026-06-15,1,
"Fife, WA",Custom-ZIP,Focus,98424,1,0,202405,632250.0,12,37.0,6,0,0.0,6.0,0.3245,6.0,311.0,2305.0,738849.0,17.0,0.4783,1.0,ZIP,2026-06-15,1,
"Fife, WA",Custom-ZIP,Focus,98424,1,0,202406,614950.0,12,51.0,12,0,0.0,8.0,0.2222,11.0,302.0,2204.0,702946.0,23.0,0.9167,1.0,ZIP,2026-06-15,1,
"Fife, WA",Custom-ZIP,Focus,98424,1,0,202407,594250.0,14,43.0,6,0,0.0,10.0,0.3818,9.0,286.0,2178.0,710225.0,22.0,0.6296,0.0,ZIP,2026-06-15,1,
"Fife, WA",Custom-ZIP,Focus,98424,1,0,202408,589500.0,11,65.0,4,0,0.0,4.0,0.1818,7.0,313.0,2151.0,825562.0,18.0,0.6364,1.0,ZIP,2026-06-15,1,
"Fife, WA",Custom-ZIP,Focus,98424,1,0,202409,610575.0,11,39.0,10,0,0.0,2.0,0.0667,7.0,320.0,2120.0,814793.0,17.0,0.619,1.0,ZIP,2026-06-15,1,
"Fife, WA",Custom-ZIP,Focus,98424,1,0,202410,707988.0,10,33.0,8,0,0.0,10.0,0.3542,10.0,341.0,2469.0,867860.0,20.0,1.0,0.0,ZIP,2026-06-15,1,
"Fife, WA",Custom-ZIP,Focus,98424,1,0,202411,650000.0,10,47.0,4,0,0.0,4.0,0.2105,6.0,279.0,2490.0,837700.0,15.0,0.6,0.0,ZIP,2026-06-15,1,
"Fife, WA",Custom-ZIP,Focus,98424,1,0,202412,733738.0,9,48.0,4,0,0.0,0.0,0.0,6.0,295.0,2807.0,933034.0,16.0,0.6667,0.0,ZIP,2026-06-15,1,
"Fife, WA",Custom-ZIP,Focus,98424,1,0,202501,564700.0,5,58.0,0,0,0.0,0.0,0.0,5.0,297.0,2115.0,766711.0,10.0,1.0,1.0,ZIP,2026-06-15,1,
"Fife, WA",Custom-ZIP,Focus,98424,1,0,202502,530000.0,8,24.0,2,0,0.0,2.0,0.1111,6.0,307.0,1741.0,542771.0,14.0,0.8,1.0,ZIP,2026-06-15,1,
"Fife, WA",Custom-ZIP,Focus,98424,1,0,202503,539950.0,4,43.0,4,0,0.0,0.0,0.0,6.0,318.0,1816.0,556971.0,10.0,1.5,1.0,ZIP,2026-06-15,1,
"Fife, WA",Custom-ZIP,Focus,98424,1,0,202504,548750.0,6,12.0,8,0,0.0,2.0,0.1053,8.0,357.0,1514.0,585927.0,14.0,1.3636,1.0,ZIP,2026-06-15,1,
"Fife, WA",Custom-ZIP,Focus,98424,1,0,202505,596500.0,5,27.0,4,0,0.0,0.0,0.0,12.0,358.0,1935.0,594700.0,17.0,2.4,0.0,ZIP,2026-06-15,1,
"Fife, WA",Custom-ZIP,Focus,98424,1,0,202506,642450.0,11,27.0,10,0,0.0,6.0,0.201,11.0,312.0,2400.0,685434.0,21.0,1.0,0.0,ZIP,2026-06-15,1,
"Fife, WA",Custom-ZIP,Focus,98424,1,0,202507,584825.0,10,26.0,12,0,0.0,2.0,0.05,11.0,322.0,2045.0,659131.0,21.0,1.1,1.0,ZIP,2026-06-15,1,
"Fife, WA",Custom-ZIP,Focus,98424,1,0,202508,549999.0,14,29.0,8,0,0.0,8.0,0.2424,8.0,327.0,1718.0,614581.0,23.0,0.5714,1.0,ZIP,2026-06-15,1,
"Fife, WA",Custom-ZIP,Focus,98424,1,0,202509,579988.0,17,39.0,6,0,0.0,2.0,0.0465,11.0,321.0,1852.0,632828.0,27.0,0.6364,0.0,ZIP,2026-06-15,1,
"Fife, WA",Custom-ZIP,Focus,98424,1,0,202510,545000.0,13,45.0,4,0,0.0,6.0,0.2251,11.0,323.0,1711.0,596538.0,23.0,0.88,1.0,ZIP,2026-06-15,1,
"Fife, WA",Custom-ZIP,Focus,98424,1,0,202511,532500.0,11,56.0,4,0,0.0,4.0,0.1905,6.0,327.0,1766.0,578599.0,17.0,0.5455,1.0,ZIP,2026-06-15,1,
"Fife, WA",Custom-ZIP,Focus,98424,1,0,202512,532000.0,10,64.0,2,0,0.0,0.0,0.0,5.0,344.0,1676.0,643443.0,15.0,0.5263,1.0,ZIP,2026-06-15,1,
"Fife, WA",Custom-ZIP,Focus,98424,1,0,202601,577500.0,10,69.0,4,0,0.0,0.0,0.0,4.0,339.0,1856.0,646479.0,14.0,0.4,0.0,ZIP,2026-06-15,1,
"Fife, WA",Custom-ZIP,Focus,98424,1,0,202602,625000.0,12,45.0,2,0,0.0,4.0,0.2086,7.0,367.0,1948.0,930942.0,18.0,0.5652,0.0,ZIP,2026-06-15,1,
"Fife, WA",Custom-ZIP,Focus,98424,1,0,202603,655000.0,9,44.0,8,0,0.0,0.0,0.0,11.0,392.0,1989.0,1157320.0,20.0,1.1667,1.0,ZIP,2026-06-15,1,
"Fife, WA",Custom-ZIP,Focus,98424,1,0,202604,651500.0,12,44.0,4,0,0.0,4.0,0.1756,7.0,346.0,2107.0,1056334.0,18.0,0.5652,1.0,ZIP,2026-06-15,1,
"Fife, WA",Custom-ZIP,Focus,98424,1,0,202605,627450.0,18,36.0,8,0,0.0,12.0,0.2667,6.0,340.0,1949.0,870544.0,25.0,0.3333,1.0,ZIP,2026-06-15,1,
Port of Tacoma,Custom-ZIP,Benchmark,98421,1,0,202002,475000.0,1,16.0,0,0,0.0,0.0,0.0,,323.0,1472.0,475000.0,1.0,,0.0,ZIP,2026-06-15,1,
Port of Tacoma,Custom-ZIP,Benchmark,98421,1,0,202003,475000.0,1,48.0,0,0,0.0,0.0,0.0,,323.0,1472.0,475000.0,1.0,,0.0,ZIP,2026-06-15,1,
Port of Tacoma,Custom-ZIP,Benchmark,98421,1,0,202004,475000.0,1,76.0,0,0,0.0,0.0,0.0,,323.0,1472.0,475000.0,1.0,,0.0,ZIP,2026-06-15,1,
Port of Tacoma,Custom-ZIP,Benchmark,98421,1,0,202005,475000.0,1,96.0,0,0,0.0,0.0,0.0,,323.0,1472.0,475000.0,1.0,,0.0,ZIP,2026-06-15,1,
Pierce County,County,Broad,53053,1,0,201607,325000.0,2209,31.0,1724,28,0.007,912.0,0.2294,,163.0,2112.0,432452.0,2209.0,,,County,2026-06-15,1,
Pierce County,County,Broad,53053,1,0,201608,324970.0,2341,37.0,1676,40,0.0098,944.0,0.2374,1.0,162.0,2123.0,428011.0,2341.0,0.0004,,County,2026-06-15,1,
Pierce County,County,Broad,53053,1,0,201609,319500.0,2369,40.0,1446,34,0.0092,974.0,0.2567,1.0,163.0,2127.0,427205.0,2370.0,0.0004,,County,2026-06-15,1,
Pierce County,County,Broad,53053,1,0,201610,315000.0,2214,47.0,1220,36,0.0095,748.0,0.2278,,163.0,2091.0,423016.0,2214.0,,,County,2026-06-15,1,
Pierce County,County,Broad,53053,1,0,201611,314975.0,1904,52.0,852,16,0.0061,540.0,0.1878,,165.0,2049.0,425995.0,1904.0,,,County,2026-06-15,1,
Pierce County,County,Broad,53053,1,0,201612,325998.0,1563,58.0,880,8,0.0037,328.0,0.1319,,165.0,2083.0,431365.0,1563.0,,,County,2026-06-15,1,
Pierce County,County,Broad,53053,1,0,201701,333054.0,1333,57.0,962,48,0.0213,332.0,0.1461,,166.0,2098.0,436653.0,1333.0,,,County,2026-06-15,1,
Pierce County,County,Broad,53053,1,0,201702,349950.0,1159,39.0,1112,48,0.0192,272.0,0.1176,,168.0,2174.0,464472.0,1159.0,,,County,2026-06-15,1,
Pierce County,County,Broad,53053,1,0,201703,356640.0,1175,25.0,1368,72,0.0273,246.0,0.0979,0.0,173.0,2179.0,473172.0,1175.0,0.0,,County,2026-06-15,1,
Pierce County,County,Broad,53053,1,0,201704,369900.0,1176,24.0,1488,32,0.012,292.0,0.114,,174.0,2205.0,483079.0,1176.0,,,County,2026-06-15,1,
Pierce County,County,Broad,53053,1,0,201705,371850.0,1429,18.0,1858,46,0.0142,440.0,0.133,,177.0,2182.0,477695.0,1429.0,,,County,2026-06-15,1,
Pierce County,County,Broad,53053,1,0,201706,378700.0,1655,23.0,1800,56,0.0163,594.0,0.1676,,180.0,2199.0,481920.0,1655.0,,,County,2026-06-15,1,
Pierce County,County,Broad,53053,1,0,201707,370000.0,1924,26.0,1740,48,0.0126,744.0,0.2061,83.0,181.0,2172.0,478857.0,1924.0,0.0431,0.0,County,2026-06-15,1,
Pierce County,County,Broad,53053,1,0,201708,364750.0,2018,30.0,1746,48,0.0124,818.0,0.2145,113.0,180.0,2150.0,472538.0,2136.0,0.0557,0.0,County,2026-06-15,1,
Pierce County,County,Broad,53053,1,0,201709,364995.0,1994,38.0,1876,76,0.0214,892.0,0.2294,1195.0,179.0,2176.0,470352.0,3189.0,0.5993,0.0,County,2026-06-15,1,
Pierce County,County,Broad,53053,1,0,201710,360000.0,1878,42.0,1824,390,0.08,966.0,0.1976,1173.0,179.0,2131.0,460912.0,3051.0,0.6243,0.0,County,2026-06-15,1,
Pierce County,County,Broad,53053,1,0,201711,366975.0,1601,48.0,1502,314,0.0797,700.0,0.1709,1108.0,179.0,2156.0,460827.0,2715.0,0.692,1.0,County,2026-06-15,1,
Pierce County,County,Broad,53053,1,0,201712,378773.0,1333,54.0,1188,332,0.0947,448.0,0.1347,926.0,182.0,2183.0,470364.0,2259.0,0.6947,0.0,County,2026-06-15,1,
Pierce County,County,Broad,53053,1,0,201801,394344.0,1137,53.0,1276,276,0.0826,492.0,0.1513,846.0,184.0,2222.0,484593.0,1984.0,0.7441,0.0,County,2026-06-15,1,
Pierce County,County,Broad,53053,1,0,201802,412200.0,1073,36.0,1538,316,0.0897,418.0,0.1186,961.0,184.0,2290.0,500284.0,2029.0,0.896,0.0,County,2026-06-15,1,
Pierce County,County,Broad,53053,1,0,201803,425000.0,1068,30.0,1804,452,0.1123,392.0,0.0994,1041.0,188.0,2244.0,516692.0,2122.0,0.9747,0.0,County,2026-06-15,1,
Pierce County,County,Broad,53053,1,0,201804,423169.0,1162,26.0,2158,538,0.1164,502.0,0.1085,1209.0,193.0,2240.0,521900.0,2371.0,1.0409,0.0,County,2026-06-15,1,
Pierce County,County,Broad,53053,1,0,201805,417500.0,1382,24.0,2458,504,0.0991,580.0,0.1126,1613.0,197.0,2246.0,516104.0,2994.0,1.1672,0.0,County,2026-06-15,1,
Pierce County,County,Broad,53053,1,0,201806,419000.0,1634,28.0,2344,596,0.1049,804.0,0.1444,1703.0,196.0,2272.0,508921.0,3337.0,1.0422,0.0,County,2026-06-15,1,
Pierce County,County,Broad,53053,1,0,201807,409925.0,1933,30.0,2264,510,0.0856,1102.0,0.1847,1585.0,197.0,2219.0,500846.0,3523.0,0.8199,0.0,County,2026-06-15,1,
Pierce County,County,Broad,53053,1,0,201808,399475.0,2105,33.0,2314,500,0.0836,1298.0,0.2229,1528.0,197.0,2173.0,491660.0,3633.0,0.7257,0.0,County,2026-06-15,1,
Pierce County,County,Broad,53053,1,0,201809,395000.0,2246,38.0,1876,400,0.0746,1384.0,0.2389,1387.0,197.0,2132.0,483372.0,3669.0,0.6175,0.0,County,2026-06-15,1,
Pierce County,County,Broad,53053,1,0,201810,395000.0,2199,44.0,1684,368,0.072,1254.0,0.2499,1240.0,195.0,2139.0,482610.0,3440.0,0.564,0.0,County,2026-06-15,1,
Pierce County,County,Broad,53053,1,0,201811,399556.0,1938,51.0,1382,234,0.0576,932.0,0.2005,1188.0,197.0,2155.0,485843.0,3127.0,0.6129,0.0,County,2026-06-15,1,
Pierce County,County,Broad,53053,1,0,201812,413475.0,1673,61.0,972,220,0.0708,608.0,0.1701,948.0,198.0,2170.0,490574.0,2586.0,0.5666,0.0,County,2026-06-15,1,
Pierce County,County,Broad,53053,1,0,201901,419925.0,1379,61.0,1194,220,0.0637,570.0,0.1732,865.0,201.0,2208.0,497381.0,2236.0,0.6271,0.0,County,2026-06-15,1,
Pierce County,County,Broad,53053,1,0,201902,437000.0,1256,41.0,1190,196,0.0612,360.0,0.1063,943.0,202.0,2239.0,509264.0,2191.0,0.7508,0.0,County,2026-06-15,1,
Pierce County,County,Broad,53053,1,0,201903,441429.0,1187,32.0,1432,184,0.0492,332.0,0.0887,1123.0,204.0,2239.0,522407.0,2310.0,0.9461,0.0,County,2026-06-15,1,
Pierce County,County,Broad,53053,1,0,201904,450000.0,1165,23.0,1916,136,0.0305,316.0,0.0716,1397.0,206.0,2274.0,538915.0,2558.0,1.1991,0.0,County,2026-06-15,1,
Pierce County,County,Broad,53053,1,0,201905,452345.0,1393,24.0,2334,46,0.0086,596.0,0.1077,1459.0,208.0,2245.0,533557.0,2855.0,1.0474,0.0,County,2026-06-15,1,
Pierce County,County,Broad,53053,1,0,201906,449245.0,1539,30.0,2240,56,0.0102,656.0,0.1197,1567.0,207.0,2239.0,532096.0,3113.0,1.0182,0.0,County,2026-06-15,1,
Pierce County,County,Broad,53053,1,0,201907,439925.0,1634,35.0,2138,56,0.0101,772.0,0.1403,1521.0,206.0,2245.0,533454.0,3161.0,0.9308,0.0,County,2026-06-15,1,
Pierce County,County,Broad,53053,1,0,201908,428636.0,1713,38.0,1780,52,0.0104,700.0,0.1407,1491.0,208.0,2172.0,521840.0,3203.0,0.8704,0.0,County,2026-06-15,1,
Pierce County,County,Broad,53053,1,0,201909,426591.0,1763,41.0,1330,56,0.0124,638.0,0.1413,1424.0,209.0,2147.0,516379.0,3185.0,0.8077,0.0,County,2026-06-15,1,
Pierce County,County,Broad,53053,1,0,201910,424975.0,1779,43.0,996,72,0.0179,596.0,0.1417,1379.0,209.0,2114.0,512420.0,3161.0,0.7751,0.0,County,2026-06-15,1,
Pierce County,County,Broad,53053,1,0,201911,425000.0,1551,45.0,836,64,0.0194,468.0,0.127,1246.0,211.0,2091.0,511204.0,2848.0,0.8034,0.0,County,2026-06-15,1,
Pierce County,County,Broad,53053,1,0,201912,442500.0,1204,55.0,592,60,0.0209,188.0,0.0617,1064.0,214.0,2157.0,532459.0,2265.0,0.8837,0.0,County,2026-06-15,1,
Pierce County,County,Broad,53053,1,0,202001,450000.0,995,59.0,626,62,0.025,164.0,0.063,923.0,216.0,2152.0,547926.0,1922.0,0.9271,0.0,County,2026-06-15,1,
Pierce County,County,Broad,53053,1,0,202002,459900.0,1017,31.0,968,112,0.0325,172.0,0.0515,1071.0,220.0,2163.0,563061.0,2091.0,1.0531,0.0,County,2026-06-15,1,
Pierce County,County,Broad,53053,1,0,202003,464950.0,1092,24.0,1244,62,0.0174,184.0,0.0516,1333.0,225.0,2133.0,556632.0,2422.0,1.2202,0.0,County,2026-06-15,1,
Pierce County,County,Broad,53053,1,0,202004,458450.0,1234,29.0,912,88,0.0246,282.0,0.0812,1307.0,229.0,2097.0,561771.0,2535.0,1.0592,0.0,County,2026-06-15,1,
Pierce County,County,Broad,53053,1,0,202005,454995.0,1369,36.0,1212,68,0.0165,320.0,0.0796,1439.0,231.0,2048.0,558999.0,2841.0,1.0511,0.0,County,2026-06-15,1,
Pierce County,County,Broad,53053,1,0,202006,467500.0,1342,35.0,1302,106,0.0242,274.0,0.0636,1687.0,232.0,2098.0,566206.0,3021.0,1.2571,0.0,County,2026-06-15,1,
Pierce County,County,Broad,53053,1,0,202007,479948.0,1314,30.0,1386,156,0.0338,324.0,0.0731,1754.0,234.0,2101.0,582047.0,3066.0,1.3354,0.0,County,2026-06-15,1,
Pierce County,County,Broad,53053,1,0,202008,475000.0,1323,29.0,1324,116,0.0271,324.0,0.07,1894.0,236.0,2080.0,580830.0,3227.0,1.4316,0.0,County,2026-06-15,1,
Pierce County,County,Broad,53053,1,0,202009,474963.0,1273,32.0,1608,114,0.025,380.0,0.0793,1896.0,239.0,2050.0,578426.0,3176.0,1.489,0.0,County,2026-06-15,1,
Pierce County,County,Broad,53053,1,0,202010,469950.0,1202,34.0,1240,116,0.0267,272.0,0.066,1859.0,243.0,2025.0,583103.0,3060.0,1.5466,0.0,County,2026-06-15,1,
Pierce County,County,Broad,53053,1,0,202011,489750.0,728,38.0,926,84,0.0229,200.0,0.0525,2006.0,249.0,1999.0,616488.0,2733.0,2.7548,0.0,County,2026-06-15,1,
Pierce County,County,Broad,53053,1,0,202012,497475.0,558,42.0,804,88,0.029,106.0,0.0344,1717.0,249.0,2012.0,610253.0,2275.0,3.0798,0.0,County,2026-06-15,1,
Pierce County,County,Broad,53053,1,0,202101,499975.0,453,36.0,900,116,0.0425,72.0,0.0254,1463.0,259.0,1957.0,625967.0,1904.0,3.2296,0.0,County,2026-06-15,1,
Pierce County,County,Broad,53053,1,0,202102,489490.0,431,22.0,938,86,0.0287,54.0,0.0179,1612.0,262.0,1898.0,626129.0,2056.0,3.739,1.0,County,2026-06-15,1,
Pierce County,County,Broad,53053,1,0,202103,512450.0,517,18.0,1438,98,0.0258,94.0,0.0254,1744.0,268.0,1928.0,647860.0,2294.0,3.3766,0.0,County,2026-06-15,1,
Pierce County,County,Broad,53053,1,0,202104,522111.0,544,21.0,1364,80,0.0224,100.0,0.0265,1910.0,272.0,1947.0,651320.0,2448.0,3.511,0.0,County,2026-06-15,1,
Pierce County,County,Broad,53053,1,0,202105,524950.0,663,15.0,1472,64,0.0165,172.0,0.0402,2027.0,272.0,1939.0,638782.0,2709.0,3.0573,0.0,County,2026-06-15,1,
Pierce County,County,Broad,53053,1,0,202106,527500.0,745,18.0,1476,60,0.0118,254.0,0.0556,2141.0,275.0,1977.0,655696.0,2872.0,2.8758,0.0,County,2026-06-15,1,
Pierce County,County,Broad,53053,1,0,202107,540000.0,844,23.0,1416,48,0.0113,260.0,0.0611,1970.0,280.0,1947.0,649375.0,2837.0,2.3341,0.0,County,2026-06-15,1,
Pierce County,County,Broad,53053,1,0,202108,547500.0,903,25.0,1444,36,0.0083,422.0,0.0963,1956.0,283.0,1960.0,642069.0,2875.0,2.1673,0.0,County,2026-06-15,1,
Pierce County,County,Broad,53053,1,0,202109,552475.0,975,29.0,1294,48,0.012,446.0,0.1065,1838.0,285.0,1990.0,655388.0,2807.0,1.8861,0.0,County,2026-06-15,1,
Pierce County,County,Broad,53053,1,0,202110,557200.0,901,32.0,1184,36,0.0093,436.0,0.1116,1775.0,286.0,1997.0,656452.0,2686.0,1.97,0.0,County,2026-06-15,1,
Pierce County,County,Broad,53053,1,0,202111,555000.0,733,35.0,896,44,0.0131,280.0,0.085,1659.0,286.0,1992.0,664982.0,2395.0,2.2633,0.0,County,2026-06-15,1,
Pierce County,County,Broad,53053,1,0,202112,544975.0,510,39.0,692,58,0.0247,142.0,0.0539,1389.0,293.0,1927.0,665745.0,1897.0,2.7252,0.0,County,2026-06-15,1,
Pierce County,County,Broad,53053,1,0,202201,572475.0,363,39.0,700,60,0.0269,60.0,0.0269,1083.0,300.0,1947.0,702668.0,1448.0,2.9835,0.0,County,2026-06-15,1,
Pierce County,County,Broad,53053,1,0,202202,582475.0,393,21.0,992,54,0.0204,66.0,0.0249,1279.0,306.0,1958.0,727993.0,1659.0,3.2532,0.0,County,2026-06-15,1,
Pierce County,County,Broad,53053,1,0,202203,577450.0,463,19.0,1146,70,0.0226,100.0,0.0323,1459.0,309.0,1967.0,730917.0,1923.0,3.1535,0.0,County,2026-06-15,1,
Pierce County,County,Broad,53053,1,0,202204,599450.0,534,21.0,1316,48,0.0154,188.0,0.0552,1529.0,311.0,1968.0,723190.0,2090.0,2.8633,0.0,County,2026-06-15,1,
Pierce County,County,Broad,53053,1,0,202205,629925.0,938,16.0,1684,42,0.0103,506.0,0.1162,1562.0,308.0,2101.0,721682.0,2493.0,1.6647,1.0,County,2026-06-15,1,
Pierce County,County,Broad,53053,1,0,202206,622481.0,1266,23.0,1586,30,0.007,884.0,0.1991,1538.0,310.0,2104.0,730285.0,2802.0,1.2149,1.0,County,2026-06-15,1,
Pierce County,County,Broad,53053,1,0,202207,599990.0,1706,28.0,1432,24,0.0057,1228.0,0.2735,1344.0,306.0,2096.0,706825.0,3050.0,0.7878,1.0,County,2026-06-15,1,
Pierce County,County,Broad,53053,1,0,202208,599950.0,1746,36.0,1116,22,0.0052,1126.0,0.269,1386.0,301.0,2107.0,697171.0,3097.0,0.794,1.0,County,2026-06-15,1,
Pierce County,County,Broad,53053,1,0,202209,592000.0,1655,43.0,916,18,0.0047,1040.0,0.2724,1263.0,299.0,2079.0,691601.0,2918.0,0.7631,1.0,County,2026-06-15,1,
Pierce County,County,Broad,53053,1,0,202210,579980.0,1612,45.0,812,12,0.0034,992.0,0.296,1048.0,297.0,2024.0,680746.0,2654.0,0.6501,1.0,County,2026-06-15,1,
Pierce County,County,Broad,53053,1,0,202211,579725.0,1525,49.0,574,14,0.0049,786.0,0.2728,786.0,293.0,2038.0,678952.0,2308.0,0.5153,1.0,County,2026-06-15,1,
Pierce County,County,Broad,53053,1,0,202212,584475.0,1277,63.0,344,16,0.0061,436.0,0.1864,646.0,293.0,2063.0,684798.0,1923.0,0.5059,1.0,County,2026-06-15,1,
Pierce County,County,Broad,53053,1,0,202301,594925.0,1051,72.0,546,28,0.0124,462.0,0.208,640.0,294.0,2067.0,700865.0,1691.0,0.6089,1.0,County,2026-06-15,1,
Pierce County,County,Broad,53053,1,0,202302,599015.0,866,60.0,630,24,0.0103,300.0,0.1295,857.0,293.0,2106.0,708128.0,1713.0,0.989,1.0,County,2026-06-15,1,
Pierce County,County,Broad,53053,1,0,202303,614975.0,777,40.0,832,40,0.0163,282.0,0.1146,920.0,300.0,2200.0,743058.0,1698.0,1.184,1.0,County,2026-06-15,1,
Pierce County,County,Broad,53053,1,0,202304,625000.0,704,37.0,804,56,0.0224,216.0,0.0873,971.0,309.0,2174.0,773188.0,1683.0,1.3793,1.0,County,2026-06-15,1,
Pierce County,County,Broad,53053,1,0,202305,627498.0,812,29.0,982,36,0.0132,300.0,0.1065,1040.0,310.0,2149.0,763888.0,1862.0,1.281,0.0,County,2026-06-15,1,
Pierce County,County,Broad,53053,1,0,202306,635000.0,963,29.0,1054,42,0.0138,450.0,0.1426,1136.0,314.0,2164.0,786853.0,2099.0,1.1796,0.0,County,2026-06-15,1,
Pierce County,County,Broad,53053,1,0,202307,635000.0,1029,35.0,896,40,0.0135,484.0,0.1595,1052.0,315.0,2132.0,796868.0,2070.0,1.0224,0.0,County,2026-06-15,1,
Pierce County,County,Broad,53053,1,0,202308,629970.0,1136,36.0,856,28,0.0097,534.0,0.1858,978.0,316.0,2133.0,801106.0,2103.0,0.8609,0.0,County,2026-06-15,1,
Pierce County,County,Broad,53053,1,0,202309,631503.0,1137,39.0,704,20,0.007,564.0,0.1962,885.0,314.0,2151.0,802637.0,2015.0,0.7784,0.0,County,2026-06-15,1,
Pierce County,County,Broad,53053,1,0,202310,636275.0,1173,44.0,728,52,0.016,568.0,0.2059,830.0,315.0,2118.0,799144.0,2003.0,0.7072,0.0,County,2026-06-15,1,
Pierce County,County,Broad,53053,1,0,202311,619950.0,1397,47.0,714,74,0.0251,564.0,0.1866,880.0,313.0,2092.0,760797.0,2282.0,0.6296,0.0,County,2026-06-15,1,
Pierce County,County,Broad,53053,1,0,202312,619450.0,1247,56.0,496,36,0.0147,356.0,0.1372,828.0,311.0,2108.0,750715.0,2075.0,0.664,0.0,County,2026-06-15,1,
Pierce County,County,Broad,53053,1,0,202401,627000.0,1007,60.0,624,80,0.0313,296.0,0.1163,914.0,316.0,2105.0,768263.0,1921.0,0.9076,0.0,County,2026-06-15,1,
Pierce County,County,Broad,53053,1,0,202402,635000.0,981,44.0,818,76,0.0266,296.0,0.1059,1022.0,321.0,2114.0,772612.0,1991.0,1.0418,0.0,County,2026-06-15,1,
Pierce County,County,Broad,53053,1,0,202403,635000.0,1008,34.0,912,84,0.0263,372.0,0.1212,1129.0,319.0,2121.0,763480.0,2161.0,1.12,0.0,County,2026-06-15,1,
Pierce County,County,Broad,53053,1,0,202404,625000.0,1209,31.0,1228,52,0.0143,458.0,0.1245,1289.0,323.0,2049.0,756875.0,2498.0,1.0666,0.0,County,2026-06-15,1,
Pierce County,County,Broad,53053,1,0,202405,627500.0,1536,28.0,1304,64,0.016,622.0,0.1481,1306.0,321.0,2094.0,755683.0,2826.0,0.8499,0.0,County,2026-06-15,1,
Pierce County,County,Broad,53053,1,0,202406,635000.0,1723,33.0,1316,56,0.0125,884.0,0.2013,1351.0,319.0,2123.0,760470.0,3060.0,0.7841,0.0,County,2026-06-15,1,
Pierce County,County,Broad,53053,1,0,202407,632500.0,1928,37.0,1212,52,0.0122,1042.0,0.2285,1262.0,319.0,2112.0,762071.0,3187.0,0.6547,0.0,County,2026-06-15,1,
Pierce County,County,Broad,53053,1,0,202408,635000.0,1968,43.0,1072,44,0.0099,924.0,0.2268,1248.0,319.0,2100.0,758365.0,3209.0,0.6341,0.0,County,2026-06-15,1,
Pierce County,County,Broad,53053,1,0,202409,628000.0,1977,47.0,1000,54,0.013,912.0,0.2178,1200.0,318.0,2095.0,756817.0,3177.0,0.6067,0.0,County,2026-06-15,1,
Pierce County,County,Broad,53053,1,0,202410,622475.0,1913,51.0,852,82,0.0206,868.0,0.218,1218.0,317.0,2080.0,755781.0,3130.0,0.6364,0.0,County,2026-06-15,1,
Pierce County,County,Broad,53053,1,0,202411,612925.0,1754,54.0,740,44,0.0134,652.0,0.1737,1076.0,318.0,2069.0,748211.0,2830.0,0.6135,0.0,County,2026-06-15,1,
Pierce County,County,Broad,53053,1,0,202412,603400.0,1438,60.0,500,28,0.009,346.0,0.1204,920.0,318.0,2058.0,737106.0,2357.0,0.64,0.0,County,2026-06-15,1,
Pierce County,County,Broad,53053,1,0,202501,622438.0,1247,64.0,732,58,0.0194,422.0,0.1442,865.0,319.0,2075.0,743315.0,2107.0,0.6935,0.0,County,2026-06-15,1,
Pierce County,County,Broad,53053,1,0,202502,625000.0,1241,47.0,840,54,0.0178,442.0,0.1415,1018.0,320.0,2090.0,753384.0,2263.0,0.8203,0.0,County,2026-06-15,1,
Pierce County,County,Broad,53053,1,0,202503,636475.0,1296,37.0,1032,40,0.0113,460.0,0.1331,1095.0,323.0,2091.0,760538.0,2395.0,0.8449,0.0,County,2026-06-15,1,
Pierce County,County,Broad,53053,1,0,202504,649970.0,1513,36.0,1282,48,0.0123,644.0,0.1652,1151.0,327.0,2109.0,773856.0,2671.0,0.761,0.0,County,2026-06-15,1,
Pierce County,County,Broad,53053,1,0,202505,649850.0,1897,34.0,1428,40,0.0091,836.0,0.194,1203.0,326.0,2096.0,771984.0,3111.0,0.6342,0.0,County,2026-06-15,1,
Pierce County,County,Broad,53053,1,0,202506,654995.0,2241,36.0,1424,48,0.0101,1176.0,0.2385,1232.0,323.0,2137.0,778119.0,3472.0,0.5499,0.0,County,2026-06-15,1,
Pierce County,County,Broad,53053,1,0,202507,650000.0,2428,41.0,1226,48,0.0094,1252.0,0.253,1253.0,321.0,2124.0,766977.0,3678.0,0.5161,0.0,County,2026-06-15,1,
Pierce County,County,Broad,53053,1,0,202508,639000.0,2457,46.0,1136,60,0.0128,1176.0,0.2387,1235.0,316.0,2117.0,755420.0,3699.0,0.5026,0.0,County,2026-06-15,1,
Pierce County,County,Broad,53053,1,0,202509,629975.0,2499,51.0,1068,54,0.0115,1240.0,0.2616,1176.0,314.0,2118.0,749561.0,3670.0,0.4707,0.0,County,2026-06-15,1,
Pierce County,County,Broad,53053,1,0,202510,627000.0,2415,56.0,918,36,0.0083,1180.0,0.2629,1143.0,314.0,2090.0,745733.0,3561.0,0.4732,0.0,County,2026-06-15,1,
Pierce County,County,Broad,53053,1,0,202511,624777.0,2181,59.0,724,52,0.0128,788.0,0.2086,1040.0,313.0,2072.0,740128.0,3218.0,0.4768,0.0,County,2026-06-15,1,
Pierce County,County,Broad,53053,1,0,202512,622450.0,1752,70.0,444,30,0.0107,390.0,0.1259,904.0,314.0,2063.0,741589.0,2655.0,0.5157,0.0,County,2026-06-15,1,
Pierce County,County,Broad,53053,1,0,202601,624990.0,1538,79.0,760,52,0.0161,508.0,0.1517,828.0,313.0,2068.0,744573.0,2413.0,0.5384,0.0,County,2026-06-15,1,
Pierce County,County,Broad,53053,1,0,202602,636890.0,1545,51.0,926,58,0.016,524.0,0.1512,1043.0,316.0,2107.0,759381.0,2590.0,0.675,0.0,County,2026-06-15,1,
Pierce County,County,Broad,53053,1,0,202603,645006.0,1635,39.0,1070,60,0.0154,670.0,0.172,1181.0,317.0,2139.0,772904.0,2826.0,0.7222,0.0,County,2026-06-15,1,
Pierce County,County,Broad,53053,1,0,202604,649450.0,1854,37.0,1336,48,0.0105,726.0,0.1596,1294.0,317.0,2121.0,776267.0,3145.0,0.6979,0.0,County,2026-06-15,1,
Pierce County,County,Broad,53053,1,0,202605,649000.0,2307,36.0,1444,48,0.0097,1080.0,0.2065,1397.0,316.0,2125.0,780428.0,3707.0,0.6055,0.0,County,2026-06-15,1,
Puget Sound Region,Custom-County,Benchmark,53061,1,0,201607,399950.0,1262,23.0,1248,28,0.0113,460.0,0.1673,0.0,208.0,2002.0,487879.0,1262.0,0.0,,County,2026-06-15,1,
Puget Sound Region,Custom-County,Benchmark,53033,1,0,201607,575000.0,3232,22.0,3408,52,0.0078,992.0,0.1501,,278.0,2200.0,906263.0,3232.0,,,County,2026-06-15,1,
Puget Sound Region,Custom-County,Benchmark,53035,1,0,201607,375750.0,738,36.0,536,4,0.0033,276.0,0.2137,,177.0,2155.0,516739.0,738.0,,,County,2026-06-15,1,
Puget Sound Region,Custom-County,Benchmark,53053,1,0,201607,325000.0,2209,31.0,1724,28,0.007,912.0,0.2294,,163.0,2112.0,432452.0,2209.0,,,County,2026-06-15,1,
Puget Sound Region,Custom-County,Benchmark,53035,1,0,201608,369000.0,828,37.0,592,12,0.0083,316.0,0.2303,,176.0,2099.0,503857.0,828.0,,,County,2026-06-15,1,
Puget Sound Region,Custom-County,Benchmark,53053,1,0,201608,324970.0,2341,37.0,1676,40,0.0098,944.0,0.2374,1.0,162.0,2123.0,428011.0,2341.0,0.0004,,County,2026-06-15,1,
Puget Sound Region,Custom-County,Benchmark,53061,1,0,201608,396500.0,1432,24.0,1352,18,0.0068,520.0,0.1892,,207.0,1987.0,477743.0,1432.0,,,County,2026-06-15,1,
Puget Sound Region,Custom-County,Benchmark,53033,1,0,201608,564000.0,3350,23.0,3216,54,0.0084,1050.0,0.1603,,279.0,2184.0,918020.0,3350.0,,,County,2026-06-15,1,
Puget Sound Region,Custom-County,Benchmark,53033,1,0,201609,552248.0,3326,27.0,2774,40,0.0068,1096.0,0.1806,,277.0,2154.0,892959.0,3326.0,,,County,2026-06-15,1,
Puget Sound Region,Custom-County,Benchmark,53053,1,0,201609,319500.0,2369,40.0,1446,34,0.0092,974.0,0.2567,1.0,163.0,2127.0,427205.0,2370.0,0.0004,,County,2026-06-15,1,
Puget Sound Region,Custom-County,Benchmark,53061,1,0,201609,399925.0,1421,31.0,1018,24,0.0107,576.0,0.2231,1.0,207.0,2005.0,483619.0,1422.0,0.0007,,County,2026-06-15,1,
Puget Sound Region,Custom-County,Benchmark,53035,1,0,201609,365913.0,799,44.0,446,4,0.0032,322.0,0.2634,,177.0,2051.0,503812.0,799.0,,,County,2026-06-15,1,
Puget Sound Region,Custom-County,Benchmark,53061,1,0,201610,400000.0,1357,35.0,996,8,0.0032,540.0,0.222,1.0,207.0,2018.0,485466.0,1357.0,0.0007,,County,2026-06-15,1,
Puget Sound Region,Custom-County,Benchmark,53053,1,0,201610,315000.0,2214,47.0,1220,36,0.0095,748.0,0.2278,,163.0,2091.0,423016.0,2214.0,,,County,2026-06-15,1,
Puget Sound Region,Custom-County,Benchmark,53033,1,0,201610,559925.0,3052,30.0,2588,48,0.0079,1068.0,0.1807,,279.0,2132.0,902985.0,3052.0,,,County,2026-06-15,1,
Puget Sound Region,Custom-County,Benchmark,53035,1,0,201610,362250.0,751,52.0,424,4,0.0034,240.0,0.2013,,173.0,2078.0,505159.0,751.0,,,County,2026-06-15,1,
Puget Sound Region,Custom-County,Benchmark,53035,1,0,201611,357376.0,645,52.0,388,4,0.0036,172.0,0.178,,173.0,2102.0,510400.0,645.0,,,County,2026-06-15,1,
Puget Sound Region,Custom-County,Benchmark,53061,1,0,201611,414813.0,1097,42.0,634,20,0.0116,256.0,0.1453,,206.0,2064.0,497017.0,1097.0,,,County,2026-06-15,1,
Puget Sound Region,Custom-County,Benchmark,53033,1,0,201611,556673.0,2362,42.0,1492,42,0.0119,588.0,0.1386,0.0,274.0,2179.0,937942.0,2362.0,0.0,,County,2026-06-15,1,
Puget Sound Region,Custom-County,Benchmark,53053,1,0,201611,314975.0,1904,52.0,852,16,0.0061,540.0,0.1878,,165.0,2049.0,425995.0,1904.0,,,County,2026-06-15,1,
Puget Sound Region,Custom-County,Benchmark,53061,1,0,201612,421360.0,848,44.0,540,16,0.0157,184.0,0.1292,,206.0,2087.0,502559.0,848.0,,,County,2026-06-15,1,
Puget Sound Region,Custom-County,Benchmark,53035,1,0,201612,349950.0,596,60.0,216,4,0.005,112.0,0.1118,,169.0,2088.0,489407.0,596.0,,,County,2026-06-15,1,
Puget Sound Region,Custom-County,Benchmark,53053,1,0,201612,325998.0,1563,58.0,880,8,0.0037,328.0,0.1319,,165.0,2083.0,431365.0,1563.0,,,County,2026-06-15,1,
Puget Sound Region,Custom-County,Benchmark,53033,1,0,201612,550000.0,1788,46.0,1300,28,0.0098,316.0,0.097,1.0,271.0,2150.0,1004229.0,1788.0,0.0006,,County,2026-06-15,1,
Puget Sound Region,Custom-County,Benchmark,53061,1,0,201701,419974.0,689,38.0,712,42,0.0304,146.0,0.1052,,210.0,2020.0,503649.0,689.0,,,County,2026-06-15,1,
Puget Sound Region,Custom-County,Benchmark,53035,1,0,201701,349498.0,537,62.0,348,36,0.0384,120.0,0.1444,,171.0,2070.0,470237.0,537.0,,,County,2026-06-15,1,
Puget Sound Region,Custom-County,Benchmark,53033,1,0,201701,559500.0,1513,39.0,1748,30,0.0089,252.0,0.0773,1.0,280.0,2155.0,1001329.0,1514.0,0.0007,,County,2026-06-15,1,
Puget Sound Region,Custom-County,Benchmark,53053,1,0,201701,333054.0,1333,57.0,962,48,0.0213,332.0,0.1461,,166.0,2098.0,436653.0,1333.0,,,County,2026-06-15,1,
Puget Sound Region,Custom-County,Benchmark,53033,1,0,201702,599500.0,1373,22.0,1704,34,0.0102,268.0,0.0799,1.0,303.0,2220.0,1066324.0,1374.0,0.0007,,County,2026-06-15,1,
Puget Sound Region,Custom-County,Benchmark,53035,1,0,201702,355000.0,517,48.0,312,12,0.0147,92.0,0.1087,,171.0,2107.0,481758.0,517.0,,,County,2026-06-15,1,
Puget Sound Region,Custom-County,Benchmark,53053,1,0,201702,349950.0,1159,39.0,1112,48,0.0192,272.0,0.1176,,168.0,2174.0,464472.0,1159.0,,,County,2026-06-15,1,
Puget Sound Region,Custom-County,Benchmark,53061,1,0,201702,432475.0,635,28.0,762,26,0.0184,128.0,0.0947,0.0,214.0,2017.0,512865.0,635.0,0.0,,County,2026-06-15,1,
Puget Sound Region,Custom-County,Benchmark,53033,1,0,201703,625000.0,1484,11.0,2364,62,0.0162,242.0,0.0605,1.0,317.0,2151.0,1065636.0,1485.0,0.0007,,County,2026-06-15,1,
Puget Sound Region,Custom-County,Benchmark,53035,1,0,201703,371488.0,472,47.0,400,10,0.0119,114.0,0.1327,,176.0,2164.0,507231.0,472.0,,,County,2026-06-15,1,
Puget Sound Region,Custom-County,Benchmark,53061,1,0,201703,455000.0,626,16.0,926,48,0.0321,118.0,0.0794,,218.0,2100.0,527581.0,626.0,,,County,2026-06-15,1,
Puget Sound Region,Custom-County,Benchmark,53053,1,0,201703,356640.0,1175,25.0,1368,72,0.0273,246.0,0.0979,0.0,173.0,2179.0,473172.0,1175.0,0.0,,County,2026-06-15,1,
Puget Sound Region,Custom-County,Benchmark,53061,1,0,201704,460000.0,670,14.0,1036,36,0.0222,144.0,0.0844,1.0,224.0,2104.0,531800.0,670.0,0.0007,,County,2026-06-15,1,
Puget Sound Region,Custom-County,Benchmark,53053,1,0,201704,369900.0,1176,24.0,1488,32,0.012,292.0,0.114,,174.0,2205.0,483079.0,1176.0,,,County,2026-06-15,1,
Puget Sound Region,Custom-County,Benchmark,53035,1,0,201704,399000.0,486,38.0,452,24,0.0259,96.0,0.0995,,184.0,2164.0,548893.0,486.0,,,County,2026-06-15,1,
Puget Sound Region,Custom-County,Benchmark,53033,1,0,201704,649950.0,1659,9.0,2716,36,0.0075,256.0,0.0566,1.0,324.0,2150.0,1075466.0,1660.0,0.0006,,County,2026-06-15,1,
Puget Sound Region,Custom-County,Benchmark,53053,1,0,201705,371850.0,1429,18.0,1858,46,0.0142,440.0,0.133,,177.0,2182.0,477695.0,1429.0,,,County,2026-06-15,1,
Puget Sound Region,Custom-County,Benchmark,53033,1,0,201705,662500.0,1942,9.0,3360,56,0.0097,442.0,0.0825,0.0,323.0,2210.0,1088911.0,1942.0,0.0,,County,2026-06-15,1,
Puget Sound Region,Custom-County,Benchmark,53061,1,0,201705,463498.0,850,10.0,1288,30,0.0142,224.0,0.0968,,229.0,2049.0,530583.0,850.0,,,County,2026-06-15,1,
Puget Sound Region,Custom-County,Benchmark,53035,1,0,201705,399950.0,557,26.0,584,2,0.0017,146.0,0.1276,,189.0,2173.0,574918.0,557.0,,,County,2026-06-15,1,
Puget Sound Region,Custom-County,Benchmark,53033,1,0,201706,678917.0,2381,11.0,3596,54,0.009,574.0,0.0968,,324.0,2215.0,1069637.0,2381.0,,,County,2026-06-15,1,
Puget Sound Region,Custom-County,Benchmark,53061,1,0,201706,469163.0,1048,15.0,1392,22,0.009,370.0,0.1501,,229.0,2071.0,538397.0,1048.0,,,County,2026-06-15,1,
Puget Sound Region,Custom-County,Benchmark,53035,1,0,201706,399999.0,614,29.0,528,2,0.0017,208.0,0.1821,,188.0,2211.0,570790.0,614.0,,,County,2026-06-15,1,
Puget Sound Region,Custom-County,Benchmark,53053,1,0,201706,378700.0,1655,23.0,1800,56,0.0163,594.0,0.1676,,180.0,2199.0,481920.0,1655.0,,,County,2026-06-15,1,
Puget Sound Region,Custom-County,Benchmark,53035,1,0,201707,399000.0,653,31.0,600,8,0.007,216.0,0.1778,47.0,188.0,2146.0,554593.0,653.0,0.072,0.0,County,2026-06-15,1,
Puget Sound Region,Custom-County,Benchmark,53033,1,0,201707,673940.0,2632,16.0,3364,56,0.0099,696.0,0.1133,192.0,325.0,2240.0,1072863.0,2632.0,0.0729,0.0,County,2026-06-15,1,
Puget Sound Region,Custom-County,Benchmark,53061,1,0,201707,462450.0,1129,17.0,1260,28,0.0096,372.0,0.1532,70.0,228.0,2063.0,537292.0,1129.0,0.062,0.0,County,2026-06-15,1,
Puget Sound Region,Custom-County,Benchmark,53053,1,0,201707,370000.0,1924,26.0,1740,48,0.0126,744.0,0.2061,83.0,181.0,2172.0,478857.0,1924.0,0.0431,0.0,County,2026-06-15,1,
Puget Sound Region,Custom-County,Benchmark,53053,1,0,201708,364750.0,2018,30.0,1746,48,0.0124,818.0,0.2145,113.0,180.0,2150.0,472538.0,2136.0,0.0557,0.0,County,2026-06-15,1,
Puget Sound Region,Custom-County,Benchmark,53061,1,0,201708,452475.0,1265,22.0,1306,38,0.0143,464.0,0.1748,75.0,230.0,2045.0,535640.0,1339.0,0.0589,0.0,County,2026-06-15,1,
Puget Sound Region,Custom-County,Benchmark,53033,1,0,201708,633700.0,2736,22.0,3006,52,0.0091,844.0,0.1428,199.0,315.0,2184.0,1031238.0,2936.0,0.0726,0.0,County,2026-06-15,1,
Puget Sound Region,Custom-County,Benchmark,53035,1,0,201708,406225.0,680,33.0,486,52,0.043,264.0,0.2058,48.0,188.0,2133.0,555614.0,728.0,0.0706,0.0,County,2026-06-15,1,
Puget Sound Region,Custom-County,Benchmark,53033,1,0,201709,639925.0,2850,29.0,3280,80,0.0179,844.0,0.1493,2453.0,318.0,2200.0,1036120.0,5336.0,0.8607,0.0,County,2026-06-15,1,
Puget Sound Region,Custom-County,Benchmark,53035,1,0,201709,389000.0,662,45.0,592,44,0.0269,280.0,0.2422,334.0,190.0,2088.0,540730.0,996.0,0.5045,0.0,County,2026-06-15,1,
Puget Sound Region,Custom-County,Benchmark,53053,1,0,201709,364995.0,1994,38.0,1876,76,0.0214,892.0,0.2294,1195.0,179.0,2176.0,470352.0,3189.0,0.5993,0.0,County,2026-06-15,1,
Puget Sound Region,Custom-County,Benchmark,53061,1,0,201709,459900.0,1286,29.0,1348,64,0.0297,504.0,0.1673,1109.0,235.0,2032.0,544644.0,2395.0,0.8624,0.0,County,2026-06-15,1,
Puget Sound Region,Custom-County,Benchmark,53035,1,0,201710,374500.0,606,49.0,546,88,0.0609,302.0,0.2015,349.0,189.0,2064.0,529220.0,965.0,0.5764,0.0,County,2026-06-15,1,
Puget Sound Region,Custom-County,Benchmark,53061,1,0,201710,460409.0,1217,36.0,1314,344,0.1,670.0,0.1844,1083.0,236.0,2001.0,545579.0,2310.0,0.8903,0.0,County,2026-06-15,1,
Puget Sound Region,Custom-County,Benchmark,53053,1,0,201710,360000.0,1878,42.0,1824,390,0.08,966.0,0.1976,1173.0,179.0,2131.0,460912.0,3051.0,0.6243,0.0,County,2026-06-15,1,
Puget Sound Region,Custom-County,Benchmark,53033,1,0,201710,648508.0,2742,31.0,3094,918,0.1099,1256.0,0.1505,2502.0,324.0,2183.0,1056156.0,5243.0,0.9125,0.0,County,2026-06-15,1,
Puget Sound Region,Custom-County,Benchmark,53061,1,0,201711,465975.0,972,41.0,1040,300,0.1112,452.0,0.1519,1038.0,235.0,2013.0,557910.0,2002.0,1.0674,0.0,County,2026-06-15,1,
Puget Sound Region,Custom-County,Benchmark,53033,1,0,201711,649950.0,2211,38.0,2360,776,0.1285,982.0,0.1393,2328.0,324.0,2200.0,1085980.0,4536.0,1.0529,0.0,County,2026-06-15,1,
Puget Sound Region,Custom-County,Benchmark,53053,1,0,201711,366975.0,1601,48.0,1502,314,0.0797,700.0,0.1709,1108.0,179.0,2156.0,460827.0,2715.0,0.692,1.0,County,2026-06-15,1,
Puget Sound Region,Custom-County,Benchmark,53035,1,0,201711,361075.0,548,52.0,508,94,0.0686,218.0,0.1741,312.0,187.0,2054.0,511273.0,862.0,0.5693,0.0,County,2026-06-15,1,
Puget Sound Region,Custom-County,Benchmark,53033,1,0,201712,655000.0,1517,45.0,1332,608,0.1328,620.0,0.1294,1835.0,325.0,2220.0,1157819.0,3351.0,1.2096,0.0,County,2026-06-15,1,
Puget Sound Region,Custom-County,Benchmark,53061,1,0,201712,474995.0,692,44.0,684,244,0.1131,288.0,0.1275,883.0,236.0,2045.0,572176.0,1575.0,1.276,0.0,County,2026-06-15,1,
Puget Sound Region,Custom-County,Benchmark,53053,1,0,201712,378773.0,1333,54.0,1188,332,0.0947,448.0,0.1347,926.0,182.0,2183.0,470364.0,2259.0,0.6947,0.0,County,2026-06-15,1,
Puget Sound Region,Custom-County,Benchmark,53035,1,0,201712,375000.0,429,57.0,328,64,0.0575,136.0,0.1427,270.0,189.0,2071.0,534291.0,699.0,0.6294,0.0,County,2026-06-15,1,
Puget Sound Region,Custom-County,Benchmark,53061,1,0,201801,479850.0,529,41.0,814,210,0.1034,212.0,0.106,717.0,240.0,2053.0,576242.0,1255.0,1.3557,0.0,County,2026-06-15,1,
Puget Sound Region,Custom-County,Benchmark,53033,1,0,201801,684923.0,1267,38.0,2060,408,0.0945,430.0,0.0963,1442.0,332.0,2225.0,1206048.0,2677.0,1.1386,0.0,County,2026-06-15,1,
Puget Sound Region,Custom-County,Benchmark,53035,1,0,201801,400374.0,341,56.0,406,68,0.0679,122.0,0.1189,254.0,191.0,2151.0,528023.0,593.0,0.7445,0.0,County,2026-06-15,1,
Puget Sound Region,Custom-County,Benchmark,53053,1,0,201801,394344.0,1137,53.0,1276,276,0.0826,492.0,0.1513,846.0,184.0,2222.0,484593.0,1984.0,0.7441,0.0,County,2026-06-15,1,
Puget Sound Region,Custom-County,Benchmark,53053,1,0,201802,412200.0,1073,36.0,1538,316,0.0897,418.0,0.1186,961.0,184.0,2290.0,500284.0,2029.0,0.896,0.0,County,2026-06-15,1,
Puget Sound Region,Custom-County,Benchmark,53035,1,0,201802,404794.0,328,37.0,484,72,0.0712,116.0,0.1163,259.0,193.0,2135.0,527465.0,593.0,0.7893,0.0,County,2026-06-15,1,
Puget Sound Region,Custom-County,Benchmark,53061,1,0,201802,488425.0,545,20.0,990,272,0.1183,172.0,0.071,828.0,247.0,2023.0,583150.0,1417.0,1.5197,0.0,County,2026-06-15,1,
Puget Sound Region,Custom-County,Benchmark,53033,1,0,201802,715000.0,1368,19.0,2278,556,0.1081,456.0,0.0837,1757.0,362.0,2165.0,1200445.0,3188.0,1.2845,0.0,County,2026-06-15,1,
Puget Sound Region,Custom-County,Benchmark,53053,1,0,201803,425000.0,1068,30.0,1804,452,0.1123,392.0,0.0994,1041.0,188.0,2244.0,516692.0,2122.0,0.9747,0.0,County,2026-06-15,1,
Puget Sound Region,Custom-County,Benchmark,53035,1,0,201803,399888.0,320,33.0,440,100,0.0901,120.0,0.1149,276.0,198.0,2054.0,523174.0,598.0,0.8625,0.0,County,2026-06-15,1,
Puget Sound Region,Custom-County,Benchmark,53061,1,0,201803,495000.0,599,20.0,1144,460,0.1614,220.0,0.0826,960.0,251.0,2006.0,592210.0,1593.0,1.6027,0.0,County,2026-06-15,1,
Puget Sound Region,Custom-County,Benchmark,53033,1,0,201803,739093.0,1641,16.0,2820,1024,0.1519,472.0,0.071,1992.0,370.0,2210.0,1183713.0,3677.0,1.2139,0.0,County,2026-06-15,1,
Puget Sound Region,Custom-County,Benchmark,53061,1,0,201804,504975.0,725,20.0,1488,534,0.1564,248.0,0.0726,1134.0,256.0,2028.0,606172.0,1859.0,1.5652,0.0,County,2026-06-15,1,
Puget Sound Region,Custom-County,Benchmark,53033,1,0,201804,727485.0,2029,20.0,3526,1200,0.1492,738.0,0.0892,2345.0,373.0,2170.0,1151831.0,4356.0,1.1555,1.0,County,2026-06-15,1,
Puget Sound Region,Custom-County,Benchmark,53053,1,0,201804,423169.0,1162,26.0,2158,538,0.1164,502.0,0.1085,1209.0,193.0,2240.0,521900.0,2371.0,1.0409,0.0,County,2026-06-15,1,
Puget Sound Region,Custom-County,Benchmark,53035,1,0,201804,422250.0,332,30.0,624,94,0.0722,144.0,0.1107,314.0,202.0,2086.0,584378.0,646.0,0.9458,0.0,County,2026-06-15,1,
Puget Sound Region,Custom-County,Benchmark,53035,1,0,201805,455495.0,424,21.0,778,116,0.0702,178.0,0.1124,491.0,206.0,2208.0,616063.0,914.0,1.1568,0.0,County,2026-06-15,1,
Puget Sound Region,Custom-County,Benchmark,53033,1,0,201805,744475.0,2508,17.0,4614,1092,0.1233,1070.0,0.1097,3135.0,369.0,2220.0,1147193.0,5750.0,1.25,0.0,County,2026-06-15,1,
Puget Sound Region,Custom-County,Benchmark,53061,1,0,201805,522473.0,862,17.0,1486,534,0.1438,358.0,0.1002,1312.0,263.0,2041.0,623328.0,2179.0,1.522,0.0,County,2026-06-15,1,
Puget Sound Region,Custom-County,Benchmark,53053,1,0,201805,417500.0,1382,24.0,2458,504,0.0991,580.0,0.1126,1613.0,197.0,2246.0,516104.0,2994.0,1.1672,0.0,County,2026-06-15,1,
Puget Sound Region,Custom-County,Benchmark,53053,1,0,201806,419000.0,1634,28.0,2344,596,0.1049,804.0,0.1444,1703.0,196.0,2272.0,508921.0,3337.0,1.0422,0.0,County,2026-06-15,1,
Puget Sound Region,Custom-County,Benchmark,53033,1,0,201806,739500.0,3169,22.0,4492,1144,0.1112,1420.0,0.1388,3227.0,370.0,2180.0,1133193.0,6403.0,1.0183,1.0,County,2026-06-15,1,
Puget Sound Region,Custom-County,Benchmark,53035,1,0,201806,433000.0,475,30.0,636,168,0.1019,244.0,0.1294,527.0,203.0,2159.0,589054.0,1001.0,1.1095,0.0,County,2026-06-15,1,
Puget Sound Region,Custom-County,Benchmark,53061,1,0,201806,525000.0,1123,20.0,1720,536,0.1293,488.0,0.1181,1329.0,262.0,2071.0,627210.0,2452.0,1.1834,0.0,County,2026-06-15,1,
Puget Sound Region,Custom-County,Benchmark,53061,1,0,201807,524675.0,1373,28.0,1722,344,0.0886,706.0,0.158,1206.0,259.0,2055.0,611423.0,2573.0,0.8784,0.0,County,2026-06-15,1,
Puget Sound Region,Custom-County,Benchmark,53035,1,0,201807,439500.0,549,31.0,666,116,0.0659,284.0,0.164,509.0,206.0,2185.0,585513.0,1055.0,0.9271,0.0,County,2026-06-15,1,
Puget Sound Region,Custom-County,Benchmark,53033,1,0,201807,702475.0,3911,28.0,3984,882,0.0854,1944.0,0.1721,2938.0,364.0,2130.0,1066105.0,6824.0,0.7512,0.0,County,2026-06-15,1,
Puget Sound Region,Custom-County,Benchmark,53053,1,0,201807,409925.0,1933,30.0,2264,510,0.0856,1102.0,0.1847,1585.0,197.0,2219.0,500846.0,3523.0,0.8199,0.0,County,2026-06-15,1,
Puget Sound Region,Custom-County,Benchmark,53035,1,0,201808,427000.0,623,33.0,668,154,0.0884,320.0,0.1862,476.0,203.0,2162.0,569025.0,1098.0,0.7632,0.0,County,2026-06-15,1,
Puget Sound Region,Custom-County,Benchmark,53061,1,0,201808,514500.0,1626,28.0,1638,336,0.0781,1028.0,0.2368,1104.0,259.0,2036.0,598973.0,2723.0,0.6787,0.0,County,2026-06-15,1,
Puget Sound Region,Custom-County,Benchmark,53053,1,0,201808,399475.0,2105,33.0,2314,500,0.0836,1298.0,0.2229,1528.0,197.0,2173.0,491660.0,3633.0,0.7257,0.0,County,2026-06-15,1,
Puget Sound Region,Custom-County,Benchmark,53033,1,0,201808,692625.0,4424,30.0,3690,696,0.0652,2468.0,0.2313,2572.0,355.0,2105.0,1020281.0,6993.0,0.5813,0.0,County,2026-06-15,1,
Puget Sound Region,Custom-County,Benchmark,53033,1,0,201809,679000.0,5139,36.0,3984,468,0.0411,2972.0,0.2544,2262.0,362.0,2010.0,990307.0,7396.0,0.4402,0.0,County,2026-06-15,1,
Puget Sound Region,Custom-County,Benchmark,53053,1,0,201809,395000.0,2246,38.0,1876,400,0.0746,1384.0,0.2389,1387.0,197.0,2132.0,483372.0,3669.0,0.6175,0.0,County,2026-06-15,1,
Puget Sound Region,Custom-County,Benchmark,53035,1,0,201809,409975.0,679,38.0,572,92,0.0569,384.0,0.2258,422.0,201.0,2145.0,539643.0,1105.0,0.6215,0.0,County,2026-06-15,1,
Puget Sound Region,Custom-County,Benchmark,53061,1,0,201809,509950.0,1780,35.0,1464,284,0.0713,996.0,0.2425,989.0,260.0,2029.0,595505.0,2697.0,0.5556,0.0,County,2026-06-15,1,
Puget Sound Region,Custom-County,Benchmark,53061,1,0,201810,500000.0,1848,37.0,1238,176,0.0444,1226.0,0.3028,837.0,260.0,2009.0,588841.0,2684.0,0.4528,0.0,County,2026-06-15,1,
Puget Sound Region,Custom-County,Benchmark,53035,1,0,201810,414444.0,663,47.0,468,88,0.0541,326.0,0.2259,414.0,200.0,2120.0,545652.0,1078.0,0.6244,0.0,County,2026-06-15,1,
Puget Sound Region,Custom-County,Benchmark,53033,1,0,201810,675000.0,5323,37.0,3170,388,0.0354,3222.0,0.3091,2166.0,360.0,2000.0,978859.0,7498.0,0.4069,0.0,County,2026-06-15,1,
Puget Sound Region,Custom-County,Benchmark,53053,1,0,201810,395000.0,2199,44.0,1684,368,0.072,1254.0,0.2499,1240.0,195.0,2139.0,482610.0,3440.0,0.564,0.0,County,2026-06-15,1,
Puget Sound Region,Custom-County,Benchmark,53061,1,0,201811,499725.0,1672,44.0,1120,156,0.0492,890.0,0.2455,816.0,256.0,2000.0,588173.0,2502.0,0.4882,0.0,County,2026-06-15,1,
Puget Sound Region,Custom-County,Benchmark,53053,1,0,201811,399556.0,1938,51.0,1382,234,0.0576,932.0,0.2005,1188.0,197.0,2155.0,485843.0,3127.0,0.6129,0.0,County,2026-06-15,1,
Puget Sound Region,Custom-County,Benchmark,53033,1,0,201811,665000.0,4684,44.0,2648,294,0.0355,2506.0,0.2639,1983.0,360.0,1965.0,977301.0,6687.0,0.4234,0.0,County,2026-06-15,1,
Puget Sound Region,Custom-County,Benchmark,53035,1,0,201811,409894.0,587,56.0,424,66,0.0463,230.0,0.171,375.0,200.0,2124.0,539779.0,973.0,0.6394,0.0,County,2026-06-15,1,
Puget Sound Region,Custom-County,Benchmark,53033,1,0,201812,675000.0,3744,60.0,1576,196,0.0362,1452.0,0.2308,1408.0,368.0,1984.0,1004936.0,5046.0,0.3761,0.0,County,2026-06-15,1,
Puget Sound Region,Custom-County,Benchmark,53035,1,0,201812,409900.0,492,65.0,268,44,0.0431,128.0,0.1252,318.0,202.0,2111.0,528300.0,792.0,0.6463,0.0,County,2026-06-15,1,
Puget Sound Region,Custom-County,Benchmark,53053,1,0,201812,413475.0,1673,61.0,972,220,0.0708,608.0,0.1701,948.0,198.0,2170.0,490574.0,2586.0,0.5666,0.0,County,2026-06-15,1,
Puget Sound Region,Custom-County,Benchmark,53061,1,0,201812,499950.0,1432,56.0,684,140,0.0537,524.0,0.2008,636.0,254.0,2028.0,587111.0,2005.0,0.4441,0.0,County,2026-06-15,1,
Puget Sound Region,Custom-County,Benchmark,53053,1,0,201901,419925.0,1379,61.0,1194,220,0.0637,570.0,0.1732,865.0,201.0,2208.0,497381.0,2236.0,0.6271,0.0,County,2026-06-15,1,
Puget Sound Region,Custom-County,Benchmark,53035,1,0,201901,415944.0,409,67.0,300,80,0.0799,136.0,0.1399,286.0,204.0,2099.0,521598.0,694.0,0.7001,0.0,County,2026-06-15,1,
Puget Sound Region,Custom-County,Benchmark,53033,1,0,201901,694972.0,3006,66.0,2088,202,0.0322,1258.0,0.2123,1228.0,377.0,2010.0,1061896.0,4227.0,0.4083,0.0,County,2026-06-15,1,
Puget Sound Region,Custom-County,Benchmark,53061,1,0,201901,510963.0,1173,57.0,898,128,0.0476,558.0,0.2194,605.0,254.0,2077.0,591879.0,1782.0,0.5158,0.0,County,2026-06-15,1,
Puget Sound Region,Custom-County,Benchmark,53033,1,0,201902,727000.0,3023,39.0,2026,194,0.0286,942.0,0.1441,1231.0,389.0,2075.0,1104416.0,4228.0,0.4071,1.0,County,2026-06-15,1,
Puget Sound Region,Custom-County,Benchmark,53035,1,0,201902,444995.0,384,64.0,300,32,0.0326,116.0,0.1174,309.0,206.0,2143.0,554403.0,692.0,0.8047,0.0,County,2026-06-15,1,
Puget Sound Region,Custom-County,Benchmark,53061,1,0,201902,529987.0,1112,49.0,846,134,0.0544,376.0,0.1444,646.0,258.0,2119.0,612353.0,1758.0,0.5805,1.0,County,2026-06-15,1,
Puget Sound Region,Custom-County,Benchmark,53053,1,0,201902,437000.0,1256,41.0,1190,196,0.0612,360.0,0.1063,943.0,202.0,2239.0,509264.0,2191.0,0.7508,0.0,County,2026-06-15,1,
Puget Sound Region,Custom-County,Benchmark,53033,1,0,201903,735286.0,3339,32.0,3320,144,0.0169,1040.0,0.1219,1880.0,394.0,2061.0,1096579.0,5214.0,0.563,0.0,County,2026-06-15,1,
Puget Sound Region,Custom-County,Benchmark,53053,1,0,201903,441429.0,1187,32.0,1432,184,0.0492,332.0,0.0887,1123.0,204.0,2239.0,522407.0,2310.0,0.9461,0.0,County,2026-06-15,1,
Puget Sound Region,Custom-County,Benchmark,53061,1,0,201903,538929.0,1129,34.0,1312,124,0.0374,364.0,0.1098,874.0,263.0,2128.0,630141.0,2003.0,0.7741,0.0,County,2026-06-15,1,
Puget Sound Region,Custom-County,Benchmark,53035,1,0,201903,467601.0,383,50.0,400,36,0.0306,100.0,0.0849,395.0,211.0,2206.0,589697.0,778.0,1.0313,0.0,County,2026-06-15,1,
Puget Sound Region,Custom-County,Benchmark,53061,1,0,201904,552949.0,1145,23.0,1718,76,0.0181,344.0,0.0831,1229.0,265.0,2173.0,654816.0,2374.0,1.0734,0.0,County,2026-06-15,1,
Puget Sound Region,Custom-County,Benchmark,53033,1,0,201904,747286.0,3629,27.0,4234,66,0.006,1156.0,0.1101,2758.0,398.0,2091.0,1102124.0,6379.0,0.7601,0.0,County,2026-06-15,1,
Puget Sound Region,Custom-County,Benchmark,53053,1,0,201904,450000.0,1165,23.0,1916,136,0.0305,316.0,0.0716,1397.0,206.0,2274.0,538915.0,2558.0,1.1991,0.0,County,2026-06-15,1,
Puget Sound Region,Custom-County,Benchmark,53035,1,0,201904,476291.0,425,30.0,632,32,0.0207,112.0,0.0724,484.0,216.0,2262.0,630683.0,909.0,1.1376,0.0,County,2026-06-15,1,
Puget Sound Region,Custom-County,Benchmark,53033,1,0,201905,737000.0,4283,29.0,4684,82,0.0066,1662.0,0.137,2973.0,394.0,2071.0,1081343.0,7309.0,0.6941,0.0,County,2026-06-15,1,
Puget Sound Region,Custom-County,Benchmark,53053,1,0,201905,452345.0,1393,24.0,2334,46,0.0086,596.0,0.1077,1459.0,208.0,2245.0,533557.0,2855.0,1.0474,0.0,County,2026-06-15,1,
Puget Sound Region,Custom-County,Benchmark,53035,1,0,201905,472450.0,511,28.0,676,20,0.0097,160.0,0.0905,537.0,211.0,2267.0,649878.0,1055.0,1.0499,0.0,County,2026-06-15,1,
Puget Sound Region,Custom-County,Benchmark,53061,1,0,201905,549975.0,1422,27.0,1770,40,0.0087,562.0,0.1209,1315.0,266.0,2102.0,643627.0,2733.0,0.9247,0.0,County,2026-06-15,1,
Puget Sound Region,Custom-County,Benchmark,53061,1,0,201906,550000.0,1560,33.0,1860,40,0.0083,704.0,0.1469,1346.0,266.0,2101.0,636998.0,2904.0,0.8628,0.0,County,2026-06-15,1,
Puget Sound Region,Custom-County,Benchmark,53053,1,0,201906,449245.0,1539,30.0,2240,56,0.0102,656.0,0.1197,1567.0,207.0,2239.0,532096.0,3113.0,1.0182,0.0,County,2026-06-15,1,
Puget Sound Region,Custom-County,Benchmark,53035,1,0,201906,485000.0,542,36.0,604,20,0.0115,164.0,0.094,594.0,219.0,2276.0,689689.0,1141.0,1.0959,0.0,County,2026-06-15,1,
Puget Sound Region,Custom-County,Benchmark,53033,1,0,201906,725000.0,4699,32.0,4504,76,0.0061,1896.0,0.1539,3118.0,391.0,2052.0,1048871.0,7736.0,0.6635,0.0,County,2026-06-15,1,
Puget Sound Region,Custom-County,Benchmark,53033,1,0,201907,716385.0,4584,38.0,4344,56,0.0046,1728.0,0.1355,2815.0,387.0,2054.0,1048546.0,7404.0,0.6141,0.0,County,2026-06-15,1,
Puget Sound Region,Custom-County,Benchmark,53061,1,0,201907,546998.0,1558,37.0,1636,48,0.0108,706.0,0.1415,1342.0,263.0,2101.0,629869.0,2897.0,0.8616,0.0,County,2026-06-15,1,
Puget Sound Region,Custom-County,Benchmark,53035,1,0,201907,488688.0,561,41.0,668,20,0.011,220.0,0.1183,557.0,222.0,2248.0,691915.0,1113.0,0.9929,0.0,County,2026-06-15,1,
Puget Sound Region,Custom-County,Benchmark,53053,1,0,201907,439925.0,1634,35.0,2138,56,0.0101,772.0,0.1403,1521.0,206.0,2245.0,533454.0,3161.0,0.9308,0.0,County,2026-06-15,1,
Puget Sound Region,Custom-County,Benchmark,53061,1,0,201908,543805.0,1681,37.0,1284,52,0.0122,708.0,0.1659,1305.0,264.0,2109.0,625747.0,2983.0,0.7763,0.0,County,2026-06-15,1,
Puget Sound Region,Custom-County,Benchmark,53053,1,0,201908,428636.0,1713,38.0,1780,52,0.0104,700.0,0.1407,1491.0,208.0,2172.0,521840.0,3203.0,0.8704,0.0,County,2026-06-15,1,
Puget Sound Region,Custom-County,Benchmark,53033,1,0,201908,699691.0,4783,40.0,3540,64,0.0058,1852.0,0.1682,2704.0,384.0,2020.0,1039011.0,7471.0,0.5653,0.0,County,2026-06-15,1,
Puget Sound Region,Custom-County,Benchmark,53035,1,0,201908,487205.0,574,43.0,536,28,0.0169,212.0,0.1281,545.0,224.0,2196.0,683654.0,1119.0,0.9495,0.0,County,2026-06-15,1,
Puget Sound Region,Custom-County,Benchmark,53033,1,0,201909,699302.0,4796,43.0,2910,46,0.0045,1816.0,0.1765,2596.0,383.0,2001.0,1033692.0,7378.0,0.5413,0.0,County,2026-06-15,1,
Puget Sound Region,Custom-County,Benchmark,53035,1,0,201909,483124.0,576,47.0,428,42,0.0275,184.0,0.1202,526.0,224.0,2176.0,672399.0,1102.0,0.9132,0.0,County,2026-06-15,1,
Puget Sound Region,Custom-County,Benchmark,53053,1,0,201909,426591.0,1763,41.0,1330,56,0.0124,638.0,0.1413,1424.0,209.0,2147.0,516379.0,3185.0,0.8077,0.0,County,2026-06-15,1,
Puget Sound Region,Custom-County,Benchmark,53061,1,0,201909,536011.0,1753,37.0,1172,62,0.015,636.0,0.1534,1224.0,265.0,2084.0,618909.0,2974.0,0.6982,0.0,County,2026-06-15,1,
Puget Sound Region,Custom-County,Benchmark,53053,1,0,201910,424975.0,1779,43.0,996,72,0.0179,596.0,0.1417,1379.0,209.0,2114.0,512420.0,3161.0,0.7751,0.0,County,2026-06-15,1,
Puget Sound Region,Custom-County,Benchmark,53061,1,0,201910,530840.0,1781,39.0,986,68,0.0167,616.0,0.1582,1164.0,265.0,2084.0,615981.0,2948.0,0.6533,0.0,County,2026-06-15,1,
Puget Sound Region,Custom-County,Benchmark,53035,1,0,201910,477475.0,574,47.0,340,38,0.0263,164.0,0.1133,513.0,227.0,2145.0,653297.0,1087.0,0.8945,0.0,County,2026-06-15,1,
Puget Sound Region,Custom-County,Benchmark,53033,1,0,201910,699306.0,4760,44.0,2338,34,0.0035,1758.0,0.1819,2529.0,382.0,1991.0,1030145.0,7271.0,0.5314,0.0,County,2026-06-15,1,
Puget Sound Region,Custom-County,Benchmark,53061,1,0,201911,529995.0,1417,45.0,776,44,0.0132,440.0,0.1322,1111.0,264.0,2108.0,621580.0,2588.0,0.7841,0.0,County,2026-06-15,1,
Puget Sound Region,Custom-County,Benchmark,53035,1,0,201911,464900.0,538,48.0,260,12,0.0093,140.0,0.1057,437.0,227.0,2110.0,634269.0,985.0,0.8123,0.0,County,2026-06-15,1,
Puget Sound Region,Custom-County,Benchmark,53053,1,0,201911,425000.0,1551,45.0,836,64,0.0194,468.0,0.127,1246.0,211.0,2091.0,511204.0,2848.0,0.8034,0.0,County,2026-06-15,1,
Puget Sound Region,Custom-County,Benchmark,53033,1,0,201911,699000.0,3771,53.0,1560,44,0.0052,904.0,0.1234,2392.0,393.0,1970.0,1052001.0,6239.0,0.6343,0.0,County,2026-06-15,1,
Puget Sound Region,Custom-County,Benchmark,53033,1,0,201912,690000.0,2509,66.0,922,42,0.0079,374.0,0.0692,1881.0,394.0,1929.0,1081314.0,4377.0,0.7497,0.0,County,2026-06-15,1,
Puget Sound Region,Custom-County,Benchmark,53053,1,0,201912,442500.0,1204,55.0,592,60,0.0209,188.0,0.0617,1064.0,214.0,2157.0,532459.0,2265.0,0.8837,0.0,County,2026-06-15,1,
Puget Sound Region,Custom-County,Benchmark,53035,1,0,201912,447975.0,410,59.0,176,16,0.0162,72.0,0.0722,374.0,224.0,2043.0,602156.0,784.0,0.911,0.0,County,2026-06-15,1,
Puget Sound Region,Custom-County,Benchmark,53061,1,0,201912,534053.0,1056,57.0,564,32,0.0125,162.0,0.0625,969.0,262.0,2131.0,635718.0,2018.0,0.918,0.0,County,2026-06-15,1,
Puget Sound Region,Custom-County,Benchmark,53035,1,0,202001,456444.0,356,63.0,256,12,0.0124,88.0,0.0938,311.0,225.0,2045.0,601625.0,667.0,0.8736,0.0,County,2026-06-15,1,
Puget Sound Region,Custom-County,Benchmark,53061,1,0,202001,544975.0,883,61.0,696,80,0.0282,98.0,0.0403,855.0,262.0,2203.0,641503.0,1733.0,0.9683,0.0,County,2026-06-15,1,
Puget Sound Region,Custom-County,Benchmark,53053,1,0,202001,450000.0,995,59.0,626,62,0.025,164.0,0.063,923.0,216.0,2152.0,547926.0,1922.0,0.9271,0.0,County,2026-06-15,1,
Puget Sound Region,Custom-County,Benchmark,53033,1,0,202001,694437.0,1988,71.0,1258,42,0.0103,326.0,0.0642,1526.0,401.0,1932.0,1126228.0,3512.0,0.7674,0.0,County,2026-06-15,1,
Puget Sound Region,Custom-County,Benchmark,53061,1,0,202002,549995.0,793,33.0,936,144,0.0492,104.0,0.0369,1161.0,268.0,2184.0,650744.0,1952.0,1.4641,0.0,County,2026-06-15,1,
Puget Sound Region,Custom-County,Benchmark,53053,1,0,202002,459900.0,1017,31.0,968,112,0.0325,172.0,0.0515,1071.0,220.0,2163.0,563061.0,2091.0,1.0531,0.0,County,2026-06-15,1,
Puget Sound Region,Custom-County,Benchmark,53035,1,0,202002,455888.0,334,37.0,288,40,0.0434,52.0,0.0564,377.0,228.0,2078.0,618684.0,691.0,1.1287,0.0,County,2026-06-15,1,
Puget Sound Region,Custom-County,Benchmark,53033,1,0,202002,724950.0,1994,30.0,2316,104,0.0168,292.0,0.0456,2138.0,416.0,1956.0,1143303.0,4121.0,1.0722,0.0,County,2026-06-15,1,
Puget Sound Region,Custom-County,Benchmark,53061,1,0,202003,561213.0,855,23.0,1200,116,0.0346,148.0,0.044,1384.0,270.0,2167.0,653763.0,2241.0,1.6191,0.0,County,2026-06-15,1,
Puget Sound Region,Custom-County,Benchmark,53053,1,0,202003,464950.0,1092,24.0,1244,62,0.0174,184.0,0.0516,1333.0,225.0,2133.0,556632.0,2422.0,1.2202,0.0,County,2026-06-15,1,
Puget Sound Region,Custom-County,Benchmark,53033,1,0,202003,746250.0,2338,23.0,3032,110,0.0136,432.0,0.0568,2576.0,416.0,2021.0,1121210.0,4899.0,1.102,0.0,County,2026-06-15,1,
Puget Sound Region,Custom-County,Benchmark,53035,1,0,202003,474125.0,398,23.0,438,46,0.037,62.0,0.0508,411.0,236.0,2102.0,613437.0,807.0,1.0314,0.0,County,2026-06-15,1,
Puget Sound Region,Custom-County,Benchmark,53035,1,0,202004,488475.0,450,34.0,284,8,0.0069,78.0,0.0664,432.0,238.0,2058.0,615789.0,881.0,0.9611,0.0,County,2026-06-15,1,
Puget Sound Region,Custom-County,Benchmark,53061,1,0,202004,569000.0,1020,30.0,770,34,0.0109,230.0,0.0747,1274.0,273.0,2168.0,648591.0,2284.0,1.2496,0.0,County,2026-06-15,1,
Puget Sound Region,Custom-County,Benchmark,53033,1,0,202004,724995.0,2632,31.0,1760,52,0.0063,526.0,0.0785,2220.0,408.0,2013.0,1069127.0,4842.0,0.8436,0.0,County,2026-06-15,1,
Puget Sound Region,Custom-County,Benchmark,53053,1,0,202004,458450.0,1234,29.0,912,88,0.0246,282.0,0.0812,1307.0,229.0,2097.0,561771.0,2535.0,1.0592,0.0,County,2026-06-15,1,
Puget Sound Region,Custom-County,Benchmark,53061,1,0,202005,574925.0,1115,31.0,1120,64,0.0168,308.0,0.0816,1494.0,273.0,2194.0,653499.0,2642.0,1.3399,0.0,County,2026-06-15,1,
Puget Sound Region,Custom-County,Benchmark,53033,1,0,202005,725000.0,3154,35.0,2692,56,0.0066,864.0,0.1064,2481.0,412.0,1980.0,1070494.0,5622.0,0.7866,0.0,County,2026-06-15,1,
Puget Sound Region,Custom-County,Benchmark,53053,1,0,202005,454995.0,1369,36.0,1212,68,0.0165,320.0,0.0796,1439.0,231.0,2048.0,558999.0,2841.0,1.0511,0.0,County,2026-06-15,1,
Puget Sound Region,Custom-County,Benchmark,53035,1,0,202005,490000.0,446,43.0,400,20,0.0169,104.0,0.0756,504.0,236.0,2058.0,627712.0,955.0,1.13,0.0,County,2026-06-15,1,
Puget Sound Region,Custom-County,Benchmark,53061,1,0,202006,577000.0,1045,33.0,1108,118,0.0306,258.0,0.0663,1715.0,276.0,2163.0,662539.0,2758.0,1.6411,0.0,County,2026-06-15,1,
Puget Sound Region,Custom-County,Benchmark,53053,1,0,202006,467500.0,1342,35.0,1302,106,0.0242,274.0,0.0636,1687.0,232.0,2098.0,566206.0,3021.0,1.2571,0.0,County,2026-06-15,1,
Puget Sound Region,Custom-County,Benchmark,53033,1,0,202006,729975.0,3313,30.0,3326,96,0.0099,880.0,0.0907,3160.0,419.0,1931.0,1092984.0,6441.0,0.9538,0.0,County,2026-06-15,1,
Puget Sound Region,Custom-County,Benchmark,53035,1,0,202006,485347.0,436,35.0,398,16,0.0115,98.0,0.0663,571.0,241.0,2058.0,660520.0,1000.0,1.31,0.0,County,2026-06-15,1,
Puget Sound Region,Custom-County,Benchmark,53061,1,0,202007,572470.0,989,31.0,1180,138,0.0361,250.0,0.0653,1712.0,277.0,2133.0,651917.0,2713.0,1.7305,0.0,County,2026-06-15,1,
Puget Sound Region,Custom-County,Benchmark,53035,1,0,202007,498500.0,431,32.0,382,32,0.0229,116.0,0.0824,591.0,239.0,2108.0,691655.0,1019.0,1.3701,0.0,County,2026-06-15,1,
Puget Sound Region,Custom-County,Benchmark,53053,1,0,202007,479948.0,1314,30.0,1386,156,0.0338,324.0,0.0731,1754.0,234.0,2101.0,582047.0,3066.0,1.3354,0.0,County,2026-06-15,1,
Puget Sound Region,Custom-County,Benchmark,53033,1,0,202007,729987.0,3425,30.0,3386,102,0.0106,1012.0,0.0972,3442.0,431.0,1895.0,1097294.0,6846.0,1.005,0.0,County,2026-06-15,1,
Puget Sound Region,Custom-County,Benchmark,53053,1,0,202008,475000.0,1323,29.0,1324,116,0.0271,324.0,0.07,1894.0,236.0,2080.0,580830.0,3227.0,1.4316,0.0,County,2026-06-15,1,
Puget Sound Region,Custom-County,Benchmark,53035,1,0,202008,493307.0,415,31.0,376,16,0.011,80.0,0.0572,639.0,246.0,2058.0,699499.0,1057.0,1.5398,0.0,County,2026-06-15,1,
Puget Sound Region,Custom-County,Benchmark,53033,1,0,202008,714950.0,3641,30.0,3296,108,0.01,1084.0,0.0999,3767.0,437.0,1800.0,1059696.0,7393.0,1.0346,0.0,County,2026-06-15,1,
Puget Sound Region,Custom-County,Benchmark,53061,1,0,202008,565990.0,968,29.0,1212,88,0.0216,208.0,0.0516,1876.0,281.0,2052.0,664251.0,2858.0,1.938,0.0,County,2026-06-15,1,
Puget Sound Region,Custom-County,Benchmark,53053,1,0,202009,474963.0,1273,32.0,1608,114,0.025,380.0,0.0793,1896.0,239.0,2050.0,578426.0,3176.0,1.489,0.0,County,2026-06-15,1,
Puget Sound Region,Custom-County,Benchmark,53035,1,0,202009,475879.0,410,32.0,502,36,0.0199,106.0,0.0671,676.0,242.0,2057.0,683330.0,1085.0,1.6496,0.0,County,2026-06-15,1,
Puget Sound Region,Custom-County,Benchmark,53061,1,0,202009,552995.0,944,29.0,1564,148,0.0375,238.0,0.0522,1981.0,285.0,1968.0,650081.0,2932.0,2.098,0.0,County,2026-06-15,1,
Puget Sound Region,Custom-County,Benchmark,53033,1,0,202009,700000.0,3825,34.0,4274,96,0.009,1428.0,0.1192,3792.0,451.0,1705.0,1052013.0,7599.0,0.9915,0.0,County,2026-06-15,1,
Puget Sound Region,Custom-County,Benchmark,53033,1,0,202010,699000.0,3760,35.0,2952,80,0.0076,1244.0,0.1204,3704.0,460.0,1640.0,1055805.0,7442.0,0.9851,0.0,County,2026-06-15,1,
Puget Sound Region,Custom-County,Benchmark,53053,1,0,202010,469950.0,1202,34.0,1240,116,0.0267,272.0,0.066,1859.0,243.0,2025.0,583103.0,3060.0,1.5466,0.0,County,2026-06-15,1,
Puget Sound Region,Custom-County,Benchmark,53035,1,0,202010,479000.0,380,30.0,384,12,0.0085,116.0,0.08,651.0,252.0,1976.0,691980.0,1029.0,1.7132,0.0,County,2026-06-15,1,
Puget Sound Region,Custom-County,Benchmark,53061,1,0,202010,550000.0,876,30.0,1184,88,0.0236,224.0,0.0569,1955.0,288.0,1918.0,658732.0,2802.0,2.2317,0.0,County,2026-06-15,1,
Puget Sound Region,Custom-County,Benchmark,53033,1,0,202011,696625.0,2844,43.0,1926,80,0.0104,800.0,0.0932,3514.0,474.0,1553.0,1068557.0,6342.0,1.2354,0.0,County,2026-06-15,1,
Puget Sound Region,Custom-County,Benchmark,53035,1,0,202011,499875.0,251,36.0,280,22,0.0202,64.0,0.0518,650.0,257.0,1959.0,714408.0,900.0,2.5876,0.0,County,2026-06-15,1,
Puget Sound Region,Custom-County,Benchmark,53061,1,0,202011,550000.0,557,38.0,710,50,0.0159,136.0,0.0429,1870.0,290.0,1865.0,675338.0,2425.0,3.3594,1.0,County,2026-06-15,1,
Puget Sound Region,Custom-County,Benchmark,53053,1,0,202011,489750.0,728,38.0,926,84,0.0229,200.0,0.0525,2006.0,249.0,1999.0,616488.0,2733.0,2.7548,0.0,County,2026-06-15,1,
Puget Sound Region,Custom-County,Benchmark,53033,1,0,202012,691488.0,2149,52.0,1426,78,0.0122,494.0,0.0769,2856.0,487.0,1499.0,1077343.0,4991.0,1.3293,0.0,County,2026-06-15,1,
Puget Sound Region,Custom-County,Benchmark,53053,1,0,202012,497475.0,558,42.0,804,88,0.029,106.0,0.0344,1717.0,249.0,2012.0,610253.0,2275.0,3.0798,0.0,County,2026-06-15,1,
Puget Sound Region,Custom-County,Benchmark,53035,1,0,202012,470569.0,206,45.0,210,4,0.0043,56.0,0.053,583.0,259.0,1920.0,697673.0,784.0,2.837,0.0,County,2026-06-15,1,
Puget Sound Region,Custom-County,Benchmark,53061,1,0,202012,570750.0,386,43.0,626,82,0.0301,84.0,0.0328,1561.0,294.0,1937.0,702480.0,1944.0,4.0427,1.0,County,2026-06-15,1,
Puget Sound Region,Custom-County,Benchmark,53061,1,0,202101,579000.0,304,40.0,692,100,0.0426,32.0,0.0138,1250.0,300.0,1942.0,700548.0,1556.0,4.1118,1.0,County,2026-06-15,1,
Puget Sound Region,Custom-County,Benchmark,53053,1,0,202101,499975.0,453,36.0,900,116,0.0425,72.0,0.0254,1463.0,259.0,1957.0,625967.0,1904.0,3.2296,0.0,County,2026-06-15,1,
Puget Sound Region,Custom-County,Benchmark,53033,1,0,202101,699950.0,1653,47.0,1980,76,0.0128,320.0,0.0544,2423.0,503.0,1500.0,1114659.0,3984.0,1.4658,0.0,County,2026-06-15,1,
Puget Sound Region,Custom-County,Benchmark,53035,1,0,202101,469888.0,166,42.0,204,12,0.0138,44.0,0.0482,503.0,257.0,1932.0,775756.0,670.0,3.0301,0.0,County,2026-06-15,1,
Puget Sound Region,Custom-County,Benchmark,53061,1,0,202102,603746.0,272,23.0,674,94,0.0408,22.0,0.0096,1376.0,313.0,1969.0,728893.0,1645.0,5.0588,1.0,County,2026-06-15,1,
Puget Sound Region,Custom-County,Benchmark,53035,1,0,202102,549488.0,140,32.0,244,36,0.038,22.0,0.0235,551.0,263.0,2124.0,833965.0,690.0,3.9462,1.0,County,2026-06-15,1,
Puget Sound Region,Custom-County,Benchmark,53033,1,0,202102,702475.0,1530,31.0,2114,72,0.0108,264.0,0.0403,2928.0,499.0,1520.0,1104433.0,4421.0,1.9137,0.0,County,2026-06-15,1,
Puget Sound Region,Custom-County,Benchmark,53053,1,0,202102,489490.0,431,22.0,938,86,0.0287,54.0,0.0179,1612.0,262.0,1898.0,626129.0,2056.0,3.739,1.0,County,2026-06-15,1,
Puget Sound Region,Custom-County,Benchmark,53035,1,0,202103,542238.0,154,25.0,416,14,0.0119,32.0,0.0289,565.0,262.0,2019.0,775826.0,713.0,3.6688,1.0,County,2026-06-15,1,
Puget Sound Region,Custom-County,Benchmark,53061,1,0,202103,599475.0,347,19.0,1092,118,0.04,48.0,0.016,1432.0,316.0,1885.0,712715.0,1754.0,4.1328,1.0,County,2026-06-15,1,
Puget Sound Region,Custom-County,Benchmark,53053,1,0,202103,512450.0,517,18.0,1438,98,0.0258,94.0,0.0254,1744.0,268.0,1928.0,647860.0,2294.0,3.3766,0.0,County,2026-06-15,1,
Puget Sound Region,Custom-County,Benchmark,53033,1,0,202103,725000.0,1721,25.0,3416,108,0.0127,368.0,0.0422,3222.0,493.0,1593.0,1066401.0,4918.0,1.8724,0.0,County,2026-06-15,1,
Puget Sound Region,Custom-County,Benchmark,53033,1,0,202104,732475.0,1795,25.0,3316,138,0.0175,376.0,0.0406,3728.0,482.0,1626.0,1089427.0,5549.0,2.0766,1.0,County,2026-06-15,1,
Puget Sound Region,Custom-County,Benchmark,53035,1,0,202104,562500.0,181,23.0,388,24,0.022,24.0,0.0214,597.0,264.0,2059.0,745602.0,784.0,3.2956,0.0,County,2026-06-15,1,
Puget Sound Region,Custom-County,Benchmark,53053,1,0,202104,522111.0,544,21.0,1364,80,0.0224,100.0,0.0265,1910.0,272.0,1947.0,651320.0,2448.0,3.511,0.0,County,2026-06-15,1,
Puget Sound Region,Custom-County,Benchmark,53061,1,0,202104,630143.0,413,16.0,1168,66,0.0207,50.0,0.0169,1527.0,324.0,1932.0,734674.0,1939.0,3.6973,0.0,County,2026-06-15,1,
Puget Sound Region,Custom-County,Benchmark,53053,1,0,202105,524950.0,663,15.0,1472,64,0.0165,172.0,0.0402,2027.0,272.0,1939.0,638782.0,2709.0,3.0573,0.0,County,2026-06-15,1,
Puget Sound Region,Custom-County,Benchmark,53033,1,0,202105,749950.0,1865,23.0,3424,76,0.0082,380.0,0.0386,4030.0,487.0,1670.0,1102772.0,5922.0,2.1609,0.0,County,2026-06-15,1,
Puget Sound Region,Custom-County,Benchmark,53035,1,0,202105,550000.0,213,22.0,424,12,0.0098,44.0,0.0345,641.0,269.0,2028.0,741691.0,850.0,3.0094,0.0,County,2026-06-15,1,
Puget Sound Region,Custom-County,Benchmark,53061,1,0,202105,650000.0,476,14.0,1276,56,0.0166,80.0,0.0227,1722.0,339.0,1928.0,754862.0,2215.0,3.6176,0.0,County,2026-06-15,1,
Puget Sound Region,Custom-County,Benchmark,53053,1,0,202106,527500.0,745,18.0,1476,60,0.0118,254.0,0.0556,2141.0,275.0,1977.0,655696.0,2872.0,2.8758,0.0,County,2026-06-15,1,
Puget Sound Region,Custom-County,Benchmark,53061,1,0,202106,673500.0,571,16.0,1400,58,0.0129,110.0,0.0286,1796.0,342.0,1963.0,768706.0,2349.0,3.1445,0.0,County,2026-06-15,1,
Puget Sound Region,Custom-County,Benchmark,53033,1,0,202106,759988.0,2109,21.0,3738,94,0.0079,476.0,0.0476,4176.0,482.0,1705.0,1103552.0,6255.0,1.9798,0.0,County,2026-06-15,1,
Puget Sound Region,Custom-County,Benchmark,53035,1,0,202106,546500.0,249,23.0,460,6,0.0039,82.0,0.0542,669.0,280.0,2004.0,734262.0,922.0,2.6922,0.0,County,2026-06-15,1,
Puget Sound Region,Custom-County,Benchmark,53035,1,0,202107,551990.0,305,23.0,488,16,0.0106,100.0,0.0696,675.0,281.0,1901.0,723481.0,982.0,2.2131,0.0,County,2026-06-15,1,
Puget Sound Region,Custom-County,Benchmark,53053,1,0,202107,540000.0,844,23.0,1416,48,0.0113,260.0,0.0611,1970.0,280.0,1947.0,649375.0,2837.0,2.3341,0.0,County,2026-06-15,1,
Puget Sound Region,Custom-County,Benchmark,53061,1,0,202107,675000.0,621,22.0,1252,36,0.0104,140.0,0.0415,1619.0,346.0,1999.0,783082.0,2243.0,2.6071,0.0,County,2026-06-15,1,
Puget Sound Region,Custom-County,Benchmark,53033,1,0,202107,759150.0,2187,27.0,3192,76,0.0084,584.0,0.0627,3788.0,486.0,1688.0,1105862.0,5884.0,1.7321,0.0,County,2026-06-15,1,
Puget Sound Region,Custom-County,Benchmark,53061,1,0,202108,679998.0,715,22.0,1288,54,0.015,300.0,0.0822,1641.0,351.0,1997.0,785551.0,2354.0,2.296,0.0,County,2026-06-15,1,
Puget Sound Region,Custom-County,Benchmark,53033,1,0,202108,749475.0,2129,28.0,2922,76,0.0085,692.0,0.079,3801.0,470.0,1670.0,1075812.0,5921.0,1.7858,0.0,County,2026-06-15,1,
Puget Sound Region,Custom-County,Benchmark,53053,1,0,202108,547500.0,903,25.0,1444,36,0.0083,422.0,0.0963,1956.0,283.0,1960.0,642069.0,2875.0,2.1673,0.0,County,2026-06-15,1,
Puget Sound Region,Custom-County,Benchmark,53035,1,0,202108,576975.0,318,30.0,416,14,0.0098,144.0,0.1004,682.0,281.0,1987.0,719937.0,1002.0,2.1447,0.0,County,2026-06-15,1,
Puget Sound Region,Custom-County,Benchmark,53061,1,0,202109,692000.0,667,28.0,1124,28,0.0084,208.0,0.0623,1545.0,351.0,2005.0,805946.0,2221.0,2.3156,0.0,County,2026-06-15,1,
Puget Sound Region,Custom-County,Benchmark,53033,1,0,202109,749954.0,2093,29.0,3108,48,0.0055,640.0,0.0747,3567.0,472.0,1707.0,1083632.0,5630.0,1.7047,0.0,County,2026-06-15,1,
Puget Sound Region,Custom-County,Benchmark,53053,1,0,202109,552475.0,975,29.0,1294,48,0.012,446.0,0.1065,1838.0,285.0,1990.0,655388.0,2807.0,1.8861,0.0,County,2026-06-15,1,
Puget Sound Region,Custom-County,Benchmark,53035,1,0,202109,580000.0,312,35.0,384,14,0.0108,110.0,0.0878,634.0,278.0,2054.0,714170.0,947.0,2.0304,0.0,County,2026-06-15,1,
Puget Sound Region,Custom-County,Benchmark,53053,1,0,202110,557200.0,901,32.0,1184,36,0.0093,436.0,0.1116,1775.0,286.0,1997.0,656452.0,2686.0,1.97,0.0,County,2026-06-15,1,
Puget Sound Region,Custom-County,Benchmark,53061,1,0,202110,699950.0,562,32.0,940,32,0.0123,168.0,0.0529,1487.0,356.0,2003.0,828772.0,2062.0,2.6459,0.0,County,2026-06-15,1,
Puget Sound Region,Custom-County,Benchmark,53033,1,0,202110,749950.0,1877,32.0,2444,64,0.0093,520.0,0.0689,3486.0,484.0,1697.0,1114363.0,5345.0,1.8572,0.0,County,2026-06-15,1,
Puget Sound Region,Custom-County,Benchmark,53035,1,0,202110,597000.0,311,36.0,404,8,0.0059,136.0,0.1111,603.0,284.0,2069.0,731719.0,912.0,1.9389,0.0,County,2026-06-15,1,
Puget Sound Region,Custom-County,Benchmark,53033,1,0,202111,745000.0,1368,36.0,1734,56,0.0101,330.0,0.0531,3087.0,492.0,1667.0,1134388.0,4438.0,2.257,0.0,County,2026-06-15,1,
Puget Sound Region,Custom-County,Benchmark,53053,1,0,202111,555000.0,733,35.0,896,44,0.0131,280.0,0.085,1659.0,286.0,1992.0,664982.0,2395.0,2.2633,0.0,County,2026-06-15,1,
Puget Sound Region,Custom-County,Benchmark,53035,1,0,202111,599675.0,256,37.0,308,8,0.0071,88.0,0.0742,598.0,278.0,2054.0,738070.0,858.0,2.3359,0.0,County,2026-06-15,1,
Puget Sound Region,Custom-County,Benchmark,53061,1,0,202111,691250.0,410,34.0,858,32,0.0134,86.0,0.0331,1335.0,355.0,2008.0,841910.0,1745.0,3.2601,0.0,County,2026-06-15,1,
Puget Sound Region,Custom-County,Benchmark,53053,1,0,202112,544975.0,510,39.0,692,58,0.0247,142.0,0.0539,1389.0,293.0,1927.0,665745.0,1897.0,2.7252,0.0,County,2026-06-15,1,
Puget Sound Region,Custom-County,Benchmark,53061,1,0,202112,693975.0,265,36.0,590,30,0.0187,32.0,0.0186,1068.0,359.0,1965.0,863523.0,1330.0,4.0359,0.0,County,2026-06-15,1,
Puget Sound Region,Custom-County,Benchmark,53035,1,0,202112,599495.0,181,44.0,184,18,0.0247,20.0,0.0251,515.0,277.0,2057.0,788527.0,695.0,2.8453,0.0,County,2026-06-15,1,
Puget Sound Region,Custom-County,Benchmark,53033,1,0,202112,748000.0,886,41.0,1156,36,0.0077,136.0,0.0308,2350.0,496.0,1612.0,1106486.0,3222.0,2.6539,0.0,County,2026-06-15,1,
Puget Sound Region,Custom-County,Benchmark,53053,1,0,202201,572475.0,363,39.0,700,60,0.0269,60.0,0.0269,1083.0,300.0,1947.0,702668.0,1448.0,2.9835,0.0,County,2026-06-15,1,
Puget Sound Region,Custom-County,Benchmark,53035,1,0,202201,599450.0,140,42.0,212,12,0.0146,24.0,0.0323,407.0,296.0,1974.0,800568.0,546.0,2.9071,0.0,County,2026-06-15,1,
Puget Sound Region,Custom-County,Benchmark,53033,1,0,202201,764950.0,746,37.0,1652,40,0.0092,76.0,0.0181,1739.0,496.0,1640.0,1167466.0,2406.0,2.3311,0.0,County,2026-06-15,1,
Puget Sound Region,Custom-County,Benchmark,53061,1,0,202201,690000.0,226,31.0,640,32,0.0196,32.0,0.0196,769.0,369.0,1925.0,883891.0,997.0,3.4027,0.0,County,2026-06-15,1,
Puget Sound Region,Custom-County,Benchmark,53035,1,0,202202,599495.0,165,23.0,360,30,0.0314,32.0,0.0352,431.0,300.0,1979.0,790509.0,601.0,2.6201,1.0,County,2026-06-15,1,
Puget Sound Region,Custom-County,Benchmark,53061,1,0,202202,714930.0,269,10.0,812,32,0.0164,32.0,0.0153,1006.0,389.0,1972.0,883034.0,1283.0,3.7449,1.0,County,2026-06-15,1,
Puget Sound Region,Custom-County,Benchmark,53033,1,0,202202,797463.0,883,16.0,2244,50,0.0095,104.0,0.0193,2366.0,520.0,1700.0,1246325.0,3244.0,2.6805,0.0,County,2026-06-15,1,
Puget Sound Region,Custom-County,Benchmark,53053,1,0,202202,582475.0,393,21.0,992,54,0.0204,66.0,0.0249,1279.0,306.0,1958.0,727993.0,1659.0,3.2532,0.0,County,2026-06-15,1,
Puget Sound Region,Custom-County,Benchmark,53033,1,0,202203,849619.0,1055,18.0,2668,44,0.0068,158.0,0.0244,2665.0,533.0,1814.0,1283655.0,3710.0,2.5261,0.0,County,2026-06-15,1,
Puget Sound Region,Custom-County,Benchmark,53053,1,0,202203,577450.0,463,19.0,1146,70,0.0226,100.0,0.0323,1459.0,309.0,1967.0,730917.0,1923.0,3.1535,0.0,County,2026-06-15,1,
Puget Sound Region,Custom-County,Benchmark,53035,1,0,202203,609490.0,167,23.0,342,26,0.0273,48.0,0.0483,477.0,306.0,2006.0,805064.0,637.0,2.8649,0.0,County,2026-06-15,1,
Puget Sound Region,Custom-County,Benchmark,53061,1,0,202203,762212.0,346,11.0,1098,26,0.0099,66.0,0.0251,1185.0,393.0,1967.0,891673.0,1529.0,3.4284,0.0,County,2026-06-15,1,
Puget Sound Region,Custom-County,Benchmark,53061,1,0,202204,825000.0,453,14.0,1184,20,0.0067,140.0,0.0458,1351.0,408.0,2052.0,919552.0,1813.0,2.9823,0.0,County,2026-06-15,1,
Puget Sound Region,Custom-County,Benchmark,53033,1,0,202204,899950.0,1262,17.0,3060,48,0.0061,280.0,0.0409,2964.0,539.0,1901.0,1373729.0,4271.0,2.3487,0.0,County,2026-06-15,1,
Puget Sound Region,Custom-County,Benchmark,53035,1,0,202204,602000.0,190,22.0,380,4,0.0042,68.0,0.0717,471.0,308.0,2005.0,798400.0,663.0,2.4789,0.0,County,2026-06-15,1,
Puget Sound Region,Custom-County,Benchmark,53053,1,0,202204,599450.0,534,21.0,1316,48,0.0154,188.0,0.0552,1529.0,311.0,1968.0,723190.0,2090.0,2.8633,0.0,County,2026-06-15,1,
Puget Sound Region,Custom-County,Benchmark,53035,1,0,202205,639975.0,271,20.0,418,12,0.0091,128.0,0.1023,495.0,316.0,2039.0,816184.0,766.0,1.8247,1.0,County,2026-06-15,1,
Puget Sound Region,Custom-County,Benchmark,53061,1,0,202205,849950.0,824,15.0,1412,44,0.0132,440.0,0.1147,1314.0,415.0,2090.0,957062.0,2122.0,1.5947,1.0,County,2026-06-15,1,
Puget Sound Region,Custom-County,Benchmark,53053,1,0,202205,629925.0,938,16.0,1684,42,0.0103,506.0,0.1162,1562.0,308.0,2101.0,721682.0,2493.0,1.6647,1.0,County,2026-06-15,1,
Puget Sound Region,Custom-County,Benchmark,53033,1,0,202205,949248.0,2209,16.0,3830,86,0.0096,754.0,0.0803,3045.0,547.0,2045.0,1424754.0,5243.0,1.3782,0.0,County,2026-06-15,1,
Puget Sound Region,Custom-County,Benchmark,53033,1,0,202206,937475.0,3026,22.0,3626,40,0.0043,1466.0,0.1592,2771.0,543.0,2028.0,1386033.0,5784.0,0.9156,1.0,County,2026-06-15,1,
Puget Sound Region,Custom-County,Benchmark,53053,1,0,202206,622481.0,1266,23.0,1586,30,0.007,884.0,0.1991,1538.0,310.0,2104.0,730285.0,2802.0,1.2149,1.0,County,2026-06-15,1,
Puget Sound Region,Custom-County,Benchmark,53061,1,0,202206,817495.0,1166,20.0,1416,38,0.0102,836.0,0.2175,1212.0,411.0,2047.0,926653.0,2386.0,1.0399,1.0,County,2026-06-15,1,
Puget Sound Region,Custom-County,Benchmark,53035,1,0,202206,635675.0,388,23.0,506,12,0.0088,262.0,0.1831,485.0,311.0,2100.0,813225.0,873.0,1.2487,1.0,County,2026-06-15,1,
Puget Sound Region,Custom-County,Benchmark,53035,1,0,202207,600000.0,537,28.0,432,8,0.0054,312.0,0.2121,454.0,314.0,2080.0,796254.0,986.0,0.8454,1.0,County,2026-06-15,1,
Puget Sound Region,Custom-County,Benchmark,53053,1,0,202207,599990.0,1706,28.0,1432,24,0.0057,1228.0,0.2735,1344.0,306.0,2096.0,706825.0,3050.0,0.7878,1.0,County,2026-06-15,1,
Puget Sound Region,Custom-County,Benchmark,53061,1,0,202207,799000.0,1475,26.0,1328,20,0.0056,1056.0,0.2532,1094.0,400.0,2040.0,890301.0,2564.0,0.7417,1.0,County,2026-06-15,1,
Puget Sound Region,Custom-County,Benchmark,53033,1,0,202207,900000.0,3773,29.0,2988,32,0.0036,1904.0,0.2021,2359.0,526.0,2020.0,1342033.0,6083.0,0.6252,1.0,County,2026-06-15,1,
Puget Sound Region,Custom-County,Benchmark,53053,1,0,202208,599950.0,1746,36.0,1116,22,0.0052,1126.0,0.269,1386.0,301.0,2107.0,697171.0,3097.0,0.794,1.0,County,2026-06-15,1,
Puget Sound Region,Custom-County,Benchmark,53035,1,0,202208,629948.0,555,34.0,334,14,0.0102,306.0,0.2254,477.0,316.0,2098.0,846400.0,1033.0,0.8593,1.0,County,2026-06-15,1,
Puget Sound Region,Custom-County,Benchmark,53061,1,0,202208,774975.0,1462,33.0,992,10,0.0027,852.0,0.2374,1184.0,395.0,2017.0,855828.0,2633.0,0.8101,1.0,County,2026-06-15,1,
Puget Sound Region,Custom-County,Benchmark,53033,1,0,202208,899475.0,3739,33.0,2384,30,0.0035,1598.0,0.186,2490.0,523.0,1993.0,1336784.0,6219.0,0.6659,1.0,County,2026-06-15,1,
Puget Sound Region,Custom-County,Benchmark,53061,1,0,202209,764975.0,1336,39.0,882,40,0.0108,830.0,0.2288,1165.0,392.0,2028.0,862937.0,2495.0,0.8716,1.0,County,2026-06-15,1,
Puget Sound Region,Custom-County,Benchmark,53033,1,0,202209,879475.0,3697,38.0,2514,32,0.0041,1766.0,0.2083,2254.0,522.0,1983.0,1335764.0,5941.0,0.6098,1.0,County,2026-06-15,1,
Puget Sound Region,Custom-County,Benchmark,53053,1,0,202209,592000.0,1655,43.0,916,18,0.0047,1040.0,0.2724,1263.0,299.0,2079.0,691601.0,2918.0,0.7631,1.0,County,2026-06-15,1,
Puget Sound Region,Custom-County,Benchmark,53035,1,0,202209,605000.0,514,44.0,316,24,0.017,304.0,0.2219,434.0,307.0,2078.0,820878.0,950.0,0.8434,1.0,County,2026-06-15,1,
Puget Sound Region,Custom-County,Benchmark,53061,1,0,202210,759950.0,1313,41.0,740,12,0.0046,828.0,0.2895,949.0,384.0,2024.0,854874.0,2260.0,0.7228,1.0,County,2026-06-15,1,
Puget Sound Region,Custom-County,Benchmark,53033,1,0,202210,850000.0,3784,37.0,1940,36,0.0051,1888.0,0.2595,1973.0,514.0,1920.0,1297096.0,5746.0,0.5214,1.0,County,2026-06-15,1,
Puget Sound Region,Custom-County,Benchmark,53053,1,0,202210,579980.0,1612,45.0,812,12,0.0034,992.0,0.296,1048.0,297.0,2024.0,680746.0,2654.0,0.6501,1.0,County,2026-06-15,1,
Puget Sound Region,Custom-County,Benchmark,53035,1,0,202210,599000.0,511,49.0,284,0,0.0,296.0,0.2578,341.0,298.0,2078.0,796655.0,857.0,0.6673,1.0,County,2026-06-15,1,
Puget Sound Region,Custom-County,Benchmark,53053,1,0,202211,579725.0,1525,49.0,574,14,0.0049,786.0,0.2728,786.0,293.0,2038.0,678952.0,2308.0,0.5153,1.0,County,2026-06-15,1,
Puget Sound Region,Custom-County,Benchmark,53035,1,0,202211,592500.0,481,52.0,210,8,0.0078,226.0,0.2175,316.0,294.0,2064.0,771017.0,798.0,0.657,1.0,County,2026-06-15,1,
Puget Sound Region,Custom-County,Benchmark,53061,1,0,202211,750000.0,1120,45.0,472,16,0.0064,500.0,0.2067,786.0,381.0,2028.0,855841.0,1909.0,0.7018,1.0,County,2026-06-15,1,
Puget Sound Region,Custom-County,Benchmark,53033,1,0,202211,827125.0,3361,44.0,1288,28,0.0044,1404.0,0.2211,1711.0,510.0,1859.0,1303920.0,5063.0,0.5089,1.0,County,2026-06-15,1,
Puget Sound Region,Custom-County,Benchmark,53053,1,0,202212,584475.0,1277,63.0,344,16,0.0061,436.0,0.1864,646.0,293.0,2063.0,684798.0,1923.0,0.5059,1.0,County,2026-06-15,1,
Puget Sound Region,Custom-County,Benchmark,53061,1,0,202212,749000.0,859,58.0,276,20,0.0103,304.0,0.1763,589.0,382.0,2029.0,861041.0,1448.0,0.6857,1.0,County,2026-06-15,1,
Puget Sound Region,Custom-County,Benchmark,53035,1,0,202212,549900.0,399,64.0,100,8,0.012,136.0,0.1683,227.0,286.0,2018.0,700080.0,626.0,0.5689,1.0,County,2026-06-15,1,
Puget Sound Region,Custom-County,Benchmark,53033,1,0,202212,810000.0,2423,58.0,672,12,0.0027,580.0,0.1309,1348.0,505.0,1840.0,1289868.0,3759.0,0.5563,1.0,County,2026-06-15,1,
Puget Sound Region,Custom-County,Benchmark,53053,1,0,202301,594925.0,1051,72.0,546,28,0.0124,462.0,0.208,640.0,294.0,2067.0,700865.0,1691.0,0.6089,1.0,County,2026-06-15,1,
Puget Sound Region,Custom-County,Benchmark,53061,1,0,202301,732225.0,667,65.0,404,8,0.0048,224.0,0.1397,545.0,383.0,2028.0,871067.0,1207.0,0.817,1.0,County,2026-06-15,1,
Puget Sound Region,Custom-County,Benchmark,53035,1,0,202301,550000.0,342,74.0,184,20,0.0251,140.0,0.1758,233.0,289.0,2029.0,702589.0,580.0,0.6813,1.0,County,2026-06-15,1,
Puget Sound Region,Custom-County,Benchmark,53033,1,0,202301,820000.0,1959,64.0,1334,12,0.0027,584.0,0.1269,1274.0,514.0,1833.0,1285517.0,3224.0,0.6501,1.0,County,2026-06-15,1,
Puget Sound Region,Custom-County,Benchmark,53053,1,0,202302,599015.0,866,60.0,630,24,0.0103,300.0,0.1295,857.0,293.0,2106.0,708128.0,1713.0,0.989,1.0,County,2026-06-15,1,
Puget Sound Region,Custom-County,Benchmark,53033,1,0,202302,844475.0,1727,38.0,1388,12,0.0025,470.0,0.0968,1747.0,529.0,1853.0,1366233.0,3454.0,1.0113,1.0,County,2026-06-15,1,
Puget Sound Region,Custom-County,Benchmark,53035,1,0,202302,555000.0,278,68.0,166,8,0.011,86.0,0.1174,289.0,288.0,2074.0,727189.0,567.0,1.0396,1.0,County,2026-06-15,1,
Puget Sound Region,Custom-County,Benchmark,53061,1,0,202302,777500.0,523,50.0,462,8,0.0048,136.0,0.0807,718.0,383.0,2102.0,897405.0,1237.0,1.3742,1.0,County,2026-06-15,1,
Puget Sound Region,Custom-County,Benchmark,53053,1,0,202303,614975.0,777,40.0,832,40,0.0163,282.0,0.1146,920.0,300.0,2200.0,743058.0,1698.0,1.184,1.0,County,2026-06-15,1,
Puget Sound Region,Custom-County,Benchmark,53035,1,0,202303,597495.0,266,46.0,280,22,0.0269,98.0,0.1186,295.0,295.0,2089.0,846564.0,561.0,1.1111,1.0,County,2026-06-15,1,
Puget Sound Region,Custom-County,Benchmark,53061,1,0,202303,804725.0,511,28.0,648,12,0.0062,118.0,0.0623,734.0,390.0,2133.0,919829.0,1236.0,1.4364,1.0,County,2026-06-15,1,
Puget Sound Region,Custom-County,Benchmark,53033,1,0,202303,902450.0,1828,29.0,2062,36,0.0062,560.0,0.0967,1793.0,535.0,1945.0,1443406.0,3606.0,0.9806,1.0,County,2026-06-15,1,
Puget Sound Region,Custom-County,Benchmark,53053,1,0,202304,625000.0,704,37.0,804,56,0.0224,216.0,0.0873,971.0,309.0,2174.0,773188.0,1683.0,1.3793,1.0,County,2026-06-15,1,
Puget Sound Region,Custom-County,Benchmark,53033,1,0,202304,925000.0,1937,30.0,2084,20,0.0035,540.0,0.0887,1974.0,546.0,1950.0,1478216.0,3924.0,1.0191,1.0,County,2026-06-15,1,
Puget Sound Region,Custom-County,Benchmark,53061,1,0,202304,835990.0,510,28.0,636,12,0.0061,152.0,0.0716,783.0,400.0,2247.0,964799.0,1291.0,1.5353,1.0,County,2026-06-15,1,
Puget Sound Region,Custom-County,Benchmark,53035,1,0,202304,607000.0,278,38.0,264,20,0.0221,92.0,0.1114,324.0,305.0,2158.0,940750.0,602.0,1.1655,1.0,County,2026-06-15,1,
Puget Sound Region,Custom-County,Benchmark,53061,1,0,202305,799999.0,586,27.0,806,16,0.007,166.0,0.0788,849.0,404.0,2111.0,956496.0,1438.0,1.4488,0.0,County,2026-06-15,1,
Puget Sound Region,Custom-County,Benchmark,53033,1,0,202305,934495.0,2146,29.0,2284,20,0.0032,702.0,0.104,2214.0,545.0,1965.0,1493365.0,4380.0,1.0317,0.0,County,2026-06-15,1,
Puget Sound Region,Custom-County,Benchmark,53053,1,0,202305,627498.0,812,29.0,982,36,0.0132,300.0,0.1065,1040.0,310.0,2149.0,763888.0,1862.0,1.281,0.0,County,2026-06-15,1,
Puget Sound Region,Custom-County,Benchmark,53035,1,0,202305,649950.0,278,35.0,292,14,0.0151,94.0,0.0958,416.0,311.0,2116.0,957179.0,682.0,1.4991,0.0,County,2026-06-15,1,
Puget Sound Region,Custom-County,Benchmark,53033,1,0,202306,929925.0,2430,30.0,2356,36,0.0052,852.0,0.1229,2186.0,548.0,1940.0,1475327.0,4615.0,0.8998,0.0,County,2026-06-15,1,
Puget Sound Region,Custom-County,Benchmark,53061,1,0,202306,815750.0,689,29.0,798,10,0.0043,240.0,0.1012,861.0,402.0,2132.0,963771.0,1558.0,1.2496,0.0,County,2026-06-15,1,
Puget Sound Region,Custom-County,Benchmark,53035,1,0,202306,649475.0,313,32.0,360,8,0.0082,134.0,0.1315,393.0,305.0,2120.0,919016.0,706.0,1.2556,0.0,County,2026-06-15,1,
Puget Sound Region,Custom-County,Benchmark,53053,1,0,202306,635000.0,963,29.0,1054,42,0.0138,450.0,0.1426,1136.0,314.0,2164.0,786853.0,2099.0,1.1796,0.0,County,2026-06-15,1,
Puget Sound Region,Custom-County,Benchmark,53053,1,0,202307,635000.0,1029,35.0,896,40,0.0135,484.0,0.1595,1052.0,315.0,2132.0,796868.0,2070.0,1.0224,0.0,County,2026-06-15,1,
Puget Sound Region,Custom-County,Benchmark,53035,1,0,202307,650000.0,344,32.0,256,12,0.0124,148.0,0.1581,375.0,309.0,2112.0,927694.0,723.0,1.0901,0.0,County,2026-06-15,1,
Puget Sound Region,Custom-County,Benchmark,53033,1,0,202307,917990.0,2510,33.0,1964,28,0.0041,792.0,0.1293,2044.0,545.0,1940.0,1503822.0,4547.0,0.8143,0.0,County,2026-06-15,1,
Puget Sound Region,Custom-County,Benchmark,53061,1,0,202307,799950.0,716,30.0,724,16,0.0066,304.0,0.1305,926.0,399.0,2111.0,961616.0,1650.0,1.2933,0.0,County,2026-06-15,1,
Puget Sound Region,Custom-County,Benchmark,53033,1,0,202308,899425.0,2614,34.0,1858,22,0.0034,902.0,0.1401,1978.0,545.0,1902.0,1498393.0,4595.0,0.7565,0.0,County,2026-06-15,1,
Puget Sound Region,Custom-County,Benchmark,53061,1,0,202308,799475.0,752,30.0,670,14,0.0059,306.0,0.133,912.0,403.0,2083.0,946485.0,1663.0,1.2129,0.0,County,2026-06-15,1,
Puget Sound Region,Custom-County,Benchmark,53035,1,0,202308,650000.0,385,38.0,300,6,0.0057,190.0,0.1827,385.0,313.0,2152.0,935244.0,766.0,1.0,0.0,County,2026-06-15,1,
Puget Sound Region,Custom-County,Benchmark,53053,1,0,202308,629970.0,1136,36.0,856,28,0.0097,534.0,0.1858,978.0,316.0,2133.0,801106.0,2103.0,0.8609,0.0,County,2026-06-15,1,
Puget Sound Region,Custom-County,Benchmark,53053,1,0,202309,631503.0,1137,39.0,704,20,0.007,564.0,0.1962,885.0,314.0,2151.0,802637.0,2015.0,0.7784,0.0,County,2026-06-15,1,
Puget Sound Region,Custom-County,Benchmark,53035,1,0,202309,634500.0,387,43.0,260,4,0.004,196.0,0.2051,342.0,313.0,2113.0,940497.0,733.0,0.8837,0.0,County,2026-06-15,1,
Puget Sound Region,Custom-County,Benchmark,53033,1,0,202309,883475.0,2820,36.0,2204,32,0.0051,952.0,0.1383,1780.0,543.0,1872.0,1469262.0,4584.0,0.6312,0.0,County,2026-06-15,1,
Puget Sound Region,Custom-County,Benchmark,53061,1,0,202309,795000.0,809,36.0,652,12,0.0054,380.0,0.1685,776.0,400.0,2054.0,929969.0,1567.0,0.9592,0.0,County,2026-06-15,1,
Puget Sound Region,Custom-County,Benchmark,53061,1,0,202310,762485.0,826,37.0,634,8,0.0027,354.0,0.1613,746.0,396.0,1996.0,897231.0,1567.0,0.9037,0.0,County,2026-06-15,1,
Puget Sound Region,Custom-County,Benchmark,53033,1,0,202310,874814.0,2814,37.0,1718,16,0.0021,1024.0,0.1592,1765.0,543.0,1835.0,1421113.0,4576.0,0.6272,0.0,County,2026-06-15,1,
Puget Sound Region,Custom-County,Benchmark,53035,1,0,202310,637250.0,380,44.0,224,4,0.0043,186.0,0.185,342.0,314.0,2142.0,935428.0,714.0,0.8999,0.0,County,2026-06-15,1,
Puget Sound Region,Custom-County,Benchmark,53053,1,0,202310,636275.0,1173,44.0,728,52,0.016,568.0,0.2059,830.0,315.0,2118.0,799144.0,2003.0,0.7072,0.0,County,2026-06-15,1,
Puget Sound Region,Custom-County,Benchmark,53061,1,0,202311,741223.0,930,42.0,548,46,0.0199,382.0,0.1619,877.0,386.0,2062.0,856048.0,1808.0,0.943,0.0,County,2026-06-15,1,
Puget Sound Region,Custom-County,Benchmark,53033,1,0,202311,844000.0,2966,47.0,1312,42,0.0076,952.0,0.154,1904.0,539.0,1758.0,1357995.0,4853.0,0.6419,0.0,County,2026-06-15,1,
Puget Sound Region,Custom-County,Benchmark,53035,1,0,202311,599945.0,483,52.0,182,12,0.0119,214.0,0.2095,350.0,294.0,2143.0,824068.0,831.0,0.7246,0.0,County,2026-06-15,1,
Puget Sound Region,Custom-County,Benchmark,53053,1,0,202311,619950.0,1397,47.0,714,74,0.0251,564.0,0.1866,880.0,313.0,2092.0,760797.0,2282.0,0.6296,0.0,County,2026-06-15,1,
Puget Sound Region,Custom-County,Benchmark,53033,1,0,202312,825000.0,2260,59.0,768,44,0.0111,336.0,0.073,1585.0,532.0,1719.0,1332678.0,3835.0,0.7013,0.0,County,2026-06-15,1,
Puget Sound Region,Custom-County,Benchmark,53035,1,0,202312,599000.0,445,57.0,176,12,0.0129,124.0,0.1277,292.0,291.0,2168.0,795393.0,744.0,0.6562,1.0,County,2026-06-15,1,
Puget Sound Region,Custom-County,Benchmark,53053,1,0,202312,619450.0,1247,56.0,496,36,0.0147,356.0,0.1372,828.0,311.0,2108.0,750715.0,2075.0,0.664,0.0,County,2026-06-15,1,
Puget Sound Region,Custom-County,Benchmark,53061,1,0,202312,724995.0,670,51.0,368,36,0.0206,156.0,0.0802,837.0,386.0,1974.0,843816.0,1498.0,1.2493,0.0,County,2026-06-15,1,
Puget Sound Region,Custom-County,Benchmark,53035,1,0,202401,599495.0,368,55.0,208,22,0.0237,122.0,0.1401,297.0,289.0,2132.0,748569.0,665.0,0.8057,0.0,County,2026-06-15,1,
Puget Sound Region,Custom-County,Benchmark,53061,1,0,202401,732250.0,453,53.0,510,66,0.0353,96.0,0.0514,866.0,396.0,1944.0,855802.0,1318.0,1.9106,0.0,County,2026-06-15,1,
Puget Sound Region,Custom-County,Benchmark,53053,1,0,202401,627000.0,1007,60.0,624,80,0.0313,296.0,0.1163,914.0,316.0,2105.0,768263.0,1921.0,0.9076,0.0,County,2026-06-15,1,
Puget Sound Region,Custom-County,Benchmark,53033,1,0,202401,812475.0,1854,60.0,1590,66,0.014,354.0,0.0724,1544.0,544.0,1670.0,1384574.0,3400.0,0.833,0.0,County,2026-06-15,1,
Puget Sound Region,Custom-County,Benchmark,53033,1,0,202402,843499.0,1883,30.0,2034,72,0.0121,402.0,0.0676,2180.0,561.0,1665.0,1418933.0,4059.0,1.158,0.0,County,2026-06-15,1,
Puget Sound Region,Custom-County,Benchmark,53035,1,0,202402,588598.0,363,43.0,252,22,0.0217,124.0,0.1257,356.0,289.0,2070.0,736442.0,714.0,0.9793,0.0,County,2026-06-15,1,
Puget Sound Region,Custom-County,Benchmark,53061,1,0,202402,742473.0,439,30.0,716,46,0.0218,76.0,0.0341,970.0,398.0,1951.0,883967.0,1409.0,2.2121,0.0,County,2026-06-15,1,
Puget Sound Region,Custom-County,Benchmark,53053,1,0,202402,635000.0,981,44.0,818,76,0.0266,296.0,0.1059,1022.0,321.0,2114.0,772612.0,1991.0,1.0418,0.0,County,2026-06-15,1,
Puget Sound Region,Custom-County,Benchmark,53033,1,0,202403,849500.0,2205,29.0,2412,72,0.0108,568.0,0.0821,2428.0,556.0,1710.0,1391493.0,4656.0,1.1011,0.0,County,2026-06-15,1,
Puget Sound Region,Custom-County,Benchmark,53035,1,0,202403,600000.0,376,40.0,340,32,0.0275,108.0,0.0917,398.0,297.0,2064.0,793851.0,790.0,1.0585,0.0,County,2026-06-15,1,
Puget Sound Region,Custom-County,Benchmark,53061,1,0,202403,775000.0,518,24.0,880,40,0.0166,136.0,0.0537,1134.0,408.0,1952.0,902756.0,1651.0,2.1892,0.0,County,2026-06-15,1,
Puget Sound Region,Custom-County,Benchmark,53053,1,0,202403,635000.0,1008,34.0,912,84,0.0263,372.0,0.1212,1129.0,319.0,2121.0,763480.0,2161.0,1.12,0.0,County,2026-06-15,1,
Puget Sound Region,Custom-County,Benchmark,53033,1,0,202404,850000.0,2545,28.0,3048,80,0.009,680.0,0.0813,2775.0,558.0,1730.0,1396532.0,5313.0,1.0904,0.0,County,2026-06-15,1,
Puget Sound Region,Custom-County,Benchmark,53035,1,0,202404,634733.0,411,34.0,462,20,0.0157,152.0,0.1092,469.0,310.0,2068.0,841890.0,879.0,1.1413,1.0,County,2026-06-15,1,
Puget Sound Region,Custom-County,Benchmark,53061,1,0,202404,791248.0,595,23.0,966,36,0.0133,166.0,0.0587,1236.0,414.0,1943.0,923929.0,1844.0,2.0765,0.0,County,2026-06-15,1,
Puget Sound Region,Custom-County,Benchmark,53053,1,0,202404,625000.0,1209,31.0,1228,52,0.0143,458.0,0.1245,1289.0,323.0,2049.0,756875.0,2498.0,1.0666,0.0,County,2026-06-15,1,
Puget Sound Region,Custom-County,Benchmark,53035,1,0,202405,636550.0,556,26.0,450,22,0.0146,218.0,0.1355,516.0,312.0,2088.0,881265.0,1074.0,0.9289,0.0,County,2026-06-15,1,
Puget Sound Region,Custom-County,Benchmark,53033,1,0,202405,849975.0,3322,25.0,3150,64,0.007,1054.0,0.1108,2854.0,554.0,1738.0,1383257.0,6177.0,0.8593,0.0,County,2026-06-15,1,
Puget Sound Region,Custom-County,Benchmark,53053,1,0,202405,627500.0,1536,28.0,1304,64,0.016,622.0,0.1481,1306.0,321.0,2094.0,755683.0,2826.0,0.8499,0.0,County,2026-06-15,1,
Puget Sound Region,Custom-County,Benchmark,53061,1,0,202405,837475.0,868,19.0,1192,30,0.0096,328.0,0.0997,1272.0,419.0,2073.0,956939.0,2156.0,1.4657,0.0,County,2026-06-15,1,
Puget Sound Region,Custom-County,Benchmark,53061,1,0,202406,839950.0,1030,26.0,1096,64,0.0186,508.0,0.1472,1326.0,420.0,2058.0,953834.0,2374.0,1.2874,0.0,County,2026-06-15,1,
Puget Sound Region,Custom-County,Benchmark,53053,1,0,202406,635000.0,1723,33.0,1316,56,0.0125,884.0,0.2013,1351.0,319.0,2123.0,760470.0,3060.0,0.7841,0.0,County,2026-06-15,1,
Puget Sound Region,Custom-County,Benchmark,53035,1,0,202406,624990.0,607,37.0,380,28,0.0187,220.0,0.147,530.0,309.0,2070.0,877312.0,1130.0,0.8731,0.0,County,2026-06-15,1,
Puget Sound Region,Custom-County,Benchmark,53033,1,0,202406,851950.0,3864,30.0,3128,76,0.0078,1412.0,0.1443,2828.0,545.0,1761.0,1351920.0,6730.0,0.7319,0.0,County,2026-06-15,1,
Puget Sound Region,Custom-County,Benchmark,53061,1,0,202407,829500.0,1198,31.0,958,36,0.0102,544.0,0.1586,1269.0,420.0,2069.0,958896.0,2463.0,1.0597,0.0,County,2026-06-15,1,
Puget Sound Region,Custom-County,Benchmark,53033,1,0,202407,849279.0,4274,36.0,2856,46,0.0049,1522.0,0.1546,2654.0,540.0,1770.0,1343586.0,6907.0,0.621,0.0,County,2026-06-15,1,
Puget Sound Region,Custom-County,Benchmark,53035,1,0,202407,642500.0,610,43.0,404,12,0.0077,286.0,0.183,513.0,311.0,2088.0,884633.0,1116.0,0.8409,0.0,County,2026-06-15,1,
Puget Sound Region,Custom-County,Benchmark,53053,1,0,202407,632500.0,1928,37.0,1212,52,0.0122,1042.0,0.2285,1262.0,319.0,2112.0,762071.0,3187.0,0.6547,0.0,County,2026-06-15,1,
Puget Sound Region,Custom-County,Benchmark,53053,1,0,202408,635000.0,1968,43.0,1072,44,0.0099,924.0,0.2268,1248.0,319.0,2100.0,758365.0,3209.0,0.6341,0.0,County,2026-06-15,1,
Puget Sound Region,Custom-County,Benchmark,53033,1,0,202408,840000.0,4367,38.0,2348,60,0.0062,1268.0,0.1397,2612.0,533.0,1790.0,1333333.0,6994.0,0.5981,0.0,County,2026-06-15,1,
Puget Sound Region,Custom-County,Benchmark,53035,1,0,202408,649990.0,624,44.0,320,16,0.0125,268.0,0.1934,495.0,312.0,2080.0,876072.0,1128.0,0.7933,0.0,County,2026-06-15,1,
Puget Sound Region,Custom-County,Benchmark,53061,1,0,202408,825000.0,1284,35.0,920,28,0.0081,608.0,0.1751,1227.0,418.0,2050.0,936490.0,2504.0,0.9556,0.0,County,2026-06-15,1,
Puget Sound Region,Custom-County,Benchmark,53061,1,0,202409,800000.0,1300,38.0,948,34,0.01,592.0,0.1744,1157.0,411.0,2049.0,933958.0,2454.0,0.8896,0.0,County,2026-06-15,1,
Puget Sound Region,Custom-County,Benchmark,53033,1,0,202409,839713.0,4737,41.0,3054,42,0.0041,1534.0,0.1498,2522.0,536.0,1758.0,1321441.0,7261.0,0.5324,0.0,County,2026-06-15,1,
Puget Sound Region,Custom-County,Benchmark,53035,1,0,202409,659713.0,628,46.0,356,14,0.0098,276.0,0.1958,449.0,318.0,2112.0,896628.0,1077.0,0.715,0.0,County,2026-06-15,1,
Puget Sound Region,Custom-County,Benchmark,53053,1,0,202409,628000.0,1977,47.0,1000,54,0.013,912.0,0.2178,1200.0,318.0,2095.0,756817.0,3177.0,0.6067,0.0,County,2026-06-15,1,
Puget Sound Region,Custom-County,Benchmark,53053,1,0,202410,622475.0,1913,51.0,852,82,0.0206,868.0,0.218,1218.0,317.0,2080.0,755781.0,3130.0,0.6364,0.0,County,2026-06-15,1,
Puget Sound Region,Custom-County,Benchmark,53061,1,0,202410,799500.0,1246,38.0,748,42,0.0134,568.0,0.1812,1142.0,410.0,2039.0,930174.0,2387.0,0.9169,0.0,County,2026-06-15,1,
Puget Sound Region,Custom-County,Benchmark,53035,1,0,202410,654950.0,613,51.0,290,30,0.0222,222.0,0.164,452.0,318.0,2087.0,873606.0,1064.0,0.7371,0.0,County,2026-06-15,1,
Puget Sound Region,Custom-County,Benchmark,53033,1,0,202410,822500.0,4503,44.0,2018,80,0.0087,1538.0,0.1674,2667.0,531.0,1704.0,1298269.0,7165.0,0.5923,0.0,County,2026-06-15,1,
Puget Sound Region,Custom-County,Benchmark,53053,1,0,202411,612925.0,1754,54.0,740,44,0.0134,652.0,0.1737,1076.0,318.0,2069.0,748211.0,2830.0,0.6135,0.0,County,2026-06-15,1,
Puget Sound Region,Custom-County,Benchmark,53033,1,0,202411,799000.0,3747,52.0,1456,40,0.0056,1004.0,0.1269,2446.0,526.0,1630.0,1282017.0,6188.0,0.6528,0.0,County,2026-06-15,1,
Puget Sound Region,Custom-County,Benchmark,53035,1,0,202411,659950.0,583,50.0,264,8,0.0079,184.0,0.1525,410.0,317.0,2070.0,833139.0,1009.0,0.7033,0.0,County,2026-06-15,1,
Puget Sound Region,Custom-County,Benchmark,53061,1,0,202411,784990.0,1112,46.0,640,36,0.0153,408.0,0.1458,1025.0,405.0,1977.0,919216.0,2136.0,0.9218,0.0,County,2026-06-15,1,
Puget Sound Region,Custom-County,Benchmark,53061,1,0,202412,770000.0,816,55.0,366,24,0.0108,220.0,0.1102,818.0,408.0,1918.0,903155.0,1632.0,1.0018,0.0,County,2026-06-15,1,
Puget Sound Region,Custom-County,Benchmark,53035,1,0,202412,644970.0,454,64.0,164,18,0.0203,124.0,0.1268,345.0,315.0,2008.0,794742.0,799.0,0.7607,0.0,County,2026-06-15,1,
Puget Sound Region,Custom-County,Benchmark,53033,1,0,202412,777495.0,2680,68.0,742,30,0.0059,490.0,0.0922,1802.0,527.0,1549.0,1278389.0,4480.0,0.6725,0.0,County,2026-06-15,1,
Puget Sound Region,Custom-County,Benchmark,53053,1,0,202412,603400.0,1438,60.0,500,28,0.009,346.0,0.1204,920.0,318.0,2058.0,737106.0,2357.0,0.64,0.0,County,2026-06-15,1,
Puget Sound Region,Custom-County,Benchmark,53033,1,0,202501,775000.0,2400,64.0,1994,62,0.0108,522.0,0.0965,1583.0,537.0,1514.0,1252759.0,3975.0,0.6597,0.0,County,2026-06-15,1,
Puget Sound Region,Custom-County,Benchmark,53035,1,0,202501,639988.0,384,75.0,194,26,0.0268,116.0,0.1404,296.0,311.0,2036.0,785095.0,682.0,0.7708,0.0,County,2026-06-15,1,
Puget Sound Region,Custom-County,Benchmark,53061,1,0,202501,776925.0,721,53.0,698,42,0.0194,248.0,0.1263,743.0,406.0,1946.0,904441.0,1464.0,1.0312,0.0,County,2026-06-15,1,
Puget Sound Region,Custom-County,Benchmark,53053,1,0,202501,622438.0,1247,64.0,732,58,0.0194,422.0,0.1442,865.0,319.0,2075.0,743315.0,2107.0,0.6935,0.0,County,2026-06-15,1,
Puget Sound Region,Custom-County,Benchmark,53061,1,0,202502,777425.0,723,33.0,700,42,0.0191,270.0,0.1226,862.0,411.0,1916.0,906754.0,1584.0,1.1916,1.0,County,2026-06-15,1,
Puget Sound Region,Custom-County,Benchmark,53033,1,0,202502,799475.0,2662,32.0,2208,44,0.0066,658.0,0.0939,2113.0,549.0,1540.0,1256566.0,4757.0,0.7938,0.0,County,2026-06-15,1,
Puget Sound Region,Custom-County,Benchmark,53053,1,0,202502,625000.0,1241,47.0,840,54,0.0178,442.0,0.1415,1018.0,320.0,2090.0,753384.0,2263.0,0.8203,0.0,County,2026-06-15,1,
Puget Sound Region,Custom-County,Benchmark,53035,1,0,202502,659863.0,394,51.0,274,20,0.0212,118.0,0.1168,334.0,313.0,2077.0,798400.0,725.0,0.8464,0.0,County,2026-06-15,1,
Puget Sound Region,Custom-County,Benchmark,53053,1,0,202503,636475.0,1296,37.0,1032,40,0.0113,460.0,0.1331,1095.0,323.0,2091.0,760538.0,2395.0,0.8449,0.0,County,2026-06-15,1,
Puget Sound Region,Custom-County,Benchmark,53033,1,0,202503,829000.0,3113,30.0,2924,80,0.0095,856.0,0.1075,2395.0,554.0,1600.0,1287146.0,5504.0,0.7694,0.0,County,2026-06-15,1,
Puget Sound Region,Custom-County,Benchmark,53061,1,0,202503,799000.0,835,26.0,988,36,0.0121,312.0,0.1101,944.0,415.0,2014.0,937061.0,1778.0,1.1305,1.0,County,2026-06-15,1,
Puget Sound Region,Custom-County,Benchmark,53035,1,0,202503,653268.0,428,43.0,356,24,0.0216,160.0,0.1333,384.0,315.0,2070.0,796004.0,817.0,0.8972,0.0,County,2026-06-15,1,
Puget Sound Region,Custom-County,Benchmark,53035,1,0,202504,675000.0,460,35.0,412,28,0.0199,188.0,0.1369,440.0,331.0,2070.0,837636.0,899.0,0.9576,0.0,County,2026-06-15,1,
Puget Sound Region,Custom-County,Benchmark,53033,1,0,202504,850000.0,4007,29.0,3296,50,0.005,1284.0,0.1366,2466.0,561.0,1653.0,1324576.0,6495.0,0.6154,0.0,County,2026-06-15,1,
Puget Sound Region,Custom-County,Benchmark,53061,1,0,202504,814249.0,1007,27.0,1056,14,0.0044,448.0,0.1459,1013.0,422.0,2003.0,953800.0,2020.0,1.0065,1.0,County,2026-06-15,1,
Puget Sound Region,Custom-County,Benchmark,53053,1,0,202504,649970.0,1513,36.0,1282,48,0.0123,644.0,0.1652,1151.0,327.0,2109.0,773856.0,2671.0,0.761,0.0,County,2026-06-15,1,
Puget Sound Region,Custom-County,Benchmark,53053,1,0,202505,649850.0,1897,34.0,1428,40,0.0091,836.0,0.194,1203.0,326.0,2096.0,771984.0,3111.0,0.6342,0.0,County,2026-06-15,1,
Puget Sound Region,Custom-County,Benchmark,53061,1,0,202505,836000.0,1393,26.0,1276,24,0.007,564.0,0.1535,1082.0,423.0,2033.0,948298.0,2481.0,0.7767,0.0,County,2026-06-15,1,
Puget Sound Region,Custom-County,Benchmark,53033,1,0,202505,875000.0,5307,29.0,3808,40,0.0033,1832.0,0.1609,2581.0,560.0,1756.0,1347124.0,7996.0,0.4863,0.0,County,2026-06-15,1,
Puget Sound Region,Custom-County,Benchmark,53035,1,0,202505,689000.0,581,30.0,492,24,0.0151,248.0,0.1671,497.0,337.0,2124.0,880561.0,1088.0,0.8554,0.0,County,2026-06-15,1,
Puget Sound Region,Custom-County,Benchmark,53061,1,0,202506,808553.0,1631,31.0,1146,32,0.0085,774.0,0.2047,1047.0,421.0,2007.0,935037.0,2685.0,0.6416,0.0,County,2026-06-15,1,
Puget Sound Region,Custom-County,Benchmark,53035,1,0,202506,699000.0,658,37.0,458,24,0.0149,342.0,0.2095,489.0,336.0,2182.0,887907.0,1150.0,0.7424,0.0,County,2026-06-15,1,
Puget Sound Region,Custom-County,Benchmark,53053,1,0,202506,654995.0,2241,36.0,1424,48,0.0101,1176.0,0.2385,1232.0,323.0,2137.0,778119.0,3472.0,0.5499,0.0,County,2026-06-15,1,
Puget Sound Region,Custom-County,Benchmark,53033,1,0,202506,884988.0,5783,37.0,3150,62,0.0054,2176.0,0.1866,2699.0,549.0,1800.0,1368598.0,8486.0,0.4666,0.0,County,2026-06-15,1,
Puget Sound Region,Custom-County,Benchmark,53035,1,0,202507,688500.0,700,39.0,390,14,0.0089,338.0,0.2153,471.0,330.0,2171.0,883993.0,1170.0,0.6721,0.0,County,2026-06-15,1,
Puget Sound Region,Custom-County,Benchmark,53053,1,0,202507,650000.0,2428,41.0,1226,48,0.0094,1252.0,0.253,1253.0,321.0,2124.0,766977.0,3678.0,0.5161,0.0,County,2026-06-15,1,
Puget Sound Region,Custom-County,Benchmark,53033,1,0,202507,873725.0,5922,42.0,2790,46,0.0047,2120.0,0.1902,2424.0,542.0,1800.0,1365162.0,8333.0,0.4093,0.0,County,2026-06-15,1,
Puget Sound Region,Custom-County,Benchmark,53061,1,0,202507,799475.0,1759,37.0,1008,22,0.0058,820.0,0.2173,955.0,417.0,2007.0,929802.0,2706.0,0.5428,0.0,County,2026-06-15,1,
Puget Sound Region,Custom-County,Benchmark,53053,1,0,202508,639000.0,2457,46.0,1136,60,0.0128,1176.0,0.2387,1235.0,316.0,2117.0,755420.0,3699.0,0.5026,0.0,County,2026-06-15,1,
Puget Sound Region,Custom-County,Benchmark,53035,1,0,202508,690000.0,720,45.0,352,8,0.0055,312.0,0.2174,440.0,329.0,2194.0,886423.0,1150.0,0.6111,0.0,County,2026-06-15,1,
Puget Sound Region,Custom-County,Benchmark,53061,1,0,202508,799000.0,1758,40.0,904,32,0.0085,776.0,0.2144,947.0,415.0,2002.0,919572.0,2702.0,0.5387,0.0,County,2026-06-15,1,
Puget Sound Region,Custom-County,Benchmark,53033,1,0,202508,859999.0,5782,45.0,2236,36,0.0038,1864.0,0.1799,2371.0,535.0,1799.0,1367524.0,8138.0,0.4101,0.0,County,2026-06-15,1,
Puget Sound Region,Custom-County,Benchmark,53033,1,0,202509,850000.0,5899,45.0,3028,42,0.0038,1922.0,0.1694,2361.0,534.0,1782.0,1331235.0,8254.0,0.4002,0.0,County,2026-06-15,1,
Puget Sound Region,Custom-County,Benchmark,53061,1,0,202509,787463.0,1786,44.0,928,24,0.0067,796.0,0.2184,933.0,412.0,1976.0,908764.0,2714.0,0.5221,0.0,County,2026-06-15,1,
Puget Sound Region,Custom-County,Benchmark,53053,1,0,202509,629975.0,2499,51.0,1068,54,0.0115,1240.0,0.2616,1176.0,314.0,2118.0,749561.0,3670.0,0.4707,0.0,County,2026-06-15,1,
Puget Sound Region,Custom-County,Benchmark,53035,1,0,202509,677975.0,678,53.0,306,12,0.0085,320.0,0.2222,425.0,325.0,2196.0,878156.0,1102.0,0.6273,0.0,County,2026-06-15,1,
Puget Sound Region,Custom-County,Benchmark,53061,1,0,202510,777000.0,1705,46.0,728,28,0.0083,834.0,0.2499,888.0,408.0,1956.0,891843.0,2600.0,0.521,0.0,County,2026-06-15,1,
Puget Sound Region,Custom-County,Benchmark,53053,1,0,202510,627000.0,2415,56.0,918,36,0.0083,1180.0,0.2629,1143.0,314.0,2090.0,745733.0,3561.0,0.4732,0.0,County,2026-06-15,1,
Puget Sound Region,Custom-County,Benchmark,53035,1,0,202510,660975.0,631,58.0,232,6,0.0049,294.0,0.2329,385.0,321.0,2159.0,843931.0,1015.0,0.6101,0.0,County,2026-06-15,1,
Puget Sound Region,Custom-County,Benchmark,53033,1,0,202510,849975.0,5691,45.0,2186,42,0.0042,2000.0,0.196,2331.0,531.0,1775.0,1317962.0,8016.0,0.4095,0.0,County,2026-06-15,1,
Puget Sound Region,Custom-County,Benchmark,53061,1,0,202511,774998.0,1495,51.0,556,24,0.0107,568.0,0.2005,783.0,407.0,1957.0,893441.0,2271.0,0.5237,0.0,County,2026-06-15,1,
Puget Sound Region,Custom-County,Benchmark,53035,1,0,202511,652475.0,548,64.0,240,12,0.0122,192.0,0.1582,351.0,315.0,2138.0,832798.0,923.0,0.6405,0.0,County,2026-06-15,1,
Puget Sound Region,Custom-County,Benchmark,53053,1,0,202511,624777.0,2181,59.0,724,52,0.0128,788.0,0.2086,1040.0,313.0,2072.0,740128.0,3218.0,0.4768,0.0,County,2026-06-15,1,
Puget Sound Region,Custom-County,Benchmark,53033,1,0,202511,825000.0,4805,56.0,1288,32,0.0044,1512.0,0.1833,2049.0,528.0,1690.0,1288786.0,6851.0,0.4264,0.0,County,2026-06-15,1,
Puget Sound Region,Custom-County,Benchmark,53061,1,0,202512,762473.0,1101,63.0,254,16,0.0089,242.0,0.1206,642.0,404.0,1936.0,901657.0,1738.0,0.5829,0.0,County,2026-06-15,1,
Puget Sound Region,Custom-County,Benchmark,53053,1,0,202512,622450.0,1752,70.0,444,30,0.0107,390.0,0.1259,904.0,314.0,2063.0,741589.0,2655.0,0.5157,0.0,County,2026-06-15,1,
Puget Sound Region,Custom-County,Benchmark,53035,1,0,202512,634913.0,477,67.0,164,10,0.0114,126.0,0.1339,297.0,312.0,2098.0,775151.0,773.0,0.6233,0.0,County,2026-06-15,1,
Puget Sound Region,Custom-County,Benchmark,53033,1,0,202512,799000.0,3504,68.0,718,20,0.0039,540.0,0.0907,1642.0,529.0,1604.0,1262019.0,5141.0,0.4685,0.0,County,2026-06-15,1,
Puget Sound Region,Custom-County,Benchmark,53061,1,0,202601,785000.0,965,72.0,644,36,0.0215,288.0,0.1359,543.0,404.0,1968.0,921418.0,1526.0,0.5627,0.0,County,2026-06-15,1,
Puget Sound Region,Custom-County,Benchmark,53035,1,0,202601,635000.0,391,73.0,200,12,0.0142,136.0,0.1608,270.0,306.0,2141.0,778062.0,674.0,0.6905,0.0,County,2026-06-15,1,
Puget Sound Region,Custom-County,Benchmark,53053,1,0,202601,624990.0,1538,79.0,760,52,0.0161,508.0,0.1517,828.0,313.0,2068.0,744573.0,2413.0,0.5384,0.0,County,2026-06-15,1,
Puget Sound Region,Custom-County,Benchmark,53033,1,0,202601,792475.0,3277,74.0,2000,28,0.0043,748.0,0.1056,1374.0,532.0,1580.0,1253344.0,4626.0,0.4193,0.0,County,2026-06-15,1,
Puget Sound Region,Custom-County,Benchmark,53033,1,0,202602,817500.0,3765,33.0,2702,32,0.004,958.0,0.1177,1918.0,532.0,1642.0,1275084.0,5681.0,0.5093,0.0,County,2026-06-15,1,
Puget Sound Region,Custom-County,Benchmark,53035,1,0,202602,630748.0,381,54.0,280,34,0.0341,124.0,0.1249,316.0,310.0,2103.0,736515.0,697.0,0.8281,0.0,County,2026-06-15,1,
Puget Sound Region,Custom-County,Benchmark,53053,1,0,202602,636890.0,1545,51.0,926,58,0.016,524.0,0.1512,1043.0,316.0,2107.0,759381.0,2590.0,0.675,0.0,County,2026-06-15,1,
Puget Sound Region,Custom-County,Benchmark,53061,1,0,202602,779975.0,1106,32.0,836,36,0.0136,330.0,0.1224,784.0,409.0,1937.0,920530.0,1892.0,0.7092,0.0,County,2026-06-15,1,
Puget Sound Region,Custom-County,Benchmark,53033,1,0,202603,840975.0,4481,32.0,2960,46,0.0048,1494.0,0.1548,2144.0,542.0,1679.0,1312487.0,6642.0,0.4785,0.0,County,2026-06-15,1,
Puget Sound Region,Custom-County,Benchmark,53061,1,0,202603,790000.0,1300,31.0,1056,38,0.0118,500.0,0.1533,847.0,409.0,1952.0,914955.0,2147.0,0.6515,0.0,County,2026-06-15,1,
Puget Sound Region,Custom-County,Benchmark,53053,1,0,202603,645006.0,1635,39.0,1070,60,0.0154,670.0,0.172,1181.0,317.0,2139.0,772904.0,2826.0,0.7222,0.0,County,2026-06-15,1,
Puget Sound Region,Custom-County,Benchmark,53035,1,0,202603,649970.0,396,37.0,320,24,0.0214,148.0,0.136,381.0,317.0,2144.0,794829.0,776.0,0.9609,0.0,County,2026-06-15,1,
Puget Sound Region,Custom-County,Benchmark,53061,1,0,202604,797000.0,1582,31.0,1112,46,0.0131,640.0,0.1774,900.0,409.0,1965.0,941974.0,2479.0,0.5688,0.0,County,2026-06-15,1,
Puget Sound Region,Custom-County,Benchmark,53035,1,0,202604,649725.0,473,32.0,472,26,0.0207,186.0,0.1278,412.0,323.0,2151.0,836719.0,882.0,0.871,0.0,County,2026-06-15,1,
Puget Sound Region,Custom-County,Benchmark,53053,1,0,202604,649450.0,1854,37.0,1336,48,0.0105,726.0,0.1596,1294.0,317.0,2121.0,776267.0,3145.0,0.6979,0.0,County,2026-06-15,1,
Puget Sound Region,Custom-County,Benchmark,53033,1,0,202604,847000.0,5195,34.0,3240,52,0.005,1636.0,0.1596,2179.0,541.0,1696.0,1306714.0,7371.0,0.4194,0.0,County,2026-06-15,1,
Puget Sound Region,Custom-County,Benchmark,53061,1,0,202605,786000.0,1907,35.0,1272,24,0.0058,772.0,0.1903,1060.0,408.0,1989.0,929646.0,2971.0,0.5558,0.0,County,2026-06-15,1,
Puget Sound Region,Custom-County,Benchmark,53035,1,0,202605,654900.0,608,30.0,444,16,0.0108,228.0,0.1476,481.0,330.0,2128.0,885449.0,1087.0,0.7911,0.0,County,2026-06-15,1,
Puget Sound Region,Custom-County,Benchmark,53053,1,0,202605,649000.0,2307,36.0,1444,48,0.0097,1080.0,0.2065,1397.0,316.0,2125.0,780428.0,3707.0,0.6055,0.0,County,2026-06-15,1,
Puget Sound Region,Custom-County,Benchmark,53033,1,0,202605,859885.0,6221,36.0,3468,36,0.003,2088.0,0.1768,2302.0,541.0,1767.0,1344658.0,8581.0,0.37,0.0,County,2026-06-15,1,
United States,US,Benchmark,0,1,0,201607,259000.0,1463025,64.0,527576,44060,0.0187,418920.0,0.1732,415304,127.0,1927.0,442831.0,1873209.0,0.2839,,US,2026-06-15,1,
United States,US,Benchmark,0,1,0,201608,255267.0,1460071,67.0,470786,40484,0.0176,408718.0,0.1762,392800,126.0,1921.0,439229.0,1848466.0,0.269,,US,2026-06-15,1,
United States,US,Benchmark,0,1,0,201609,255000.0,1443103,71.0,452994,37226,0.0164,406618.0,0.1791,369528,126.0,1920.0,439191.0,1807824.0,0.2561,,US,2026-06-15,1,
United States,US,Benchmark,0,1,0,201610,255000.0,1407722,72.0,413380,36128,0.0168,365876.0,0.1694,353149,127.0,1914.0,443572.0,1757624.0,0.2509,,US,2026-06-15,1,
United States,US,Benchmark,0,1,0,201611,252991.0,1339724,74.0,376706,33728,0.0165,319376.0,0.1562,331792,126.0,1904.0,444847.0,1667789.0,0.2477,,US,2026-06-15,1,
United States,US,Benchmark,0,1,0,201612,249900.0,1236003,83.0,281556,33728,0.0182,224680.0,0.1243,293207,125.0,1892.0,444513.0,1526082.0,0.2372,,US,2026-06-15,1,
United States,US,Benchmark,0,1,0,201701,249900.0,1154139,88.0,387202,31926,0.0176,245290.0,0.1384,267943,126.0,1886.0,447922.0,1420208.0,0.2322,,US,2026-06-15,1,
United States,US,Benchmark,0,1,0,201702,255400.0,1151139,82.0,437754,37132,0.0193,268584.0,0.1375,319466,128.0,1897.0,459717.0,1464645.0,0.2775,,US,2026-06-15,1,
United States,US,Benchmark,0,1,0,201703,264450.0,1172731,62.0,509098,44614,0.0217,299882.0,0.1454,372065,130.0,1919.0,470589.0,1540745.0,0.3173,,US,2026-06-15,1,
United States,US,Benchmark,0,1,0,201704,270000.0,1198445,58.0,555252,51032,0.0236,331396.0,0.1578,422179,132.0,1948.0,478782.0,1616241.0,0.3523,,US,2026-06-15,1,
United States,US,Benchmark,0,1,0,201705,277477.0,1253871,55.0,566590,53288,0.0236,373204.0,0.1653,449129,133.0,1968.0,484481.0,1698366.0,0.3582,,US,2026-06-15,1,
United States,US,Benchmark,0,1,0,201706,279000.0,1292389,56.0,539118,53624,0.0235,406090.0,0.178,436451,134.0,1977.0,482755.0,1725986.0,0.3377,,US,2026-06-15,1,
United States,US,Benchmark,0,1,0,201707,279000.0,1322676,59.0,533556,52916,0.0233,436424.0,0.1924,415093,134.0,1976.0,477521.0,1731433.0,0.3138,0.0,US,2026-06-15,1,
United States,US,Benchmark,0,1,0,201708,275000.0,1325376,61.0,500084,49266,0.0224,420542.0,0.1907,391879,133.0,1968.0,471511.0,1710404.0,0.2957,0.0,US,2026-06-15,1,
United States,US,Benchmark,0,1,0,201709,275000.0,1308624,64.0,439208,43576,0.0198,386660.0,0.182,369426,133.0,1960.0,472469.0,1672596.0,0.2823,0.0,US,2026-06-15,1,
United States,US,Benchmark,0,1,0,201710,275000.0,1287341,68.0,428158,44488,0.0216,380450.0,0.1844,351800,134.0,1951.0,474055.0,1637397.0,0.2733,0.0,US,2026-06-15,1,
United States,US,Benchmark,0,1,0,201711,274445.0,1228097,71.0,384202,40318,0.0209,328050.0,0.1697,323932,133.0,1942.0,473288.0,1548809.0,0.2638,0.0,US,2026-06-15,1,
United States,US,Benchmark,0,1,0,201712,269900.0,1127819,78.0,288036,36624,0.0215,223704.0,0.1316,286843,133.0,1918.0,473361.0,1411609.0,0.2543,0.0,US,2026-06-15,1,
United States,US,Benchmark,0,1,0,201801,269739.0,1043968,83.0,381636,37110,0.0219,234682.0,0.1387,257571,134.0,1910.0,476816.0,1300752.0,0.2467,0.0,US,2026-06-15,1,
United States,US,Benchmark,0,1,0,201802,275450.0,1045168,76.0,433626,40186,0.0224,252010.0,0.1403,310658,136.0,1918.0,488473.0,1352911.0,0.2972,0.0,US,2026-06-15,1,
United States,US,Benchmark,0,1,0,201803,285000.0,1067293,58.0,502856,48908,0.0251,284284.0,0.1475,361845,139.0,1941.0,499282.0,1428614.0,0.339,0.0,US,2026-06-15,1,
United States,US,Benchmark,0,1,0,201804,294950.0,1102074,54.0,552412,56102,0.0269,326074.0,0.1576,418136,142.0,1964.0,508484.0,1516277.0,0.3794,0.0,US,2026-06-15,1,
United States,US,Benchmark,0,1,0,201805,299450.0,1156921,51.0,579566,58078,0.0267,377496.0,0.1742,443974,144.0,1981.0,511961.0,1596998.0,0.3838,0.0,US,2026-06-15,1,
United States,US,Benchmark,0,1,0,201806,299900.0,1216521,51.0,546536,61028,0.028,417476.0,0.189,430100,144.0,1991.0,510598.0,1646225.0,0.3535,0.0,US,2026-06-15,1,
United States,US,Benchmark,0,1,0,201807,299450.0,1261936,55.0,523848,55488,0.0253,455130.0,0.2059,402861,144.0,1985.0,503884.0,1660545.0,0.3192,0.0,US,2026-06-15,1,
United States,US,Benchmark,0,1,0,201808,298500.0,1285682,58.0,492638,51980,0.024,458122.0,0.2126,389029,143.0,1970.0,494516.0,1671435.0,0.3026,0.0,US,2026-06-15,1,
United States,US,Benchmark,0,1,0,201809,297500.0,1301939,60.0,466844,47544,0.0223,458240.0,0.2163,370589,144.0,1954.0,494128.0,1660415.0,0.2846,0.0,US,2026-06-15,1,
United States,US,Benchmark,0,1,0,201810,295250.0,1304695,64.0,437492,40458,0.0196,452200.0,0.2168,345655,144.0,1944.0,495022.0,1647064.0,0.2649,0.0,US,2026-06-15,1,
United States,US,Benchmark,0,1,0,201811,295000.0,1273060,66.0,390884,35336,0.0178,380204.0,0.1911,327593,144.0,1931.0,496309.0,1598534.0,0.2573,0.0,US,2026-06-15,1,
United States,US,Benchmark,0,1,0,201812,289900.0,1185880,75.0,300284,33636,0.02,262860.0,0.1481,292067,144.0,1911.0,493517.0,1474356.0,0.2463,0.0,US,2026-06-15,1,
United States,US,Benchmark,0,1,0,201901,289450.0,1110654,81.0,399042,31216,0.0175,282434.0,0.1603,266952,144.0,1901.0,494606.0,1374299.0,0.2404,0.0,US,2026-06-15,1,
United States,US,Benchmark,0,1,0,201902,296000.0,1102678,75.0,409938,35188,0.019,285608.0,0.1568,324492,147.0,1909.0,508197.0,1425394.0,0.2943,0.0,US,2026-06-15,1,
United States,US,Benchmark,0,1,0,201903,305814.0,1115955,65.0,477856,31208,0.0158,294788.0,0.1496,382179,149.0,1938.0,520893.0,1493286.0,0.3425,0.0,US,2026-06-15,1,
United States,US,Benchmark,0,1,0,201904,314950.0,1137210,54.0,552270,26592,0.0126,306100.0,0.1445,433853,151.0,1970.0,532779.0,1564417.0,0.3815,0.0,US,2026-06-15,1,
United States,US,Benchmark,0,1,0,201905,319950.0,1180934,52.0,584354,27430,0.0124,336632.0,0.1536,454020,153.0,1987.0,537149.0,1630200.0,0.3845,0.0,US,2026-06-15,1,
United States,US,Benchmark,0,1,0,201906,320000.0,1219821,53.0,556660,24932,0.0112,380688.0,0.17,455583,152.0,1997.0,535457.0,1672543.0,0.3735,0.0,US,2026-06-15,1,
United States,US,Benchmark,0,1,0,201907,319450.0,1239557,57.0,513256,23580,0.0108,387628.0,0.177,440908,152.0,1991.0,531562.0,1674781.0,0.3557,0.0,US,2026-06-15,1,
United States,US,Benchmark,0,1,0,201908,315791.0,1235278,59.0,479536,22584,0.0106,375988.0,0.1757,429398,151.0,1980.0,526132.0,1659806.0,0.3476,0.0,US,2026-06-15,1,
United States,US,Benchmark,0,1,0,201909,312477.0,1224891,62.0,453048,21756,0.0104,364684.0,0.1746,415934,150.0,1967.0,523422.0,1636206.0,0.3396,0.0,US,2026-06-15,1,
United States,US,Benchmark,0,1,0,201910,309945.0,1208337,64.0,426788,21204,0.0103,356796.0,0.1737,405222,150.0,1958.0,522981.0,1608994.0,0.3354,0.0,US,2026-06-15,1,
United States,US,Benchmark,0,1,0,201911,305000.0,1143358,67.0,369004,22040,0.0118,290428.0,0.1523,394053,150.0,1942.0,523287.0,1538356.0,0.3446,0.0,US,2026-06-15,1,
United States,US,Benchmark,0,1,0,201912,299900.0,1033913,77.0,267124,21902,0.0133,172044.0,0.1045,344487,149.0,1921.0,523497.0,1374685.0,0.3332,0.0,US,2026-06-15,1,
United States,US,Benchmark,0,1,0,202001,299250.0,951699,82.0,379396,27098,0.017,208486.0,0.1254,320266,149.0,1912.0,524903.0,1270438.0,0.3365,0.0,US,2026-06-15,1,
United States,US,Benchmark,0,1,0,202002,305490.0,928363,73.0,413568,31988,0.0179,206088.0,0.1198,407292,151.0,1920.0,543712.0,1331547.0,0.4387,0.0,US,2026-06-15,1,
United States,US,Benchmark,0,1,0,202003,319000.0,937341,57.0,479598,28450,0.0151,213624.0,0.1136,457774,155.0,1941.0,552588.0,1390478.0,0.4884,0.0,US,2026-06-15,1,
United States,US,Benchmark,0,1,0,202004,319250.0,941752,60.0,348798,20538,0.0122,160520.0,0.0945,406459,155.0,1937.0,540888.0,1342668.0,0.4316,0.0,US,2026-06-15,1,
United States,US,Benchmark,0,1,0,202005,329000.0,928387,68.0,450560,27188,0.0147,199508.0,0.1102,461396,159.0,1956.0,556149.0,1385296.0,0.497,0.0,US,2026-06-15,1,
United States,US,Benchmark,0,1,0,202006,339450.0,871577,62.0,496332,34542,0.0178,221520.0,0.1142,577567,163.0,1970.0,583693.0,1443931.0,0.6627,0.0,US,2026-06-15,1,
United States,US,Benchmark,0,1,0,202007,345000.0,822849,53.0,505862,37332,0.0193,215888.0,0.1111,611581,166.0,1964.0,601885.0,1428372.0,0.7432,0.0,US,2026-06-15,1,
United States,US,Benchmark,0,1,0,202008,349000.0,779567,51.0,493892,46932,0.0246,203960.0,0.1078,628084,168.0,1943.0,621329.0,1399762.0,0.8057,0.0,US,2026-06-15,1,
United States,US,Benchmark,0,1,0,202009,349000.0,749403,50.0,484440,43954,0.0237,197004.0,0.1064,628133,171.0,1909.0,633712.0,1370417.0,0.8382,0.0,US,2026-06-15,1,
United States,US,Benchmark,0,1,0,202010,349000.0,734048,51.0,456300,40484,0.0222,194944.0,0.1053,643358,173.0,1884.0,641185.0,1372723.0,0.8765,0.0,US,2026-06-15,1,
United States,US,Benchmark,0,1,0,202011,342000.0,683830,54.0,389802,33378,0.0198,168206.0,0.0988,606477,174.0,1854.0,640430.0,1286131.0,0.8869,0.0,US,2026-06-15,1,
United States,US,Benchmark,0,1,0,202012,336250.0,612307,62.0,309722,33224,0.0229,113610.0,0.0782,532257,173.0,1828.0,642734.0,1140920.0,0.8693,0.0,US,2026-06-15,1,
United States,US,Benchmark,0,1,0,202101,335000.0,531780,66.0,362648,47264,0.0347,99160.0,0.0726,471149,175.0,1805.0,657191.0,1003586.0,0.886,0.0,US,2026-06-15,1,
United States,US,Benchmark,0,1,0,202102,343500.0,464924,56.0,380256,47066,0.034,78840.0,0.057,537907,181.0,1797.0,685930.0,998859.0,1.157,0.0,US,2026-06-15,1,
United States,US,Benchmark,0,1,0,202103,352450.0,440592,45.0,454354,46854,0.0317,82436.0,0.0561,575993,186.0,1800.0,702155.0,1013400.0,1.3073,0.0,US,2026-06-15,1,
United States,US,Benchmark,0,1,0,202104,369450.0,435667,37.0,491776,45372,0.029,83290.0,0.0537,620686,192.0,1809.0,721384.0,1054596.0,1.4247,0.0,US,2026-06-15,1,
United States,US,Benchmark,0,1,0,202105,376414.0,447670,35.0,509604,43948,0.027,95720.0,0.0588,655556,196.0,1823.0,723319.0,1099849.0,1.4644,0.0,US,2026-06-15,1,
United States,US,Benchmark,0,1,0,202106,379900.0,492432,33.0,545860,37670,0.0222,124414.0,0.0733,659596,197.0,1827.0,712940.0,1150904.0,1.3395,0.0,US,2026-06-15,1,
United States,US,Benchmark,0,1,0,202107,379000.0,546697,35.0,520628,30168,0.0176,168316.0,0.0977,635414,196.0,1827.0,686257.0,1178906.0,1.1623,0.0,US,2026-06-15,1,
United States,US,Benchmark,0,1,0,202108,375000.0,574649,37.0,493428,28196,0.0167,183772.0,0.1088,629547,196.0,1821.0,669942.0,1200669.0,1.0955,0.0,US,2026-06-15,1,
United States,US,Benchmark,0,1,0,202109,375000.0,578079,41.0,457160,25948,0.0158,182530.0,0.1121,611799,197.0,1813.0,665890.0,1185969.0,1.0583,0.0,US,2026-06-15,1,
United States,US,Benchmark,0,1,0,202110,375000.0,565716,43.0,430272,26368,0.0164,172756.0,0.1088,591451,197.0,1806.0,671623.0,1156009.0,1.0455,0.0,US,2026-06-15,1,
United States,US,Benchmark,0,1,0,202111,374131.0,512250,46.0,375248,27176,0.0186,136484.0,0.0936,572619,196.0,1799.0,675756.0,1082818.0,1.1178,0.0,US,2026-06-15,1,
United States,US,Benchmark,0,1,0,202112,369158.0,445310,53.0,286166,27620,0.0225,89672.0,0.0725,507259,195.0,1787.0,677247.0,948666.0,1.1391,0.0,US,2026-06-15,1,
United States,US,Benchmark,0,1,0,202201,369900.0,376973,59.0,323876,34808,0.0305,69776.0,0.0613,444075,197.0,1776.0,702691.0,815253.0,1.178,0.0,US,2026-06-15,1,
United States,US,Benchmark,0,1,0,202202,384500.0,346514,41.0,368452,35702,0.0294,64958.0,0.0541,491150,205.0,1781.0,742489.0,834869.0,1.4174,0.0,US,2026-06-15,1,
United States,US,Benchmark,0,1,0,202203,399450.0,354019,34.0,435132,36888,0.0283,75382.0,0.0578,522693,213.0,1795.0,758524.0,873473.0,1.4765,0.0,US,2026-06-15,1,
United States,US,Benchmark,0,1,0,202204,419500.0,379980,30.0,495660,30500,0.0207,92736.0,0.0682,556660,219.0,1812.0,764573.0,932731.0,1.465,0.0,US,2026-06-15,1,
United States,US,Benchmark,0,1,0,202205,437450.0,479469,30.0,526360,27388,0.0177,161880.0,0.1015,562263,225.0,1852.0,767540.0,1040980.0,1.1727,0.0,US,2026-06-15,1,
United States,US,Benchmark,0,1,0,202206,449000.0,573660,31.0,533440,23424,0.0142,245490.0,0.1474,544435,227.0,1877.0,752451.0,1115405.0,0.9491,0.0,US,2026-06-15,1,
United States,US,Benchmark,0,1,0,202207,443900.0,691663,34.0,471952,19136,0.0117,323960.0,0.1913,503402,226.0,1880.0,726629.0,1191282.0,0.7278,0.0,US,2026-06-15,1,
United States,US,Benchmark,0,1,0,202208,432588.0,726793,41.0,418474,18206,0.0112,314308.0,0.1927,488450,222.0,1877.0,709871.0,1211690.0,0.6721,0.0,US,2026-06-15,1,
United States,US,Benchmark,0,1,0,202209,427750.0,731511,47.0,393884,15836,0.01,319216.0,0.2023,465973,220.0,1873.0,701926.0,1192823.0,0.637,0.0,US,2026-06-15,1,
United States,US,Benchmark,0,1,0,202210,425000.0,752749,50.0,360284,13828,0.0091,328816.0,0.2153,413681,218.0,1875.0,702041.0,1160509.0,0.5496,0.0,US,2026-06-15,1,
United States,US,Benchmark,0,1,0,202211,416000.0,750209,55.0,295006,12950,0.0092,284790.0,0.202,368038,215.0,1866.0,698708.0,1114744.0,0.4906,0.0,US,2026-06-15,1,
United States,US,Benchmark,0,1,0,202212,405000.0,680931,65.0,215940,12220,0.01,171016.0,0.1409,320065,213.0,1852.0,697222.0,997733.0,0.47,0.0,US,2026-06-15,1,
United States,US,Benchmark,0,1,0,202301,403706.0,616869,72.0,287140,15402,0.0131,191274.0,0.1592,301420,214.0,1850.0,709221.0,915143.0,0.4886,0.0,US,2026-06-15,1,
United States,US,Benchmark,0,1,0,202302,414375.0,579268,65.0,304872,18472,0.0147,165194.0,0.1316,369949,217.0,1851.0,738029.0,945510.0,0.6386,0.0,US,2026-06-15,1,
United States,US,Benchmark,0,1,0,202303,424000.0,562453,52.0,342380,19478,0.015,165604.0,0.1275,396375,220.0,1865.0,760720.0,954973.0,0.7047,0.0,US,2026-06-15,1,
United States,US,Benchmark,0,1,0,202304,430000.0,562979,46.0,385052,20972,0.0154,166716.0,0.1233,430131,222.0,1885.0,777301.0,989456.0,0.764,0.0,US,2026-06-15,1,
United States,US,Benchmark,0,1,0,202305,441007.0,582451,43.0,406776,20780,0.0144,182790.0,0.1272,460092,225.0,1902.0,791655.0,1038418.0,0.7899,0.0,US,2026-06-15,1,
United States,US,Benchmark,0,1,0,202306,445000.0,614336,44.0,396170,20640,0.0141,206444.0,0.1406,453499,225.0,1916.0,786976.0,1063706.0,0.7382,0.0,US,2026-06-15,1,
United States,US,Benchmark,0,1,0,202307,440000.0,647145,45.0,374104,18500,0.0129,228300.0,0.155,439883,224.0,1914.0,775865.0,1082953.0,0.6797,0.0,US,2026-06-15,1,
United States,US,Benchmark,0,1,0,202308,435495.0,669765,46.0,387238,19378,0.013,240542.0,0.1621,432257,223.0,1906.0,760432.0,1099964.0,0.6454,0.0,US,2026-06-15,1,
United States,US,Benchmark,0,1,0,202309,429503.0,702470,48.0,358088,16804,0.0114,263496.0,0.1775,409123,222.0,1891.0,749152.0,1107848.0,0.5824,0.0,US,2026-06-15,1,
United States,US,Benchmark,0,1,0,202310,425000.0,738119,50.0,348692,14796,0.0101,276996.0,0.1889,382468,221.0,1875.0,745902.0,1117661.0,0.5182,0.0,US,2026-06-15,1,
United States,US,Benchmark,0,1,0,202311,420000.0,755529,52.0,317146,15238,0.0107,256442.0,0.1796,354952,221.0,1857.0,742924.0,1107192.0,0.4698,0.0,US,2026-06-15,1,
United States,US,Benchmark,0,1,0,202312,410000.0,714214,61.0,235584,14280,0.0111,160552.0,0.1265,322185,219.0,1837.0,736389.0,1033561.0,0.4511,0.0,US,2026-06-15,1,
United States,US,Benchmark,0,1,0,202401,409500.0,665603,69.0,295190,18026,0.0141,182936.0,0.1466,309122,221.0,1823.0,742442.0,974419.0,0.4644,0.0,US,2026-06-15,1,
United States,US,Benchmark,0,1,0,202402,415500.0,664745,61.0,339380,20804,0.0152,201428.0,0.146,367173,224.0,1818.0,753323.0,1029096.0,0.5524,0.0,US,2026-06-15,1,
United States,US,Benchmark,0,1,0,202403,424900.0,694844,50.0,395536,21144,0.0142,220244.0,0.1499,421026,228.0,1825.0,764306.0,1112625.0,0.6059,0.0,US,2026-06-15,1,
United States,US,Benchmark,0,1,0,202404,429950.0,734324,47.0,432032,23232,0.0143,250924.0,0.1548,457363,230.0,1839.0,769861.0,1187392.0,0.6228,0.0,US,2026-06-15,1,
United States,US,Benchmark,0,1,0,202405,439500.0,787726,45.0,433906,19884,0.0119,283460.0,0.1671,472397,233.0,1855.0,779483.0,1255651.0,0.5997,0.0,US,2026-06-15,1,
United States,US,Benchmark,0,1,0,202406,439900.0,839960,48.0,426092,19588,0.0114,320884.0,0.1843,465012,232.0,1860.0,766381.0,1302278.0,0.5536,0.0,US,2026-06-15,1,
United States,US,Benchmark,0,1,0,202407,437250.0,883905,51.0,405404,17992,0.0103,339960.0,0.1952,447741,230.0,1860.0,752977.0,1327771.0,0.5065,0.0,US,2026-06-15,1,
United States,US,Benchmark,0,1,0,202408,429990.0,908944,53.0,383552,18624,0.011,330460.0,0.1922,432319,228.0,1852.0,736949.0,1329050.0,0.4756,0.0,US,2026-06-15,1,
United States,US,Benchmark,0,1,0,202409,425000.0,937267,56.0,389878,18044,0.0104,323662.0,0.1854,420663,227.0,1842.0,731782.0,1353994.0,0.4488,0.0,US,2026-06-15,1,
United States,US,Benchmark,0,1,0,202410,422500.0,954201,58.0,365692,20360,0.0117,322850.0,0.1862,417920,226.0,1834.0,722974.0,1368111.0,0.438,0.0,US,2026-06-15,1,
United States,US,Benchmark,0,1,0,202411,416633.0,952414,61.0,323376,17412,0.0105,282000.0,0.1669,405344,224.0,1820.0,715466.0,1353236.0,0.4256,0.0,US,2026-06-15,1,
United States,US,Benchmark,0,1,0,202412,402501.0,871518,70.0,237758,15468,0.0107,187200.0,0.1285,346105,222.0,1800.0,710455.0,1214514.0,0.3971,0.0,US,2026-06-15,1,
United States,US,Benchmark,0,1,0,202501,400500.0,829376,73.0,327016,19708,0.0133,233320.0,0.1558,314545,224.0,1792.0,712124.0,1141040.0,0.3793,0.0,US,2026-06-15,1,
United States,US,Benchmark,0,1,0,202502,412000.0,847825,66.0,353658,19106,0.0121,262330.0,0.1683,371715,227.0,1791.0,729738.0,1216240.0,0.4384,0.0,US,2026-06-15,1,
United States,US,Benchmark,0,1,0,202503,424900.0,892561,53.0,435960,18792,0.0105,302260.0,0.1745,416076,231.0,1800.0,745382.0,1305093.0,0.4662,0.0,US,2026-06-15,1,
United States,US,Benchmark,0,1,0,202504,431250.0,959251,50.0,471788,19606,0.0104,335962.0,0.1797,467514,233.0,1820.0,752160.0,1422903.0,0.4874,0.0,US,2026-06-15,1,
United States,US,Benchmark,0,1,0,202505,440000.0,1036101,51.0,465096,19264,0.0096,372964.0,0.1906,485300,234.0,1840.0,753202.0,1517398.0,0.4684,0.0,US,2026-06-15,1,
United States,US,Benchmark,0,1,0,202506,440950.0,1082520,53.0,452414,18160,0.009,416780.0,0.2074,482481,233.0,1852.0,747291.0,1562291.0,0.4457,0.0,US,2026-06-15,1,
United States,US,Benchmark,0,1,0,202507,439450.0,1102787,58.0,434816,17154,0.0086,413588.0,0.2058,460760,231.0,1852.0,735307.0,1552489.0,0.4178,0.0,US,2026-06-15,1,
United States,US,Benchmark,0,1,0,202508,429990.0,1098681,60.0,402268,17220,0.0089,397096.0,0.2035,452766,228.0,1844.0,722915.0,1547439.0,0.4121,0.0,US,2026-06-15,1,
United States,US,Benchmark,0,1,0,202509,425000.0,1100407,62.0,394878,17064,0.0088,385344.0,0.1989,438714,226.0,1840.0,715776.0,1535298.0,0.3987,0.0,US,2026-06-15,1,
United States,US,Benchmark,0,1,0,202510,424200.0,1099856,63.0,385448,16406,0.0086,388946.0,0.2032,424554,225.0,1833.0,711652.0,1521384.0,0.386,0.0,US,2026-06-15,1,
United States,US,Benchmark,0,1,0,202511,415000.0,1072266,64.0,330908,16296,0.009,327708.0,0.1809,411071,222.0,1820.0,705178.0,1480235.0,0.3834,0.0,US,2026-06-15,1,
United States,US,Benchmark,0,1,0,202512,399950.0,976833,73.0,233430,14508,0.0094,200664.0,0.1289,344912,220.0,1800.0,698569.0,1318754.0,0.3531,0.0,US,2026-06-15,1,
United States,US,Benchmark,0,1,0,202601,399900.0,912696,78.0,329228,16580,0.0104,222868.0,0.1432,312588,220.0,1788.0,700102.0,1223931.0,0.3425,0.0,US,2026-06-15,1,
United States,US,Benchmark,0,1,0,202602,403450.0,915717,70.0,365052,17556,0.0105,258318.0,0.1552,383922,223.0,1790.0,714260.0,1296466.0,0.4193,0.0,US,2026-06-15,1,
United States,US,Benchmark,0,1,0,202603,416000.0,947866,57.0,438938,18650,0.0103,294082.0,0.1627,431986,225.0,1800.0,747440.0,1376515.0,0.4557,0.0,US,2026-06-15,1,
United States,US,Benchmark,0,1,0,202604,425000.0,1002935,52.0,477116,18654,0.0095,327402.0,0.1672,467523,227.0,1818.0,744913.0,1466894.0,0.4662,0.0,US,2026-06-15,1,
United States,US,Benchmark,0,1,0,202605,429500.0,1058693,52.0,474976,19060,0.0093,353904.0,0.1746,508200,228.0,1830.0,743623.0,1570901.0,0.48,0.0,US,2026-06-15,1,
Seattle MSA,MSA,Benchmark,42660,1,0,201607,436000.0,6703,24.0,6400,112,0.0083,2448.0,0.1765,0.0,213.0,2130.0,675708.0,6703.0,0.0,,Metro,2026-06-15,1,14
Seattle MSA,MSA,Benchmark,42660,1,0,201608,429475.0,7128,28.0,6356,108,0.0082,2488.0,0.1857,1.0,212.0,2105.0,671271.0,7128.0,0.0001,,Metro,2026-06-15,1,14
Seattle MSA,MSA,Benchmark,42660,1,0,201609,427250.0,7090,32.0,5002,106,0.0081,2646.0,0.2123,2.0,210.0,2106.0,662552.0,7092.0,0.0003,,Metro,2026-06-15,1,14
Seattle MSA,MSA,Benchmark,42660,1,0,201610,435100.0,6623,36.0,4628,100,0.0086,2356.0,0.2027,1.0,210.0,2090.0,667174.0,6623.0,0.0002,,Metro,2026-06-15,1,14
Seattle MSA,MSA,Benchmark,42660,1,0,201611,429950.0,5362,46.0,2942,68,0.0094,1416.0,0.162,0.0,206.0,2109.0,674758.0,5362.0,0.0,,Metro,2026-06-15,1,14
Seattle MSA,MSA,Benchmark,42660,1,0,201612,429950.0,4199,50.0,2788,60,0.0089,836.0,0.1187,1.0,204.0,2110.0,693662.0,4199.0,0.0002,,Metro,2026-06-15,1,14
Seattle MSA,MSA,Benchmark,42660,1,0,201701,436963.0,3535,45.0,3422,126,0.0179,724.0,0.1041,1.0,208.0,2110.0,695599.0,3536.0,0.0003,,Metro,2026-06-15,1,14
Seattle MSA,MSA,Benchmark,42660,1,0,201702,459500.0,3161,29.0,3578,124,0.0164,686.0,0.0949,1.0,218.0,2151.0,744462.0,3162.0,0.0003,,Metro,2026-06-15,1,14
Seattle MSA,MSA,Benchmark,42660,1,0,201703,478725.0,3278,16.0,4668,174,0.0213,612.0,0.0756,1.0,228.0,2144.0,755904.0,3279.0,0.0003,,Metro,2026-06-15,1,14
Seattle MSA,MSA,Benchmark,42660,1,0,201704,495950.0,3545,15.0,5276,104,0.0127,680.0,0.0806,1.0,235.0,2150.0,777976.0,3546.0,0.0003,,Metro,2026-06-15,1,14
Seattle MSA,MSA,Benchmark,42660,1,0,201705,499450.0,4237,11.0,6506,130,0.013,1106.0,0.1003,0.0,238.0,2168.0,782703.0,4237.0,0.0,,Metro,2026-06-15,1,14
Seattle MSA,MSA,Benchmark,42660,1,0,201706,499975.0,5084,16.0,6704,132,0.0112,1512.0,0.1265,,238.0,2175.0,777106.0,5084.0,,,Metro,2026-06-15,1,14
Seattle MSA,MSA,Benchmark,42660,1,0,201707,499500.0,5685,19.0,6308,136,0.0106,1920.0,0.1556,345.0,235.0,2158.0,769094.0,5685.0,0.0607,0.0,Metro,2026-06-15,1,14
Seattle MSA,MSA,Benchmark,42660,1,0,201708,487448.0,6018,23.0,6158,124,0.0101,2126.0,0.1686,388.0,233.0,2131.0,745122.0,6411.0,0.0644,0.0,Metro,2026-06-15,1,14
Seattle MSA,MSA,Benchmark,42660,1,0,201709,489000.0,6126,30.0,6508,216,0.0216,2200.0,0.172,4757.0,236.0,2140.0,748792.0,10921.0,0.7765,0.0,Metro,2026-06-15,1,14
Seattle MSA,MSA,Benchmark,42660,1,0,201710,489998.0,5841,35.0,6282,1666,0.0986,2902.0,0.1716,4761.0,238.0,2114.0,759555.0,10611.0,0.8151,0.0,Metro,2026-06-15,1,14
Seattle MSA,MSA,Benchmark,42660,1,0,201711,492475.0,4783,41.0,4902,1364,0.1102,2134.0,0.1498,4469.0,236.0,2132.0,775352.0,9290.0,0.9344,0.0,Metro,2026-06-15,1,14
Seattle MSA,MSA,Benchmark,42660,1,0,201712,494853.0,3544,48.0,3084,1196,0.1141,1328.0,0.1323,3644.0,234.0,2148.0,795376.0,7187.0,1.0282,0.0,Metro,2026-06-15,1,14
Seattle MSA,MSA,Benchmark,42660,1,0,201801,494878.0,2935,43.0,4238,920,0.093,1128.0,0.1149,2996.0,235.0,2184.0,817476.0,5916.0,1.021,0.0,Metro,2026-06-15,1,14
Seattle MSA,MSA,Benchmark,42660,1,0,201802,522475.0,2977,26.0,4880,1144,0.1047,1034.0,0.0911,3545.0,247.0,2178.0,837160.0,6645.0,1.1908,0.0,Metro,2026-06-15,1,14
Seattle MSA,MSA,Benchmark,42660,1,0,201803,550000.0,3291,22.0,5720,1772,0.1309,1104.0,0.0832,3993.0,261.0,2172.0,855943.0,7399.0,1.2133,0.0,Metro,2026-06-15,1,14
Seattle MSA,MSA,Benchmark,42660,1,0,201804,560350.0,3915,22.0,7172,2272,0.1413,1488.0,0.0924,4675.0,267.0,2153.0,860602.0,8585.0,1.194,0.0,Metro,2026-06-15,1,14
Seattle MSA,MSA,Benchmark,42660,1,0,201805,571700.0,4775,19.0,8552,2130,0.1209,2008.0,0.1085,6059.0,272.0,2180.0,860476.0,10974.0,1.2689,0.0,Metro,2026-06-15,1,14
Seattle MSA,MSA,Benchmark,42660,1,0,201806,575000.0,5926,22.0,8556,2268,0.1147,2724.0,0.1372,6269.0,274.0,2180.0,857803.0,12192.0,1.0579,0.0,Metro,2026-06-15,1,14
Seattle MSA,MSA,Benchmark,42660,1,0,201807,565925.0,7217,29.0,7970,1732,0.0874,3836.0,0.1757,5736.0,272.0,2136.0,823615.0,12925.0,0.7948,0.0,Metro,2026-06-15,1,14
Seattle MSA,MSA,Benchmark,42660,1,0,201808,550483.0,8155,30.0,7528,1572,0.075,4800.0,0.2298,5204.0,271.0,2104.0,794785.0,13354.0,0.6381,0.0,Metro,2026-06-15,1,14
Seattle MSA,MSA,Benchmark,42660,1,0,201809,549950.0,9204,36.0,7240,1176,0.0559,5288.0,0.2512,4636.0,276.0,2040.0,784156.0,13790.0,0.5037,0.0,Metro,2026-06-15,1,14
Seattle MSA,MSA,Benchmark,42660,1,0,201810,552500.0,9383,38.0,6092,930,0.0463,5758.0,0.295,4244.0,278.0,2035.0,781837.0,13622.0,0.4523,0.0,Metro,2026-06-15,1,14
Seattle MSA,MSA,Benchmark,42660,1,0,201811,549998.0,8294,45.0,5150,680,0.0437,4328.0,0.2461,3986.0,276.0,2018.0,781663.0,12316.0,0.4806,0.0,Metro,2026-06-15,1,14
Seattle MSA,MSA,Benchmark,42660,1,0,201812,550000.0,6850,59.0,3160,556,0.0507,2584.0,0.2072,2992.0,274.0,2040.0,789581.0,9638.0,0.4368,0.0,Metro,2026-06-15,1,14
Seattle MSA,MSA,Benchmark,42660,1,0,201901,562475.0,5558,63.0,4168,536,0.0452,2386.0,0.203,2697.0,275.0,2082.0,817163.0,8261.0,0.4852,0.0,Metro,2026-06-15,1,14
Seattle MSA,MSA,Benchmark,42660,1,0,201902,593745.0,5429,42.0,4202,532,0.0425,1678.0,0.1339,2814.0,288.0,2140.0,859510.0,8241.0,0.5182,0.0,Metro,2026-06-15,1,14
Seattle MSA,MSA,Benchmark,42660,1,0,201903,608423.0,5655,33.0,6064,452,0.029,1740.0,0.1116,3877.0,298.0,2137.0,873910.0,9527.0,0.6856,0.0,Metro,2026-06-15,1,14
Seattle MSA,MSA,Benchmark,42660,1,0,201904,627445.0,5935,24.0,7900,278,0.0142,1840.0,0.0954,5384.0,307.0,2160.0,899002.0,11311.0,0.9072,0.0,Metro,2026-06-15,1,14
Seattle MSA,MSA,Benchmark,42660,1,0,201905,623714.0,7098,28.0,8788,168,0.0076,2820.0,0.1284,5742.0,307.0,2117.0,881335.0,12916.0,0.8089,0.0,Metro,2026-06-15,1,14
Seattle MSA,MSA,Benchmark,42660,1,0,201906,614950.0,7807,31.0,8604,184,0.0082,3264.0,0.146,6023.0,303.0,2109.0,859290.0,13793.0,0.7715,0.0,Metro,2026-06-15,1,14
Seattle MSA,MSA,Benchmark,42660,1,0,201907,599995.0,7784,37.0,8118,162,0.0077,3208.0,0.1364,5694.0,300.0,2110.0,850226.0,13474.0,0.7315,0.0,Metro,2026-06-15,1,14
Seattle MSA,MSA,Benchmark,42660,1,0,201908,595836.0,8177,39.0,6600,172,0.0084,3256.0,0.1607,5499.0,299.0,2084.0,841704.0,13657.0,0.6725,0.0,Metro,2026-06-15,1,14
Seattle MSA,MSA,Benchmark,42660,1,0,201909,589741.0,8311,41.0,5416,162,0.0085,3094.0,0.1633,5245.0,298.0,2059.0,834131.0,13537.0,0.631,0.0,Metro,2026-06-15,1,14
Seattle MSA,MSA,Benchmark,42660,1,0,201910,585677.0,8319,43.0,4296,156,0.0086,2982.0,0.1649,5068.0,298.0,2045.0,829082.0,13379.0,0.6091,0.0,Metro,2026-06-15,1,14
Seattle MSA,MSA,Benchmark,42660,1,0,201911,579000.0,6739,50.0,3192,128,0.011,1776.0,0.1193,4749.0,297.0,2020.0,833943.0,11675.0,0.7047,0.0,Metro,2026-06-15,1,14
Seattle MSA,MSA,Benchmark,42660,1,0,201912,579950.0,4768,61.0,2078,136,0.0125,734.0,0.0675,3914.0,290.0,2042.0,846363.0,8660.0,0.8208,0.0,Metro,2026-06-15,1,14
Seattle MSA,MSA,Benchmark,42660,1,0,202001,587500.0,3866,65.0,2580,172,0.0178,588.0,0.06,3298.0,293.0,2051.0,867130.0,7163.0,0.8531,0.0,Metro,2026-06-15,1,14
Seattle MSA,MSA,Benchmark,42660,1,0,202002,599900.0,3790,31.0,4244,356,0.0287,564.0,0.0464,4370.0,298.0,2064.0,889510.0,8164.0,1.153,0.0,Metro,2026-06-15,1,14
Seattle MSA,MSA,Benchmark,42660,1,0,202003,606495.0,4299,23.0,5476,274,0.0187,758.0,0.0517,5308.0,308.0,2089.0,882234.0,9585.0,1.2347,0.0,Metro,2026-06-15,1,14
Seattle MSA,MSA,Benchmark,42660,1,0,202004,599950.0,4888,31.0,3442,184,0.014,1038.0,0.0783,4810.0,305.0,2074.0,851077.0,9661.0,0.9839,0.0,Metro,2026-06-15,1,14
Seattle MSA,MSA,Benchmark,42660,1,0,202005,608000.0,5649,35.0,5144,184,0.0117,1492.0,0.0942,5414.0,309.0,2053.0,859906.0,11105.0,0.9584,0.0,Metro,2026-06-15,1,14
Seattle MSA,MSA,Benchmark,42660,1,0,202006,621498.0,5729,31.0,5726,318,0.0175,1438.0,0.0799,6573.0,318.0,2036.0,887354.0,12231.0,1.1473,0.0,Metro,2026-06-15,1,14
Seattle MSA,MSA,Benchmark,42660,1,0,202007,627000.0,5735,30.0,6104,408,0.0216,1598.0,0.0854,6903.0,325.0,2010.0,896058.0,12629.0,1.2038,0.0,Metro,2026-06-15,1,14
Seattle MSA,MSA,Benchmark,42660,1,0,202008,625000.0,5959,30.0,5852,316,0.0162,1556.0,0.0805,7537.0,341.0,1920.0,885121.0,13478.0,1.2648,0.0,Metro,2026-06-15,1,14
Seattle MSA,MSA,Benchmark,42660,1,0,202009,624999.0,6059,33.0,7500,362,0.0199,2046.0,0.0964,7679.0,353.0,1840.0,885251.0,13715.0,1.2673,0.0,Metro,2026-06-15,1,14
Seattle MSA,MSA,Benchmark,42660,1,0,202010,619990.0,5838,35.0,5292,284,0.015,1764.0,0.0954,7489.0,361.0,1771.0,890134.0,13304.0,1.2828,0.0,Metro,2026-06-15,1,14
Seattle MSA,MSA,Benchmark,42660,1,0,202011,626725.0,4129,41.0,3562,216,0.0142,1144.0,0.0739,7389.0,390.0,1707.0,922318.0,11500.0,1.7896,0.0,Metro,2026-06-15,1,14
Seattle MSA,MSA,Benchmark,42660,1,0,202012,624975.0,3092,48.0,2856,260,0.0201,684.0,0.0567,6134.0,395.0,1681.0,930668.0,9209.0,1.9837,0.0,Metro,2026-06-15,1,14
Seattle MSA,MSA,Benchmark,42660,1,0,202101,638000.0,2424,43.0,3644,312,0.0286,424.0,0.0395,5174.0,405.0,1660.0,958591.0,7435.0,2.1345,0.0,Metro,2026-06-15,1,14
Seattle MSA,MSA,Benchmark,42660,1,0,202102,648625.0,2219,29.0,3726,266,0.0224,348.0,0.0291,5916.0,406.0,1678.0,953436.0,8121.0,2.6664,0.0,Metro,2026-06-15,1,14
Seattle MSA,MSA,Benchmark,42660,1,0,202103,652500.0,2584,23.0,5946,326,0.0221,510.0,0.0325,6388.0,397.0,1748.0,924093.0,8966.0,2.4724,0.0,Metro,2026-06-15,1,14
Seattle MSA,MSA,Benchmark,42660,1,0,202104,669975.0,2763,23.0,5848,336,0.0209,530.0,0.0324,7158.0,397.0,1773.0,940369.0,9935.0,2.5911,0.0,Metro,2026-06-15,1,14
Seattle MSA,MSA,Benchmark,42660,1,0,202105,679900.0,2937,20.0,6132,216,0.0136,632.0,0.036,7789.0,394.0,1800.0,946099.0,10935.0,2.652,0.0,Metro,2026-06-15,1,14
Seattle MSA,MSA,Benchmark,42660,1,0,202106,683725.0,3425,20.0,6614,234,0.0112,840.0,0.0463,8112.0,393.0,1819.0,944535.0,11440.0,2.3688,0.0,Metro,2026-06-15,1,14
Seattle MSA,MSA,Benchmark,42660,1,0,202107,689950.0,3641,23.0,5976,168,0.0096,984.0,0.0579,7431.0,390.0,1821.0,943656.0,10983.0,2.0409,0.0,Metro,2026-06-15,1,14
Seattle MSA,MSA,Benchmark,42660,1,0,202108,674975.0,3753,26.0,5676,158,0.0095,1402.0,0.0831,7401.0,380.0,1822.0,912385.0,11129.0,1.9723,0.0,Metro,2026-06-15,1,14
Seattle MSA,MSA,Benchmark,42660,1,0,202109,675000.0,3744,29.0,5552,126,0.0077,1294.0,0.0827,6944.0,379.0,1855.0,918542.0,10673.0,1.8547,0.0,Metro,2026-06-15,1,14
Seattle MSA,MSA,Benchmark,42660,1,0,202110,675000.0,3324,33.0,4612,136,0.009,1144.0,0.0778,6744.0,385.0,1845.0,939780.0,10093.0,2.0289,0.0,Metro,2026-06-15,1,14
Seattle MSA,MSA,Benchmark,42660,1,0,202111,674995.0,2510,35.0,3488,140,0.0129,696.0,0.0575,6087.0,386.0,1825.0,947493.0,8577.0,2.4249,0.0,Metro,2026-06-15,1,14
Seattle MSA,MSA,Benchmark,42660,1,0,202112,662500.0,1660,39.0,2448,144,0.0164,322.0,0.0359,4806.0,383.0,1793.0,933507.0,6449.0,2.8961,0.0,Metro,2026-06-15,1,14
Seattle MSA,MSA,Benchmark,42660,1,0,202201,685000.0,1315,37.0,3124,124,0.0153,172.0,0.0209,3587.0,398.0,1792.0,1001387.0,4894.0,2.7278,0.0,Metro,2026-06-15,1,14
Seattle MSA,MSA,Benchmark,42660,1,0,202202,722450.0,1539,16.0,4076,138,0.0129,200.0,0.0193,4650.0,417.0,1817.0,1051274.0,6186.0,3.0221,0.0,Metro,2026-06-15,1,14
Seattle MSA,MSA,Benchmark,42660,1,0,202203,749950.0,1867,17.0,4938,140,0.0114,324.0,0.0265,5308.0,425.0,1889.0,1075930.0,7161.0,2.8438,0.0,Metro,2026-06-15,1,14
Seattle MSA,MSA,Benchmark,42660,1,0,202204,799950.0,2207,16.0,5556,132,0.0102,592.0,0.0456,5863.0,434.0,1964.0,1128806.0,8150.0,2.6565,0.0,Metro,2026-06-15,1,14
Seattle MSA,MSA,Benchmark,42660,1,0,202205,824995.0,3971,16.0,6926,174,0.0111,1700.0,0.0953,5933.0,438.0,2066.0,1161979.0,9858.0,1.494,1.0,Metro,2026-06-15,1,14
Seattle MSA,MSA,Benchmark,42660,1,0,202206,802495.0,5457,22.0,6656,112,0.0065,3270.0,0.1825,5530.0,435.0,2050.0,1135816.0,10972.0,1.0134,1.0,Metro,2026-06-15,1,14
Seattle MSA,MSA,Benchmark,42660,1,0,202207,789950.0,6954,28.0,5840,88,0.0048,4196.0,0.2341,4820.0,421.0,2040.0,1083308.0,11697.0,0.6931,1.0,Metro,2026-06-15,1,14
Seattle MSA,MSA,Benchmark,42660,1,0,202208,774950.0,6961,34.0,4518,58,0.0036,3638.0,0.2228,5033.0,414.0,2025.0,1075090.0,11949.0,0.723,1.0,Metro,2026-06-15,1,14
Seattle MSA,MSA,Benchmark,42660,1,0,202209,762485.0,6694,39.0,4312,88,0.0051,3670.0,0.2296,4686.0,414.0,2010.0,1078846.0,11340.0,0.7,1.0,Metro,2026-06-15,1,14
Seattle MSA,MSA,Benchmark,42660,1,0,202210,750000.0,6701,39.0,3540,56,0.0039,3696.0,0.2753,3970.0,411.0,1970.0,1060491.0,10660.0,0.5924,1.0,Metro,2026-06-15,1,14
Seattle MSA,MSA,Benchmark,42660,1,0,202211,737450.0,6006,45.0,2372,64,0.0053,2690.0,0.2309,3284.0,406.0,1952.0,1056940.0,9279.0,0.5467,1.0,Metro,2026-06-15,1,14
Seattle MSA,MSA,Benchmark,42660,1,0,202212,725000.0,4559,59.0,1364,44,0.0048,1320.0,0.1554,2583.0,397.0,1960.0,1038754.0,7130.0,0.5666,1.0,Metro,2026-06-15,1,14
Seattle MSA,MSA,Benchmark,42660,1,0,202301,727000.0,3674,65.0,2284,48,0.0056,1282.0,0.1538,2458.0,403.0,1950.0,1042070.0,6120.0,0.669,1.0,Metro,2026-06-15,1,14
Seattle MSA,MSA,Benchmark,42660,1,0,202302,749950.0,3116,43.0,2510,52,0.0059,906.0,0.1022,3321.0,421.0,1978.0,1105889.0,6401.0,1.066,1.0,Metro,2026-06-15,1,14
Seattle MSA,MSA,Benchmark,42660,1,0,202303,789225.0,3106,32.0,3526,88,0.0086,960.0,0.0947,3428.0,437.0,2049.0,1177299.0,6530.0,1.1035,1.0,Metro,2026-06-15,1,14
Seattle MSA,MSA,Benchmark,42660,1,0,202304,825000.0,3165,31.0,3564,100,0.0094,920.0,0.0849,3738.0,453.0,2029.0,1236224.0,6898.0,1.181,1.0,Metro,2026-06-15,1,14
Seattle MSA,MSA,Benchmark,42660,1,0,202305,822500.0,3543,29.0,4106,76,0.0063,1196.0,0.1021,4102.0,452.0,2035.0,1235201.0,7682.0,1.1578,0.0,Metro,2026-06-15,1,14
Seattle MSA,MSA,Benchmark,42660,1,0,202306,824500.0,4090,29.0,4194,88,0.0071,1558.0,0.1249,4183.0,449.0,2035.0,1225756.0,8272.0,1.0229,0.0,Metro,2026-06-15,1,14
Seattle MSA,MSA,Benchmark,42660,1,0,202307,815000.0,4267,33.0,3600,92,0.0084,1588.0,0.1366,4043.0,444.0,2040.0,1242311.0,8267.0,0.9475,0.0,Metro,2026-06-15,1,14
Seattle MSA,MSA,Benchmark,42660,1,0,202308,799475.0,4504,33.0,3404,70,0.0058,1740.0,0.1489,3872.0,441.0,2002.0,1226371.0,8360.0,0.8596,0.0,Metro,2026-06-15,1,14
Seattle MSA,MSA,Benchmark,42660,1,0,202309,799000.0,4774,37.0,3532,56,0.005,1920.0,0.161,3439.0,443.0,1986.0,1215186.0,8136.0,0.7204,0.0,Metro,2026-06-15,1,14
Seattle MSA,MSA,Benchmark,42660,1,0,202310,792250.0,4808,38.0,3080,74,0.0064,1952.0,0.171,3341.0,440.0,1960.0,1179771.0,8138.0,0.6949,0.0,Metro,2026-06-15,1,14
Seattle MSA,MSA,Benchmark,42660,1,0,202311,752413.0,5293,45.0,2600,158,0.0143,1898.0,0.1643,3664.0,425.0,1913.0,1110443.0,8942.0,0.6923,0.0,Metro,2026-06-15,1,14
Seattle MSA,MSA,Benchmark,42660,1,0,202312,749000.0,4177,57.0,1736,92,0.0106,848.0,0.0927,3253.0,417.0,1888.0,1088306.0,7408.0,0.7788,0.0,Metro,2026-06-15,1,14
Seattle MSA,MSA,Benchmark,42660,1,0,202401,749495.0,3319,59.0,2754,218,0.0232,748.0,0.079,3324.0,429.0,1845.0,1122633.0,6639.0,1.0015,0.0,Metro,2026-06-15,1,14
Seattle MSA,MSA,Benchmark,42660,1,0,202402,765000.0,3294,32.0,3556,216,0.0196,786.0,0.0728,4172.0,439.0,1840.0,1155569.0,7458.0,1.2665,0.0,Metro,2026-06-15,1,14
Seattle MSA,MSA,Benchmark,42660,1,0,202403,767875.0,3737,29.0,4212,196,0.0162,1080.0,0.0871,4691.0,443.0,1860.0,1150459.0,8468.0,1.2553,0.0,Metro,2026-06-15,1,14
Seattle MSA,MSA,Benchmark,42660,1,0,202404,774973.0,4349,29.0,5222,162,0.0115,1314.0,0.0882,5313.0,450.0,1860.0,1152313.0,9655.0,1.2218,0.0,Metro,2026-06-15,1,14
Seattle MSA,MSA,Benchmark,42660,1,0,202405,774950.0,5734,25.0,5646,174,0.011,1984.0,0.1139,5420.0,448.0,1892.0,1148303.0,11159.0,0.9453,0.0,Metro,2026-06-15,1,14
Seattle MSA,MSA,Benchmark,42660,1,0,202406,788000.0,6617,30.0,5484,160,0.009,2780.0,0.1568,5533.0,448.0,1911.0,1134374.0,12164.0,0.8362,0.0,Metro,2026-06-15,1,14
Seattle MSA,MSA,Benchmark,42660,1,0,202407,779245.0,7399,36.0,5026,136,0.0078,3130.0,0.1765,5185.0,442.0,1916.0,1127751.0,12558.0,0.7008,0.0,Metro,2026-06-15,1,14
Seattle MSA,MSA,Benchmark,42660,1,0,202408,775000.0,7624,38.0,4424,132,0.0076,2988.0,0.176,5069.0,435.0,1928.0,1122421.0,12759.0,0.6649,0.0,Metro,2026-06-15,1,14
Seattle MSA,MSA,Benchmark,42660,1,0,202409,769938.0,8014,43.0,4952,128,0.0072,3066.0,0.172,4871.0,440.0,1907.0,1116670.0,12883.0,0.6077,0.0,Metro,2026-06-15,1,14
Seattle MSA,MSA,Benchmark,42660,1,0,202410,757500.0,7662,44.0,3618,204,0.0125,2974.0,0.1824,5027.0,438.0,1868.0,1102482.0,12681.0,0.6561,0.0,Metro,2026-06-15,1,14
Seattle MSA,MSA,Benchmark,42660,1,0,202411,740000.0,6613,51.0,2900,128,0.01,2076.0,0.1427,4547.0,429.0,1840.0,1077087.0,11154.0,0.6876,0.0,Metro,2026-06-15,1,14
Seattle MSA,MSA,Benchmark,42660,1,0,202412,724475.0,4933,63.0,1608,84,0.0088,1056.0,0.1038,3540.0,425.0,1780.0,1060094.0,8468.0,0.7175,0.0,Metro,2026-06-15,1,14
Seattle MSA,MSA,Benchmark,42660,1,0,202501,725813.0,4364,62.0,3434,168,0.0145,1180.0,0.1176,3186.0,429.0,1760.0,1045293.0,7545.0,0.7301,0.0,Metro,2026-06-15,1,14
Seattle MSA,MSA,Benchmark,42660,1,0,202502,737400.0,4640,35.0,3704,148,0.0122,1360.0,0.1122,3989.0,443.0,1768.0,1068000.0,8595.0,0.8598,0.0,Metro,2026-06-15,1,14
Seattle MSA,MSA,Benchmark,42660,1,0,202503,750000.0,5244,31.0,4996,144,0.0098,1584.0,0.1118,4438.0,457.0,1791.0,1097797.0,9677.0,0.8463,0.0,Metro,2026-06-15,1,14
Seattle MSA,MSA,Benchmark,42660,1,0,202504,782225.0,6526,30.0,5616,106,0.0062,2336.0,0.1438,4637.0,465.0,1835.0,1138158.0,11185.0,0.7106,0.0,Metro,2026-06-15,1,14
Seattle MSA,MSA,Benchmark,42660,1,0,202505,799000.0,8639,30.0,6660,96,0.005,3228.0,0.1623,4878.0,469.0,1890.0,1154365.0,13606.0,0.5646,0.0,Metro,2026-06-15,1,14
Seattle MSA,MSA,Benchmark,42660,1,0,202506,799250.0,9655,36.0,5772,164,0.0081,4202.0,0.2044,4951.0,460.0,1922.0,1156897.0,14643.0,0.5128,0.0,Metro,2026-06-15,1,14
Seattle MSA,MSA,Benchmark,42660,1,0,202507,785463.0,10112,40.0,5024,118,0.0058,4236.0,0.2124,4632.0,448.0,1921.0,1143440.0,14723.0,0.458,0.0,Metro,2026-06-15,1,14
Seattle MSA,MSA,Benchmark,42660,1,0,202508,774950.0,9984,44.0,4320,152,0.0081,3816.0,0.1999,4556.0,440.0,1920.0,1135056.0,14529.0,0.4563,0.0,Metro,2026-06-15,1,14
Seattle MSA,MSA,Benchmark,42660,1,0,202509,769000.0,10185,47.0,5026,112,0.0057,4032.0,0.2048,4478.0,438.0,1907.0,1113344.0,14652.0,0.4397,0.0,Metro,2026-06-15,1,14
Seattle MSA,MSA,Benchmark,42660,1,0,202510,762343.0,9810,48.0,3836,110,0.0063,4014.0,0.2228,4383.0,437.0,1887.0,1103197.0,14183.0,0.4468,0.0,Metro,2026-06-15,1,14
Seattle MSA,MSA,Benchmark,42660,1,0,202511,749950.0,8481,56.0,2676,112,0.0071,2840.0,0.1891,3867.0,431.0,1848.0,1075563.0,12340.0,0.456,0.0,Metro,2026-06-15,1,14
Seattle MSA,MSA,Benchmark,42660,1,0,202512,726500.0,6356,67.0,1416,66,0.0068,1172.0,0.1063,3187.0,427.0,1802.0,1055538.0,9534.0,0.5013,0.0,Metro,2026-06-15,1,14
Seattle MSA,MSA,Benchmark,42660,1,0,202601,730000.0,5780,77.0,3404,112,0.0088,1496.0,0.1276,2745.0,428.0,1800.0,1056543.0,8586.0,0.4749,0.0,Metro,2026-06-15,1,14
Seattle MSA,MSA,Benchmark,42660,1,0,202602,754950.0,6427,36.0,4482,144,0.0103,1786.0,0.1264,3745.0,442.0,1825.0,1089826.0,10179.0,0.5826,0.0,Metro,2026-06-15,1,14
Seattle MSA,MSA,Benchmark,42660,1,0,202603,769938.0,7415,34.0,5088,148,0.0089,2578.0,0.1544,4172.0,452.0,1837.0,1122801.0,11614.0,0.5626,0.0,Metro,2026-06-15,1,14
Seattle MSA,MSA,Benchmark,42660,1,0,202604,776232.0,8630,34.0,5752,134,0.0074,2960.0,0.1616,4372.0,452.0,1852.0,1125114.0,12995.0,0.5066,0.0,Metro,2026-06-15,1,14
Seattle MSA,MSA,Benchmark,42660,1,0,202605,780000.0,10456,36.0,6100,112,0.0055,3992.0,0.1896,4750.0,452.0,1890.0,1142919.0,15268.0,0.4543,0.0,Metro,2026-06-15,1,14
Washington,State,Benchmark,53,1,0,201607,343900.0,20878,39.0,13136,340,0.0093,6268.0,0.166,2281.0,168.0,2076.0,494845.0,23134.0,0.1093,,State,2026-06-15,1,
Washington,State,Benchmark,53,1,0,201608,342963.0,21725,43.0,12964,378,0.0101,6628.0,0.181,2292.0,169.0,2062.0,495927.0,24008.0,0.1055,,State,2026-06-15,1,
Washington,State,Benchmark,53,1,0,201609,342500.0,21259,48.0,10688,350,0.0103,6544.0,0.186,2190.0,170.0,2059.0,494821.0,23426.0,0.103,,State,2026-06-15,1,
Washington,State,Benchmark,53,1,0,201610,344000.0,19921,53.0,9700,300,0.0091,5928.0,0.1835,1995.0,171.0,2047.0,497419.0,21914.0,0.1001,,State,2026-06-15,1,
Washington,State,Benchmark,53,1,0,201611,339975.0,17023,62.0,6606,332,0.0121,3812.0,0.1461,1743.0,169.0,2051.0,498313.0,18756.0,0.1024,,State,2026-06-15,1,
Washington,State,Benchmark,53,1,0,201612,339000.0,14470,72.0,5624,216,0.01,2188.0,0.1017,1428.0,166.0,2040.0,498591.0,15886.0,0.0987,,State,2026-06-15,1,
Washington,State,Benchmark,53,1,0,201701,339450.0,12630,73.0,6838,400,0.0196,2078.0,0.1008,1235.0,168.0,2023.0,495626.0,13855.0,0.0977,,State,2026-06-15,1,
Washington,State,Benchmark,53,1,0,201702,349000.0,11620,65.0,7524,432,0.0209,1904.0,0.0909,1383.0,170.0,2037.0,514041.0,12987.0,0.119,,State,2026-06-15,1,
Washington,State,Benchmark,53,1,0,201703,359950.0,11570,42.0,9928,460,0.0198,1930.0,0.0828,1627.0,175.0,2045.0,531657.0,13209.0,0.1406,,State,2026-06-15,1,
Washington,State,Benchmark,53,1,0,201704,369900.0,12173,32.0,11352,492,0.016,2128.0,0.087,1902.0,179.0,2063.0,544634.0,14036.0,0.1562,,State,2026-06-15,1,
Washington,State,Benchmark,53,1,0,201705,382413.0,14364,26.0,14246,408,0.013,3296.0,0.1075,2407.0,183.0,2087.0,556605.0,16744.0,0.1676,,State,2026-06-15,1,
Washington,State,Benchmark,53,1,0,201706,388485.0,16137,29.0,13856,354,0.0108,4496.0,0.1371,2451.0,186.0,2100.0,559178.0,18586.0,0.1519,,State,2026-06-15,1,
Washington,State,Benchmark,53,1,0,201707,385000.0,17870,33.0,14176,476,0.0126,5576.0,0.1601,2357.0,185.0,2088.0,549806.0,20208.0,0.1319,0.0,State,2026-06-15,1,
Washington,State,Benchmark,53,1,0,201708,379000.0,18998,37.0,13004,438,0.0127,6144.0,0.1718,3117.0,184.0,2082.0,541080.0,22116.0,0.164,0.0,State,2026-06-15,1,
Washington,State,Benchmark,53,1,0,201709,375000.0,19233,44.0,12744,584,0.0184,6016.0,0.1789,8931.0,183.0,2080.0,539947.0,28146.0,0.4644,0.0,State,2026-06-15,1,
Washington,State,Benchmark,53,1,0,201710,375000.0,18361,49.0,11968,2328,0.0594,6962.0,0.1778,8790.0,185.0,2070.0,545199.0,27174.0,0.4787,0.0,State,2026-06-15,1,
Washington,State,Benchmark,53,1,0,201711,369947.0,15999,55.0,9758,2158,0.0662,5286.0,0.1539,8136.0,182.0,2069.0,541891.0,24142.0,0.5085,0.0,State,2026-06-15,1,
Washington,State,Benchmark,53,1,0,201712,369000.0,13134,65.0,6500,1884,0.066,3168.0,0.1247,6683.0,181.0,2056.0,540297.0,19784.0,0.5088,0.0,State,2026-06-15,1,
Washington,State,Benchmark,53,1,0,201801,372500.0,10915,70.0,8534,1602,0.0648,3044.0,0.1233,5713.0,183.0,2061.0,553185.0,16580.0,0.5234,0.0,State,2026-06-15,1,
Washington,State,Benchmark,53,1,0,201802,389450.0,10544,47.0,9866,1900,0.072,2782.0,0.1028,6535.0,186.0,2077.0,569231.0,17249.0,0.6198,0.0,State,2026-06-15,1,
Washington,State,Benchmark,53,1,0,201803,400000.0,10990,35.0,11580,2752,0.0891,3016.0,0.0996,7548.0,194.0,2088.0,590403.0,18583.0,0.6868,0.0,State,2026-06-15,1,
Washington,State,Benchmark,53,1,0,201804,416998.0,12185,32.0,14312,3268,0.0912,3970.0,0.1107,8726.0,198.0,2096.0,605680.0,20881.0,0.7161,0.0,State,2026-06-15,1,
Washington,State,Benchmark,53,1,0,201805,425000.0,14223,29.0,16990,3416,0.0835,5126.0,0.125,10990.0,202.0,2123.0,613164.0,25210.0,0.7727,0.0,State,2026-06-15,1,
Washington,State,Benchmark,53,1,0,201806,433475.0,16061,31.0,15972,3712,0.0864,6288.0,0.1463,11418.0,204.0,2130.0,619221.0,27493.0,0.7109,0.0,State,2026-06-15,1,
Washington,State,Benchmark,53,1,0,201807,434975.0,18659,36.0,15638,2852,0.0656,8470.0,0.1791,10688.0,207.0,2110.0,612839.0,29339.0,0.5728,0.0,State,2026-06-15,1,
Washington,State,Benchmark,53,1,0,201808,429400.0,20324,37.0,14838,2756,0.0611,9780.0,0.2168,9968.0,209.0,2084.0,604219.0,30268.0,0.4905,0.0,State,2026-06-15,1,
Washington,State,Benchmark,53,1,0,201809,429000.0,21778,43.0,13460,2240,0.051,10248.0,0.2328,8984.0,212.0,2048.0,601063.0,30493.0,0.4125,0.0,State,2026-06-15,1,
Washington,State,Benchmark,53,1,0,201810,435500.0,21477,46.0,11572,1858,0.0442,10318.0,0.2529,8227.0,214.0,2047.0,607622.0,29673.0,0.383,0.0,State,2026-06-15,1,
Washington,State,Benchmark,53,1,0,201811,433975.0,19413,53.0,9912,1290,0.0377,7918.0,0.2146,7637.0,213.0,2040.0,604681.0,27020.0,0.3934,0.0,State,2026-06-15,1,
Washington,State,Benchmark,53,1,0,201812,429950.0,16749,66.0,6168,1260,0.0434,4716.0,0.1651,5969.0,211.0,2045.0,603004.0,22400.0,0.3564,0.0,State,2026-06-15,1,
Washington,State,Benchmark,53,1,0,201901,432000.0,14197,72.0,8178,1084,0.041,4406.0,0.1669,5365.0,211.0,2052.0,610806.0,19539.0,0.3779,0.0,State,2026-06-15,1,
Washington,State,Benchmark,53,1,0,201902,449475.0,13618,63.0,8430,1048,0.0377,3442.0,0.1235,5852.0,215.0,2075.0,635928.0,19404.0,0.4297,0.0,State,2026-06-15,1,
Washington,State,Benchmark,53,1,0,201903,460588.0,13863,43.0,11412,868,0.0264,3448.0,0.1048,7660.0,220.0,2083.0,650374.0,21477.0,0.5525,0.0,State,2026-06-15,1,
Washington,State,Benchmark,53,1,0,201904,474803.0,14453,32.0,15342,572,0.0144,3762.0,0.096,10144.0,224.0,2104.0,665673.0,24533.0,0.7019,0.0,State,2026-06-15,1,
Washington,State,Benchmark,53,1,0,201905,479500.0,16212,33.0,18544,516,0.0111,5560.0,0.1194,11139.0,230.0,2093.0,670990.0,27318.0,0.6871,0.0,State,2026-06-15,1,
Washington,State,Benchmark,53,1,0,201906,480000.0,18086,36.0,16300,448,0.0096,6396.0,0.1381,11874.0,231.0,2091.0,665981.0,29998.0,0.6565,0.0,State,2026-06-15,1,
Washington,State,Benchmark,53,1,0,201907,475000.0,18509,41.0,16144,404,0.0094,7102.0,0.1449,11387.0,229.0,2104.0,656110.0,29860.0,0.6152,0.0,State,2026-06-15,1,
Washington,State,Benchmark,53,1,0,201908,472200.0,19238,44.0,13388,472,0.0108,6960.0,0.1597,10986.0,229.0,2081.0,651542.0,30186.0,0.5711,0.0,State,2026-06-15,1,
Washington,State,Benchmark,53,1,0,201909,468150.0,19506,48.0,11236,516,0.0125,6622.0,0.1609,10455.0,229.0,2059.0,646248.0,29918.0,0.536,0.0,State,2026-06-15,1,
Washington,State,Benchmark,53,1,0,201910,465450.0,19205,50.0,9006,528,0.0138,6212.0,0.1617,9952.0,229.0,2044.0,643954.0,29138.0,0.5182,0.0,State,2026-06-15,1,
Washington,State,Benchmark,53,1,0,201911,459900.0,16736,57.0,6800,508,0.0169,4248.0,0.1241,10518.0,227.0,2038.0,642059.0,27426.0,0.6285,0.0,State,2026-06-15,1,
Washington,State,Benchmark,53,1,0,201912,449975.0,13187,69.0,4660,592,0.0248,2248.0,0.0842,8799.0,223.0,2025.0,634692.0,21914.0,0.6672,0.0,State,2026-06-15,1,
Washington,State,Benchmark,53,1,0,202001,449950.0,11160,74.0,5680,696,0.0295,1982.0,0.0806,7685.0,222.0,2021.0,634652.0,18848.0,0.6886,0.0,State,2026-06-15,1,
Washington,State,Benchmark,53,1,0,202002,458900.0,10656,47.0,8544,904,0.031,1872.0,0.0671,9427.0,226.0,2024.0,650706.0,20026.0,0.8847,0.0,State,2026-06-15,1,
Washington,State,Benchmark,53,1,0,202003,472450.0,11694,33.0,11246,1004,0.0303,2306.0,0.0695,11107.0,232.0,2033.0,656062.0,22750.0,0.9498,0.0,State,2026-06-15,1,
Washington,State,Benchmark,53,1,0,202004,472450.0,12752,38.0,7308,642,0.0198,2536.0,0.0831,10372.0,234.0,2040.0,648047.0,22959.0,0.8134,0.0,State,2026-06-15,1,
Washington,State,Benchmark,53,1,0,202005,488735.0,13567,44.0,10336,736,0.0205,3264.0,0.0937,11700.0,241.0,2034.0,663277.0,25443.0,0.8624,0.0,State,2026-06-15,1,
Washington,State,Benchmark,53,1,0,202006,497450.0,13400,38.0,11310,1090,0.028,3516.0,0.0904,14177.0,245.0,2042.0,687075.0,27488.0,1.0579,0.0,State,2026-06-15,1,
Washington,State,Benchmark,53,1,0,202007,499950.0,13227,36.0,12036,1228,0.0316,3742.0,0.0928,14832.0,248.0,2037.0,698052.0,28046.0,1.1214,0.0,State,2026-06-15,1,
Washington,State,Benchmark,53,1,0,202008,499950.0,13141,36.0,11384,1216,0.0309,3416.0,0.0854,15934.0,254.0,1992.0,701135.0,29070.0,1.2125,0.0,State,2026-06-15,1,
Washington,State,Benchmark,53,1,0,202009,499925.0,12834,36.0,13524,1304,0.0311,3980.0,0.0931,16416.0,261.0,1936.0,709184.0,29198.0,1.2791,0.0,State,2026-06-15,1,
Washington,State,Benchmark,53,1,0,202010,499900.0,12124,37.0,10024,1320,0.0338,3580.0,0.0948,15919.0,267.0,1902.0,721965.0,27845.0,1.313,0.0,State,2026-06-15,1,
Washington,State,Benchmark,53,1,0,202011,504494.0,8709,45.0,7176,1050,0.0347,2624.0,0.0797,15694.0,273.0,1862.0,744273.0,24369.0,1.8021,0.0,State,2026-06-15,1,
Washington,State,Benchmark,53,1,0,202012,499925.0,6845,52.0,5906,1064,0.039,1600.0,0.0618,13171.0,271.0,1842.0,745333.0,19982.0,1.9242,0.0,State,2026-06-15,1,
Washington,State,Benchmark,53,1,0,202101,499000.0,5486,48.0,7012,1076,0.0449,1108.0,0.0459,11209.0,272.0,1829.0,753558.0,16666.0,2.0432,0.0,State,2026-06-15,1,
Washington,State,Benchmark,53,1,0,202102,500000.0,4994,35.0,7372,1088,0.0451,888.0,0.0358,12470.0,277.0,1820.0,766824.0,17401.0,2.4969,0.0,State,2026-06-15,1,
Washington,State,Benchmark,53,1,0,202103,525000.0,5461,28.0,10938,1294,0.0436,1176.0,0.0394,13138.0,291.0,1831.0,764767.0,18583.0,2.4059,0.0,State,2026-06-15,1,
Washington,State,Benchmark,53,1,0,202104,549996.0,5713,25.0,11020,1184,0.0374,1190.0,0.0384,14518.0,300.0,1860.0,782417.0,20261.0,2.5411,0.0,State,2026-06-15,1,
Washington,State,Benchmark,53,1,0,202105,569900.0,6258,23.0,11852,1188,0.0339,1472.0,0.0431,15608.0,303.0,1871.0,786697.0,22109.0,2.4941,0.0,State,2026-06-15,1,
Washington,State,Benchmark,53,1,0,202106,577475.0,7216,23.0,12788,1196,0.0317,1886.0,0.0519,16362.0,307.0,1897.0,796195.0,23645.0,2.2676,0.0,State,2026-06-15,1,
Washington,State,Benchmark,53,1,0,202107,579000.0,8167,27.0,11848,1196,0.0336,2548.0,0.0695,15424.0,306.0,1901.0,794842.0,23557.0,1.8886,0.0,State,2026-06-15,1,
Washington,State,Benchmark,53,1,0,202108,575000.0,8708,29.0,11554,1108,0.0313,3370.0,0.0939,15419.0,302.0,1920.0,777869.0,24143.0,1.7706,0.0,State,2026-06-15,1,
Washington,State,Benchmark,53,1,0,202109,575000.0,9043,31.0,11254,886,0.0251,3518.0,0.1039,14778.0,298.0,1953.0,774572.0,23763.0,1.6341,0.0,State,2026-06-15,1,
Washington,State,Benchmark,53,1,0,202110,575000.0,8493,35.0,9628,896,0.0274,3312.0,0.1021,14293.0,297.0,1952.0,775060.0,22858.0,1.6829,0.0,State,2026-06-15,1,
Washington,State,Benchmark,53,1,0,202111,565000.0,6907,40.0,7348,768,0.0285,2236.0,0.0817,13092.0,295.0,1943.0,778175.0,19991.0,1.8954,0.0,State,2026-06-15,1,
Washington,State,Benchmark,53,1,0,202112,550000.0,5248,46.0,5404,806,0.0391,1222.0,0.0571,10659.0,294.0,1915.0,767858.0,15880.0,2.0312,0.0,State,2026-06-15,1,
Washington,State,Benchmark,53,1,0,202201,559900.0,4048,46.0,6144,752,0.0409,804.0,0.0457,8210.0,300.0,1885.0,789302.0,12265.0,2.0282,0.0,State,2026-06-15,1,
Washington,State,Benchmark,53,1,0,202202,587423.0,4239,27.0,7916,836,0.0374,828.0,0.0378,9804.0,314.0,1893.0,826328.0,14052.0,2.3128,0.0,State,2026-06-15,1,
Washington,State,Benchmark,53,1,0,202203,610230.0,4784,24.0,9446,1012,0.0403,1074.0,0.0432,10845.0,325.0,1908.0,856609.0,15600.0,2.2671,0.0,State,2026-06-15,1,
Washington,State,Benchmark,53,1,0,202204,636000.0,5531,22.0,10696,908,0.0305,1648.0,0.0605,12027.0,332.0,1960.0,889261.0,17576.0,2.1745,0.0,State,2026-06-15,1,
Washington,State,Benchmark,53,1,0,202205,673675.0,8914,19.0,13340,928,0.0271,3702.0,0.103,12225.0,340.0,2025.0,923125.0,21099.0,1.3714,1.0,State,2026-06-15,1,
Washington,State,Benchmark,53,1,0,202206,677475.0,11861,23.0,13066,728,0.02,7024.0,0.1872,11781.0,342.0,2031.0,914144.0,23617.0,0.9933,1.0,State,2026-06-15,1,
Washington,State,Benchmark,53,1,0,202207,650000.0,15198,30.0,11460,624,0.0174,9132.0,0.2375,10596.0,335.0,2027.0,870784.0,25720.0,0.6972,1.0,State,2026-06-15,1,
Washington,State,Benchmark,53,1,0,202208,642463.0,15728,36.0,9544,490,0.0135,8398.0,0.2351,10797.0,328.0,2023.0,860539.0,26502.0,0.6865,1.0,State,2026-06-15,1,
Washington,State,Benchmark,53,1,0,202209,630000.0,15299,44.0,8466,288,0.0079,7992.0,0.2393,10066.0,326.0,2010.0,856065.0,25284.0,0.658,0.0,State,2026-06-15,1,
Washington,State,Benchmark,53,1,0,202210,625000.0,15211,44.0,7476,180,0.0056,7992.0,0.261,8547.0,322.0,1997.0,845939.0,23734.0,0.5619,1.0,State,2026-06-15,1,
Washington,State,Benchmark,53,1,0,202211,607450.0,14176,51.0,5174,146,0.0055,5868.0,0.2222,7073.0,315.0,1983.0,830625.0,21223.0,0.4989,1.0,State,2026-06-15,1,
Washington,State,Benchmark,53,1,0,202212,599900.0,11462,64.0,3032,152,0.0076,2820.0,0.1402,5651.0,309.0,1986.0,812910.0,17087.0,0.493,1.0,State,2026-06-15,1,
Washington,State,Benchmark,53,1,0,202301,599725.0,9549,72.0,4872,166,0.0084,3036.0,0.153,5451.0,307.0,1991.0,808462.0,14973.0,0.5708,1.0,State,2026-06-15,1,
Washington,State,Benchmark,53,1,0,202302,614713.0,8387,61.0,5298,272,0.0131,2194.0,0.1054,7162.0,312.0,2005.0,840744.0,15489.0,0.8539,1.0,State,2026-06-15,1,
Washington,State,Benchmark,53,1,0,202303,628973.0,8224,44.0,7128,276,0.012,2408.0,0.1045,7464.0,317.0,2038.0,880651.0,15640.0,0.9076,1.0,State,2026-06-15,1,
Washington,State,Benchmark,53,1,0,202304,649000.0,8556,36.0,7612,288,0.0114,2268.0,0.096,8259.0,323.0,2046.0,934591.0,16795.0,0.9653,1.0,State,2026-06-15,1,
Washington,State,Benchmark,53,1,0,202305,650000.0,9810,33.0,9032,330,0.0116,3302.0,0.1167,9050.0,329.0,2059.0,939901.0,18879.0,0.9225,0.0,State,2026-06-15,1,
Washington,State,Benchmark,53,1,0,202306,650000.0,11170,34.0,8838,276,0.0094,4248.0,0.1437,9260.0,330.0,2064.0,936945.0,20423.0,0.829,0.0,State,2026-06-15,1,
Washington,State,Benchmark,53,1,0,202307,650000.0,12179,38.0,7764,248,0.0084,4848.0,0.1633,9137.0,328.0,2063.0,935623.0,21281.0,0.7502,0.0,State,2026-06-15,1,
Washington,State,Benchmark,53,1,0,202308,649950.0,12709,40.0,7586,228,0.0077,5146.0,0.1765,8896.0,325.0,2069.0,930556.0,21522.0,0.7,0.0,State,2026-06-15,1,
Washington,State,Benchmark,53,1,0,202309,649445.0,13189,44.0,7044,208,0.0074,5168.0,0.1839,7907.0,324.0,2055.0,921050.0,21044.0,0.5995,0.0,State,2026-06-15,1,
Washington,State,Benchmark,53,1,0,202310,642250.0,13198,46.0,6798,250,0.0082,5300.0,0.1931,7449.0,324.0,2038.0,901753.0,20639.0,0.5644,0.0,State,2026-06-15,1,
Washington,State,Benchmark,53,1,0,202311,627475.0,13762,53.0,5328,314,0.0118,4534.0,0.1709,7501.0,322.0,2013.0,870034.0,21200.0,0.5451,0.0,State,2026-06-15,1,
Washington,State,Benchmark,53,1,0,202312,614955.0,11681,65.0,3784,244,0.0111,2300.0,0.1043,6619.0,318.0,1997.0,847656.0,18277.0,0.5666,0.0,State,2026-06-15,1,
Washington,State,Benchmark,53,1,0,202401,610700.0,9811,69.0,5422,464,0.0219,2328.0,0.106,6693.0,318.0,1978.0,851234.0,16490.0,0.6821,0.0,State,2026-06-15,1,
Washington,State,Benchmark,53,1,0,202402,619488.0,9477,52.0,6718,612,0.0252,2484.0,0.1008,8127.0,323.0,1953.0,871652.0,17575.0,0.8575,0.0,State,2026-06-15,1,
Washington,State,Benchmark,53,1,0,202403,629900.0,10230,37.0,8252,676,0.025,2952.0,0.1092,9104.0,330.0,1956.0,882054.0,19311.0,0.8899,0.0,State,2026-06-15,1,
Washington,State,Benchmark,53,1,0,202404,644450.0,11815,33.0,10566,666,0.0205,3804.0,0.117,10344.0,335.0,1962.0,898223.0,22140.0,0.8755,0.0,State,2026-06-15,1,
Washington,State,Benchmark,53,1,0,202405,649970.0,14936,31.0,11208,500,0.014,5186.0,0.1383,10641.0,342.0,1990.0,902993.0,25605.0,0.7124,0.0,State,2026-06-15,1,
Washington,State,Benchmark,53,1,0,202406,659000.0,16756,36.0,11040,588,0.0149,6724.0,0.1741,11058.0,344.0,1996.0,909332.0,27841.0,0.6599,0.0,State,2026-06-15,1,
Washington,State,Benchmark,53,1,0,202407,654500.0,18411,40.0,10058,482,0.0127,8008.0,0.2037,10592.0,342.0,1992.0,906160.0,28940.0,0.5753,0.0,State,2026-06-15,1,
Washington,State,Benchmark,53,1,0,202408,650000.0,18952,45.0,8768,536,0.0141,7668.0,0.1989,10291.0,340.0,1990.0,899621.0,29328.0,0.543,0.0,State,2026-06-15,1,
Washington,State,Benchmark,53,1,0,202409,649925.0,19465,51.0,9314,450,0.0118,7404.0,0.1911,9909.0,343.0,1972.0,896858.0,29357.0,0.5091,0.0,State,2026-06-15,1,
Washington,State,Benchmark,53,1,0,202410,642000.0,18834,52.0,7450,570,0.0158,6868.0,0.1899,9916.0,340.0,1960.0,887604.0,28711.0,0.5265,0.0,State,2026-06-15,1,
Washington,State,Benchmark,53,1,0,202411,625000.0,17071,59.0,5728,416,0.0133,5128.0,0.1551,9071.0,334.0,1932.0,863128.0,26105.0,0.5314,0.0,State,2026-06-15,1,
Washington,State,Benchmark,53,1,0,202412,599933.0,13807,71.0,3686,360,0.0155,2844.0,0.1139,7307.0,328.0,1884.0,834383.0,21094.0,0.5292,0.0,State,2026-06-15,1,
Washington,State,Benchmark,53,1,0,202501,599000.0,12247,74.0,6706,556,0.0213,3282.0,0.1347,6564.0,325.0,1879.0,819193.0,18801.0,0.5359,0.0,State,2026-06-15,1,
Washington,State,Benchmark,53,1,0,202502,607075.0,12349,55.0,7090,430,0.016,3444.0,0.128,7946.0,334.0,1872.0,837007.0,20198.0,0.6435,0.0,State,2026-06-15,1,
Washington,State,Benchmark,53,1,0,202503,629997.0,13444,42.0,9928,532,0.0176,4152.0,0.1331,8789.0,343.0,1900.0,869921.0,22205.0,0.6537,0.0,State,2026-06-15,1,
Washington,State,Benchmark,53,1,0,202504,650000.0,16136,36.0,11420,544,0.0143,5472.0,0.1512,9752.0,352.0,1929.0,902566.0,25862.0,0.6044,0.0,State,2026-06-15,1,
Washington,State,Benchmark,53,1,0,202505,670000.0,20395,36.0,12992,496,0.0115,7560.0,0.1752,10261.0,358.0,1951.0,923342.0,30618.0,0.5031,0.0,State,2026-06-15,1,
Washington,State,Benchmark,53,1,0,202506,674750.0,22799,40.0,11558,594,0.0133,9470.0,0.2114,10491.0,354.0,1982.0,925344.0,33305.0,0.4601,0.0,State,2026-06-15,1,
Washington,State,Benchmark,53,1,0,202507,659475.0,24224,45.0,10460,442,0.0097,10096.0,0.2258,9811.0,349.0,1981.0,911694.0,33964.0,0.405,0.0,State,2026-06-15,1,
Washington,State,Benchmark,53,1,0,202508,649950.0,24525,51.0,9256,460,0.0111,9464.0,0.218,9810.0,343.0,1975.0,898753.0,34309.0,0.4,0.0,State,2026-06-15,1,
Washington,State,Benchmark,53,1,0,202509,648900.0,24463,57.0,9384,428,0.0099,9430.0,0.2166,9512.0,341.0,1965.0,887686.0,33936.0,0.3888,0.0,State,2026-06-15,1,
Washington,State,Benchmark,53,1,0,202510,639975.0,23576,58.0,7662,394,0.01,9094.0,0.2244,9103.0,339.0,1953.0,880419.0,32642.0,0.3861,0.0,State,2026-06-15,1,
Washington,State,Benchmark,53,1,0,202511,625000.0,20883,64.0,5744,420,0.0121,6472.0,0.1859,8234.0,334.0,1934.0,852591.0,29073.0,0.3943,0.0,State,2026-06-15,1,
Washington,State,Benchmark,53,1,0,202512,604096.0,16951,76.0,3490,360,0.0133,3240.0,0.1182,6864.0,328.0,1899.0,823818.0,23780.0,0.4049,0.0,State,2026-06-15,1,
Washington,State,Benchmark,53,1,0,202601,600000.0,15074,84.0,6984,376,0.0129,4088.0,0.1429,6104.0,327.0,1892.0,823096.0,21513.0,0.4049,0.0,State,2026-06-15,1,
Washington,State,Benchmark,53,1,0,202602,622450.0,15711,48.0,8316,486,0.0156,4394.0,0.1413,7865.0,334.0,1886.0,845345.0,23580.0,0.5006,0.0,State,2026-06-15,1,
Washington,State,Benchmark,53,1,0,202603,639450.0,17398,40.0,10282,528,0.0143,5542.0,0.1527,8914.0,342.0,1910.0,878204.0,26287.0,0.5123,0.0,State,2026-06-15,1,
Washington,State,Benchmark,53,1,0,202604,648500.0,20075,39.0,11816,534,0.0129,6738.0,0.1661,9409.0,347.0,1914.0,885942.0,29461.0,0.4687,0.0,State,2026-06-15,1,
Washington,State,Benchmark,53,1,0,202605,650000.0,23857,39.0,12972,488,0.0105,9148.0,0.1939,10502.0,349.0,1944.0,909157.0,34378.0,0.4402,0.0,State,2026-06-15,1,
